timestamp,open,high,low,close,volume,rv
2010-01-05T00:00:00.000000,3592.47,3597.46,3535.23,3535.23,6610108000.0,0.0012542851311302863
2010-01-06T00:00:00.000000,3545.79,3577.34,3497.66,3564.04,8561099900.0,0.0019796498215530287
2010-01-07T00:00:00.000000,3556.98,3588.77,3541.28,3541.73,7824973800.0,0.001686671733710233
2010-01-08T00:00:00.000000,3542.44,3558.56,3453.4,3471.46,8018689800.0,0.0020662030206475344
2010-01-09T00:00:00.000000,3453.45,3482.04,3426.82,3480.13,6060716800.0,0.002052654410558295
2010-01-12T00:00:00.000000,3591.31,3593.68,3465.56,3482.05,8706400700.0,0.0035120500318489446
2010-01-13T00:00:00.000000,3477.24,3535.41,3437.67,3534.92,9343414800.0,0.0018921014373767433
2010-01-14T00:00:00.000000,3446.32,3489.94,3415.91,3421.14,11128022900.0,0.003657584977274108
2010-01-15T00:00:00.000000,3436.68,3470.11,3411.94,3469.05,8308997100.0,0.0015729345693973292
2010-01-16T00:00:00.000000,3472.51,3499.96,3448.77,3482.74,7228468300.0,0.0015498888327423923
2010-01-19T00:00:00.000000,3469.83,3501.26,3458.05,3500.68,8256797600.0,0.001162841289694155
2010-01-20T00:00:00.000000,3507.27,3528.28,3497.38,3507.48,7463736600.0,0.0013640554974539418
2010-01-21T00:00:00.000000,3512.92,3515.36,3388.28,3394.43,9229672300.0,0.002172036511422128
2010-01-22T00:00:00.000000,3401.1,3425.02,3364.87,3408.57,7027574800.0,0.0022797165168132252
2010-01-23T00:00:00.000000,3362.5,3390.41,3293.44,3366.2,8851005700.0,0.003501782336604782
2010-01-26T00:00:00.000000,3336.08,3372.24,3326.27,3328.01,4677015800.0,0.001910594233089816
2010-01-27T00:00:00.000000,3333.13,3341.2,3222.24,3242.8,6164037700.0,0.002672951852097098
2010-01-28T00:00:00.000000,3244.74,3254.77,3183.65,3198.57,5250023300.0,0.002461545885273737
2010-01-29T00:00:00.000000,3194.73,3220.31,3168.86,3206.57,4683345000.0,0.002075390589713792
2010-01-30T00:00:00.000000,3188.23,3249.39,3177.17,3204.16,5005752200.0,0.002102278667810331
2010-02-02T00:00:00.000000,3196.76,3197.03,3116.45,3152.71,5681590000.0,0.0025520301089279342
2010-02-03T00:00:00.000000,3174.87,3211.94,3143.12,3146.19,4995086300.0,0.001971009967888381
2010-02-04T00:00:00.000000,3164.39,3231.1,3094.57,3230.72,6465975900.0,0.003077492653934866
2010-02-05T00:00:00.000000,3200.97,3242.35,3190.64,3218.8,5864615900.0,0.0021236363546895567
2010-02-06T00:00:00.000000,3146.26,3177.16,3129.92,3153.09,5846509600.0,0.0036112052181163025
2010-02-09T00:00:00.000000,3152.39,3172.15,3133.97,3150.99,3722231600.0,0.0016916973951129296
2010-02-10T00:00:00.000000,3146.83,3178.78,3144.48,3169.19,3585405300.0,0.001385118375783462
2010-02-11T00:00:00.000000,3198.07,3214.46,3182.92,3214.13,3405910400.0,0.0014777952085017405
2010-02-12T00:00:00.000000,3216.39,3238.3,3207.27,3220.4,3566986000.0,0.0010379055564962716
2010-02-13T00:00:00.000000,3234.88,3253.08,3228.91,3251.28,3395623100.0,0.000795148914601795
2010-02-23T00:00:00.000000,3248.68,3261.95,3232.78,3233.34,3792721800.0,0.0014363419682956705
2010-02-24T00:00:00.000000,3223.03,3223.07,3152.99,3198.63,4266092800.0,0.0021054342848847276
2010-02-25T00:00:00.000000,3175.94,3244.82,3165.38,3244.48,4980958700.0,0.0019093179204024804
2010-02-26T00:00:00.000000,3252.87,3293.95,3249.36,3292.13,6725012600.0,0.0013704645407581035
2010-02-27T00:00:00.000000,3285.06,3301.15,3273.83,3281.67,5188830800.0,0.0011399048101851268
2010-03-02T00:00:00.000000,3291.54,3330.35,3287.65,3324.42,6019317100.0,0.0010113130964290436
2010-03-03T00:00:00.000000,3327.04,3339.89,3299.68,3311.24,5678475600.0,0.001175380542885697
2010-03-04T00:00:00.000000,3313.43,3335.65,3293.95,3335.08,6037549100.0,0.0010960487867193063
2010-03-05T00:00:00.000000,3338.47,3345.91,3245.01,3250.57,6892210600.0,0.0017990694003680624
2010-03-06T00:00:00.000000,3254.1,3276.4,3240.1,3259.76,4546287000.0,0.001373922380529198
2010-03-09T00:00:00.000000,3271.02,3293.93,3258.06,3286.18,4140078300.0,0.0010486239185602143
2010-03-10T00:00:00.000000,3285.49,3322.36,3255.98,3305.86,5405115000.0,0.0013522802859138058
2010-03-11T00:00:00.000000,3302.84,3320.91,3267.92,3279.69,4624796200.0,0.001291386312154393
2010-03-12T00:00:00.000000,3283.64,3303.49,3251.89,3276.7,4727919100.0,0.0015817148797808301
2010-03-13T00:00:00.000000,3277.82,3284.15,3232.23,3233.13,3984234200.0,0.0014412658341381817
2010-03-16T00:00:00.000000,3230.96,3234.61,3171.89,3183.18,3772690900.0,0.0015889056550727333
2010-03-17T00:00:00.000000,3184.95,3204.29,3169.1,3203.97,3077477600.0,0.0014277117162279462
2010-03-18T00:00:00.000000,3216.87,3274.0,3207.3,3273.92,4565687500.0,0.001147790602573719
2010-03-19T00:00:00.000000,3278.16,3295.36,3256.6,3267.55,4675773600.0,0.0011091063276619743
2010-03-20T00:00:00.000000,3272.37,3296.33,3251.28,3293.87,4595978300.0,0.0011506397375285308
2010-03-23T00:00:00.000000,3297.88,3313.8,3288.66,3302.63,4913724500.0,0.0010882263649368495
2010-03-24T00:00:00.000000,3305.46,3308.99,3272.96,3275.57,4642270900.0,0.0011438860584252156
2010-03-25T00:00:00.000000,3282.38,3298.54,3271.03,3276.67,4440999500.0,0.000956600883833496
2010-03-26T00:00:00.000000,3269.93,3269.93,3222.88,3229.13,4483306500.0,0.001425222682265547
2010-03-27T00:00:00.000000,3226.95,3285.27,3220.72,3275.0,4729662200.0,0.001286736640931274
2010-03-30T00:00:00.000000,3295.4,3363.48,3293.76,3358.54,8442122400.0,0.001625552543956646
2010-03-31T00:00:00.000000,3360.13,3372.18,3350.34,3366.71,5612684700.0,0.0010018971804518855
2010-04-01T00:00:00.000000,3369.06,3369.6,3338.92,3345.61,5287398300.0,0.0009463128982167803
2010-04-02T00:00:00.000000,3352.55,3392.48,3352.55,3391.93,6759012700.0,0.0010634846264466445
2010-04-03T00:00:00.000000,3400.96,3412.12,3391.81,3407.35,6877736400.0,0.0010450280453174919
2010-04-07T00:00:00.000000,3423.7,3436.13,3386.89,3405.14,6487155800.0,0.0012325932542118338
2010-04-08T00:00:00.000000,3402.36,3404.58,3369.07,3386.95,5386259000.0,0.001183757712622357
2010-04-09T00:00:00.000000,3379.2,3380.67,3336.38,3346.74,6203590400.0,0.0011666192161961441
2010-04-10T00:00:00.000000,3348.79,3379.4,3342.47,3379.17,5112616100.0,0.0010576483744370614
2010-04-13T00:00:00.000000,3388.63,3393.39,3330.42,3351.48,7433455900.0,0.00111359321598677
2010-04-14T00:00:00.000000,3351.54,3401.67,3324.28,3391.72,7965517400.0,0.0024880276324828776
2010-04-15T00:00:00.000000,3394.39,3404.52,3377.61,3403.71,6003680800.0,0.0012463670306191053
2010-04-16T00:00:00.000000,3407.83,3412.75,3365.97,3394.57,6081315900.0,0.0014964543616086362
2010-04-17T00:00:00.000000,3386.97,3386.97,3348.94,3356.33,4696324100.0,0.0015593783874973492
2010-04-20T00:00:00.000000,3310.23,3310.23,3175.52,3176.42,8795497900.0,0.0032641013289247244
2010-04-21T00:00:00.000000,3176.68,3196.24,3131.26,3173.37,6386946600.0,0.002829303944848224
2010-04-22T00:00:00.000000,3180.5,3237.44,3164.77,3236.68,6671110800.0,0.001479200818513286
2010-04-23T00:00:00.000000,3219.54,3231.87,3177.89,3201.54,7073748300.0,0.00217799676773655
2010-04-24T00:00:00.000000,3198.82,3224.7,3172.58,3190.0,6099480900.0,0.0019915017427599145
2010-04-27T00:00:00.000000,3199.08,3207.56,3168.48,3172.0,5067919900.0,0.0015250795910264304
2010-04-28T00:00:00.000000,3161.29,3161.29,3060.87,3108.41,6509471900.0,0.0025265349832881527
2010-04-29T00:00:00.000000,3074.27,3121.91,3062.22,3097.35,4573210100.0,0.002480513616732733
2010-04-30T00:00:00.000000,3119.02,3130.57,3059.84,3060.06,4807070200.0,0.001959456667283264
2010-05-01T00:00:00.000000,3060.12,3068.13,3014.17,3067.36,5447788000.0,0.0026124206457283695
2010-05-05T00:00:00.000000,3005.49,3055.98,2994.92,3019.45,4124860800.0,0.0028295486136347353
2010-05-06T00:00:00.000000,2980.38,3036.79,2943.53,3036.39,5915600400.0,0.002628858512783457
2010-05-07T00:00:00.000000,3014.91,3014.91,2895.45,2896.86,5877040800.0,0.002751285722800338
2010-05-08T00:00:00.000000,2835.88,2892.53,2817.29,2836.79,6111940000.0,0.004498290187260712
2010-05-11T00:00:00.000000,2842.37,2872.21,2798.65,2858.23,5020916800.0,0.002774467899643993
2010-05-12T00:00:00.000000,2916.34,2922.13,2791.14,2800.82,5836348800.0,0.003383104848653169
2010-05-13T00:00:00.000000,2778.61,2831.45,2756.42,2818.16,5279177700.0,0.0037150245918978397
2010-05-14T00:00:00.000000,2818.58,2886.91,2811.93,2886.91,5514578000.0,0.002327202927320477
2010-05-15T00:00:00.000000,2865.58,2887.98,2849.24,2868.02,4249872000.0,0.002299035956502574
2010-05-18T00:00:00.000000,2828.88,2828.88,2713.01,2714.72,5216684800.0,0.003152274463201495
2010-05-19T00:00:00.000000,2711.41,2781.85,2686.97,2771.35,5450967200.0,0.0032934940195586794
2010-05-20T00:00:00.000000,2745.91,2803.7,2723.3,2762.17,4529715400.0,0.0029712467869642363
2010-05-21T00:00:00.000000,2736.64,2793.85,2721.14,2726.02,4202304000.0,0.0026222640462869305
2010-05-22T00:00:00.000000,2656.42,2769.09,2647.67,2768.79,5447538000.0,0.004461321033148591
2010-05-25T00:00:00.000000,2787.75,2886.09,2787.75,2873.47,7450233600.0,0.002924507827617614
2010-05-26T00:00:00.000000,2851.26,2855.25,2798.02,2813.94,5516832800.0,0.0022372350931342817
2010-05-27T00:00:00.000000,2817.5,2838.9,2797.63,2813.94,3967443900.0,0.002108921405860789
2010-05-28T00:00:00.000000,2805.36,2866.83,2771.59,2859.98,5329983100.0,0.0024508285863041154
2010-05-29T00:00:00.000000,2885.86,2893.36,2835.07,2850.3,5153499200.0,0.0020737726793358087
2010-06-01T00:00:00.000000,2835.33,2857.23,2772.94,2773.26,4621686000.0,0.0023698368214631568
2010-06-02T00:00:00.000000,2755.28,2781.26,2710.76,2744.16,4485142000.0,0.0030354025588846855
2010-06-03T00:00:00.000000,2729.33,2757.91,2700.07,2757.53,3958702000.0,0.0026425057666528457
2010-06-04T00:00:00.000000,2768.39,2787.34,2735.79,2736.08,3935321100.0,0.001935368368109437
2010-06-05T00:00:00.000000,2721.36,2748.43,2713.1,2744.39,3274629000.0,0.0018967726747028315
2010-06-08T00:00:00.000000,2692.83,2716.38,2673.54,2695.72,3954199200.0,0.0032391453398551815
2010-06-09T00:00:00.000000,2694.11,2720.53,2672.16,2699.34,3514018000.0,0.0017339731096385693
2010-06-10T00:00:00.000000,2714.44,2787.68,2687.39,2782.13,6006518300.0,0.0030475524956397617
2010-06-11T00:00:00.000000,2755.94,2776.26,2746.11,2750.02,4290634000.0,0.0022385058915279743
2010-06-12T00:00:00.000000,2769.34,2781.94,2755.98,2758.87,4038364900.0,0.0016521481234677317
2010-06-18T00:00:00.000000,2781.12,2784.65,2742.65,2742.73,3242039800.0,0.0015243289043556578
2010-06-19T00:00:00.000000,2738.45,2755.53,2686.67,2696.17,4173068200.0,0.001769823251699469
2010-06-22T00:00:00.000000,2698.98,2784.47,2686.44,2780.66,5526148000.0,0.002133354007371898
2010-06-23T00:00:00.000000,2772.89,2795.25,2766.71,2783.72,3909604800.0,0.001181203902415655
2010-06-24T00:00:00.000000,2768.69,2787.98,2734.28,2758.49,3560035200.0,0.0017584968673370362
2010-06-25T00:00:00.000000,2753.71,2783.36,2739.98,2757.5,2922068000.0,0.0018368909362611152
2010-06-26T00:00:00.000000,2744.12,2759.45,2716.03,2736.29,3067178000.0,0.0018212867491313013
2010-06-29T00:00:00.000000,2734.33,2751.46,2710.09,2716.78,2764854600.0,0.0015376714529652079
2010-06-30T00:00:00.000000,2717.47,2724.08,2591.69,2592.02,4875855200.0,0.0028005127875318685
2010-07-01T00:00:00.000000,2569.92,2575.66,2547.06,2563.07,3548746200.0,0.0021181262215407086
2010-07-02T00:00:00.000000,2559.5,2573.85,2524.78,2526.07,3276252300.0,0.0015729051725336366
2010-07-03T00:00:00.000000,2526.0,2542.12,2462.3,2534.11,4482126000.0,0.0027444790385037546
2010-07-06T00:00:00.000000,2507.35,2529.42,2476.51,2512.65,3217857000.0,0.0036404199178319387
2010-07-07T00:00:00.000000,2504.87,2562.9,2502.94,2562.9,3971476000.0,0.0015936377436843437
2010-07-08T00:00:00.000000,2561.11,2580.61,2548.73,2580.48,3572091200.0,0.0014608495963429617
2010-07-09T00:00:00.000000,2591.51,2602.11,2564.72,2575.92,3405696800.0,0.0013702643180706373
2010-07-10T00:00:00.000000,2579.69,2661.96,2557.26,2647.1,5840962600.0,0.0020642654856524107
2010-07-13T00:00:00.000000,2647.42,2689.81,2636.65,2676.22,5846248800.0,0.0016243715387863637
2010-07-14T00:00:00.000000,2649.66,2649.66,2618.36,2634.59,4322850000.0,0.0023769354761927737
2010-07-15T00:00:00.000000,2641.9,2684.53,2640.63,2653.61,4653994000.0,0.0018143153932638767
2010-07-16T00:00:00.000000,2650.33,2680.44,2607.85,2608.52,4044046000.0,0.0021914800804836627
2010-07-17T00:00:00.000000,2596.51,2621.2,2573.94,2616.13,3490262700.0,0.0019774589588547912
2010-07-20T00:00:00.000000,2591.61,2691.73,2585.38,2682.47,5368349500.0,0.002077820712719486
2010-07-21T00:00:00.000000,2685.46,2746.09,2685.46,2741.5,7312833600.0,0.001642426579162844
2010-07-22T00:00:00.000000,2744.7,2766.18,2733.92,2747.34,7075708800.0,0.0016936118242600591
2010-07-23T00:00:00.000000,2738.03,2782.95,2734.19,2781.29,6106480800.0,0.001316951192383216
2010-07-24T00:00:00.000000,2787.52,2806.81,2769.44,2793.08,6451856000.0,0.0016859904721124633
2010-07-27T00:00:00.000000,2799.21,2811.58,2775.78,2811.05,5338249800.0,0.0014140374549282163
2010-07-28T00:00:00.000000,2801.08,2812.0,2785.54,2795.72,4960134900.0,0.0015386780979338142
2010-07-29T00:00:00.000000,2794.07,2866.1,2784.25,2863.72,7983712100.0,0.0014299422474058935
2010-07-30T00:00:00.000000,2866.77,2888.45,2852.1,2877.98,9596540800.0,0.0018334441270094492
2010-07-31T00:00:00.000000,2869.77,2876.03,2844.76,2868.85,6222529300.0,0.0014772134081323274
2010-08-03T00:00:00.000000,2868.01,2922.58,2867.57,2917.28,7153911900.0,0.001400268916303005
2010-08-04T00:00:00.000000,2926.06,2929.35,2865.76,2865.97,8133353200.0,0.001957311968034102
2010-08-05T00:00:00.000000,2859.84,2876.48,2818.43,2876.43,7095891300.0,0.0021406654091622223
2010-08-06T00:00:00.000000,2874.66,2876.99,2833.77,2850.83,6715758400.0,0.001953297129279618
2010-08-07T00:00:00.000000,2847.4,2898.07,2821.03,2897.66,7473653100.0,0.0016257984244906292
2010-08-10T00:00:00.000000,2894.1,2922.53,2888.44,2918.24,7472639200.0,0.0015405914104061357
2010-08-11T00:00:00.000000,2920.36,2925.1,2832.18,2832.64,7820180800.0,0.0020418115056382905
2010-08-12T00:00:00.000000,2823.15,2864.36,2823.15,2850.21,5497912800.0,0.0020066637962934176
2010-08-13T00:00:00.000000,2822.79,2860.05,2810.3,2816.39,5989323200.0,0.0023034014379361366
2010-08-14T00:00:00.000000,2818.41,2856.04,2799.46,2855.55,5850772000.0,0.0017778754216774694
2010-08-17T00:00:00.000000,2851.22,2927.61,2843.23,2922.08,8106804000.0,0.0015996623843936174
2010-08-18T00:00:00.000000,2927.26,2949.5,2917.83,2942.29,7645291200.0,0.001423682500572048
2010-08-19T00:00:00.000000,2945.98,2962.63,2924.82,2937.36,7074760000.0,0.0014998382238262209
2010-08-20T00:00:00.000000,2940.77,2975.04,2928.22,2955.39,7692486400.0,0.0017281594245613038
2010-08-21T00:00:00.000000,2942.9,2951.91,2892.75,2898.33,7142879400.0,0.001890521766320284
2010-08-24T00:00:00.000000,2895.71,2920.37,2886.71,2896.19,4891552000.0,0.001465291104068925
2010-08-25T00:00:00.000000,2891.35,2933.12,2866.94,2911.83,6097037400.0,0.0018440451720415426
2010-08-26T00:00:00.000000,2891.04,2904.58,2842.27,2843.02,6333894900.0,0.0019082493569144816
2010-08-27T00:00:00.000000,2858.75,2868.77,2836.2,2850.09,4843355000.0,0.0018641002348204867
2010-08-28T00:00:00.000000,2847.45,2860.92,2833.5,2858.57,4078958000.0,0.001405446184874751
2010-08-31T00:00:00.000000,2875.46,2920.96,2873.14,2915.01,6551368800.0,0.0015498024935476447
2010-09-01T00:00:00.000000,2902.33,2909.88,2889.94,2903.19,6546147900.0,0.0012414244794708184
2010-09-02T00:00:00.000000,2907.66,2931.69,2859.23,2884.04,7697558400.0,0.0020236902171977818
2010-09-03T00:00:00.000000,2921.07,2931.51,2903.03,2921.39,7007568100.0,0.0019423553329066016
2010-09-04T00:00:00.000000,2927.72,2929.55,2891.88,2920.2,7239654400.0,0.0016043345226716492
2010-09-07T00:00:00.000000,2939.21,2980.34,2936.98,2975.09,9344098900.0,0.0017302319961423039
2010-09-08T00:00:00.000000,2979.63,2991.14,2959.9,2983.11,7309704900.0,0.0016425488108454307
2010-09-09T00:00:00.000000,2970.0,2982.63,2954.07,2980.97,7287200000.0,0.001368518127126278
2010-09-10T00:00:00.000000,2986.79,2986.79,2922.2,2926.46,8111083000.0,0.001726569646321393
2010-09-11T00:00:00.000000,2927.99,2940.69,2890.06,2932.55,6487228300.0,0.0016497101300490468
2010-09-14T00:00:00.000000,2933.33,2976.89,2925.57,2962.32,6701260800.0,0.0012484052934497543
2010-09-15T00:00:00.000000,2972.66,2984.33,2954.66,2965.01,6979573000.0,0.0013866727005050858
2010-09-16T00:00:00.000000,2965.54,2965.54,2906.09,2913.19,7161964000.0,0.001503020564928297
2010-09-17T00:00:00.000000,2908.32,2917.85,2834.09,2857.79,7407428800.0,0.0019510284042948802
2010-09-18T00:00:00.000000,2864.72,2876.87,2847.81,2861.37,5193887200.0,0.001453774257094018
2010-09-21T00:00:00.000000,2864.91,2872.21,2829.76,2849.83,5005391600.0,0.00207824115133621
2010-09-22T00:00:00.000000,2860.87,2869.28,2844.13,2857.48,3555938900.0,0.0012826099785054222
2010-09-28T00:00:00.000000,2870.7,2905.4,2864.21,2905.03,4883777700.0,0.0012582360479017724
2010-09-29T00:00:00.000000,2900.54,2900.54,2875.66,2880.91,5866082000.0,0.0010638850285749773
2010-09-30T00:00:00.000000,2877.27,2908.62,2866.92,2874.81,5678224000.0,0.001315242327678343
2010-10-01T00:00:00.000000,2858.65,2935.6,2858.65,2935.57,6272390400.0,0.0013100825319740448
2010-10-09T00:00:00.000000,2967.21,3055.8,2963.43,3044.23,9918936400.0,0.0020853292119629853
2010-10-12T00:00:00.000000,3071.63,3154.2,3071.63,3132.89,15762843500.0,0.0027536164951513296
2010-10-13T00:00:00.000000,3120.45,3173.52,3106.22,3172.73,12669552100.0,0.0016584165316888275
2010-10-14T00:00:00.000000,3176.89,3221.57,3165.64,3217.58,14460780800.0,0.0024546603129585085
2010-10-15T00:00:00.000000,3249.64,3285.9,3215.03,3224.14,17835040400.0,0.003043565281251162
2010-10-16T00:00:00.000000,3200.25,3327.68,3199.75,3327.68,19251597500.0,0.0022433599656069103
2010-10-19T00:00:00.000000,3351.14,3390.02,3289.09,3306.16,21621989700.0,0.004441003696985189
2010-10-20T00:00:00.000000,3299.71,3375.87,3280.0,3375.67,12959555800.0,0.002520171486987726
2010-10-21T00:00:00.000000,3303.34,3439.23,3301.99,3396.88,16412792100.0,0.003619008707233793
2010-10-22T00:00:00.000000,3404.72,3417.68,3345.04,3374.68,12388320000.0,0.0026339288522168746
2010-10-23T00:00:00.000000,3364.95,3408.3,3346.29,3378.66,11591290600.0,0.0021144431079487876
2010-10-26T00:00:00.000000,3386.85,3481.25,3366.43,3481.08,14543310400.0,0.0018305526455804262
2010-10-27T00:00:00.000000,3490.04,3499.13,3436.56,3466.08,14163306100.0,0.002230631351190125
2010-10-28T00:00:00.000000,3451.43,3489.96,3398.37,3403.87,12376160000.0,0.0026140525396074234
2010-10-29T00:00:00.000000,3390.43,3420.74,3371.45,3397.69,9834945600.0,0.0024006383358275603
2010-10-30T00:00:00.000000,3399.44,3404.54,3351.73,3379.98,9984451600.0,0.0020160667597465304
2010-11-02T00:00:00.000000,3394.72,3472.99,3394.55,3472.99,12572029000.0,0.001792113572530781
2010-11-03T00:00:00.000000,3483.11,3521.92,3449.96,3463.13,15402722800.0,0.002361724829307282
2010-11-04T00:00:00.000000,3462.77,3474.66,3419.53,3420.34,12577428600.0,0.0026401509532622824
2010-11-05T00:00:00.000000,3426.46,3480.93,3419.82,3480.51,11679950400.0,0.0021344386456341883
2010-11-06T00:00:00.000000,3544.8,3553.62,3498.64,3520.8,13581447000.0,0.002373936791953919
2010-11-09T00:00:00.000000,3534.47,3548.74,3506.45,3548.57,12570224200.0,0.0014986640849806371
2010-11-10T00:00:00.000000,3547.04,3547.04,3498.65,3523.95,12191377300.0,0.0017969911374906308
2010-11-11T00:00:00.000000,3507.2,3508.28,3470.97,3499.11,12007860000.0,0.001913416877650894
2010-11-12T00:00:00.000000,3490.74,3557.87,3485.12,3509.97,13897619200.0,0.002032359377333303
2010-11-13T00:00:00.000000,3483.38,3496.83,3284.88,3291.83,16003854300.0,0.004053465134409928
2010-11-16T00:00:00.000000,3303.91,3319.61,3242.21,3314.89,10174901400.0,0.002889519843240926
2010-11-17T00:00:00.000000,3311.62,3311.62,3155.72,3169.54,10830710400.0,0.0036143334147378794
2010-11-18T00:00:00.000000,3121.57,3168.63,3087.51,3103.91,8269412100.0,0.0037012258443609113
2010-11-19T00:00:00.000000,3134.94,3158.31,3097.53,3147.96,6569728800.0,0.002800244473133848
2010-11-20T00:00:00.000000,3168.16,3178.85,3076.21,3178.85,8334766400.0,0.0034048846973768537
2010-11-23T00:00:00.000000,3148.13,3200.32,3137.75,3171.94,8277183600.0,0.0023242656940749952
2010-11-24T00:00:00.000000,3155.62,3155.62,3061.62,3107.18,7711466300.0,0.003375215524135526
2010-11-25T00:00:00.000000,3091.81,3177.41,3091.81,3177.04,7457743600.0,0.0024932536025679256
2010-11-26T00:00:00.000000,3198.22,3227.05,3172.54,3223.48,8285993800.0,0.0019586394606886993
2010-11-27T00:00:00.000000,3214.13,3224.52,3170.37,3194.85,6446782000.0,0.002318941857794338
2010-11-30T00:00:00.000000,3180.93,3206.76,3159.47,3190.05,5877691000.0,0.00187342100152072
2010-12-01T00:00:00.000000,3185.88,3205.77,3060.74,3136.99,8548580800.0,0.0034064619727709753
2010-12-02T00:00:00.000000,3126.22,3150.23,3111.75,3136.02,4869792800.0,0.0021827892561185947
2010-12-03T00:00:00.000000,3189.35,3194.07,3154.62,3155.06,6049303500.0,0.0028488098476657535
2010-12-04T00:00:00.000000,3162.92,3171.38,3134.42,3158.16,5024137900.0,0.0019195097819023957
2010-12-07T00:00:00.000000,3169.17,3185.03,3140.55,3165.57,5611371800.0,0.0018209558414411377
2010-12-08T00:00:00.000000,3146.86,3214.69,3112.43,3200.34,5827955200.0,0.002533479208218879
2010-12-09T00:00:00.000000,3194.9,3215.18,3166.89,3171.88,5951566000.0,0.0018579982013210523
2010-12-10T00:00:00.000000,3154.14,3174.88,3122.41,3123.37,6592916500.0,0.00177855897190457
2010-12-11T00:00:00.000000,3105.29,3172.06,3101.08,3161.98,5685188900.0,0.0017345900130647132
2010-12-14T00:00:00.000000,3177.06,3261.34,3173.99,3261.06,9540721300.0,0.0015410254646828995
2010-12-15T00:00:00.000000,3270.57,3279.16,3254.32,3269.47,8340462200.0,0.001345357001051247
2010-12-16T00:00:00.000000,3270.41,3282.46,3242.52,3247.64,7203668600.0,0.0015782253570002344
2010-12-17T00:00:00.000000,3245.75,3258.37,3224.13,3230.66,5657737300.0,0.0013208431326829136
2010-12-18T00:00:00.000000,3229.45,3232.84,3212.7,3225.66,4480307400.0,0.0010022220032922492
2010-12-21T00:00:00.000000,3242.58,3249.73,3118.1,3178.66,7451338500.0,0.002766196659702482
2010-12-22T00:00:00.000000,3186.12,3251.1,3169.14,3249.51,7961292800.0,0.0017362495706433525
2010-12-23T00:00:00.000000,3253.87,3263.23,3201.71,3215.45,6955526200.0,0.001700139280326623
2010-12-24T00:00:00.000000,3209.97,3237.07,3183.16,3188.61,6112608600.0,0.0019965860797260164
2010-12-25T00:00:00.000000,3169.85,3187.66,3139.45,3162.95,5492487500.0,0.0023475747657378666
2010-12-28T00:00:00.000000,3182.01,3219.45,3092.4,3099.71,6957289700.0,0.0023501869661834798
2010-12-29T00:00:00.000000,3083.12,3094.76,3041.33,3044.93,5610619700.0,0.002218311022200631
2010-12-30T00:00:00.000000,3054.86,3062.56,3025.23,3061.83,4503432000.0,0.0015896102861219944
2010-12-31T00:00:00.000000,3063.05,3079.7,3028.09,3064.1,5428143200.0,0.0019204266910389895
2011-01-01T00:00:00.000000,3068.83,3129.45,3067.11,3128.26,6233375200.0,0.0016180294108027753
2011-01-05T00:00:00.000000,3156.56,3194.31,3143.6,3189.68,8492800300.0,0.0017860247819743399
2011-01-06T00:00:00.000000,3170.18,3193.74,3158.95,3175.66,7926880800.0,0.0015945535278750543
2011-01-07T00:00:00.000000,3178.62,3197.92,3152.7,3159.64,5946427800.0,0.0015321325142087438
2011-01-08T00:00:00.000000,3155.77,3209.52,3141.29,3166.62,8393660400.0,0.002074466498440833
2011-01-11T00:00:00.000000,3160.71,3182.67,3102.77,3108.19,6516357400.0,0.001668166729809215
2011-01-12T00:00:00.000000,3095.64,3131.09,3084.64,3124.92,5683489000.0,0.0017519597200314119
2011-01-13T00:00:00.000000,3135.75,3153.43,3099.45,3142.34,5829973400.0,0.0016514943623374984
2011-01-14T00:00:00.000000,3155.37,3156.72,3127.22,3141.28,5168512600.0,0.0015680893711830933
2011-01-15T00:00:00.000000,3127.17,3127.17,3083.51,3091.86,5321899900.0,0.0020508713010781152
2011-01-18T00:00:00.000000,3065.0,3078.54,2968.74,2974.35,6658231300.0,0.0021247771635868043
2011-01-19T00:00:00.000000,2965.25,2984.43,2947.71,2977.65,4282092200.0,0.0016676715381056095
2011-01-20T00:00:00.000000,2978.13,3045.6,2967.24,3044.85,5644883900.0,0.0016419859300668767
2011-01-21T00:00:00.000000,3036.55,3036.55,2944.55,2944.71,6072628000.0,0.00217053112188659
2011-01-22T00:00:00.000000,2935.67,3030.13,2935.67,2983.46,7293538700.0,0.003075040847729292
2011-01-25T00:00:00.000000,2985.77,2999.2,2943.98,2954.23,6523030700.0,0.002409264891274306
2011-01-26T00:00:00.000000,2949.65,2960.31,2919.25,2938.65,4898268800.0,0.0018107630280900888
2011-01-27T00:00:00.000000,2939.71,2982.12,2939.71,2978.43,4328111600.0,0.0014756330289916165
2011-01-28T00:00:00.000000,2948.62,3037.16,2935.42,3026.47,8228453300.0,0.0026937262473195286
2011-01-29T00:00:00.000000,3019.02,3047.27,3011.37,3036.74,6266327200.0,0.0013592984816970573
2011-02-01T00:00:00.000000,3034.62,3076.55,3032.54,3076.51,6680645100.0,0.001151363143963594
2011-02-02T00:00:00.000000,3083.49,3087.23,3063.1,3077.28,4986252800.0,0.0009751971880127873
2011-02-10T00:00:00.000000,3054.78,3087.55,3031.75,3040.95,6006933000.0,0.0018352528760900162
2011-02-11T00:00:00.000000,3033.78,3105.25,3024.69,3104.16,6635346500.0,0.0017404396336391645
2011-02-12T00:00:00.000000,3099.46,3133.5,3092.78,3120.96,7576272400.0,0.001405018563775671
2011-02-15T00:00:00.000000,3126.48,3227.35,3125.96,3219.14,12092588300.0,0.0015973336541708582
2011-02-16T00:00:00.000000,3222.88,3259.58,3215.81,3217.67,10910230300.0,0.0017646603798348196
2011-02-17T00:00:00.000000,3209.68,3248.85,3195.97,3248.53,9082991900.0,0.0015330501387362731
2011-02-18T00:00:00.000000,3256.56,3265.21,3218.91,3245.91,8851358100.0,0.0017495069774049934
2011-02-19T00:00:00.000000,3236.59,3242.27,3203.17,3211.88,7502870300.0,0.001852545450371262
2011-02-22T00:00:00.000000,3191.61,3258.15,3190.06,3257.91,7893524500.0,0.0014511155572871244
2011-02-23T00:00:00.000000,3268.06,3268.99,3161.84,3163.58,10739985500.0,0.0022946481560642746
2011-02-24T00:00:00.000000,3152.44,3182.03,3146.2,3174.74,7132486400.0,0.0014780443982155508
2011-02-25T00:00:00.000000,3168.48,3195.66,3157.97,3190.93,6616123000.0,0.0016513271076348491
2011-02-26T00:00:00.000000,3189.33,3213.59,3159.98,3197.62,6140844000.0,0.0017798156437951811
2011-03-01T00:00:00.000000,3201.77,3241.41,3179.05,3239.56,7621423100.0,0.001356196025441124
2011-03-02T00:00:00.000000,3242.01,3273.51,3235.83,3254.89,8822273400.0,0.0014257250675642188
2011-03-03T00:00:00.000000,3233.23,3256.99,3203.22,3243.3,8050814300.0,0.002199568200265261
2011-03-04T00:00:00.000000,3248.75,3271.33,3221.09,3221.72,10085277700.0,0.0019387148796246602
2011-03-05T00:00:00.000000,3223.98,3273.54,3217.75,3270.67,7965844300.0,0.0014909371441094858
2011-03-08T00:00:00.000000,3288.9,3337.39,3288.9,3334.51,11761291300.0,0.001747489393524276
2011-03-09T00:00:00.000000,3335.23,3342.58,3311.74,3337.46,8433164300.0,0.0012546087091746864
2011-03-10T00:00:00.000000,3344.44,3355.42,3322.74,3338.86,7770759000.0,0.0013873099852531726
2011-03-11T00:00:00.000000,3330.44,3330.44,3279.39,3280.26,7821264000.0,0.0016248364724666237
2011-03-12T00:00:00.000000,3261.78,3290.7,3240.37,3247.38,6693039500.0,0.0015090802575778689
2011-03-15T00:00:00.000000,3240.11,3263.91,3230.53,3262.92,6278881200.0,0.0014409453416363554
2011-03-16T00:00:00.000000,3247.7,3247.7,3148.05,3203.96,9547231500.0,0.0028626317811745656
2011-03-17T00:00:00.000000,3207.08,3250.69,3202.93,3248.2,7850872300.0,0.0012302753727384747
2011-03-18T00:00:00.000000,3214.07,3240.38,3185.24,3197.1,8488469500.0,0.002705211775972532
2011-03-19T00:00:00.000000,3229.41,3239.96,3205.21,3215.68,6097063500.0,0.0019156311269439505
2011-03-22T00:00:00.000000,3221.76,3236.2,3194.4,3207.11,5868689300.0,0.0014075660710025071
2011-03-23T00:00:00.000000,3219.23,3227.63,3175.93,3222.96,5704421000.0,0.0016099533514274782
2011-03-24T00:00:00.000000,3222.49,3266.96,3217.11,3264.93,7191511700.0,0.0010112225312804504
2011-03-25T00:00:00.000000,3269.57,3273.33,3250.09,3251.36,6130424000.0,0.0009200463988969142
2011-03-26T00:00:00.000000,3257.03,3304.26,3254.8,3294.48,8667109100.0,0.0011220712223184335
2011-03-29T00:00:00.000000,3311.4,3327.99,3286.91,3290.57,9718591500.0,0.0013960399725634215
2011-03-30T00:00:00.000000,3287.6,3309.15,3256.48,3257.98,10490082300.0,0.0017028981218423344
2011-03-31T00:00:00.000000,3256.72,3274.98,3233.11,3256.08,7833633600.0,0.0015677778617092487
2011-04-01T00:00:00.000000,3257.67,3264.63,3210.17,3223.29,6426237000.0,0.001454172157323138
2011-04-02T00:00:00.000000,3227.56,3272.77,3220.91,3272.73,6309472000.0,0.001165777791922635
2011-04-07T00:00:00.000000,3269.19,3315.26,3268.83,3311.07,10582369600.0,0.0015897532827803132
2011-04-08T00:00:00.000000,3313.55,3330.49,3302.99,3324.42,8426636700.0,0.0010651246467955574
2011-04-09T00:00:00.000000,3321.08,3353.67,3314.18,3353.36,7369729400.0,0.0009464274649688463
2011-04-12T00:00:00.000000,3363.37,3380.53,3331.22,3333.43,10442049600.0,0.0013629451829481748
2011-04-13T00:00:00.000000,3324.27,3349.93,3307.55,3326.77,10156391500.0,0.0014745446275958945
2011-04-14T00:00:00.000000,3311.32,3372.03,3296.64,3372.03,8703633600.0,0.0014777200030045335
2011-04-15T00:00:00.000000,3373.5,3378.7,3347.57,3353.56,8852200400.0,0.0012769184775061053
2011-04-16T00:00:00.000000,3345.13,3377.9,3323.58,3358.94,7851487200.0,0.001651515301352566
2011-04-19T00:00:00.000000,3345.86,3372.6,3335.6,3359.44,8615192700.0,0.0014568133828722217
2011-04-20T00:00:00.000000,3332.96,3332.96,3290.74,3295.81,8476210100.0,0.001985200709318041
2011-04-21T00:00:00.000000,3304.37,3311.69,3281.94,3295.76,7197463600.0,0.0011432939549408936
2011-04-22T00:00:00.000000,3313.48,3330.24,3302.04,3317.37,7268896100.0,0.0010916054664115926
2011-04-23T00:00:00.000000,3316.5,3325.23,3291.79,3299.94,6693478500.0,0.0011879955317937974
2011-04-26T00:00:00.000000,3292.12,3292.12,3247.97,3249.57,7393486600.0,0.0014846664554314098
2011-04-27T00:00:00.000000,3241.61,3257.8,3216.46,3230.96,5882839200.0,0.0012872685076566583
2011-04-28T00:00:00.000000,3243.93,3256.18,3189.18,3209.5,6223864600.0,0.0014640448228624536
2011-04-29T00:00:00.000000,3224.41,3237.11,3160.57,3161.78,6505024000.0,0.0016238142876938506
2011-04-30T00:00:00.000000,3162.64,3193.54,3147.4,3192.72,5339409600.0,0.0012892435590398104
2011-05-04T00:00:00.000000,3189.51,3211.96,3164.95,3211.13,5466023700.0,0.001335191055595736
2011-05-05T00:00:00.000000,3192.59,3193.38,3121.09,3129.03,6648430700.0,0.0017518151257188048
2011-05-06T00:00:00.000000,3114.4,3136.8,3105.93,3126.12,5233339000.0,0.0013543828642084564
2011-05-07T00:00:00.000000,3089.72,3141.57,3083.91,3121.4,5487078800.0,0.0021488406903665495
2011-05-10T00:00:00.000000,3128.05,3149.94,3118.31,3129.76,4580836300.0,0.0010656278240431384
2011-05-11T00:00:00.000000,3136.29,3153.29,3121.81,3153.22,4074576400.0,0.001152123830741898
2011-05-12T00:00:00.000000,3152.35,3164.59,3127.49,3145.09,4738729500.0,0.0011688250830036852
2011-05-13T00:00:00.000000,3122.36,3142.4,3101.33,3101.6,4858907500.0,0.0016270031954849031
2011-05-14T00:00:00.000000,3107.24,3128.4,3080.63,3128.09,4657606300.0,0.0013732090533152936
2011-05-17T00:00:00.000000,3118.91,3137.57,3098.96,3100.46,4493437300.0,0.001011394248827103
2011-05-18T00:00:00.000000,3096.83,3136.02,3077.0,3116.03,5103637000.0,0.0018022463542564972
2011-05-19T00:00:00.000000,3107.49,3145.57,3106.75,3139.38,3950520200.0,0.0010430125487718958
2011-05-20T00:00:00.000000,3149.22,3154.7,3118.68,3120.64,4293211900.0,0.0011100294872960694
2011-05-21T00:00:00.000000,3120.71,3133.31,3113.29,3121.6,3832150100.0,0.0010889797732605351
2011-05-24T00:00:00.000000,3114.34,3114.34,3021.53,3022.98,5574104000.0,0.0017199735673828168
2011-05-25T00:00:00.000000,3013.23,3029.56,2999.94,3026.22,4138849100.0,0.0012061370402104913
2011-05-26T00:00:00.000000,3020.32,3030.75,2988.09,2990.34,3928970400.0,0.0014466300607188177
2011-05-27T00:00:00.000000,3011.47,3021.2,2977.6,2978.38,3700374800.0,0.0016452125760030494
2011-05-28T00:00:00.000000,2981.88,2996.49,2962.1,2963.31,4258052200.0,0.0015511260683879176
2011-05-31T00:00:00.000000,2954.5,2982.34,2942.44,2954.51,3452524700.0,0.0014795657766076631
2011-06-01T00:00:00.000000,2962.16,3001.73,2946.18,3001.56,3955346600.0,0.001570623053667573
2011-06-02T00:00:00.000000,2995.13,3006.55,2985.88,3004.17,3816718600.0,0.000992192639556946
2011-06-03T00:00:00.000000,2968.69,2984.28,2923.2,2955.7,5231177200.0,0.0022795023961499302
2011-06-04T00:00:00.000000,2951.71,2993.72,2951.49,2986.35,3895738600.0,0.0010489113244110018
2011-06-08T00:00:00.000000,2976.33,3006.39,2974.38,3004.26,3667715300.0,0.000960325899564113
2011-06-09T00:00:00.000000,3002.22,3012.55,2965.93,3008.65,4270782100.0,0.0014864743009925332
2011-06-10T00:00:00.000000,2998.44,3004.06,2951.89,2951.89,4713339900.0,0.0013067758648594443
2011-06-11T00:00:00.000000,2950.68,2963.9,2926.03,2961.93,4193414400.0,0.001391059699329725
2011-06-14T00:00:00.000000,2936.14,2957.31,2921.82,2950.35,3821040800.0,0.001963680381590852
2011-06-15T00:00:00.000000,2947.23,3000.37,2943.8,2993.56,5585795300.0,0.00128636525057501
2011-06-16T00:00:00.000000,2984.83,2999.15,2963.12,2963.12,4413650100.0,0.000999206890762941
2011-06-17T00:00:00.000000,2937.98,2946.76,2915.82,2917.58,4092669200.0,0.00196177767176841
2011-06-18T00:00:00.000000,2917.16,2934.06,2891.11,2892.16,4103254300.0,0.0012074669900673967
2011-06-21T00:00:00.000000,2889.25,2895.98,2862.52,2874.9,3783402600.0,0.0014741721236898428
2011-06-22T00:00:00.000000,2883.65,2909.42,2877.17,2909.07,4191729700.0,0.0012474616377014635
2011-06-23T00:00:00.000000,2914.01,2921.03,2894.18,2908.58,3717291200.0,0.0010049978330227546
2011-06-24T00:00:00.000000,2898.58,2966.54,2888.76,2957.63,4585016100.0,0.0013549542838523971
2011-06-25T00:00:00.000000,2944.07,3047.8,2944.07,3027.47,8524161600.0,0.0016885555810247763
2011-06-28T00:00:00.000000,3027.47,3055.82,3019.24,3036.49,6510719800.0,0.0013786503576088231
2011-06-29T00:00:00.000000,3040.18,3046.8,3014.0,3041.73,5576625600.0,0.0011184466804721042
2011-06-30T00:00:00.000000,3037.51,3043.68,2999.95,3000.17,5331521000.0,0.0013532604489347201
2011-07-01T00:00:00.000000,3006.67,3058.62,3006.67,3044.09,6226998400.0,0.0016093850469440815
2011-07-02T00:00:00.000000,3051.74,3070.97,3034.18,3049.74,5657317000.0,0.00113114476772607
2011-07-05T00:00:00.000000,3066.92,3124.4,3066.92,3121.98,8023668900.0,0.0017237447543947447
2011-07-06T00:00:00.000000,3121.96,3128.44,3105.09,3122.5,6736424900.0,0.0009938245094828675
2011-07-07T00:00:00.000000,3115.05,3115.06,3084.99,3113.71,6138998200.0,0.001378693473733066
2011-07-08T00:00:00.000000,3126.07,3140.01,3101.28,3101.68,7134464000.0,0.001709449400053395
2011-07-09T00:00:00.000000,3105.49,3124.12,3093.89,3109.18,5128259200.0,0.0012625407266599973
2011-07-12T00:00:00.000000,3097.31,3121.0,3086.4,3113.21,4772655000.0,0.0010589426550174266
2011-07-13T00:00:00.000000,3089.14,3089.86,3055.06,3056.91,5710798400.0,0.0018310373413894633
2011-07-14T00:00:00.000000,3060.42,3108.43,3060.42,3106.25,5411436800.0,0.0010541635710857894
2011-07-15T00:00:00.000000,3112.59,3125.93,3092.71,3115.74,6031493600.0,0.0010515990825558663
2011-07-16T00:00:00.000000,3104.4,3130.77,3097.34,3128.89,6123291400.0,0.0012155379255668678
2011-07-19T00:00:00.000000,3132.15,3137.82,3113.67,3122.6,6044088300.0,0.0008329189772195786
2011-07-20T00:00:00.000000,3105.61,3109.55,3088.54,3095.13,5314694200.0,0.0013295418340409167
2011-07-21T00:00:00.000000,3114.88,3119.33,3072.09,3091.57,4390189100.0,0.0013174031383803098
2011-07-22T00:00:00.000000,3093.49,3098.71,3058.32,3059.14,4396896700.0,0.0009914655224469884
2011-07-23T00:00:00.000000,3068.97,3082.9,3059.8,3067.99,3712514800.0,0.0009190905266949494
2011-07-26T00:00:00.000000,3049.34,3050.66,2959.2,2968.29,6669747400.0,0.0018433036834228206
2011-07-27T00:00:00.000000,2965.81,2980.86,2957.8,2977.77,4323879300.0,0.001121801103003531
2011-07-28T00:00:00.000000,2958.42,3002.62,2951.96,3000.05,4810768700.0,0.001562974006144138
2011-07-29T00:00:00.000000,2972.58,2984.38,2956.86,2981.0,4781407200.0,0.0016800431339936044
2011-07-30T00:00:00.000000,2981.2,2995.97,2948.21,2972.08,4620298300.0,0.002115346779237014
2011-08-02T00:00:00.000000,2969.22,2990.88,2959.03,2977.72,3361649100.0,0.001203222647078385
2011-08-03T00:00:00.000000,2957.4,2957.4,2919.08,2956.38,3878089700.0,0.001741894436716337
2011-08-04T00:00:00.000000,2927.91,2969.07,2927.91,2954.87,3841162200.0,0.0016952423748848259
2011-08-05T00:00:00.000000,2964.38,2982.96,2952.07,2960.31,3286515200.0,0.0010410222152680072
2011-08-06T00:00:00.000000,2880.41,2916.25,2868.96,2897.42,4846400100.0,0.004104960808757152
2011-08-09T00:00:00.000000,2864.51,2888.6,2748.34,2793.9,7151776800.0,0.003293193696413344
2011-08-10T00:00:00.000000,2714.85,2812.77,2697.36,2798.19,6920161700.0,0.005198279741987267
2011-08-11T00:00:00.000000,2849.78,2858.25,2820.3,2824.12,5787656800.0,0.0024479108152395965
2011-08-12T00:00:00.000000,2779.55,2867.31,2779.36,2866.92,5826422600.0,0.0027484777734762054
2011-08-13T00:00:00.000000,2881.67,2894.22,2868.91,2875.36,5652791800.0,0.0012314292122758926
2011-08-16T00:00:00.000000,2884.57,2917.88,2870.19,2917.88,5917982100.0,0.0011204859904332502
2011-08-17T00:00:00.000000,2920.83,2932.04,2888.42,2897.58,5096268000.0,0.0011748135403500657
2011-08-18T00:00:00.000000,2892.88,2910.79,2881.63,2886.01,3900085000.0,0.001324782076077755
2011-08-19T00:00:00.000000,2886.89,2889.87,2832.68,2834.25,4065043100.0,0.0012384454229605536
2011-08-20T00:00:00.000000,2787.51,2813.99,2782.81,2807.66,4252859500.0,0.0022361728262521746
2011-08-23T00:00:00.000000,2809.33,2829.59,2768.51,2777.79,3420968400.0,0.00156357989336178
2011-08-24T00:00:00.000000,2793.59,2821.0,2777.45,2821.0,3252372200.0,0.0014551062780254823
2011-08-25T00:00:00.000000,2836.15,2845.46,2804.95,2810.02,3503874500.0,0.0012385317233889782
2011-08-26T00:00:00.000000,2820.18,2904.44,2815.94,2903.84,7201855300.0,0.0017773369924518625
2011-08-27T00:00:00.000000,2888.52,2907.13,2877.0,2901.22,4527174200.0,0.001314863246265202
2011-08-30T00:00:00.000000,2872.47,2873.36,2847.48,2852.81,4390462000.0,0.0018914211690860432
2011-08-31T00:00:00.000000,2876.14,2901.68,2838.33,2841.74,4292381500.0,0.001744691667728574
2011-09-01T00:00:00.000000,2843.99,2855.06,2824.19,2846.78,3210790000.0,0.0017953864290824713
2011-09-02T00:00:00.000000,2852.07,2869.21,2825.96,2834.53,3004839800.0,0.0013750997497140368
2011-09-03T00:00:00.000000,2828.84,2836.49,2790.82,2803.85,2931711600.0,0.0013545347269326284
2011-09-06T00:00:00.000000,2778.45,2778.45,2743.38,2743.82,3183824800.0,0.0019263192998636455
2011-09-07T00:00:00.000000,2727.75,2745.25,2711.08,2723.3,2971398200.0,0.0014153959492550735
2011-09-08T00:00:00.000000,2739.72,2779.09,2730.12,2779.09,3314976900.0,0.0016060236005033578
2011-09-09T00:00:00.000000,2789.0,2789.0,2756.03,2756.11,2659405600.0,0.0011569039923546077
2011-09-10T00:00:00.000000,2774.18,2796.34,2739.62,2751.09,2696908800.0,0.0020037896372177384
2011-09-14T00:00:00.000000,2711.44,2726.04,2698.81,2720.28,2645582900.0,0.002672861937502931
2011-09-15T00:00:00.000000,2729.26,2736.85,2677.13,2733.11,3042478000.0,0.0019666043527005544
2011-09-16T00:00:00.000000,2734.55,2754.03,2729.02,2729.05,3117192400.0,0.0011252436618474483
2011-09-17T00:00:00.000000,2746.0,2755.69,2729.22,2733.99,2737793100.0,0.001561425388448056
2011-09-20T00:00:00.000000,2718.32,2718.32,2679.03,2679.27,2909094000.0,0.0017234947688910878
2011-09-21T00:00:00.000000,2675.53,2701.98,2664.3,2689.84,2550762500.0,0.0013593458014812235
2011-09-22T00:00:00.000000,2691.7,2778.19,2677.53,2771.01,5619417200.0,0.0024184844841374535
2011-09-23T00:00:00.000000,2745.15,2754.9,2685.06,2685.69,4710266000.0,0.0019333569855398552
2011-09-24T00:00:00.000000,2644.29,2680.96,2631.57,2669.48,4259222400.0,0.0035168301551413298
2011-09-27T00:00:00.000000,2645.64,2679.54,2603.28,2610.92,3898517000.0,0.0020597840355297083
2011-09-28T00:00:00.000000,2634.92,2652.49,2613.49,2637.88,3502197600.0,0.0020266695520561166
2011-09-29T00:00:00.000000,2655.41,2660.1,2602.63,2610.59,3394315400.0,0.0017220448211949081
2011-09-30T00:00:00.000000,2593.27,2615.14,2577.5,2588.18,3697661800.0,0.0021133601937968717
2011-10-01T00:00:00.000000,2595.98,2607.43,2572.35,2581.35,3198506400.0,0.0015347546990636858
2011-10-11T00:00:00.000000,2588.49,2594.63,2552.46,2557.08,2809948500.0,0.001263119079441889
2011-10-12T00:00:00.000000,2627.54,2634.51,2526.82,2551.99,4411539300.0,0.004049840732051875
2011-10-13T00:00:00.000000,2534.39,2646.96,2523.41,2644.76,6581429800.0,0.002833291640430029
2011-10-14T00:00:00.000000,2634.25,2672.78,2629.75,2662.6,5998246800.0,0.001436531489766444
2011-10-15T00:00:00.000000,2655.36,2665.35,2630.15,2653.78,3833694800.0,0.0014827081412547949
2011-10-18T00:00:00.000000,2659.6,2686.97,2653.5,2666.95,3602554300.0,0.0015675933675928604
2011-10-19T00:00:00.000000,2646.84,2651.73,2589.2,2592.21,3937344800.0,0.0017129322036282266
2011-10-20T00:00:00.000000,2603.01,2617.4,2580.81,2583.08,3101216600.0,0.0018561165598902979
2011-10-21T00:00:00.000000,2566.3,2569.92,2500.57,2520.53,3971588400.0,0.0021877598691232777
2011-10-22T00:00:00.000000,2522.78,2538.03,2504.87,2507.88,2974609100.0,0.0015733969561712788
2011-10-25T00:00:00.000000,2518.73,2580.73,2501.97,2576.67,4622894500.0,0.0022016442913478378
2011-10-26T00:00:00.000000,2571.46,2633.94,2560.09,2625.43,5777808800.0,0.0021575761243191986
2011-10-27T00:00:00.000000,2611.93,2679.32,2611.93,2651.65,7272164900.0,0.0016529874033575315
2011-10-28T00:00:00.000000,2658.69,2672.84,2647.54,2657.48,4851798300.0,0.0013233937428444719
2011-10-29T00:00:00.000000,2699.09,2729.05,2689.38,2709.02,7096580000.0,0.002842670484008325
2011-11-01T00:00:00.000000,2702.35,2709.14,2680.99,2695.31,5014041600.0,0.0012809952521331907
2011-11-02T00:00:00.000000,2669.48,2726.05,2669.12,2697.53,5497497900.0,0.002159892456368901
2011-11-03T00:00:00.000000,2655.98,2742.94,2653.74,2742.39,6393484900.0,0.0024485850450478882
2011-11-04T00:00:00.000000,2753.45,2781.04,2743.85,2744.3,8430428700.0,0.0018593390997475529
2011-11-05T00:00:00.000000,2771.8,2781.37,2749.04,2763.75,6139384000.0,0.0019438472770322297
2011-11-08T00:00:00.000000,2750.99,2768.79,2733.37,2736.25,4537505600.0,0.0012914824568399897
2011-11-09T00:00:00.000000,2744.92,2755.96,2723.83,2727.71,4767082000.0,0.0014210909455547843
2011-11-10T00:00:00.000000,2740.19,2755.76,2710.33,2751.65,4669960700.0,0.0017933225747978536
2011-11-11T00:00:00.000000,2717.18,2729.51,2698.55,2699.59,5078892600.0,0.002185434357204048
2011-11-12T00:00:00.000000,2706.37,2713.87,2685.31,2695.0,3640949800.0,0.0011142835094105172
2011-11-15T00:00:00.000000,2720.22,2751.88,2714.95,2750.2,4617123900.0,0.0014693537544439605
2011-11-16T00:00:00.000000,2746.49,2754.0,2732.91,2744.68,4160097800.0,0.000968052974766445
2011-11-17T00:00:00.000000,2745.76,2745.83,2659.26,2670.12,5576049700.0,0.0015451276821681409
2011-11-18T00:00:00.000000,2671.95,2687.76,2660.84,2662.02,3524765200.0,0.0010694044890048715
2011-11-19T00:00:00.000000,2642.65,2646.16,2601.18,2606.49,4226738500.0,0.0017685360915685323
2011-11-22T00:00:00.000000,2610.72,2613.13,2587.74,2609.69,2783448700.0,0.001019287723548881
2011-11-23T00:00:00.000000,2592.23,2610.99,2581.07,2609.47,2906907800.0,0.0014600215591404515
2011-11-24T00:00:00.000000,2615.14,2617.09,2578.38,2584.01,2845158700.0,0.0013204434345952458
2011-11-25T00:00:00.000000,2562.9,2604.04,2557.82,2588.91,3012886900.0,0.0017171573969396222
2011-11-26T00:00:00.000000,2584.42,2598.39,2563.81,2569.97,2383745900.0,0.0010271524166696995
2011-11-29T00:00:00.000000,2578.69,2589.22,2562.65,2573.32,2557492500.0,0.0013114666342031085
2011-11-30T00:00:00.000000,2595.67,2609.15,2580.31,2608.57,2981930600.0,0.0012562281684444956
2011-12-01T00:00:00.000000,2599.99,2601.84,2507.35,2521.52,4222086600.0,0.0018742309164763813
2011-12-02T00:00:00.000000,2598.4,2630.54,2577.92,2583.61,6233684500.0,0.004643715519357274
2011-12-03T00:00:00.000000,2570.56,2575.69,2543.56,2557.31,3218370400.0,0.0015787964867721978
2011-12-06T00:00:00.000000,2561.09,2561.09,2517.31,2521.39,3196335400.0,0.0017560072030318855
2011-12-07T00:00:00.000000,2514.31,2525.63,2499.57,2516.34,2623098300.0,0.0013705129087229486
2011-12-08T00:00:00.000000,2517.39,2534.42,2509.95,2528.23,2320993500.0,0.0011950956897018097
2011-12-09T00:00:00.000000,2522.86,2548.98,2494.79,2525.0,2772529900.0,0.0017805104804525572
2011-12-10T00:00:00.000000,2504.98,2525.1,2496.97,2503.46,2392792000.0,0.0015897127856044143
2011-12-13T00:00:00.000000,2497.92,2502.01,2476.18,2477.69,2182378000.0,0.0010972358709322627
2011-12-14T00:00:00.000000,2467.02,2472.66,2418.67,2421.93,3562384400.0,0.001235421143357625
2011-12-15T00:00:00.000000,2415.94,2433.42,2392.3,2397.48,2522860800.0,0.0012352303270222879
2011-12-16T00:00:00.000000,2382.44,2384.16,2340.74,2340.79,3663393200.0,0.0023387904016606022
2011-12-17T00:00:00.000000,2339.98,2390.18,2332.25,2390.13,3609698400.0,0.0020653899545059963
2011-12-20T00:00:00.000000,2370.42,2387.8,2322.1,2384.41,3777914800.0,0.002996569961181971
2011-12-21T00:00:00.000000,2376.71,2412.57,2374.14,2377.07,3232193200.0,0.001719489601595684
2011-12-22T00:00:00.000000,2397.27,2404.77,2337.87,2339.11,3109391600.0,0.0019809629338568553
2011-12-23T00:00:00.000000,2325.27,2358.28,2294.73,2341.34,3659152800.0,0.0028219629729814397
2011-12-24T00:00:00.000000,2337.38,2382.61,2331.96,2359.16,3305405600.0,0.001682281736403471
2011-12-27T00:00:00.000000,2345.55,2369.73,2334.96,2335.7,2812796000.0,0.0016475785828161233
2011-12-28T00:00:00.000000,2332.83,2346.06,2302.51,2305.03,2918419600.0,0.0016827351984967786
2011-12-29T00:00:00.000000,2295.87,2309.43,2267.23,2307.93,3276542800.0,0.0017775021407954057
2011-12-30T00:00:00.000000,2297.29,2323.43,2293.93,2311.36,3076686800.0,0.0012465747707556764
2011-12-31T00:00:00.000000,2318.67,2348.97,2318.67,2345.74,3561765600.0,0.0013562436652715336
2012-01-05T00:00:00.000000,2361.5,2365.92,2298.37,2298.75,3422828800.0,0.0014592327649623092
2012-01-06T00:00:00.000000,2290.78,2316.58,2272.42,2276.39,4290452000.0,0.0018441177733767525
2012-01-07T00:00:00.000000,2274.35,2291.43,2255.85,2290.6,3507188800.0,0.001747017219167144
2012-01-10T00:00:00.000000,2291.18,2368.57,2272.07,2368.57,5453714000.0,0.002512309533606474
2012-01-11T00:00:00.000000,2365.77,2449.95,2361.5,2447.35,8094482400.0,0.001843244861504582
2012-01-12T00:00:00.000000,2444.76,2453.0,2423.41,2435.61,5855020800.0,0.001781247182083419
2012-01-13T00:00:00.000000,2426.82,2464.36,2423.32,2435.22,4712127500.0,0.001780786838904803
2012-01-14T00:00:00.000000,2438.4,2445.76,2374.54,2394.33,4538192800.0,0.0019452319121683482
2012-01-17T00:00:00.000000,2376.95,2394.47,2345.64,2345.65,3041206800.0,0.00205651083517026
2012-01-18T00:00:00.000000,2347.57,2462.03,2329.62,2460.6,6401499600.0,0.0026442885135800212
2012-01-19T00:00:00.000000,2464.92,2485.5,2414.58,2422.19,6375269600.0,0.002522905278721883
2012-01-20T00:00:00.000000,2423.86,2479.94,2415.36,2468.35,5541658000.0,0.0023723980945322674
2012-01-21T00:00:00.000000,2476.73,2510.2,2462.75,2504.09,5434041600.0,0.0015355958238010862
2012-01-31T00:00:00.000000,2508.88,2508.88,2460.72,2460.72,4340468800.0,0.001980541077434025
2012-02-01T00:00:00.000000,2462.34,2472.69,2447.88,2464.26,3059682000.0,0.0013904751361652947
2012-02-02T00:00:00.000000,2458.23,2481.53,2423.69,2428.99,3492623200.0,0.0017977225977880327
2012-02-03T00:00:00.000000,2437.47,2486.24,2429.71,2486.24,4188631200.0,0.0017345618199464349
2012-02-04T00:00:00.000000,2478.34,2514.65,2470.33,2506.09,4979522400.0,0.0014525893752914939
2012-02-07T00:00:00.000000,2511.17,2520.64,2488.73,2504.32,4498436000.0,0.0014121262085809727
2012-02-08T00:00:00.000000,2489.03,2489.03,2441.84,2457.95,3956239200.0,0.0017936233257022554
2012-02-09T00:00:00.000000,2456.42,2534.16,2451.07,2528.24,5599161600.0,0.0019345144368294969
2012-02-10T00:00:00.000000,2525.59,2545.94,2513.13,2529.23,5907428000.0,0.001599928186981117
2012-02-11T00:00:00.000000,2521.68,2559.94,2521.2,2533.62,6145160800.0,0.0016399406524947445
2012-02-14T00:00:00.000000,2504.41,2553.29,2496.62,2531.98,5178538400.0,0.0024778796371399837
2012-02-15T00:00:00.000000,2528.97,2533.23,2506.54,2522.11,4031213200.0,0.0016269531137613773
2012-02-16T00:00:00.000000,2515.83,2562.07,2511.39,2549.61,5791486800.0,0.0014415291766018007
2012-02-17T00:00:00.000000,2544.64,2559.23,2519.23,2536.07,5424368400.0,0.001357896189497675
2012-02-18T00:00:00.000000,2551.81,2558.01,2522.92,2537.09,3886180800.0,0.0015844509307261845
2012-02-21T00:00:00.000000,2571.91,2574.67,2539.94,2540.71,5602491600.0,0.0016848145940064755
2012-02-22T00:00:00.000000,2544.83,2562.74,2520.84,2562.45,4763154800.0,0.0015169248811640352
2012-02-23T00:00:00.000000,2564.32,2598.75,2560.44,2597.48,7609778400.0,0.0013992087293249955
2012-02-24T00:00:00.000000,2595.78,2614.53,2590.6,2606.26,7020299200.0,0.001123820371561504
2012-02-25T00:00:00.000000,2607.34,2648.02,2602.94,2648.02,8568506400.0,0.0014194793473239669
2012-02-28T00:00:00.000000,2658.12,2693.74,2656.57,2656.57,10121853600.0,0.0017468508270459952
2012-02-29T00:00:00.000000,2652.34,2671.74,2641.46,2662.46,7738319200.0,0.001383343717858837
2012-03-01T00:00:00.000000,2655.86,2666.56,2631.78,2634.14,5897328800.0,0.001499021599108559
2012-03-02T00:00:00.000000,2622.74,2647.67,2622.58,2633.34,4202644000.0,0.0010394507760483574
2012-03-03T00:00:00.000000,2637.96,2679.93,2637.96,2679.93,6376907200.0,0.0012216047309917778
2012-03-06T00:00:00.000000,2687.74,2694.61,2660.96,2662.7,7120661600.0,0.001149645141240646
2012-03-07T00:00:00.000000,2654.8,2657.36,2615.68,2621.05,6230091600.0,0.0013270230395959711
2012-03-08T00:00:00.000000,2596.48,2628.55,2595.07,2603.01,5675208800.0,0.001564636982921253
2012-03-09T00:00:00.000000,2612.4,2645.88,2612.4,2635.79,5736863600.0,0.001478464925819145
2012-03-10T00:00:00.000000,2644.1,2664.41,2631.46,2664.3,5503765600.0,0.0011481376687935041
2012-03-13T00:00:00.000000,2663.24,2666.41,2636.51,2654.4,6214245200.0,0.0011403336595170652
2012-03-14T00:00:00.000000,2653.68,2681.29,2649.62,2681.07,5819274400.0,0.0011072170387362503
2012-03-15T00:00:00.000000,2694.47,2705.56,2595.71,2605.11,10813796000.0,0.0026065274151262276
2012-03-16T00:00:00.000000,2602.66,2618.04,2575.57,2585.55,7237640000.0,0.0017780338961700746
2012-03-17T00:00:00.000000,2591.8,2624.05,2577.29,2623.52,5784129600.0,0.0018868883019101143
2012-03-20T00:00:00.000000,2617.66,2631.04,2598.84,2630.01,5744802800.0,0.0015360920002670593
2012-03-21T00:00:00.000000,2622.66,2622.66,2584.12,2584.45,5794822000.0,0.0018429138630796226
2012-03-22T00:00:00.000000,2597.37,2613.12,2569.08,2587.79,5787685600.0,0.0018327806357903277
2012-03-23T00:00:00.000000,2586.94,2599.15,2570.77,2583.75,4475997200.0,0.0013610864622454694
2012-03-24T00:00:00.000000,2575.33,2578.71,2544.76,2552.94,4320644400.0,0.0013768933719155655
2012-03-27T00:00:00.000000,2551.43,2562.82,2540.7,2555.44,3171390400.0,0.0011020553404919946
2012-03-28T00:00:00.000000,2565.55,2571.7,2544.44,2547.14,3583920800.0,0.0010245868246508002
2012-03-29T00:00:00.000000,2538.46,2540.02,2471.33,2474.9,4986572800.0,0.0014233466564754443
2012-03-30T00:00:00.000000,2463.69,2476.47,2429.8,2443.12,4600916000.0,0.002060122235610501
2012-03-31T00:00:00.000000,2447.94,2461.89,2438.71,2454.9,3690525200.0,0.0015375871452150238
2012-04-06T00:00:00.000000,2449.21,2517.38,2441.6,2512.83,5420607600.0,0.0018127753312097146
2012-04-07T00:00:00.000000,2509.45,2525.4,2502.73,2519.83,4222984400.0,0.0010910660087822543
2012-04-10T00:00:00.000000,2510.53,2518.19,2491.67,2495.15,3525618800.0,0.0017853452753476182
2012-04-11T00:00:00.000000,2490.28,2519.79,2459.36,2519.79,4116016800.0,0.001706736107021875
2012-04-12T00:00:00.000000,2494.52,2540.97,2489.46,2520.04,4235486800.0,0.0023505535486380686
2012-04-13T00:00:00.000000,2522.83,2570.72,2516.67,2570.44,5627536400.0,0.0014470035759857399
2012-04-14T00:00:00.000000,2575.05,2593.79,2570.12,2580.45,5294534000.0,0.0012829274366844981
2012-04-17T00:00:00.000000,2564.23,2586.14,2559.78,2574.04,4069167200.0,0.0014652358431385475
2012-04-18T00:00:00.000000,2572.36,2578.71,2541.63,2541.88,3770417200.0,0.0011940514291905195
2012-04-19T00:00:00.000000,2550.91,2601.84,2546.22,2599.91,5853896000.0,0.0015901003616212777
2012-04-20T00:00:00.000000,2598.33,2606.55,2585.39,2596.06,4633069200.0,0.0010878229427696074
2012-04-21T00:00:00.000000,2591.51,2627.23,2589.47,2626.84,6123422400.0,0.0011870346795071229
2012-04-24T00:00:00.000000,2624.75,2631.99,2599.15,2606.04,5852164800.0,0.001152905282265185
2012-04-25T00:00:00.000000,2594.8,2640.24,2559.53,2604.87,7093639200.0,0.0026048002342190218
2012-04-26T00:00:00.000000,2598.23,2631.44,2593.71,2625.99,6227492800.0,0.0013484586889965543
2012-04-27T00:00:00.000000,2632.72,2643.77,2617.12,2631.49,5879217600.0,0.00126024665739905
2012-04-28T00:00:00.000000,2630.55,2637.78,2623.64,2626.16,4809087200.0,0.00105375787692306
2012-05-03T00:00:00.000000,2660.67,2697.95,2643.53,2683.49,8000775200.0,0.0019896084325433327
2012-05-04T00:00:00.000000,2679.52,2693.85,2676.06,2691.52,5918994400.0,0.0009301600806307124
2012-05-05T00:00:00.000000,2689.62,2715.92,2677.28,2715.88,6301762800.0,0.0013373848790616545
2012-05-08T00:00:00.000000,2699.45,2717.78,2694.55,2717.78,6836367200.0,0.0013314961578654802
2012-05-09T00:00:00.000000,2717.41,2717.77,2683.61,2709.12,6298953200.0,0.0011989834473540462
2012-05-10T00:00:00.000000,2685.19,2685.19,2655.37,2657.51,5820538400.0,0.002098260790096545
2012-05-11T00:00:00.000000,2657.87,2667.63,2649.44,2657.21,4685282800.0,0.0009594764802941316
2012-05-12T00:00:00.000000,2652.31,2666.49,2636.61,2636.92,4083306000.0,0.001152622975184938
2012-05-15T00:00:00.000000,2653.81,2654.11,2613.47,2615.53,5194922400.0,0.0015084273935397025
2012-05-16T00:00:00.000000,2597.64,2618.02,2591.86,2617.37,4563069600.0,0.0012772731085160093
2012-05-17T00:00:00.000000,2610.16,2612.49,2574.19,2574.65,4315669200.0,0.0013178705660573159
2012-05-18T00:00:00.000000,2577.96,2619.59,2571.56,2613.94,4357472000.0,0.0011577499325552561
2012-05-19T00:00:00.000000,2595.55,2603.19,2567.3,2573.98,4332187600.0,0.0016092927072267748
2012-05-22T00:00:00.000000,2572.37,2604.18,2564.11,2587.23,3852988000.0,0.0014398183128166947
2012-05-23T00:00:00.000000,2598.17,2627.58,2597.6,2627.53,4261486000.0,0.0010302042684826153
2012-05-24T00:00:00.000000,2621.79,2635.78,2598.29,2616.87,4361534000.0,0.0012986371111731283
2012-05-25T00:00:00.000000,2613.1,2630.39,2588.41,2595.26,4275927600.0,0.0013115709262937318
2012-05-26T00:00:00.000000,2595.26,2602.03,2565.74,2573.1,3915897600.0,0.001148042016703486
2012-05-29T00:00:00.000000,2562.6,2614.85,2545.86,2614.69,5612846400.0,0.001489569416307777
2012-05-30T00:00:00.000000,2615.15,2658.13,2612.82,2650.85,7197771200.0,0.0010156661713794602
2012-05-31T00:00:00.000000,2646.37,2655.14,2636.6,2642.26,5167501600.0,0.000872072315039058
2012-06-01T00:00:00.000000,2623.16,2645.57,2617.23,2632.04,4393254400.0,0.001352255073961574
2012-06-02T00:00:00.000000,2633.6,2653.83,2623.33,2633.0,4407992400.0,0.0011983306818167914
2012-06-05T00:00:00.000000,2598.73,2608.21,2559.03,2559.03,5233537600.0,0.002417445186011874
2012-06-06T00:00:00.000000,2565.19,2573.49,2548.86,2558.84,3769121200.0,0.0013918119492956063
2012-06-07T00:00:00.000000,2564.23,2573.69,2547.45,2557.4,3372598400.0,0.0012709953958674708
2012-06-08T00:00:00.000000,2579.43,2583.68,2536.26,2542.18,3475564800.0,0.0014975416321251905
2012-06-09T00:00:00.000000,2558.84,2558.84,2520.68,2524.33,4373981600.0,0.0014272759056321639
2012-06-12T00:00:00.000000,2529.6,2565.08,2523.85,2558.26,3994559200.0,0.0013145573185073622
2012-06-13T00:00:00.000000,2543.76,2553.75,2529.96,2540.18,3784974400.0,0.0013935849061322582
2012-06-14T00:00:00.000000,2546.79,2580.94,2539.65,2580.64,4486947200.0,0.001344511035925149
2012-06-15T00:00:00.000000,2573.33,2584.55,2558.72,2560.42,4012620000.0,0.0009899514242259699
2012-06-16T00:00:00.000000,2565.19,2580.04,2538.63,2568.05,4263702400.0,0.0014333050965041566
2012-06-19T00:00:00.000000,2576.63,2593.11,2573.07,2581.21,3557986000.0,0.000897188670214695
2012-06-20T00:00:00.000000,2577.36,2577.36,2556.27,2558.62,3260567800.0,0.0009472481193931137
2012-06-21T00:00:00.000000,2563.64,2570.51,2549.54,2552.61,2977596400.0,0.0009038321871975662
2012-06-22T00:00:00.000000,2547.05,2547.05,2502.6,2512.18,3529572000.0,0.0012261042885957567
2012-06-26T00:00:00.000000,2501.16,2501.16,2455.27,2456.52,4000876000.0,0.0012489852328197446
2012-06-27T00:00:00.000000,2442.56,2464.96,2434.75,2454.91,3166088800.0,0.0012352673567210509
2012-06-28T00:00:00.000000,2452.67,2470.76,2444.34,2447.2,2990687400.0,0.0011029703999812005
2012-06-29T00:00:00.000000,2451.66,2459.05,2425.54,2425.73,3043374800.0,0.0012424253334299127
2012-06-30T00:00:00.000000,2418.86,2462.66,2417.49,2461.61,3785276400.0,0.0014217785815236867
2012-07-03T00:00:00.000000,2473.54,2473.89,2453.01,2465.24,4040576800.0,0.0010164915599603795
2012-07-04T00:00:00.000000,2464.85,2490.52,2457.55,2468.72,3859226400.0,0.0012276134674866189
2012-07-05T00:00:00.000000,2474.53,2481.13,2456.02,2464.92,3434407200.0,0.0011766828803694799
2012-07-06T00:00:00.000000,2450.3,2450.3,2420.35,2430.37,3460862000.0,0.001556955344393136
2012-07-07T00:00:00.000000,2435.06,2477.2,2420.5,2472.61,4946468400.0,0.0016745443825824623
2012-07-10T00:00:00.000000,2455.89,2470.21,2414.95,2416.04,4909756400.0,0.0016461749291345274
2012-07-11T00:00:00.000000,2411.0,2426.51,2402.81,2406.71,3545761600.0,0.0015542674400908364
2012-07-12T00:00:00.000000,2402.18,2427.73,2402.18,2425.57,3750007200.0,0.0013364102039881553
2012-07-13T00:00:00.000000,2420.04,2460.34,2404.59,2449.18,5659423600.0,0.0019198301280099446
2012-07-14T00:00:00.000000,2441.01,2467.99,2438.98,2450.63,3662773600.0,0.0016167860579774094
2012-07-17T00:00:00.000000,2452.59,2452.59,2399.7,2399.73,4264264000.0,0.0015290482582843762
2012-07-18T00:00:00.000000,2391.9,2421.9,2391.9,2414.2,3331898200.0,0.0012812908949125109
2012-07-19T00:00:00.000000,2412.06,2420.76,2373.65,2414.34,4156774000.0,0.0017455060941621334
2012-07-20T00:00:00.000000,2407.44,2443.89,2401.44,2424.32,4683035600.0,0.0014414865280174603
2012-07-21T00:00:00.000000,2415.71,2423.76,2392.53,2398.45,3750629600.0,0.0011323014421597624
2012-07-24T00:00:00.000000,2379.88,2379.88,2357.51,2365.43,3230035600.0,0.0020570866446007166
2012-07-25T00:00:00.000000,2353.22,2392.3,2352.8,2375.99,3023125800.0,0.0013420588777182329
2012-07-26T00:00:00.000000,2368.38,2380.93,2357.5,2360.08,2480884000.0,0.0010757303284181538
2012-07-27T00:00:00.000000,2360.13,2374.74,2344.76,2347.49,3122838400.0,0.0013430308471454756
2012-07-28T00:00:00.000000,2353.94,2364.81,2341.29,2349.11,3099326400.0,0.0012224251318289278
2012-07-31T00:00:00.000000,2350.78,2367.03,2334.0,2335.79,3036541200.0,0.0011022816820079576
2012-08-01T00:00:00.000000,2336.88,2349.97,2329.51,2332.92,3200787800.0,0.001363051597337856
2012-08-02T00:00:00.000000,2332.13,2371.12,2331.95,2358.65,3133143600.0,0.0012688194081400832
2012-08-03T00:00:00.000000,2354.07,2358.54,2325.68,2334.88,3144605600.0,0.001322244467837618
2012-08-04T00:00:00.000000,2340.25,2353.74,2330.07,2353.74,2959889200.0,0.001121580485786127
2012-08-07T00:00:00.000000,2350.12,2388.14,2348.17,2385.61,4169219600.0,0.0008907935634842502
2012-08-08T00:00:00.000000,2383.26,2390.14,2379.46,2388.87,3815604800.0,0.0007123210200128442
2012-08-09T00:00:00.000000,2390.96,2405.18,2382.83,2389.8,3770080400.0,0.0008880357123950675
2012-08-10T00:00:00.000000,2388.43,2411.92,2378.98,2411.7,3553600000.0,0.001227397006305505
2012-08-11T00:00:00.000000,2409.94,2413.35,2395.92,2399.75,3459188800.0,0.0008752339759478167
2012-08-14T00:00:00.000000,2394.5,2394.5,2350.89,2351.93,4465826000.0,0.0011189691073834266
2012-08-15T00:00:00.000000,2352.66,2357.72,2324.91,2357.02,3972802800.0,0.001381678106297607
2012-08-16T00:00:00.000000,2350.02,2350.02,2330.19,2331.61,3047187600.0,0.001196928077104423
2012-08-17T00:00:00.000000,2327.91,2335.19,2317.06,2319.67,2581693600.0,0.0008207400245610711
2012-08-18T00:00:00.000000,2318.43,2322.89,2295.47,2313.48,2596729600.0,0.0009251223587801562
2012-08-21T00:00:00.000000,2294.9,2307.36,2280.03,2301.79,2730706800.0,0.0020669765120522416
2012-08-22T00:00:00.000000,2301.93,2327.37,2296.55,2313.7,3478110800.0,0.0014050089137853331
2012-08-23T00:00:00.000000,2315.14,2316.37,2285.78,2295.59,3161789600.0,0.0009575175567024352
2012-08-24T00:00:00.000000,2298.18,2311.6,2285.37,2302.2,3126764600.0,0.0012528275844000565
2012-08-25T00:00:00.000000,2295.68,2299.23,2274.57,2275.68,3174871000.0,0.001026807792527778
2012-08-28T00:00:00.000000,2268.48,2268.48,2228.2,2228.2,3729170800.0,0.0016884007421049173
2012-08-29T00:00:00.000000,2226.9,2250.37,2222.12,2238.41,3369129200.0,0.001181423244364641
2012-08-30T00:00:00.000000,2230.2,2240.11,2214.52,2214.81,2890752800.0,0.0012368380846693797
2012-08-31T00:00:00.000000,2204.51,2223.09,2188.78,2211.37,3539428000.0,0.0016081492526810962
2012-09-01T00:00:00.000000,2205.57,2218.7,2203.47,2204.87,2584567200.0,0.0011494938322360244
2012-09-04T00:00:00.000000,2201.12,2236.43,2197.77,2228.37,3842918400.0,0.0012073268283126586
2012-09-05T00:00:00.000000,2231.72,2234.81,2199.61,2204.41,3475743600.0,0.000973373066606686
2012-09-06T00:00:00.000000,2199.74,2209.54,2187.33,2199.88,3466485600.0,0.0012272141199286789
2012-09-07T00:00:00.000000,2204.44,2218.66,2199.92,2217.82,3146611600.0,0.0012763540011125388
2012-09-08T00:00:00.000000,2233.91,2341.49,2233.91,2317.18,9438649600.0,0.002707546519535971
2012-09-11T00:00:00.000000,2320.56,2334.44,2313.84,2326.67,6519692400.0,0.0012838204550858678
2012-09-12T00:00:00.000000,2316.53,2316.53,2294.91,2311.89,4606572400.0,0.001780099697434307
2012-09-13T00:00:00.000000,2325.93,2337.01,2298.3,2320.07,4946286800.0,0.0020561940600548442
2012-09-14T00:00:00.000000,2316.68,2325.29,2298.46,2298.46,4184112400.0,0.0014012545285132304
2012-09-15T00:00:00.000000,2324.01,2332.17,2298.94,2315.54,6141211200.0,0.002372856948335897
2012-09-18T00:00:00.000000,2312.06,2314.24,2258.44,2258.7,4880282800.0,0.0015619785864204902
2012-09-19T00:00:00.000000,2249.43,2253.14,2228.29,2235.24,3313773400.0,0.0014844368789682888
2012-09-20T00:00:00.000000,2237.22,2249.01,2229.58,2246.24,3424385600.0,0.0010175113204827044
2012-09-21T00:00:00.000000,2236.19,2236.19,2194.54,2195.95,4237264800.0,0.001622266469845023
2012-09-22T00:00:00.000000,2190.33,2217.24,2186.6,2199.06,3797648000.0,0.001330957271147174
2012-09-25T00:00:00.000000,2183.97,2225.69,2172.88,2215.52,3741754400.0,0.002381311436139387
2012-09-26T00:00:00.000000,2209.97,2225.17,2202.42,2210.15,2780439200.0,0.0012836163613032918
2012-09-27T00:00:00.000000,2208.91,2216.76,2181.15,2184.89,2735261800.0,0.0011412610226574835
2012-09-28T00:00:00.000000,2186.0,2266.13,2185.84,2251.72,5281596000.0,0.0030896427854483328
2012-09-29T00:00:00.000000,2235.06,2296.87,2234.43,2293.11,5767778800.0,0.001609347431448904
2012-10-09T00:00:00.000000,2291.96,2305.18,2258.33,2270.05,3546365200.0,0.001473515877444003
2012-10-10T00:00:00.000000,2281.75,2327.6,2281.75,2320.16,5241933600.0,0.0024131436985603987
2012-10-11T00:00:00.000000,2314.59,2325.75,2304.62,2324.12,4253592800.0,0.0010988141645493258
2012-10-12T00:00:00.000000,2315.9,2321.23,2300.93,2302.53,4117880000.0,0.0014581533312400495
2012-10-13T00:00:00.000000,2311.28,2332.15,2287.09,2304.53,3676456000.0,0.001851301205452571
2012-10-16T00:00:00.000000,2306.01,2307.8,2278.49,2294.86,2853430000.0,0.0012532400303063207
2012-10-17T00:00:00.000000,2293.24,2315.45,2287.87,2298.16,3197511800.0,0.0014058179964039328
2012-10-18T00:00:00.000000,2307.36,2312.16,2280.88,2300.8,3327827600.0,0.0015276119336696448
2012-10-19T00:00:00.000000,2307.49,2341.11,2305.91,2336.08,5045800800.0,0.0012631244467477753
2012-10-20T00:00:00.000000,2335.11,2342.53,2328.83,2332.47,3583461200.0,0.0007517727693596522
2012-10-23T00:00:00.000000,2320.47,2347.68,2315.97,2341.59,3425632400.0,0.0010510931550406061
2012-10-24T00:00:00.000000,2340.89,2344.02,2309.63,2312.08,3711106800.0,0.0010429157272960137
2012-10-25T00:00:00.000000,2303.4,2321.37,2302.34,2307.78,3744265200.0,0.0009188758693696045
2012-10-26T00:00:00.000000,2306.73,2322.78,2288.72,2291.24,4425792400.0,0.0009722200035843548
2012-10-27T00:00:00.000000,2291.31,2293.18,2237.15,2247.91,4077321200.0,0.0012071046980867417
2012-10-30T00:00:00.000000,2241.8,2248.1,2227.86,2235.85,2750043600.0,0.00099191437450847
2012-10-31T00:00:00.000000,2236.32,2257.87,2231.83,2239.88,3397234400.0,0.0013150254181550432
2012-11-01T00:00:00.000000,2241.43,2256.09,2233.7,2254.82,3707702400.0,0.0009537257505755143
2012-11-02T00:00:00.000000,2256.61,2305.57,2256.61,2297.88,5065090400.0,0.0013238049043358326
2012-11-03T00:00:00.000000,2297.9,2309.44,2284.72,2306.77,3971532800.0,0.0009520215102836921
2012-11-06T00:00:00.000000,2302.74,2318.23,2290.27,2301.88,3940311200.0,0.0011892119880646172
2012-11-07T00:00:00.000000,2301.98,2304.05,2260.55,2292.21,3912892400.0,0.0013346523081382892
2012-11-08T00:00:00.000000,2288.76,2300.89,2277.03,2287.51,3297399600.0,0.001313905260551904
2012-11-09T00:00:00.000000,2269.58,2275.38,2245.41,2245.41,3531315200.0,0.001590988053228668
2012-11-10T00:00:00.000000,2241.76,2252.14,2235.31,2240.92,3040306000.0,0.0008788903169913646
2012-11-13T00:00:00.000000,2242.96,2254.24,2232.78,2251.85,3462658000.0,0.0010380082444897993
2012-11-14T00:00:00.000000,2250.84,2250.84,2208.75,2212.44,3399448800.0,0.0012997302146084662
2012-11-15T00:00:00.000000,2213.09,2225.08,2206.02,2223.11,2669011400.0,0.0010233916515966447
2012-11-16T00:00:00.000000,2210.75,2220.96,2193.58,2193.62,2823343000.0,0.0015765038633591003
2012-11-17T00:00:00.000000,2189.51,2191.39,2163.08,2177.24,3014518800.0,0.0012226851108378364
2012-11-20T00:00:00.000000,2175.18,2176.24,2149.54,2174.99,2689665800.0,0.0014175196360619213
2012-11-21T00:00:00.000000,2180.21,2184.33,2163.54,2164.88,2387346400.0,0.0008579216054045439
2012-11-22T00:00:00.000000,2165.41,2195.32,2151.54,2194.9,3040216400.0,0.0020983334452488855
2012-11-23T00:00:00.000000,2181.18,2185.51,2169.88,2177.55,2284887600.0,0.0014607012119736702
2012-11-24T00:00:00.000000,2184.41,2202.3,2179.75,2192.68,2858446800.0,0.0010678214982016417
2012-11-27T00:00:00.000000,2187.24,2191.31,2172.35,2175.6,2466830800.0,0.0009750052926949027
2012-11-28T00:00:00.000000,2168.59,2173.4,2150.29,2150.64,3183379200.0,0.001058287229321179
2012-11-29T00:00:00.000000,2142.5,2144.77,2126.38,2129.16,2992626000.0,0.0009897594449481452
2012-11-30T00:00:00.000000,2128.8,2140.84,2115.0,2115.68,2953481600.0,0.0009194791058610836
2012-12-01T00:00:00.000000,2114.24,2142.71,2110.18,2139.66,3628354000.0,0.0012347695175743754
2012-12-04T00:00:00.000000,2136.7,2152.61,2108.49,2108.85,4008174400.0,0.001395171228679788
2012-12-05T00:00:00.000000,2104.93,2135.56,2102.27,2131.47,3611889600.0,0.0010422600676875209
2012-12-06T00:00:00.000000,2128.39,2219.09,2126.86,2207.88,8234333600.0,0.003165493773223042
2012-12-07T00:00:00.000000,2205.6,2216.89,2191.3,2203.6,4848664000.0,0.0013260649230464338
2012-12-08T00:00:00.000000,2203.89,2250.39,2198.27,2246.76,7598214400.0,0.0015674864085732402
2012-12-11T00:00:00.000000,2254.92,2275.8,2250.59,2271.05,7322873600.0,0.0014173460187146508
2012-12-12T00:00:00.000000,2263.21,2274.96,2254.34,2258.5,5133199200.0,0.0012332618561896483
2012-12-13T00:00:00.000000,2257.73,2273.21,2248.18,2267.77,4490513200.0,0.0014316679283016848
2012-12-14T00:00:00.000000,2260.6,2266.64,2242.64,2242.64,4181538400.0,0.0015276628273658865
2012-12-15T00:00:00.000000,2245.64,2357.11,2245.64,2355.86,11063089600.0,0.0022923356285822014
2012-12-18T00:00:00.000000,2359.2,2379.71,2359.14,2366.7,9392908800.0,0.0015942964861150172
2012-12-19T00:00:00.000000,2361.09,2398.41,2347.08,2368.12,8561070400.0,0.002251678828767757
2012-12-20T00:00:00.000000,2362.8,2387.14,2358.03,2371.11,6311452800.0,0.001340731991991953
2012-12-21T00:00:00.000000,2361.32,2391.6,2346.59,2384.82,6538020400.0,0.0018455745907172306
2012-12-22T00:00:00.000000,2386.38,2413.75,2365.33,2372.0,6852864000.0,0.002086434919976364
2012-12-25T00:00:00.000000,2368.01,2396.44,2367.15,2381.22,5295685600.0,0.0014393602218692465
2012-12-26T00:00:00.000000,2373.88,2459.3,2365.45,2448.39,9550235200.0,0.002085021296016791
2012-12-27T00:00:00.000000,2445.99,2458.01,2442.18,2457.62,7159182400.0,0.0008884875906043248
2012-12-28T00:00:00.000000,2464.78,2479.46,2443.68,2444.59,7325506400.0,0.0017562889266821108
2012-12-29T00:00:00.000000,2448.08,2480.78,2444.66,2480.05,6716632000.0,0.0013888914856301875
2013-01-01T00:00:00.000000,2485.56,2522.95,2485.56,2522.95,8200229600.0,0.0015414294764263534
2013-01-05T00:00:00.000000,2551.81,2558.34,2498.98,2524.41,9798818400.0,0.0027622027684541433
2013-01-08T00:00:00.000000,2518.05,2545.97,2511.6,2535.99,7516799200.0,0.0013859161867121007
2013-01-09T00:00:00.000000,2534.65,2540.15,2502.49,2525.33,7183710400.0,0.001597785339046494
2013-01-10T00:00:00.000000,2518.1,2533.97,2504.4,2526.13,7023116800.0,0.001584919875685157
2013-01-11T00:00:00.000000,2525.59,2553.35,2513.92,2530.57,7108586400.0,0.0014368951322503878
2013-01-12T00:00:00.000000,2533.5,2539.42,2474.06,2483.23,7423917600.0,0.001485355964425584
2013-01-15T00:00:00.000000,2474.18,2583.38,2474.0,2577.72,9355408800.0,0.001799413247943481
2013-01-16T00:00:00.000000,2579.13,2605.38,2576.95,2595.86,9862080800.0,0.0012555832832609867
2013-01-17T00:00:00.000000,2591.37,2599.79,2540.78,2577.09,9353608000.0,0.0020192691658597953
2013-01-18T00:00:00.000000,2570.71,2574.8,2539.85,2552.76,6991524000.0,0.001936761090335068
2013-01-19T00:00:00.000000,2568.69,2607.43,2553.59,2595.44,7794030400.0,0.002035571880621142
2013-01-22T00:00:00.000000,2605.65,2611.2,2582.93,2610.9,8413374400.0,0.0016053763445630126
2013-01-23T00:00:00.000000,2610.39,2619.91,2578.31,2596.9,10576627200.0,0.0018634794931553405
2013-01-24T00:00:00.000000,2588.2,2611.41,2576.38,2607.46,7573944000.0,0.0015535876637535987
2013-01-25T00:00:00.000000,2606.43,2663.19,2564.31,2582.76,11127716800.0,0.0028261022855479894
2013-01-26T00:00:00.000000,2580.88,2591.51,2567.59,2571.67,5848736000.0,0.001276699811078428
2013-01-29T00:00:00.000000,2577.27,2651.97,2577.27,2651.86,9127479200.0,0.0018338027925084378
2013-01-30T00:00:00.000000,2655.38,2685.31,2646.21,2675.87,10104020000.0,0.0015578133980393958
2013-01-31T00:00:00.000000,2678.43,2689.38,2662.13,2688.71,9987499200.0,0.0015763600244017356
2013-02-01T00:00:00.000000,2690.95,2696.85,2671.55,2686.88,9674010400.0,0.0013698199306374898
2013-02-02T00:00:00.000000,2677.19,2744.22,2671.75,2743.32,10387951200.0,0.0023065712036324437
2013-02-05T00:00:00.000000,2753.69,2768.23,2731.3,2748.03,12793917600.0,0.0020576662787840385
2013-02-06T00:00:00.000000,2727.93,2779.68,2725.36,2771.68,11613081600.0,0.0015841562933504234
2013-02-07T00:00:00.000000,2771.91,2787.46,2765.75,2775.84,8277927200.0,0.0013730221736344035
2013-02-08T00:00:00.000000,2771.53,2775.96,2723.04,2759.87,8997814400.0,0.0017354370437384352
2013-02-09T00:00:00.000000,2755.65,2791.3,2747.95,2771.72,7742964800.0,0.0014053927204723498
2013-02-19T00:00:00.000000,2784.06,2787.47,2731.75,2737.47,7643822400.0,0.0019676166188299774
2013-02-20T00:00:00.000000,2735.04,2740.68,2674.68,2685.61,8062643200.0,0.001522794074350869
2013-02-21T00:00:00.000000,2686.09,2702.9,2665.42,2702.64,7001937600.0,0.0013427035471920603
2013-02-22T00:00:00.000000,2675.74,2675.74,2585.16,2610.55,10065798400.0,0.003408921901539297
2013-02-23T00:00:00.000000,2607.65,2618.33,2591.16,2596.6,6020485200.0,0.0012357053891081896
2013-02-26T00:00:00.000000,2607.15,2628.7,2590.86,2604.96,5316194400.0,0.0019614726904776778
2013-02-27T00:00:00.000000,2587.37,2630.93,2564.75,2567.59,8000306400.0,0.00217040852577608
2013-02-28T00:00:00.000000,2576.05,2615.07,2569.47,2594.68,6322674400.0,0.002558440230784821
2013-03-01T00:00:00.000000,2611.94,2673.71,2594.41,2673.33,8692259200.0,0.0020645306430359476
2013-03-02T00:00:00.000000,2671.84,2680.83,2627.29,2668.84,7334375200.0,0.0017365975493446356
2013-03-05T00:00:00.000000,2619.42,2619.56,2528.96,2545.72,11061910400.0,0.004348947730697357
2013-03-06T00:00:00.000000,2547.89,2623.17,2542.25,2622.81,8966115200.0,0.0020825240842703837
2013-03-07T00:00:00.000000,2634.87,2658.08,2620.59,2650.2,9582964800.0,0.0020516832097414893
2013-03-08T00:00:00.000000,2639.78,2658.64,2592.9,2619.48,9408266400.0,0.00218850238840919
2013-03-09T00:00:00.000000,2622.68,2632.42,2602.08,2606.93,5942955600.0,0.0017087400146471063
2013-03-12T00:00:00.000000,2600.28,2611.52,2574.17,2592.37,5094644000.0,0.0020321870538559067
2013-03-13T00:00:00.000000,2590.39,2618.92,2530.49,2555.61,7193514400.0,0.002394377864310581
2013-03-14T00:00:00.000000,2551.73,2556.73,2515.06,2527.49,5643046000.0,0.0017404766924496023
2013-03-15T00:00:00.000000,2517.75,2546.56,2514.58,2534.27,4760575600.0,0.001706707256012602
2013-03-16T00:00:00.000000,2533.72,2600.04,2504.46,2539.87,8137218400.0,0.0028747483910964407
2013-03-19T00:00:00.000000,2526.08,2544.25,2500.12,2502.49,5981277600.0,0.0019370046802562465
2013-03-20T00:00:00.000000,2507.4,2531.99,2492.07,2525.1,5453647600.0,0.0021880826673563738
2013-03-21T00:00:00.000000,2526.97,2610.17,2526.96,2610.17,9070062400.0,0.002084356574956703
2013-03-22T00:00:00.000000,2611.58,2626.54,2598.79,2614.99,6955275200.0,0.001306568120987337
2013-03-23T00:00:00.000000,2612.26,2625.43,2603.73,2618.31,5564714000.0,0.0012299664799993784
2013-03-26T00:00:00.000000,2628.41,2641.61,2607.77,2613.1,5626140000.0,0.0017065754572682481
2013-03-27T00:00:00.000000,2601.96,2607.36,2555.02,2575.05,6396296000.0,0.0018287172093792757
2013-03-28T00:00:00.000000,2575.73,2611.8,2566.35,2583.53,5690651600.0,0.0015386205486807212
2013-03-29T00:00:00.000000,2535.99,2535.99,2495.29,2499.3,8757840800.0,0.004478211400332195
2013-03-30T00:00:00.000000,2502.78,2509.03,2482.55,2495.08,5240213600.0,0.0012756524393739332
2013-04-02T00:00:00.000000,2486.43,2507.75,2483.73,2493.19,4734602400.0,0.001420104178700387
2013-04-03T00:00:00.000000,2495.84,2524.33,2475.11,2486.39,5568415200.0,0.001685542536882247
2013-04-04T00:00:00.000000,2493.88,2507.09,2475.2,2483.55,4556422000.0,0.0019033147558690817
2013-04-09T00:00:00.000000,2443.24,2473.22,2429.5,2472.3,5329677200.0,0.0032965893335661542
2013-04-10T00:00:00.000000,2477.29,2505.09,2477.29,2489.43,5238982400.0,0.0014277076098686027
2013-04-11T00:00:00.000000,2487.98,2495.57,2466.25,2485.31,4750491200.0,0.0013006566009352212
2013-04-12T00:00:00.000000,2502.5,2508.59,2476.68,2477.88,4298996000.0,0.0015131348066740437
2013-04-13T00:00:00.000000,2476.32,2489.12,2460.34,2462.11,3991728000.0,0.0009430202266008215
2013-04-16T00:00:00.000000,2453.97,2461.67,2430.22,2436.82,4653973600.0,0.001318518571751197
2013-04-17T00:00:00.000000,2419.51,2460.94,2417.07,2459.59,5528061200.0,0.0017004038861039654
2013-04-18T00:00:00.000000,2457.88,2464.81,2437.45,2458.47,4469216400.0,0.0012402044608764112
2013-04-19T00:00:00.000000,2440.71,2478.33,2435.04,2464.85,4286070800.0,0.0024894814559185633
2013-04-20T00:00:00.000000,2469.95,2542.28,2469.35,2533.83,7552088000.0,0.00167723549585297
2013-04-23T00:00:00.000000,2525.11,2539.05,2518.28,2530.67,6251188400.0,0.0011223560287753568
2013-04-24T00:00:00.000000,2532.2,2532.2,2448.2,2449.47,6065398400.0,0.0019959613239841608
2013-04-25T00:00:00.000000,2452.78,2511.19,2446.91,2495.58,6305091600.0,0.002159491906703097
2013-04-26T00:00:00.000000,2486.86,2504.99,2456.95,2467.88,6055792800.0,0.002340957994263657
2013-04-27T00:00:00.000000,2477.72,2488.53,2440.06,2447.31,4712337600.0,0.0016029999251671847
2013-05-03T00:00:00.000000,2434.6,2453.67,2423.14,2449.64,4701608800.0,0.0017237026148706376
2013-05-04T00:00:00.000000,2457.54,2521.12,2457.54,2492.91,6233009200.0,0.0019199579534172587
2013-05-07T00:00:00.000000,2502.98,2533.83,2500.49,2525.98,6041878000.0,0.0015809326410237273
2013-05-08T00:00:00.000000,2519.36,2538.95,2507.76,2529.94,5449064400.0,0.00120614606418175
2013-05-09T00:00:00.000000,2542.27,2561.33,2531.32,2542.8,5955429600.0,0.0021925259539902083
2013-05-10T00:00:00.000000,2542.37,2543.05,2507.98,2527.79,6024014400.0,0.0011312779776407776
2013-05-11T00:00:00.000000,2519.52,2546.94,2515.31,2540.84,4881672800.0,0.0014481729871389112
2013-05-14T00:00:00.000000,2542.41,2547.29,2516.73,2530.77,5409214800.0,0.0013687713887759216
2013-05-15T00:00:00.000000,2526.0,2526.0,2479.99,2493.34,5488006400.0,0.0013109410032600363
2013-05-16T00:00:00.000000,2493.97,2507.34,2491.93,2506.93,4418966000.0,0.0009944841917580226
2013-05-17T00:00:00.000000,2501.12,2553.03,2487.84,2552.71,7079618400.0,0.0019163192820240412
2013-05-18T00:00:00.000000,2550.45,2598.58,2547.79,2592.05,8185080000.0,0.0013009636020656994
2013-05-21T00:00:00.000000,2597.15,2627.45,2590.13,2609.61,8633780000.0,0.0013111271548519661
2013-05-22T00:00:00.000000,2607.39,2617.23,2594.25,2614.85,7150599200.0,0.0011376454579924184
2013-05-23T00:00:00.000000,2613.41,2629.94,2603.86,2618.03,7419181600.0,0.001238242375141343
2013-05-24T00:00:00.000000,2604.93,2623.83,2579.38,2582.85,8482536800.0,0.0015840906801660912
2013-05-25T00:00:00.000000,2591.42,2608.35,2572.92,2597.23,6073966800.0,0.0017940276400572456
2013-05-28T00:00:00.000000,2593.52,2611.85,2589.75,2599.59,6419508000.0,0.0010881439005156145
2013-05-29T00:00:00.000000,2600.63,2644.36,2585.94,2644.36,8419611200.0,0.001619464989235772
2013-05-30T00:00:00.000000,2648.93,2661.23,2641.26,2642.56,7927771200.0,0.001099945405260543
2013-05-31T00:00:00.000000,2633.95,2647.44,2623.88,2634.32,7014636800.0,0.00115589184360658
2013-06-01T00:00:00.000000,2638.71,2645.24,2605.06,2606.43,6252853200.0,0.0011553577828227978
2013-06-04T00:00:00.000000,2605.97,2625.92,2596.24,2602.62,5977446800.0,0.001049467496712619
2013-06-05T00:00:00.000000,2600.5,2600.5,2556.28,2565.67,6631575200.0,0.0014065867330888605
2013-06-06T00:00:00.000000,2565.33,2569.98,2545.5,2560.54,4563719200.0,0.0008582132904160945
2013-06-07T00:00:00.000000,2552.82,2557.57,2525.43,2527.84,5249652800.0,0.001092979532765356
2013-06-08T00:00:00.000000,2526.91,2538.89,2475.7,2484.16,6103089600.0,0.001502904310920648
2013-06-14T00:00:00.000000,2448.72,2448.72,2375.99,2399.94,6973006400.0,0.004171734126548071
2013-06-15T00:00:00.000000,2404.42,2420.21,2396.59,2416.77,5596453600.0,0.000935627158227355
2013-06-18T00:00:00.000000,2422.76,2427.51,2394.5,2403.84,5039571200.0,0.0014037272228516833
2013-06-19T00:00:00.000000,2413.09,2424.2,2393.92,2418.74,4863038000.0,0.00121600354080682
2013-06-20T00:00:00.000000,2408.28,2408.28,2366.6,2400.76,5434626000.0,0.002376225052286046
2013-06-21T00:00:00.000000,2386.1,2386.1,2320.23,2321.47,5520102000.0,0.0016977958546259236
2013-06-22T00:00:00.000000,2283.15,2332.62,2269.56,2317.39,5870580000.0,0.003733024700758674
2013-06-25T00:00:00.000000,2308.07,2308.07,2164.81,2171.21,8659725600.0,0.003677335468029729
2013-06-26T00:00:00.000000,2146.05,2169.08,2023.33,2165.42,10755488000.0,0.005978311723975836
2013-06-27T00:00:00.000000,2170.33,2180.68,2132.13,2168.3,7925642400.0,0.0029948837782166437
2013-06-28T00:00:00.000000,2172.85,2199.91,2153.28,2160.74,7540675200.0,0.0025558776317729137
2013-06-29T00:00:00.000000,2149.03,2227.42,2139.94,2200.64,7945132800.0,0.002913339960670181
2013-07-02T00:00:00.000000,2187.09,2213.53,2166.35,2213.32,5772622800.0,0.0019679748109542243
2013-07-03T00:00:00.000000,2211.8,2226.06,2191.84,2221.98,6183884800.0,0.0018143549538563498
2013-07-04T00:00:00.000000,2211.04,2211.04,2169.14,2203.83,6583602400.0,0.0022998054161596643
2013-07-05T00:00:00.000000,2187.18,2245.91,2176.24,2221.98,7258114400.0,0.0025281196246988258
2013-07-06T00:00:00.000000,2227.35,2251.92,2225.15,2226.85,6182177600.0,0.0019706475236201462
2013-07-09T00:00:00.000000,2194.42,2205.18,2162.19,2163.62,5478249200.0,0.0035426660057487516
2013-07-10T00:00:00.000000,2160.7,2174.53,2149.96,2162.67,4149443200.0,0.0016670000540955285
2013-07-11T00:00:00.000000,2163.1,2224.12,2157.47,2224.07,6114978000.0,0.00189402560232484
2013-07-12T00:00:00.000000,2232.16,2351.16,2232.16,2326.69,12579319200.0,0.002724283937318698
2013-07-13T00:00:00.000000,2319.02,2331.82,2274.07,2275.37,8973308000.0,0.0022590423758899977
2013-07-16T00:00:00.000000,2289.76,2335.99,2274.72,2307.3,7475788800.0,0.0029315190139124537
2013-07-17T00:00:00.000000,2300.83,2317.85,2282.01,2317.85,6562415600.0,0.0018588752180621105
2013-07-18T00:00:00.000000,2311.44,2326.91,2281.83,2282.84,6765524800.0,0.0023490332077276974
2013-07-19T00:00:00.000000,2272.95,2282.43,2241.98,2245.33,5714429200.0,0.001883389363498544
2013-07-20T00:00:00.000000,2248.13,2257.76,2188.76,2190.48,7053528000.0,0.0023121152090662496
2013-07-23T00:00:00.000000,2170.09,2202.99,2159.98,2202.19,5328349600.0,0.002430496129701058
2013-07-24T00:00:00.000000,2211.59,2276.41,2206.88,2265.84,7480972800.0,0.00250218639085412
2013-07-25T00:00:00.000000,2253.38,2264.92,2217.31,2249.15,6959230400.0,0.002123532017514831
2013-07-26T00:00:00.000000,2255.22,2268.61,2228.03,2237.68,6577431600.0,0.002406166998647375
2013-07-27T00:00:00.000000,2226.43,2238.33,2209.89,2224.01,4894109600.0,0.0018544656283765238
2013-07-30T00:00:00.000000,2205.08,2205.08,2169.03,2175.97,5460092400.0,0.0024687272940187
2013-07-31T00:00:00.000000,2184.01,2221.59,2163.26,2189.39,5519362400.0,0.0024372659278454637
2013-08-01T00:00:00.000000,2211.75,2235.31,2187.27,2193.02,4832705600.0,0.002683100748641765
2013-08-02T00:00:00.000000,2206.0,2245.39,2200.67,2245.36,6260399600.0,0.0019522010924052343
2013-08-03T00:00:00.000000,2263.49,2274.58,2244.27,2247.26,6089089200.0,0.0022401824940892303
2013-08-06T00:00:00.000000,2249.98,2278.33,2243.38,2278.33,5534215200.0,0.0012445413653186929
2013-08-07T00:00:00.000000,2270.67,2302.42,2256.87,2293.64,7374689600.0,0.0015763298071093924
2013-08-08T00:00:00.000000,2292.38,2313.88,2276.96,2280.62,7304869600.0,0.001647183730983062
2013-08-09T00:00:00.000000,2277.25,2297.45,2267.19,2276.78,5309843200.0,0.001485233111839938
2013-08-10T00:00:00.000000,2288.51,2301.3,2258.55,2286.01,6460001600.0,0.0020547128426720335
2013-08-13T00:00:00.000000,2296.22,2352.89,2293.27,2352.79,9786321600.0,0.0018337677867076491
2013-08-14T00:00:00.000000,2352.88,2360.62,2340.87,2359.07,7839363200.0,0.001129748200350226
2013-08-15T00:00:00.000000,2362.62,2386.37,2340.83,2349.08,7594212800.0,0.0014674260802047443
2013-08-16T00:00:00.000000,2348.84,2362.0,2319.98,2321.58,6195185200.0,0.001364467273972759
2013-08-17T00:00:00.000000,2314.26,2419.31,2295.09,2304.14,12036956000.0,0.005009698150277081
2013-08-20T00:00:00.000000,2286.2,2340.12,2284.56,2331.43,7248322400.0,0.0017882734378569926
2013-08-21T00:00:00.000000,2325.86,2352.98,2303.67,2312.47,7308634400.0,0.0018719371079526526
2013-08-22T00:00:00.000000,2320.58,2321.64,2291.12,2308.59,5500738400.0,0.0018580964429443761
2013-08-23T00:00:00.000000,2302.67,2329.09,2297.08,2303.93,5533810400.0,0.0014241460658620396
2013-08-24T00:00:00.000000,2314.87,2320.82,2252.3,2286.93,6896713600.0,0.002194042112936324
2013-08-27T00:00:00.000000,2294.76,2336.29,2288.57,2335.62,7037104000.0,0.0013213878702215763
2013-08-28T00:00:00.000000,2332.8,2345.05,2322.63,2340.88,6599033200.0,0.001308853842314263
2013-08-29T00:00:00.000000,2326.1,2345.19,2307.04,2328.06,8925617600.0,0.001973153825250577
2013-08-30T00:00:00.000000,2338.56,2342.06,2308.3,2318.31,6608541600.0,0.0014507282621279089
2013-08-31T00:00:00.000000,2315.91,2334.41,2303.65,2313.91,8765451200.0,0.0015661658596452137
2013-09-03T00:00:00.000000,2319.96,2329.69,2297.65,2320.34,7951024800.0,0.0015279231131290654
2013-09-04T00:00:00.000000,2326.23,2354.86,2321.64,2354.5,8055400800.0,0.001291783097054103
2013-09-05T00:00:00.000000,2352.54,2360.6,2345.51,2350.7,7872576000.0,0.0008120845920484157
2013-09-06T00:00:00.000000,2350.93,2351.17,2336.95,2341.74,6295138400.0,0.0009650389384447459
2013-09-07T00:00:00.000000,2336.77,2361.14,2336.13,2357.78,7334011200.0,0.0011939576785111325
2013-09-10T00:00:00.000000,2374.26,2449.06,2372.83,2440.61,14988963200.0,0.002184616616061653
2013-09-11T00:00:00.000000,2446.45,2475.19,2435.9,2474.89,15485600000.0,0.0014013410638339862
2013-09-12T00:00:00.000000,2483.79,2504.17,2471.69,2482.89,16691497600.0,0.001850363016360863
2013-09-13T00:00:00.000000,2480.47,2527.16,2469.83,2507.45,14517316800.0,0.0018403710660734268
2013-09-14T00:00:00.000000,2502.54,2515.57,2481.58,2488.9,11077504800.0,0.001601689908777709
2013-09-17T00:00:00.000000,2501.08,2503.62,2467.13,2478.39,10538328000.0,0.0014896980203130648
2013-09-18T00:00:00.000000,2480.81,2480.83,2426.46,2427.32,9945998400.0,0.0014795559792358907
2013-09-19T00:00:00.000000,2426.04,2439.35,2407.31,2432.51,7104076000.0,0.0013931164712981726
2013-09-24T00:00:00.000000,2441.52,2472.8,2439.99,2472.29,8012835200.0,0.0014036803598167133
2013-09-25T00:00:00.000000,2470.71,2470.71,2420.27,2443.89,9785301600.0,0.0017189737027869221
2013-09-26T00:00:00.000000,2440.84,2455.0,2423.51,2429.03,9051841600.0,0.0014871902646433428
2013-09-27T00:00:00.000000,2422.63,2422.63,2382.66,2384.44,8623676800.0,0.0016032798652118384
2013-09-28T00:00:00.000000,2382.22,2402.06,2379.94,2394.97,6597150800.0,0.0011430776018055253
2013-10-01T00:00:00.000000,2406.21,2414.95,2397.24,2409.04,5951399200.0,0.0012174010213522918
2013-10-09T00:00:00.000000,2406.42,2446.67,2392.58,2441.81,8478550400.0,0.00159901098039695
2013-10-10T00:00:00.000000,2432.94,2453.75,2425.0,2453.58,7627764800.0,0.0012432879068689292
2013-10-11T00:00:00.000000,2455.64,2455.74,2422.02,2429.32,9032970400.0,0.0014834710125863036
2013-10-12T00:00:00.000000,2442.36,2471.16,2439.67,2468.51,9338826400.0,0.0017437539285832997
2013-10-15T00:00:00.000000,2472.27,2483.03,2462.63,2472.54,10008130400.0,0.0009886591561129084
2013-10-16T00:00:00.000000,2475.32,2479.04,2449.74,2467.52,8917349600.0,0.0013009597995821537
2013-10-17T00:00:00.000000,2459.08,2459.08,2409.81,2421.37,8897983200.0,0.001654156971546298
2013-10-18T00:00:00.000000,2432.64,2440.67,2407.94,2413.33,7122247200.0,0.0014753559356309991
2013-10-19T00:00:00.000000,2415.12,2435.66,2410.6,2426.05,6029163200.0,0.0012110970692989832
2013-10-22T00:00:00.000000,2431.92,2472.7,2423.61,2471.32,8490979200.0,0.0014802489370024925
2013-10-23T00:00:00.000000,2470.25,2470.25,2439.86,2445.89,9070303200.0,0.001094476681230099
2013-10-24T00:00:00.000000,2451.56,2474.07,2412.51,2418.49,9154535200.0,0.0018702005436839772
2013-10-25T00:00:00.000000,2412.24,2422.94,2395.63,2400.51,6456082000.0,0.0019335686159427563
2013-10-26T00:00:00.000000,2400.52,2413.33,2354.24,2368.56,7707018400.0,0.001715326666737774
2013-10-29T00:00:00.000000,2372.57,2377.22,2351.93,2365.95,6287615200.0,0.001386863886351079
2013-10-30T00:00:00.000000,2369.22,2408.62,2328.05,2372.05,10673783200.0,0.0024656483581119762
2013-10-31T00:00:00.000000,2371.85,2407.85,2365.51,2407.47,9217812800.0,0.0017163096194086206
2013-11-01T00:00:00.000000,2398.39,2398.39,2370.24,2373.72,8273696000.0,0.001619793673986544
2013-11-02T00:00:00.000000,2373.96,2394.83,2365.15,2384.96,6305576000.0,0.0014071760917801469
2013-11-05T00:00:00.000000,2397.21,2404.49,2376.53,2380.45,5179846000.0,0.0014837708879340559
2013-11-06T00:00:00.000000,2366.88,2385.68,2344.03,2383.77,6208448800.0,0.001938845773194029
2013-11-07T00:00:00.000000,2371.32,2383.45,2353.55,2353.57,6377666400.0,0.0014853927436981162
2013-11-08T00:00:00.000000,2351.87,2356.67,2328.29,2340.55,5482174800.0,0.001549618794674736
2013-11-09T00:00:00.000000,2329.08,2342.59,2306.04,2307.95,5378850800.0,0.001466272308034728
2013-11-12T00:00:00.000000,2305.94,2325.11,2295.08,2315.89,4573945600.0,0.0012954281074536627
2013-11-13T00:00:00.000000,2319.36,2342.45,2316.71,2340.0,5268754400.0,0.0013203189994660943
2013-11-14T00:00:00.000000,2325.36,2325.36,2287.59,2288.12,5984883200.0,0.0018147702595107914
2013-11-15T00:00:00.000000,2291.27,2305.53,2279.02,2304.5,5731035600.0,0.0012391346497574209
2013-11-16T00:00:00.000000,2306.55,2377.09,2306.55,2350.73,8639176800.0,0.0017268615060555509
2013-11-19T00:00:00.000000,2367.88,2429.25,2361.33,2428.9,11003463200.0,0.0015829216306683573
2013-11-20T00:00:00.000000,2427.93,2427.93,2405.18,2412.16,7864829600.0,0.001285635290479417
2013-11-21T00:00:00.000000,2428.77,2435.09,2406.5,2424.85,7229180000.0,0.0014036661669007628
2013-11-22T00:00:00.000000,2412.45,2415.38,2382.88,2409.99,8770668000.0,0.001881651599331215
2013-11-23T00:00:00.000000,2415.29,2418.96,2393.69,2397.96,7500067200.0,0.0013177190447373804
2013-11-26T00:00:00.000000,2385.78,2418.85,2380.72,2388.63,6614473600.0,0.001515047747486251
2013-11-27T00:00:00.000000,2387.83,2398.93,2380.74,2387.42,5918586400.0,0.0011655405325883981
2013-11-28T00:00:00.000000,2386.36,2422.55,2384.11,2414.48,7529408800.0,0.0015721487532976927
2013-11-29T00:00:00.000000,2419.15,2460.56,2417.53,2439.53,9066040800.0,0.0011641551468045091
2013-11-30T00:00:00.000000,2442.68,2446.33,2432.46,2438.94,6180374400.0,0.0007749672601531188
2013-12-03T00:00:00.000000,2423.97,2464.74,2397.42,2418.79,11965512000.0,0.0027043385459075884
2013-12-04T00:00:00.000000,2410.69,2448.1,2406.66,2442.78,7445575200.0,0.0012093569108903213
2013-12-05T00:00:00.000000,2439.82,2486.38,2435.04,2475.14,10265023200.0,0.0013409418864138386
2013-12-06T00:00:00.000000,2476.45,2481.75,2460.76,2468.2,7770892800.0,0.001100317166553679
2013-12-07T00:00:00.000000,2463.04,2470.69,2445.79,2452.29,6611408800.0,0.000958198398258743
2013-12-10T00:00:00.000000,2460.03,2468.69,2446.02,2450.87,5716488400.0,0.0010567206886895318
2013-12-11T00:00:00.000000,2456.23,2466.66,2444.53,2453.32,6694142400.0,0.0010869757768195687
2013-12-12T00:00:00.000000,2440.5,2440.5,2400.74,2412.76,6807514400.0,0.0013995428191676705
2013-12-13T00:00:00.000000,2406.77,2423.22,2402.97,2410.01,5014772000.0,0.0008929100018395812
2013-12-14T00:00:00.000000,2388.66,2416.21,2386.41,2406.64,5150119600.0,0.0013648106745151056
2013-12-17T00:00:00.000000,2408.68,2412.48,2367.68,2367.92,6458167200.0,0.0012556023774822182
2013-12-18T00:00:00.000000,2369.26,2373.21,2351.18,2356.38,4848389200.0,0.0010258560966957245
2013-12-19T00:00:00.000000,2356.7,2368.56,2350.49,2357.23,4001520800.0,0.0009286304610630938
2013-12-20T00:00:00.000000,2366.2,2370.99,2331.34,2332.41,4809568000.0,0.0014535241757951574
2013-12-21T00:00:00.000000,2335.05,2338.84,2278.14,2278.14,6520420800.0,0.001733848116404963
2013-12-24T00:00:00.000000,2283.8,2295.76,2259.57,2284.6,4558028400.0,0.0015981799054900182
2013-12-25T00:00:00.000000,2291.13,2312.81,2270.24,2288.25,4559916800.0,0.001391455789386839
2013-12-26T00:00:00.000000,2291.75,2305.39,2281.78,2305.11,4400532800.0,0.001392361109139801
2013-12-27T00:00:00.000000,2299.97,2301.27,2264.07,2265.33,5149756400.0,0.0014661793716447043
2013-12-28T00:00:00.000000,2268.53,2315.03,2264.63,2303.48,5338915600.0,0.00139539782649957
2013-12-31T00:00:00.000000,2313.38,2316.61,2295.93,2299.46,4841430800.0,0.0010599070985800314
2014-01-01T00:00:00.000000,2289.01,2332.95,2287.46,2330.03,5663107200.0,0.001526544695749858
2014-01-03T00:00:00.000000,2323.43,2325.99,2310.71,2321.98,4519429200.0,0.0010453187121298912
2014-01-04T00:00:00.000000,2311.97,2314.53,2281.28,2290.78,5978264400.0,0.0013243811043594383
2014-01-07T00:00:00.000000,2286.37,2286.37,2229.36,2238.64,6630040400.0,0.002253822139285477
2014-01-08T00:00:00.000000,2222.31,2246.5,2218.89,2238.0,4375310000.0,0.001365242635131121
2014-01-09T00:00:00.000000,2240.64,2262.45,2228.65,2241.91,5134885600.0,0.0016313465441444837
2014-01-10T00:00:00.000000,2236.97,2258.76,2220.97,2222.22,5598704000.0,0.0012973098052300462
2014-01-11T00:00:00.000000,2216.52,2224.31,2200.31,2204.85,5416929200.0,0.0016458541581836975
2014-01-14T00:00:00.000000,2207.0,2221.95,2183.74,2193.68,5012277200.0,0.0012393999599699629
2014-01-15T00:00:00.000000,2192.84,2213.84,2180.07,2212.85,5404994800.0,0.0013618655307385662
2014-01-16T00:00:00.000000,2210.02,2215.7,2193.95,2208.94,4896239600.0,0.0010186783997755146
2014-01-17T00:00:00.000000,2209.45,2227.18,2201.56,2211.84,5229890400.0,0.0011998419688329287
2014-01-18T00:00:00.000000,2203.82,2205.93,2175.95,2178.49,5027315600.0,0.0013471230662290578
2014-01-21T00:00:00.000000,2173.65,2182.27,2156.58,2165.99,4056015200.0,0.0013769435829871092
2014-01-22T00:00:00.000000,2168.42,2197.79,2168.42,2187.41,4030624800.0,0.001339024264336403
2014-01-23T00:00:00.000000,2190.43,2244.13,2187.59,2243.8,7064137600.0,0.0014341091450540187
2014-01-24T00:00:00.000000,2242.24,2248.92,2228.15,2231.89,5634595200.0,0.0009546281715893682
2014-01-25T00:00:00.000000,2225.76,2257.29,2223.0,2245.68,6116767200.0,0.0011261651963879935
2014-01-28T00:00:00.000000,2233.01,2233.01,2211.93,2215.92,7034424800.0,0.0014778896762094582
2014-01-29T00:00:00.000000,2220.78,2232.85,2206.18,2219.86,5326912800.0,0.0012232009161523359
2014-01-30T00:00:00.000000,2225.71,2232.91,2219.98,2227.78,5022271600.0,0.0007573914113073477
2014-01-31T00:00:00.000000,2223.16,2223.16,2200.37,2202.45,4363230400.0,0.0009937417591901275
2014-02-08T00:00:00.000000,2187.34,2212.5,2177.39,2212.48,5045931600.0,0.0015505145541012612
2014-02-11T00:00:00.000000,2221.54,2270.14,2221.54,2267.53,8306571200.0,0.001427919223372407
2014-02-12T00:00:00.000000,2267.74,2296.05,2262.6,2285.56,9922983200.0,0.001609035041085393
2014-02-13T00:00:00.000000,2286.19,2294.17,2276.71,2291.25,7659216000.0,0.0010930661045855802
2014-02-14T00:00:00.000000,2288.45,2307.12,2278.3,2279.55,9621779200.0,0.001403617438673978
2014-02-15T00:00:00.000000,2278.4,2295.85,2274.85,2295.57,6708299600.0,0.0009239368859940263
2014-02-18T00:00:00.000000,2308.79,2315.38,2293.58,2311.65,8783166400.0,0.0010328388942426627
2014-02-19T00:00:00.000000,2310.31,2310.31,2276.17,2282.44,8704974400.0,0.001170589299224665
2014-02-20T00:00:00.000000,2280.93,2317.42,2274.24,2308.66,9935256000.0,0.001192714464547879
2014-02-21T00:00:00.000000,2314.09,2331.58,2286.35,2287.44,10643953600.0,0.001809773462851324
2014-02-22T00:00:00.000000,2284.03,2287.68,2250.75,2264.29,7636899200.0,0.0011411958585003364
2014-02-25T00:00:00.000000,2246.72,2246.72,2194.36,2214.51,8921593600.0,0.0026194451834955002
2014-02-26T00:00:00.000000,2216.51,2225.21,2150.27,2157.91,9323755200.0,0.0017110770615294695
2014-02-27T00:00:00.000000,2147.74,2164.49,2137.27,2163.41,7799329600.0,0.0017076609944528234
2014-02-28T00:00:00.000000,2170.81,2179.83,2150.15,2154.11,9010429600.0,0.0019081357133311043
2014-03-01T00:00:00.000000,2149.45,2180.41,2133.58,2178.97,7666805600.0,0.001931384900597692
2014-03-04T00:00:00.000000,2173.91,2194.2,2168.49,2190.37,8207231200.0,0.0011808286823603504
2014-03-05T00:00:00.000000,2183.86,2188.42,2161.96,2184.27,7306924800.0,0.001671189841727072
2014-03-06T00:00:00.000000,2187.35,2188.89,2159.59,2163.98,6133201600.0,0.0011946677418700976
2014-03-07T00:00:00.000000,2159.4,2181.24,2136.57,2173.63,6909376800.0,0.0019141677699638583
2014-03-08T00:00:00.000000,2170.04,2189.39,2161.44,2168.36,6426517600.0,0.00142185180995663
2014-03-11T00:00:00.000000,2149.68,2149.68,2095.07,2097.79,7141640800.0,0.0022159348386722785
2014-03-12T00:00:00.000000,2092.61,2118.76,2088.83,2108.66,5762124400.0,0.001615711600221371
2014-03-13T00:00:00.000000,2102.8,2130.59,2090.84,2114.13,7006974400.0,0.0020417176697854564
2014-03-14T00:00:00.000000,2119.55,2149.23,2115.99,2140.33,6922603200.0,0.001772225305507191
2014-03-15T00:00:00.000000,2129.87,2140.33,2109.61,2122.84,5861773600.0,0.001447373715652037
2014-03-18T00:00:00.000000,2132.79,2143.04,2119.12,2143.04,5240944400.0,0.0010123969793880492
2014-03-19T00:00:00.000000,2146.12,2152.4,2135.04,2138.13,5535413200.0,0.000987563924724951
2014-03-20T00:00:00.000000,2131.28,2131.28,2101.43,2120.87,5930390400.0,0.0013805891174687047
2014-03-21T00:00:00.000000,2116.19,2134.5,2086.74,2086.97,6763128800.0,0.0015634110382389782
2014-03-22T00:00:00.000000,2079.87,2163.12,2077.76,2158.8,10402480800.0,0.0023755281836295647
2014-03-25T00:00:00.000000,2161.9,2186.55,2150.91,2176.55,10449198400.0,0.001443210544100384
2014-03-26T00:00:00.000000,2170.78,2191.43,2164.75,2174.44,8687751200.0,0.0015720322192741818
2014-03-27T00:00:00.000000,2181.23,2186.08,2165.36,2171.05,5827617600.0,0.0010927512300091633
2014-03-28T00:00:00.000000,2168.34,2186.81,2146.97,2155.71,7127513600.0,0.0017099490279659513
2014-03-29T00:00:00.000000,2154.51,2172.55,2144.72,2151.97,7008607200.0,0.0015394412077939924
2014-04-01T00:00:00.000000,2156.05,2164.94,2134.96,2146.3,5545748800.0,0.0014821513164716639
2014-04-02T00:00:00.000000,2143.72,2169.88,2141.23,2163.11,4886640400.0,0.0013125757093415888
2014-04-03T00:00:00.000000,2166.07,2182.66,2164.06,2180.73,6503925600.0,0.00120468026031001
2014-04-04T00:00:00.000000,2188.64,2196.14,2160.76,2165.01,7153603200.0,0.0014391184595621324
2014-04-05T00:00:00.000000,2157.98,2185.76,2155.38,2185.47,4794588800.0,0.0011042131164313753
2014-04-09T00:00:00.000000,2179.92,2243.89,2179.03,2237.32,9721912000.0,0.0014932438363489031
2014-04-10T00:00:00.000000,2239.79,2246.65,2229.07,2238.62,6635726800.0,0.0009300067472477097
2014-04-11T00:00:00.000000,2241.45,2290.74,2229.59,2273.76,11454540000.0,0.001625844180742424
2014-04-12T00:00:00.000000,2269.56,2280.84,2261.27,2270.67,9061590400.0,0.0014234752738172484
2014-04-15T00:00:00.000000,2267.94,2275.82,2255.46,2268.61,6226500000.0,0.0009862810711719723
2014-04-16T00:00:00.000000,2261.41,2261.41,2225.82,2229.46,6821812800.0,0.0012911009538890306
2014-04-17T00:00:00.000000,2223.47,2245.27,2221.21,2232.53,5167800800.0,0.0012235744292094363
2014-04-18T00:00:00.000000,2238.78,2241.52,2222.01,2224.8,4833362800.0,0.0011795829940797868
2014-04-19T00:00:00.000000,2215.88,2228.77,2203.11,2224.48,5075800000.0,0.001666244177522702
2014-04-22T00:00:00.000000,2209.94,2231.6,2186.76,2187.25,5627828000.0,0.0012759764187800773
2014-04-23T00:00:00.000000,2184.02,2196.8,2165.22,2196.8,5709469600.0,0.0014185506141804862
2014-04-24T00:00:00.000000,2191.23,2205.4,2187.45,2194.67,4776353200.0,0.0010017149556145611
2014-04-25T00:00:00.000000,2192.77,2209.37,2186.76,2190.47,4505891200.0,0.001076501865043483
2014-04-26T00:00:00.000000,2195.81,2201.45,2167.64,2167.83,6024538400.0,0.0011096861889246805
2014-04-29T00:00:00.000000,2165.77,2170.42,2133.41,2134.97,6048518800.0,0.0014311624364147931
2014-04-30T00:00:00.000000,2134.41,2159.32,2132.4,2158.47,4820493200.0,0.0013920514542817035
2014-05-01T00:00:00.000000,2158.76,2164.17,2153.21,2158.66,4533462400.0,0.0007283075306023486
2014-05-06T00:00:00.000000,2152.59,2161.62,2131.53,2156.47,4934407200.0,0.001624332489556746
2014-05-07T00:00:00.000000,2151.39,2173.49,2150.18,2157.33,4808652000.0,0.0011740458494321254
2014-05-08T00:00:00.000000,2151.47,2153.72,2137.22,2137.32,4460747200.0,0.001195871789796069
2014-05-09T00:00:00.000000,2132.04,2168.16,2128.37,2135.5,4833244800.0,0.0014075876097921303
2014-05-10T00:00:00.000000,2138.84,2141.51,2120.62,2133.91,4918113600.0,0.001232174479659373
2014-05-13T00:00:00.000000,2150.31,2184.29,2139.63,2180.05,8347256000.0,0.001633812512518647
2014-05-14T00:00:00.000000,2180.06,2185.03,2167.86,2174.85,6491252000.0,0.0008697238384189527
2014-05-15T00:00:00.000000,2175.09,2184.13,2169.07,2172.37,4851420800.0,0.000880265880292743
2014-05-16T00:00:00.000000,2169.28,2171.38,2142.44,2144.08,4673403200.0,0.0008662292645099147
2014-05-17T00:00:00.000000,2143.93,2150.5,2132.24,2145.95,4225319600.0,0.0010195344130217204
2014-05-20T00:00:00.000000,2139.36,2139.36,2105.86,2115.14,4289360800.0,0.0015338440023803781
2014-05-21T00:00:00.000000,2124.71,2131.52,2110.87,2115.77,3729968400.0,0.0010346364385541745
2014-05-22T00:00:00.000000,2106.76,2136.06,2096.56,2135.91,3894604000.0,0.0017653499609186075
2014-05-23T00:00:00.000000,2134.09,2160.84,2128.88,2130.87,4625273600.0,0.0012588564712000911
2014-05-24T00:00:00.000000,2130.77,2148.47,2128.68,2148.41,3762310400.0,0.0008963289758460963
2014-05-27T00:00:00.000000,2161.89,2165.33,2147.45,2155.98,3955065600.0,0.0012278781513945897
2014-05-28T00:00:00.000000,2154.4,2159.85,2146.0,2147.28,3589717200.0,0.0006930973005411758
2014-05-29T00:00:00.000000,2147.47,2171.08,2142.09,2169.35,5005626000.0,0.0008620665035948716
2014-05-30T00:00:00.000000,2171.26,2177.9,2155.06,2155.16,4489156000.0,0.0007375523694840438
2014-05-31T00:00:00.000000,2156.38,2166.46,2146.24,2156.46,4392386400.0,0.0008798582567930115
2014-06-04T00:00:00.000000,2157.64,2168.87,2149.38,2149.92,4198295200.0,0.0008324088290652812
2014-06-05T00:00:00.000000,2149.41,2149.45,2117.36,2128.27,4181724800.0,0.0008496591011362215
2014-06-06T00:00:00.000000,2126.61,2150.9,2123.63,2150.6,3647742400.0,0.0009275993900026859
2014-06-07T00:00:00.000000,2149.21,2149.36,2124.12,2134.72,3573806000.0,0.0011619918154432576
2014-06-10T00:00:00.000000,2128.22,2153.72,2126.67,2134.28,3931106000.0,0.0012545763088818987
2014-06-11T00:00:00.000000,2138.67,2161.42,2132.45,2161.27,5050790400.0,0.001271587144743223
2014-06-12T00:00:00.000000,2156.15,2163.44,2152.11,2160.77,4256372000.0,0.000721241917511114
2014-06-13T00:00:00.000000,2156.76,2160.84,2148.44,2153.41,4302584400.0,0.000690969570110863
2014-06-14T00:00:00.000000,2150.99,2183.5,2150.71,2176.24,5925288000.0,0.0009175361226926217
2014-06-17T00:00:00.000000,2176.44,2196.34,2174.28,2191.86,6329687600.0,0.0008645732333282846
2014-06-18T00:00:00.000000,2185.68,2185.68,2168.49,2169.67,4993366400.0,0.0009209128775361388
2014-06-19T00:00:00.000000,2169.25,2172.55,2158.59,2160.24,4946389600.0,0.0004781410949004197
2014-06-20T00:00:00.000000,2161.43,2166.37,2119.73,2126.91,5316264400.0,0.001023261829566474
2014-06-21T00:00:00.000000,2124.96,2136.82,2120.82,2136.73,4239372000.0,0.0009557940252594966
2014-06-24T00:00:00.000000,2137.93,2146.98,2132.71,2134.11,4117925600.0,0.0007153098123127307
2014-06-25T00:00:00.000000,2131.69,2145.21,2130.41,2144.82,4016435600.0,0.0007071695281395677
2014-06-26T00:00:00.000000,2141.73,2141.73,2126.03,2133.37,3766610000.0,0.0008363429423484902
2014-06-27T00:00:00.000000,2135.16,2151.01,2134.89,2149.08,4435116800.0,0.0007693983938956276
2014-06-28T00:00:00.000000,2146.37,2159.48,2139.5,2150.26,5272289600.0,0.0007683147514268932
2014-07-01T00:00:00.000000,2152.31,2168.22,2152.31,2165.12,5430418800.0,0.0008667126062281374
2014-07-02T00:00:00.000000,2169.2,2170.76,2157.16,2164.56,5332310000.0,0.0006773563954937672
2014-07-03T00:00:00.000000,2164.0,2171.51,2155.8,2170.87,5968550000.0,0.0007166741529116271
2014-07-04T00:00:00.000000,2169.0,2184.89,2164.97,2180.19,6369068800.0,0.0007425707655885227
2014-07-05T00:00:00.000000,2180.44,2183.77,2174.07,2178.7,5285110400.0,0.0006221697076694005
2014-07-08T00:00:00.000000,2178.55,2186.0,2171.09,2176.29,5024233600.0,0.0006402265376952591
2014-07-09T00:00:00.000000,2174.83,2180.78,2163.42,2180.47,5074360000.0,0.0006572687280532814
2014-07-10T00:00:00.000000,2178.14,2178.44,2148.39,2148.71,6202204800.0,0.0009487291090822168
2014-07-11T00:00:00.000000,2146.6,2151.74,2139.67,2142.85,5573249600.0,0.0006190882811687176
2014-07-12T00:00:00.000000,2136.32,2154.66,2134.81,2148.01,6137427200.0,0.0008454077282009203
2014-07-15T00:00:00.000000,2149.54,2171.87,2145.45,2171.76,6615886400.0,0.0006840291756600422
2014-07-16T00:00:00.000000,2170.09,2176.12,2165.21,2174.98,7181569600.0,0.0005714903475509417
2014-07-17T00:00:00.000000,2172.82,2183.08,2166.8,2170.87,8156023200.0,0.0008388107748883367
2014-07-18T00:00:00.000000,2166.83,2166.83,2147.12,2157.07,5945356800.0,0.0008806619988990852
2014-07-19T00:00:00.000000,2147.66,2176.21,2145.46,2164.14,6547329600.0,0.0010062800716289185
2014-07-22T00:00:00.000000,2164.22,2171.94,2159.35,2166.3,5417226000.0,0.0006010593730787422
2014-07-23T00:00:00.000000,2162.44,2197.55,2162.27,2192.7,7854258400.0,0.0009335595077525698
2014-07-24T00:00:00.000000,2191.39,2210.19,2190.66,2197.83,8421387200.0,0.0008476101900039604
2014-07-25T00:00:00.000000,2199.83,2239.81,2199.83,2237.01,11943553600.0,0.0015056097348711166
2014-07-26T00:00:00.000000,2243.07,2260.66,2239.1,2260.45,9897284000.0,0.0010052776159357902
2014-07-29T00:00:00.000000,2272.38,2331.26,2272.38,2323.9,17986932800.0,0.0022397782315557186
2014-07-30T00:00:00.000000,2326.04,2342.77,2316.29,2331.37,13426964800.0,0.001200268525072441
2014-07-31T00:00:00.000000,2324.69,2338.8,2316.1,2322.01,12302283200.0,0.0010940752249888402
2014-08-01T00:00:00.000000,2321.97,2350.55,2316.58,2350.25,11098776800.0,0.0010259750502350274
2014-08-02T00:00:00.000000,2341.23,2371.47,2328.97,2329.4,12631739200.0,0.0018187339155256775
2014-08-05T00:00:00.000000,2336.63,2375.62,2332.29,2375.62,11671375200.0,0.0015694949973523997
2014-08-06T00:00:00.000000,2376.8,2380.6,2353.86,2369.35,11186179200.0,0.0012785868527732508
2014-08-07T00:00:00.000000,2358.21,2371.64,2334.5,2363.22,11634183200.0,0.0016389917173032305
2014-08-08T00:00:00.000000,2363.61,2369.2,2326.32,2327.46,11672920800.0,0.0014747444748694878
2014-08-09T00:00:00.000000,2329.18,2339.13,2319.33,2331.13,8673969600.0,0.0010682708611553582
2014-08-12T00:00:00.000000,2338.01,2366.87,2337.11,2365.35,9160116800.0,0.001151985972071399
2014-08-13T00:00:00.000000,2361.17,2361.17,2344.98,2357.05,9182260800.0,0.0009149730175166781
2014-08-14T00:00:00.000000,2358.46,2370.51,2335.84,2358.9,11044779200.0,0.001396165793538442
2014-08-15T00:00:00.000000,2357.2,2363.03,2334.08,2335.95,9796949600.0,0.0011058039740153432
2014-08-16T00:00:00.000000,2337.99,2366.9,2333.12,2360.64,9359254400.0,0.0010882049747057484
2014-08-19T00:00:00.000000,2366.27,2379.76,2361.28,2374.56,10450955200.0,0.001116724262685172
2014-08-20T00:00:00.000000,2378.89,2379.47,2359.04,2374.77,11585001600.0,0.0009253518997522713
2014-08-21T00:00:00.000000,2371.65,2375.37,2360.95,2366.14,10128808800.0,0.0009351911836759512
2014-08-22T00:00:00.000000,2365.73,2367.21,2333.56,2354.24,10069020800.0,0.0010794444404000091
2014-08-23T00:00:00.000000,2352.32,2368.45,2351.01,2365.36,8982393600.0,0.0008169042826616895
2014-08-26T00:00:00.000000,2367.02,2367.61,2338.48,2342.86,9737372000.0,0.0010078067972269806
2014-08-27T00:00:00.000000,2339.6,2350.11,2317.25,2324.09,9384422400.0,0.0011471285750006928
2014-08-28T00:00:00.000000,2323.79,2336.69,2322.98,2327.59,6767622400.0,0.0007002056222149151
2014-08-29T00:00:00.000000,2328.06,2336.33,2309.64,2311.28,7049065600.0,0.0009390550339576384
2014-08-30T00:00:00.000000,2317.3,2338.77,2313.26,2338.29,6321142400.0,0.0008218356132597408
2014-09-02T00:00:00.000000,2340.92,2355.53,2338.66,2355.32,7732087200.0,0.0007633184110829309
2014-09-03T00:00:00.000000,2359.86,2387.58,2350.01,2386.46,11443673600.0,0.0007803636623819802
2014-09-04T00:00:00.000000,2389.69,2414.05,2389.68,2408.84,12973420800.0,0.0011885470319277168
2014-09-05T00:00:00.000000,2411.93,2427.08,2404.18,2426.22,11127229600.0,0.0008054433048562157
2014-09-06T00:00:00.000000,2433.17,2450.57,2427.99,2449.26,13355176000.0,0.001119308077364963
2014-09-10T00:00:00.000000,2452.23,2454.85,2437.22,2445.22,11819434400.0,0.0009394568803048332
2014-09-11T00:00:00.000000,2435.59,2437.01,2422.88,2432.43,10917552000.0,0.0011881416504443438
2014-09-12T00:00:00.000000,2430.68,2461.47,2417.42,2423.45,13298258400.0,0.0014570567872955642
2014-09-13T00:00:00.000000,2418.75,2438.36,2412.62,2438.36,10916016800.0,0.0009359820285107105
2014-09-16T00:00:00.000000,2433.0,2439.1,2419.05,2437.19,12224716000.0,0.0010041099482954532
2014-09-17T00:00:00.000000,2440.34,2442.92,2387.11,2388.76,18674278400.0,0.0017699639405175335
2014-09-18T00:00:00.000000,2395.36,2405.37,2379.16,2401.33,12526902400.0,0.001383424267462909
2014-09-19T00:00:00.000000,2396.38,2414.81,2389.91,2408.66,11592637600.0,0.0012417503274809235
2014-09-20T00:00:00.000000,2409.31,2429.92,2402.34,2425.21,10181357600.0,0.0010670422652667621
2014-09-23T00:00:00.000000,2419.33,2419.33,2374.14,2378.92,10224087200.0,0.0015176485612705551
2014-09-24T00:00:00.000000,2379.52,2402.27,2379.52,2399.46,8403334400.0,0.0011083263299443823
2014-09-25T00:00:00.000000,2391.42,2443.73,2387.26,2441.86,14271353600.0,0.0012326144422354426
2014-09-26T00:00:00.000000,2453.42,2462.59,2429.81,2436.97,13866188800.0,0.0015763021071825323
2014-09-27T00:00:00.000000,2430.81,2439.62,2420.51,2437.2,10029949600.0,0.0010858529585752467
2014-09-30T00:00:00.000000,2443.91,2453.67,2435.75,2447.8,12340169600.0,0.0010364271006930497
2014-10-01T00:00:00.000000,2452.17,2454.89,2444.2,2450.99,11580423200.0,0.0007257931094417061
2014-10-09T00:00:00.000000,2460.87,2478.38,2445.27,2478.38,12195360000.0,0.0009553657702027212
2014-10-10T00:00:00.000000,2480.2,2488.08,2461.35,2481.95,13792392000.0,0.0010781032306201486
2014-10-11T00:00:00.000000,2472.1,2482.04,2457.86,2466.79,14763430400.0,0.0012366395817712285
2014-10-14T00:00:00.000000,2457.41,2460.23,2430.55,2454.95,13159336000.0,0.0013891380811795005
2014-10-15T00:00:00.000000,2451.09,2467.85,2436.44,2446.56,12739370400.0,0.0009063480522468294
2014-10-16T00:00:00.000000,2444.54,2465.35,2431.24,2463.87,13580188800.0,0.0011504010528548955
2014-10-17T00:00:00.000000,2448.97,2480.21,2441.94,2444.39,15816660800.0,0.0015703670981726183
2014-10-18T00:00:00.000000,2443.22,2456.04,2410.7,2441.73,13275998400.0,0.0015909817029182817
2014-10-21T00:00:00.000000,2448.45,2456.58,2441.97,2454.71,9143540000.0,0.0009687686045227541
2014-10-22T00:00:00.000000,2453.41,2459.02,2432.62,2433.39,9624191200.0,0.001081225218066803
2014-10-23T00:00:00.000000,2434.89,2447.44,2417.56,2418.64,8865619200.0,0.0010240773929791052
2014-10-24T00:00:00.000000,2415.44,2424.53,2392.77,2395.94,10349184000.0,0.0012849328068375604
2014-10-25T00:00:00.000000,2397.85,2404.93,2385.73,2390.71,7497487200.0,0.000993051377947566
2014-10-28T00:00:00.000000,2377.54,2377.54,2361.85,2368.83,7386244800.0,0.001635057436453939
2014-10-29T00:00:00.000000,2373.15,2416.74,2373.15,2416.65,10152305600.0,0.001013275506689916
2014-10-30T00:00:00.000000,2423.81,2461.07,2415.75,2451.38,15858406400.0,0.0013095139434653761
2014-10-31T00:00:00.000000,2450.36,2474.3,2443.91,2468.93,18962635200.0,0.0014361405087509084
2014-11-01T00:00:00.000000,2473.5,2511.99,2466.5,2508.32,23917241600.0,0.0017832031078144166
2014-11-04T00:00:00.000000,2515.82,2524.17,2502.32,2512.55,20580123200.0,0.001345679826054829
2014-11-05T00:00:00.000000,2511.04,2517.41,2498.74,2513.17,21824700800.0,0.001229760920607034
2014-11-06T00:00:00.000000,2516.87,2519.37,2499.35,2503.45,19049185600.0,0.001187933504219372
2014-11-07T00:00:00.000000,2505.17,2510.94,2483.12,2506.07,14965112000.0,0.001066889749709749
2014-11-08T00:00:00.000000,2508.77,2541.55,2489.58,2502.15,20876091200.0,0.0017788796930540147
2014-11-11T00:00:00.000000,2529.83,2565.73,2514.83,2565.73,22659972800.0,0.0020113786523561464
2014-11-12T00:00:00.000000,2578.44,2602.37,2532.58,2558.61,32371164800.0,0.0031158921470876852
2014-11-13T00:00:00.000000,2545.4,2594.32,2540.24,2594.32,18468625600.0,0.0015333144004649592
2014-11-14T00:00:00.000000,2598.18,2607.41,2567.46,2579.75,21837417300.0,0.0018499356941927038
2014-11-15T00:00:00.000000,2569.21,2581.49,2557.84,2581.09,16504996800.0,0.0015713725349308194
2014-11-18T00:00:00.000000,2613.51,2614.0,2566.01,2567.1,15847809600.0,0.001578871351221743
2014-11-19T00:00:00.000000,2564.32,2569.99,2534.93,2541.42,14200900400.0,0.0013184881619812763
2014-11-20T00:00:00.000000,2538.23,2550.5,2531.32,2537.22,12214697600.0,0.0008975024405938468
2014-11-21T00:00:00.000000,2528.78,2545.26,2522.84,2537.1,10614990400.0,0.0009373277429058943
2014-11-22T00:00:00.000000,2537.54,2585.36,2530.05,2583.45,15102814400.0,0.001375737905149444
2014-11-25T00:00:00.000000,2614.16,2667.55,2602.94,2649.26,27983971200.0,0.0019202550843504267
2014-11-26T00:00:00.000000,2650.08,2685.67,2643.86,2685.56,22261169600.0,0.0011384381315569366
2014-11-27T00:00:00.000000,2695.26,2723.36,2690.57,2723.02,24396248000.0,0.0017955007043747705
2014-11-28T00:00:00.000000,2737.03,2754.49,2719.47,2754.49,26546473600.0,0.0017937191092216415
2014-11-29T00:00:00.000000,2753.92,2809.52,2740.39,2808.82,37532364800.0,0.002231559165394438
2014-12-02T00:00:00.000000,2828.51,2854.98,2808.65,2819.81,36041335600.0,0.0027114230857786135
2014-12-03T00:00:00.000000,2807.34,2944.27,2804.88,2923.94,36146531200.0,0.002814627874169794
2014-12-04T00:00:00.000000,2936.12,3027.7,2912.25,2967.55,46615667200.0,0.004833967995758341
2014-12-05T00:00:00.000000,2975.4,3104.89,2968.88,3104.35,42681292800.0,0.002925024071372192
2014-12-06T00:00:00.000000,3143.97,3195.69,3012.34,3124.89,52488124800.0,0.007358482770786805
2014-12-09T00:00:00.000000,3108.27,3270.57,3076.92,3252.88,48446233600.0,0.00372628318909901
2014-12-10T00:00:00.000000,3233.1,3387.54,3074.61,3106.91,63287456000.0,0.007544971332387171
2014-12-11T00:00:00.000000,3120.21,3228.73,3058.49,3221.55,42501872000.0,0.005179940887594279
2014-12-12T00:00:00.000000,3185.16,3254.35,3158.83,3183.01,36709168000.0,0.004113113216054301
2014-12-13T00:00:00.000000,3182.92,3238.97,3167.93,3193.23,30106531200.0,0.0027077363605112954
2014-12-16T00:00:00.000000,3172.64,3225.99,3143.85,3217.23,28766518400.0,0.002617463899989152
2014-12-17T00:00:00.000000,3221.36,3303.4,3207.95,3303.4,35812384000.0,0.002715076120294009
2014-12-18T00:00:00.000000,3325.82,3368.02,3276.04,3360.6,44814076800.0,0.003922878813226719
2014-12-19T00:00:00.000000,3359.09,3393.48,3322.39,3345.93,35597020800.0,0.00322301913784051
2014-12-20T00:00:00.000000,3345.3,3396.86,3281.01,3383.17,40891297900.0,0.003355860546451206
2014-12-23T00:00:00.000000,3396.25,3455.16,3357.95,3394.48,54980166400.0,0.004653792216717789
2014-12-24T00:00:00.000000,3352.06,3431.61,3316.91,3324.92,36601419600.0,0.003957035310529846
2014-12-25T00:00:00.000000,3336.57,3340.07,3188.73,3230.39,31544823600.0,0.0037478263614631815
2014-12-26T00:00:00.000000,3257.85,3335.78,3226.59,3335.42,30804218700.0,0.003146907233925027
2014-12-27T00:00:00.000000,3343.64,3453.34,3335.26,3445.84,38461411200.0,0.002752623869715848
2014-12-30T00:00:00.000000,3502.18,3524.16,3406.38,3455.45,42501504000.0,0.004429383025091159
2014-12-31T00:00:00.000000,3450.81,3491.5,3422.2,3457.55,32823388800.0,0.0039629405507573615
2015-01-01T00:00:00.000000,3462.39,3542.34,3452.83,3533.7,34593475200.0,0.002294827741962287
2015-01-06T00:00:00.000000,3566.09,3669.01,3552.07,3641.54,45119811200.0,0.0028735659551971907
2015-01-07T00:00:00.000000,3605.04,3683.23,3587.23,3641.06,41705922300.0,0.0036223880052846202
2015-01-08T00:00:00.000000,3620.92,3670.66,3601.7,3643.79,32019123200.0,0.002680837088969353
2015-01-09T00:00:00.000000,3650.07,3659.64,3552.12,3559.26,29500304000.0,0.002954808059258199
2015-01-10T00:00:00.000000,3544.25,3689.49,3536.39,3546.72,34815552300.0,0.003704214658966182
2015-01-13T00:00:00.000000,3531.51,3560.53,3461.75,3513.58,26656716800.0,0.0037282646914408133
2015-01-14T00:00:00.000000,3506.45,3550.16,3494.98,3514.04,18715396800.0,0.0019992348855507156
2015-01-15T00:00:00.000000,3522.91,3546.8,3471.66,3502.42,19601249600.0,0.0018828774491951035
2015-01-16T00:00:00.000000,3501.72,3604.12,3482.63,3604.12,23781230400.0,0.0023779210083482716
2015-01-17T00:00:00.000000,3615.33,3662.05,3601.49,3635.15,28028133000.0,0.002212149821471909
2015-01-20T00:00:00.000000,3414.01,3497.07,3330.98,3355.16,32950528000.0,0.007958730323499606
2015-01-21T00:00:00.000000,3336.79,3419.12,3325.68,3396.22,29784320000.0,0.00334216878953261
2015-01-22T00:00:00.000000,3420.97,3557.61,3409.43,3548.89,33615020400.0,0.0026390812069375827
2015-01-23T00:00:00.000000,3551.05,3576.68,3520.18,3567.61,26885360000.0,0.0022178401213447975
2015-01-24T00:00:00.000000,3582.09,3627.65,3548.82,3571.73,28017216000.0,0.0027435954603182203
2015-01-27T00:00:00.000000,3579.59,3611.42,3559.93,3607.99,23752484100.0,0.0019160027628596968
2015-01-28T00:00:00.000000,3614.04,3616.03,3510.12,3574.93,28766918400.0,0.0026700764397593504
2015-01-29T00:00:00.000000,3547.24,3582.93,3512.48,3525.32,21622020800.0,0.0025200134052672796
2015-01-30T00:00:00.000000,3472.77,3505.58,3454.18,3481.8,20941092700.0,0.0024020415534356087
2015-01-31T00:00:00.000000,3496.88,3513.97,3432.01,3434.39,19647915200.0,0.002543623405760849
2015-02-03T00:00:00.000000,3360.19,3406.87,3347.09,3353.96,19518369600.0,0.003369405060831544
2015-02-04T00:00:00.000000,3388.6,3441.52,3360.82,3437.45,19284609600.0,0.002408782864670835
2015-02-05T00:00:00.000000,3446.14,3476.69,3399.57,3401.77,19130435200.0,0.0018838260172158918
2015-02-06T00:00:00.000000,3487.95,3487.95,3366.86,3366.95,25043060800.0,0.003847119342848798
2015-02-07T00:00:00.000000,3352.33,3373.95,3286.04,3312.42,19266419200.0,0.002499301984146151
2015-02-10T00:00:00.000000,3305.73,3376.37,3298.77,3345.92,17235382400.0,0.0024489084599106704
2015-02-11T00:00:00.000000,3345.08,3407.18,3339.88,3406.94,15930910400.0,0.0019303787227177857
2015-02-12T00:00:00.000000,3415.98,3445.66,3412.49,3434.12,14461377600.0,0.0014304772265729979
2015-02-13T00:00:00.000000,3435.36,3453.43,3405.69,3442.87,15608169600.0,0.0012555846446045274
2015-02-14T00:00:00.000000,3459.91,3509.5,3452.08,3469.83,19968014800.0,0.0017841242661770559
2015-02-17T00:00:00.000000,3473.29,3504.25,3466.72,3499.48,16564134400.0,0.000967856768809246
2015-02-18T00:00:00.000000,3511.54,3536.71,3511.54,3522.32,16532832000.0,0.001243662699600332
2015-02-26T00:00:00.000000,3527.94,3528.26,3463.95,3478.73,16399077200.0,0.0015369726557657557
2015-02-27T00:00:00.000000,3471.66,3569.13,3456.87,3566.3,22882285100.0,0.0017907844307105338
2015-02-28T00:00:00.000000,3564.11,3594.53,3560.65,3572.84,22105266500.0,0.001441103429379241
2015-03-03T00:00:00.000000,3603.45,3608.54,3566.84,3601.26,24817612800.0,0.0016109984409828396
2015-03-04T00:00:00.000000,3579.32,3579.32,3504.26,3507.9,26186649600.0,0.0019896088022126777
2015-03-05T00:00:00.000000,3514.67,3540.91,3497.35,3530.82,19966398400.0,0.00162275568558971
2015-03-06T00:00:00.000000,3512.39,3517.05,3467.73,3496.34,21605260200.0,0.001958425312211776
2015-03-07T00:00:00.000000,3501.18,3516.24,3472.55,3478.52,18151804800.0,0.0014076100867779914
2015-03-10T00:00:00.000000,3449.7,3546.71,3417.5,3537.75,23394041600.0,0.0029552860529432796
2015-03-11T00:00:00.000000,3523.64,3551.04,3512.13,3520.61,19426766400.0,0.0014165418291591093
2015-03-12T00:00:00.000000,3524.57,3568.55,3512.22,3524.65,18894782400.0,0.001680907516068518
2015-03-13T00:00:00.000000,3561.06,3603.09,3536.67,3592.84,26388804600.0,0.0019829637812752775
2015-03-14T00:00:00.000000,3604.53,3641.05,3594.88,3617.66,24509142600.0,0.0015429988785575048
2015-03-17T00:00:00.000000,3641.77,3705.67,3621.17,3705.67,27543830400.0,0.0014890132543174683
2015-03-18T00:00:00.000000,3737.1,3762.43,3716.88,3757.12,36867348100.0,0.0018330389581740936
2015-03-19T00:00:00.000000,3769.09,3846.06,3764.17,3846.05,41519001600.0,0.0017443224924850393
2015-03-20T00:00:00.000000,3851.25,3859.13,3810.1,3839.74,39154761600.0,0.002022401123229378
2015-03-21T00:00:00.000000,3852.49,3916.86,3832.75,3892.57,40181753600.0,0.002323841549070766
2015-03-24T00:00:00.000000,3928.07,3972.29,3922.39,3972.06,38769057900.0,0.002294883474446828
2015-03-25T00:00:00.000000,3977.81,3989.86,3883.82,3973.05,46551110300.0,0.002776291417164926
2015-03-26T00:00:00.000000,3958.02,3980.12,3914.09,3940.41,37662679400.0,0.002234838503439349
2015-03-27T00:00:00.000000,3921.75,3991.91,3892.88,3950.0,34675632000.0,0.003032561384108046
2015-03-28T00:00:00.000000,3957.54,3992.83,3933.17,3971.7,29875606400.0,0.001790950165167302
2015-03-31T00:00:00.000000,3999.02,4101.65,3999.02,4088.18,42829702400.0,0.0019083709341349824
2015-04-01T00:00:00.000000,4142.24,4166.02,4037.77,4051.2,43108594500.0,0.003452375797131057
2015-04-02T00:00:00.000000,4057.5,4139.36,4047.07,4123.9,32951286400.0,0.0019628647244997327
2015-04-03T00:00:00.000000,4149.81,4156.84,4069.01,4124.78,33652862600.0,0.0020441770763533853
2015-04-04T00:00:00.000000,4104.67,4170.54,4092.68,4170.54,32130377600.0,0.0019076275876456134
2015-04-08T00:00:00.000000,4214.93,4260.47,4197.37,4260.04,41132404100.0,0.002002170675044137
2015-04-09T00:00:00.000000,4277.45,4304.64,4205.08,4295.8,45867670400.0,0.0031214394672006867
2015-04-10T00:00:00.000000,4316.96,4331.93,4213.03,4262.14,43969990400.0,0.0036744782409737758
2015-04-11T00:00:00.000000,4249.38,4351.64,4231.73,4344.42,34819017600.0,0.0017499952450642858
2015-04-14T00:00:00.000000,4394.05,4431.77,4362.1,4421.07,43415302400.0,0.0022901369671650532
2015-04-15T00:00:00.000000,4432.13,4474.21,4386.01,4438.18,43443212800.0,0.002723129129030853
2015-04-16T00:00:00.000000,4438.09,4475.88,4379.61,4380.51,46867175700.0,0.002840008674986407
2015-04-17T00:00:00.000000,4355.49,4513.55,4336.9,4513.55,42260374400.0,0.0026386004540878316
2015-04-18T00:00:00.000000,4578.68,4630.03,4553.99,4596.14,55280268800.0,0.0033028694067332907
2015-04-21T00:00:00.000000,4608.63,4670.85,4492.86,4521.92,67495504300.0,0.004359955237920625
2015-04-22T00:00:00.000000,4520.37,4619.83,4504.97,4619.16,48558087900.0,0.002813267303223235
2015-04-23T00:00:00.000000,4637.05,4740.93,4632.8,4739.81,51621379200.0,0.002187774926420078
2015-04-24T00:00:00.000000,4763.12,4781.68,4694.4,4740.89,49201646900.0,0.0031005309745716202
2015-04-25T00:00:00.000000,4682.63,4730.38,4618.47,4702.64,48015292800.0,0.002898044613030032
2015-04-28T00:00:00.000000,4759.07,4810.48,4735.48,4807.59,50878751800.0,0.002854518502782649
2015-04-29T00:00:00.000000,4811.32,4838.64,4703.72,4741.86,60863852800.0,0.0036180526916465856
2015-04-30T00:00:00.000000,4715.64,4797.93,4696.4,4774.33,39057014200.0,0.0023181490361197923
2015-05-01T00:00:00.000000,4788.41,4818.38,4749.48,4749.89,39972745600.0,0.002087315591207659
2015-05-05T00:00:00.000000,4756.2,4795.82,4699.4,4787.74,37411332700.0,0.0026222843402929313
2015-05-06T00:00:00.000000,4785.19,4785.19,4573.39,4596.84,46041961600.0,0.0027762436188698996
2015-05-07T00:00:00.000000,4626.23,4700.65,4512.11,4553.33,37607369600.0,0.0032743393656471742
2015-05-08T00:00:00.000000,4520.82,4546.22,4467.46,4470.09,29775920000.0,0.002737793244733298
2015-05-09T00:00:00.000000,4515.55,4559.06,4445.97,4558.4,30240800000.0,0.002889729278593662
2015-05-12T00:00:00.000000,4580.7,4690.81,4535.38,4690.53,36865070100.0,0.0020785066650451565
2015-05-13T00:00:00.000000,4692.12,4748.0,4660.21,4747.42,37705388800.0,0.0024797420286486417
2015-05-14T00:00:00.000000,4746.71,4757.64,4679.0,4718.44,37073043200.0,0.002342913281647328
2015-05-15T00:00:00.000000,4717.96,4735.05,4670.4,4700.78,33772518400.0,0.0020317835618908365
2015-05-16T00:00:00.000000,4685.94,4685.94,4592.09,4617.47,32502618600.0,0.002576926832510342
2015-05-19T00:00:00.000000,4580.67,4623.34,4565.06,4575.14,26688666800.0,0.0019561035937685073
2015-05-20T00:00:00.000000,4578.38,4739.68,4578.38,4731.22,31336237600.0,0.002116233432877356
2015-05-21T00:00:00.000000,4751.57,4842.78,4745.44,4754.92,36318073600.0,0.0024554975749900626
2015-05-22T00:00:00.000000,4768.69,4841.61,4746.32,4840.98,30505452800.0,0.0021297112029444775
2015-05-23T00:00:00.000000,4895.92,4951.99,4870.77,4951.34,45584668800.0,0.002727177017439378
2015-05-26T00:00:00.000000,4950.98,5099.84,4950.53,5099.49,46157834300.0,0.0021093835784400453
2015-05-27T00:00:00.000000,5143.38,5199.1,5063.41,5198.92,48389325800.0,0.0026793215680357076
2015-05-28T00:00:00.000000,5216.17,5226.72,5127.3,5181.43,47079872000.0,0.0026951465924374275
2015-05-29T00:00:00.000000,5174.1,5212.75,4831.33,4834.01,57182905600.0,0.004557210705215987
2015-05-30T00:00:00.000000,4846.22,4924.13,4667.44,4840.83,42350236000.0,0.007205663421285257
2015-06-02T00:00:00.000000,4860.02,5079.23,4835.77,5076.18,41337885500.0,0.0022661575308950016
2015-06-03T00:00:00.000000,5087.75,5162.56,5047.3,5161.87,40928809200.0,0.0029492810371612925
2015-06-04T00:00:00.000000,5176.6,5186.97,5059.49,5143.59,41425827200.0,0.003602552572968182
2015-06-05T00:00:00.000000,5156.25,5193.72,4864.21,5181.42,48023930700.0,0.006671585075473695
2015-06-06T00:00:00.000000,5254.91,5288.02,5104.74,5230.55,54596121600.0,0.0041417592126263844
2015-06-09T00:00:00.000000,5259.41,5370.5,5202.71,5353.75,63731321600.0,0.0031083246905400834
2015-06-10T00:00:00.000000,5369.6,5380.11,5251.21,5317.46,56272938000.0,0.0026740953352508263
2015-06-11T00:00:00.000000,5251.19,5374.67,5209.84,5309.11,43790168900.0,0.002951204817147389
2015-06-12T00:00:00.000000,5305.14,5329.24,5248.16,5306.59,39233881600.0,0.002459846470659577
2015-06-13T00:00:00.000000,5329.28,5351.49,5283.3,5335.11,43013139200.0,0.002360883966698807
2015-06-16T00:00:00.000000,5354.01,5361.68,5207.54,5221.17,47574569600.0,0.0030497982244862437
2015-06-17T00:00:00.000000,5165.02,5204.3,5015.94,5064.82,41167558400.0,0.003765406290982118
2015-06-18T00:00:00.000000,5072.31,5158.09,4949.29,5138.83,39712419200.0,0.0029943345276553152
2015-06-19T00:00:00.000000,5097.16,5121.22,4927.18,4930.55,36164326900.0,0.0029940944360813885
2015-06-20T00:00:00.000000,4847.06,4910.37,4634.78,4637.05,35810473600.0,0.0045178626032279165
2015-06-24T00:00:00.000000,4641.42,4786.87,4456.47,4786.09,36508793600.0,0.00672192180542556
2015-06-25T00:00:00.000000,4811.59,4883.43,4744.33,4880.13,43463872000.0,0.0032441323798539806
2015-06-26T00:00:00.000000,4906.24,4918.97,4667.57,4706.52,44613596800.0,0.0037135402684630044
2015-06-27T00:00:00.000000,4573.87,4650.15,4278.95,4336.19,44663977600.0,0.006778361282900343
2015-06-30T00:00:00.000000,4446.84,4450.33,4000.93,4191.55,52566249600.0,0.009349231903375419
2015-07-01T00:00:00.000000,4161.07,4475.77,4016.49,4473.0,52704528000.0,0.00903786464122981
2015-07-02T00:00:00.000000,4408.98,4525.75,4236.14,4253.02,43172140800.0,0.00531658126941596
2015-07-03T00:00:00.000000,4287.73,4311.91,4000.69,4108.0,45706220800.0,0.009654375733442053
2015-07-04T00:00:00.000000,4017.2,4163.92,3787.3,3885.92,42930086400.0,0.008984801794758104
2015-07-07T00:00:00.000000,4218.27,4218.27,3832.96,3998.54,64809452800.0,0.012039498833655744
2015-07-08T00:00:00.000000,3877.85,3959.94,3743.75,3928.0,67938502400.0,0.005843310982720876
2015-07-09T00:00:00.000000,3651.06,3762.28,3612.29,3663.04,58146713600.0,0.011334945463048385
2015-07-10T00:00:00.000000,3621.05,3930.26,3539.51,3897.63,49089435700.0,0.007495830070876316
2015-07-11T00:00:00.000000,3913.32,4179.02,3888.71,4106.56,49227497600.0,0.005485222303587256
2015-07-14T00:00:00.000000,4125.92,4277.87,4072.65,4211.81,49150434900.0,0.004664203818857888
2015-07-15T00:00:00.000000,4176.43,4258.25,4062.97,4112.15,44827648700.0,0.00540526894443318
2015-07-16T00:00:00.000000,4068.88,4114.24,3899.66,3966.76,42195635200.0,0.00423360811627121
2015-07-17T00:00:00.000000,3949.64,4066.3,3856.4,3997.36,33053136000.0,0.0056193876993889495
2015-07-18T00:00:00.000000,4023.76,4189.86,4000.42,4151.5,33110710400.0,0.003122574816205696
2015-07-21T00:00:00.000000,4157.06,4221.69,4106.55,4160.61,35267350400.0,0.0036377629697009668
2015-07-22T00:00:00.000000,4109.76,4201.34,4081.7,4166.01,31837494400.0,0.0033797705000837117
2015-07-23T00:00:00.000000,4148.56,4187.2,4094.71,4157.16,31894598400.0,0.00225981064755462
2015-07-24T00:00:00.000000,4158.93,4261.65,4148.92,4250.81,35447174400.0,0.0018901687633185488
2015-07-25T00:00:00.000000,4255.44,4299.46,4154.9,4176.28,38980270700.0,0.0030209115624146364
2015-07-28T00:00:00.000000,4097.8,4156.17,3817.38,3818.73,36505449600.0,0.005277932029643688
2015-07-29T00:00:00.000000,3690.97,3882.79,3627.7,3811.09,38352723200.0,0.008807764826763839
2015-07-30T00:00:00.000000,3839.96,3933.89,3769.6,3930.38,27697283200.0,0.003943648458764458
2015-07-31T00:00:00.000000,3906.6,3968.53,3802.88,3815.41,26938746500.0,0.004399119491892728
2015-08-01T00:00:00.000000,3776.4,3863.56,3758.52,3816.7,22017178100.0,0.0030922049293953847
2015-08-04T00:00:00.000000,3762.69,3829.24,3742.58,3829.24,24468349800.0,0.0034159673002987496
2015-08-05T00:00:00.000000,3827.37,3948.22,3801.08,3948.16,22023660800.0,0.002477786204146894
2015-08-06T00:00:00.000000,3935.58,3962.28,3858.96,3866.9,19915582100.0,0.003121477713833508
2015-08-07T00:00:00.000000,3801.49,3888.38,3794.39,3831.85,14588476300.0,0.003385000900603828
2015-08-08T00:00:00.000000,3866.43,3926.62,3858.06,3906.95,18334920000.0,0.0027718433750985746
2015-08-11T00:00:00.000000,3947.47,4101.73,3932.96,4084.36,30678054400.0,0.002546090936718869
2015-08-12T00:00:00.000000,4080.79,4110.13,4042.08,4066.67,31917038600.0,0.0027746308344537346
2015-08-13T00:00:00.000000,4020.46,4077.88,4015.36,4016.13,25231821200.0,0.0026244626265079134
2015-08-14T00:00:00.000000,4009.31,4075.63,3967.83,4075.46,24127188600.0,0.0025503715166377084
2015-08-15T00:00:00.000000,4098.85,4113.16,4057.07,4073.54,25123223800.0,0.0021249446178075886
2015-08-18T00:00:00.000000,4058.11,4081.44,4010.3,4077.87,25693960000.0,0.0021920388779947935
2015-08-19T00:00:00.000000,4084.31,4103.05,3817.0,3825.41,31988108800.0,0.004333808853939901
2015-08-20T00:00:00.000000,3748.27,3898.6,3668.19,3886.14,26904979200.0,0.005350725960908915
2015-08-21T00:00:00.000000,3845.46,3880.67,3761.45,3761.45,20969757200.0,0.0035234311193071024
2015-08-22T00:00:00.000000,3711.92,3757.27,3578.61,3589.54,21630790600.0,0.005017761144969078
2015-08-25T00:00:00.000000,3454.6,3467.83,3266.58,3275.53,25543665600.0,0.00804762742281465
2015-08-26T00:00:00.000000,3074.56,3199.53,3019.7,3042.93,26901852800.0,0.010381049323314689
2015-08-27T00:00:00.000000,3062.57,3192.46,2952.58,3025.69,30827062400.0,0.007969878187881262
2015-08-28T00:00:00.000000,3092.81,3206.72,3028.99,3205.64,26729492800.0,0.006926484063002861
2015-08-29T00:00:00.000000,3246.24,3353.21,3224.07,3342.29,29949843200.0,0.004097613517292816
2015-09-01T00:00:00.000000,3305.0,3368.28,3205.55,3366.54,27726880100.0,0.00453686834240969
2015-09-02T00:00:00.000000,3294.51,3370.5,3190.79,3362.08,35069244700.0,0.005972454063902842
2015-09-03T00:00:00.000000,3220.49,3386.85,3213.83,3365.83,34566237700.0,0.0070768169472154915
2015-09-08T00:00:00.000000,3348.91,3421.58,3240.51,3250.49,20236650600.0,0.0041077449047467254
2015-09-09T00:00:00.000000,3221.79,3340.22,3170.99,3334.02,15459963200.0,0.003758937408999043
2015-09-10T00:00:00.000000,3344.82,3426.44,3330.51,3399.3,22046742400.0,0.002899378072554948
2015-09-11T00:00:00.000000,3348.5,3398.09,3337.66,3357.56,14381640200.0,0.003343227691186723
2015-09-12T00:00:00.000000,3349.88,3382.78,3315.48,3347.19,10854750400.0,0.002175122871341474
2015-09-15T00:00:00.000000,3369.07,3373.34,3187.57,3281.13,20452059500.0,0.004987057123769762
2015-09-16T00:00:00.000000,3207.42,3239.97,3132.11,3152.23,14247623400.0,0.004328738115271605
2015-09-17T00:00:00.000000,3149.16,3345.74,3131.66,3309.25,15971000000.0,0.004042088520877982
2015-09-18T00:00:00.000000,3283.89,3354.73,3237.0,3237.0,16796132900.0,0.0037822260579735774
2015-09-19T00:00:00.000000,3254.44,3280.88,3227.95,3251.27,10690348000.0,0.0031494068180262327
2015-09-22T00:00:00.000000,3221.38,3312.37,3212.75,3308.25,12195729500.0,0.0026368770888202486
2015-09-23T00:00:00.000000,3312.37,3371.41,3303.18,3339.03,14622200000.0,0.002336948923114819
2015-09-24T00:00:00.000000,3290.07,3315.58,3253.46,3263.03,12317144000.0,0.002908054856667145
2015-09-25T00:00:00.000000,3280.8,3300.7,3256.06,3285.0,10051495600.0,0.0017153308893717648
2015-09-26T00:00:00.000000,3272.67,3290.59,3202.23,3231.95,12141928000.0,0.002595569510272677
2015-09-29T00:00:00.000000,3226.61,3246.29,3186.75,3242.75,7421947200.0,0.0017770959526533158
2015-09-30T00:00:00.000000,3197.1,3208.3,3159.04,3178.85,8631342800.0,0.002648341577642105
2015-10-01T00:00:00.000000,3195.9,3223.84,3186.94,3202.95,7855935200.0,0.0017811347306875298
2015-10-09T00:00:00.000000,3324.98,3337.18,3294.69,3296.48,13208176800.0,0.005194710648000638
2015-10-10T00:00:00.000000,3300.0,3352.14,3294.57,3340.12,12375749700.0,0.0014262421703003948
2015-10-13T00:00:00.000000,3351.68,3486.63,3347.5,3447.69,22035198800.0,0.002261172748733289
2015-10-14T00:00:00.000000,3420.28,3451.88,3414.17,3445.04,14417563500.0,0.001707887853959674
2015-10-15T00:00:00.000000,3430.45,3458.55,3403.53,3406.11,15129617300.0,0.0019375304715760818
2015-10-16T00:00:00.000000,3403.0,3486.82,3402.36,3486.82,16979310500.0,0.0016757497933416131
2015-10-17T00:00:00.000000,3508.52,3537.37,3487.31,3534.07,20896470400.0,0.0019880551727808685
2015-10-20T00:00:00.000000,3548.74,3572.76,3502.59,3534.18,20581033100.0,0.0021432275888695774
2015-10-21T00:00:00.000000,3527.55,3577.8,3510.44,3577.7,17815885900.0,0.0017938624555328645
2015-10-22T00:00:00.000000,3580.84,3601.24,3418.57,3473.25,28207606400.0,0.004306603823531961
2015-10-23T00:00:00.000000,3453.2,3530.61,3442.47,3524.53,18430558400.0,0.002765777529718628
2015-10-24T00:00:00.000000,3536.12,3581.76,3516.02,3571.24,19561415600.0,0.001977847508224346
2015-10-27T00:00:00.000000,3614.7,3620.76,3561.19,3589.26,20424886400.0,0.0026238076497426834
2015-10-28T00:00:00.000000,3569.05,3600.64,3486.25,3592.88,19084251400.0,0.0031742704502874
2015-10-29T00:00:00.000000,3575.8,3598.17,3517.4,3524.92,17097710400.0,0.002200343861596835
2015-10-30T00:00:00.000000,3542.9,3561.75,3508.18,3533.31,12603829100.0,0.0018372281032407903
2015-10-31T00:00:00.000000,3528.62,3574.47,3497.62,3534.08,13826217500.0,0.0018456804668174921
2015-11-03T00:00:00.000000,3489.23,3543.38,3474.71,3475.96,13000260000.0,0.0024567476044138285
2015-11-04T00:00:00.000000,3485.26,3501.53,3452.84,3465.49,10085501000.0,0.0017897575989892281
2015-11-05T00:00:00.000000,3479.5,3628.54,3479.5,3628.54,20499779400.0,0.002076452201672053
2015-11-06T00:00:00.000000,3629.67,3781.11,3627.3,3705.97,39541483100.0,0.003421696183347144
2015-11-07T00:00:00.000000,3696.69,3801.53,3694.77,3793.37,29656572500.0,0.002265363890553183
2015-11-10T00:00:00.000000,3798.33,3891.69,3798.3,3840.36,35261776800.0,0.003264330576887956
2015-11-11T00:00:00.000000,3805.92,3876.26,3798.99,3833.24,28462715900.0,0.0027056742332113963
2015-11-12T00:00:00.000000,3828.81,3842.9,3781.57,3833.65,23053021600.0,0.0020073416169084078
2015-11-13T00:00:00.000000,3841.74,3843.31,3771.27,3795.32,21753760000.0,0.0021956672805137243
2015-11-14T00:00:00.000000,3753.84,3793.55,3727.59,3746.24,20195032500.0,0.0027080083782681456
2015-11-17T00:00:00.000000,3682.54,3764.41,3680.48,3764.13,15903363300.0,0.0026683287095450436
2015-11-18T00:00:00.000000,3790.43,3852.73,3750.37,3758.39,24853307200.0,0.002454322371879697
2015-11-19T00:00:00.000000,3760.94,3771.73,3706.7,3715.58,18477759200.0,0.0024884049710831293
2015-11-20T00:00:00.000000,3727.12,3775.23,3714.72,3774.97,15385271000.0,0.0016867564819960685
2015-11-21T00:00:00.000000,3778.88,3793.5,3757.03,3774.38,18695169600.0,0.0014918637809043093
2015-11-24T00:00:00.000000,3774.72,3802.58,3743.45,3753.34,17405309400.0,0.0015628436520847126
2015-11-25T00:00:00.000000,3745.76,3754.17,3702.85,3753.89,14338329600.0,0.001624622126746463
2015-11-26T00:00:00.000000,3746.56,3781.84,3736.06,3781.61,15102459000.0,0.001235868305589831
2015-11-27T00:00:00.000000,3797.16,3805.61,3756.97,3759.43,17240889800.0,0.0014720732741738882
2015-11-28T00:00:00.000000,3739.1,3742.64,3534.8,3556.99,20893936000.0,0.0036483070581154833
2015-12-01T00:00:00.000000,3558.89,3587.86,3455.07,3566.41,17220948000.0,0.0036318339652826894
2015-12-02T00:00:00.000000,3562.32,3616.88,3536.42,3591.7,13653656000.0,0.002296393193076198
2015-12-03T00:00:00.000000,3587.76,3725.72,3573.74,3721.95,21353886400.0,0.002990839056600598
2015-12-04T00:00:00.000000,3709.55,3758.45,3693.35,3749.3,19776212800.0,0.002008787563093296
2015-12-05T00:00:00.000000,3719.73,3725.68,3667.36,3677.59,15119952000.0,0.0021598642894262777
2015-12-08T00:00:00.000000,3681.58,3699.34,3658.76,3687.61,11388315200.0,0.0013628049383406385
2015-12-09T00:00:00.000000,3666.06,3667.28,3619.5,3623.02,12506473700.0,0.0017936894422336616
2015-12-10T00:00:00.000000,3613.42,3655.16,3611.49,3635.94,11332542400.0,0.00135657949843809
2015-12-11T00:00:00.000000,3635.43,3678.22,3615.99,3623.08,11950264300.0,0.001827390226188133
2015-12-12T00:00:00.000000,3605.37,3630.5,3578.3,3608.06,11032248000.0,0.0020001162470603823
2015-12-15T00:00:00.000000,3571.58,3712.36,3571.13,3711.32,15094862100.0,0.0020817036113603945
2015-12-16T00:00:00.000000,3705.81,3717.14,3679.23,3694.39,12551676000.0,0.001333592798626352
2015-12-17T00:00:00.000000,3707.21,3712.98,3677.62,3685.44,11079602200.0,0.0013088059526550513
2015-12-18T00:00:00.000000,3712.78,3768.84,3709.98,3755.89,17792408000.0,0.0016192504178745748
2015-12-19T00:00:00.000000,3753.93,3810.22,3750.96,3767.91,17212625300.0,0.0016400932191479275
2015-12-22T00:00:00.000000,3762.1,3877.29,3760.06,3865.97,21743529600.0,0.0016327871687807382
2015-12-23T00:00:00.000000,3872.1,3880.34,3841.63,3876.73,18030366400.0,0.0012824238997589694
2015-12-24T00:00:00.000000,3878.26,3926.49,3862.97,3866.38,20603342200.0,0.00197155995846832
2015-12-25T00:00:00.000000,3856.61,3867.58,3787.25,3829.4,14623600200.0,0.0019279814335187583
2015-12-26T00:00:00.000000,3832.1,3847.86,3813.55,3838.2,11909113400.0,0.0012273231601955725
2015-12-29T00:00:00.000000,3847.53,3853.18,3727.63,3727.63,15398844800.0,0.0022723715165021406
2015-12-30T00:00:00.000000,3723.05,3762.05,3710.83,3761.88,10188555200.0,0.0015249042487816594
2015-12-31T00:00:00.000000,3762.88,3765.18,3726.35,3765.18,10495105900.0,0.0011468025690450788
2016-01-01T00:00:00.000000,3759.93,3772.49,3727.46,3731.01,10136811000.0,0.001351653308895717
2016-01-05T00:00:00.000000,3725.86,3726.08,3469.01,3469.07,11537067200.0,0.004070468911009378
2016-01-06T00:00:00.000000,3382.18,3518.03,3377.32,3478.78,16211699200.0,0.004811855035776607
2016-01-07T00:00:00.000000,3482.61,3543.51,3468.63,3539.81,14542956200.0,0.0020313065253699776
2016-01-08T00:00:00.000000,3480.97,3480.97,3284.74,3284.74,4269283800.0,0.005440014020949452
2016-01-09T00:00:00.000000,3371.87,3418.85,3238.37,3361.56,18595945600.0,0.005387778108701629
2016-01-12T00:00:00.000000,3301.35,3342.48,3192.45,3192.45,17330189600.0,0.00440789279153779
2016-01-13T00:00:00.000000,3215.74,3242.21,3174.55,3215.71,12737425500.0,0.0032767103826794037
2016-01-14T00:00:00.000000,3240.2,3256.85,3155.88,3155.88,12001501500.0,0.002899064742371822
2016-01-15T00:00:00.000000,3076.64,3226.4,3072.32,3221.57,13453766400.0,0.004819343631629781
2016-01-16T00:00:00.000000,3200.89,3216.75,3101.33,3118.73,12460177600.0,0.003295180651063443
2016-01-19T00:00:00.000000,3068.0,3165.62,3066.92,3130.73,10010551200.0,0.002884590971034865
2016-01-20T00:00:00.000000,3131.59,3227.7,3119.58,3223.13,12726653700.0,0.002464114798861722
2016-01-21T00:00:00.000000,3204.49,3225.79,3154.56,3174.38,12961530700.0,0.002111477494684844
2016-01-22T00:00:00.000000,3136.35,3202.52,3081.35,3081.35,11010601100.0,0.003469147595998838
2016-01-23T00:00:00.000000,3117.37,3132.08,3053.96,3113.46,8919578600.0,0.002734709882908119
2016-01-26T00:00:00.000000,3129.17,3149.33,3105.1,3128.89,8082442000.0,0.0017697301080993604
2016-01-27T00:00:00.000000,3098.28,3106.36,2934.82,2940.51,12641498000.0,0.004189940130005187
2016-01-28T00:00:00.000000,2953.61,2963.54,2839.49,2930.35,13150923200.0,0.004478959892354275
2016-01-29T00:00:00.000000,2909.07,2941.7,2842.37,2853.76,9875327700.0,0.002736520640438271
2016-01-30T00:00:00.000000,2855.6,2965.22,2854.37,2946.09,11330425600.0,0.002529726579628492
2016-02-02T00:00:00.000000,2935.75,2944.46,2869.75,2901.05,8597883400.0,0.0023366608002353875
2016-02-03T00:00:00.000000,2901.51,2972.11,2901.51,2961.33,8836771200.0,0.001749151273696082
2016-02-04T00:00:00.000000,2931.68,2954.71,2910.26,2948.64,7666092200.0,0.002426446321306588
2016-02-05T00:00:00.000000,2960.48,2999.16,2960.48,2984.76,9133070000.0,0.0017504199001007385
2016-02-06T00:00:00.000000,2981.66,2988.01,2962.88,2963.79,7620955700.0,0.0012373710367616802
2016-02-16T00:00:00.000000,2887.91,2961.45,2886.02,2946.71,7112898100.0,0.004083847480096443
2016-02-17T00:00:00.000000,2962.23,3042.03,2962.23,3037.04,11200147400.0,0.0018915411381217305
2016-02-18T00:00:00.000000,3034.09,3065.38,3027.11,3063.32,12829160800.0,0.0016890600631597318
2016-02-19T00:00:00.000000,3080.25,3093.51,3049.99,3053.7,12334901100.0,0.0015934104723378342
2016-02-20T00:00:00.000000,3047.94,3065.97,3032.88,3051.59,8733801600.0,0.0014185821714933406
2016-02-23T00:00:00.000000,3085.53,3128.16,3071.55,3118.87,13995905500.0,0.0021177661659068864
2016-02-24T00:00:00.000000,3115.07,3119.22,3061.54,3089.36,11189149400.0,0.0016786560887840029
2016-02-25T00:00:00.000000,3076.96,3109.55,3055.39,3109.55,11123205900.0,0.0018056196577207757
2016-02-26T00:00:00.000000,3103.26,3103.26,2905.62,2918.75,15704031500.0,0.003326181797417127
2016-02-27T00:00:00.000000,2942.41,2964.39,2903.23,2948.03,10598089600.0,0.0026443844617725035
2016-03-01T00:00:00.000000,2939.87,2939.87,2821.22,2877.47,12813380100.0,0.004640344654446701
2016-03-02T00:00:00.000000,2880.06,2950.42,2863.57,2930.69,11507339200.0,0.002155216877117153
2016-03-03T00:00:00.000000,2933.92,3054.72,2933.3,3051.33,17597235200.0,0.0020825845887694093
2016-03-04T00:00:00.000000,3048.31,3078.3,3040.57,3058.42,17139529300.0,0.0019387838557264358
2016-03-05T00:00:00.000000,3046.86,3101.55,3032.92,3093.89,21830750200.0,0.003196920482076138
2016-03-08T00:00:00.000000,3109.0,3130.8,3083.86,3104.84,13246204000.0,0.0020282212713623347
2016-03-09T00:00:00.000000,3099.93,3108.77,3001.94,3107.67,13525224400.0,0.00331791593639693
2016-03-10T00:00:00.000000,3041.42,3072.92,3020.19,3071.91,11015248100.0,0.0040558248795917766
2016-03-11T00:00:00.000000,3055.95,3074.16,3012.69,3013.15,7563560000.0,0.0018826498700360065
2016-03-12T00:00:00.000000,2988.51,3026.34,2982.23,3018.28,7268378200.0,0.0023169944319940397
2016-03-15T00:00:00.000000,3039.5,3106.64,3034.3,3065.69,11645526600.0,0.0020648316753064506
2016-03-16T00:00:00.000000,3059.25,3076.9,3028.74,3074.78,9783081100.0,0.001759540296950735
2016-03-17T00:00:00.000000,3068.98,3100.25,3064.59,3090.03,12437354700.0,0.0011654919908784041
2016-03-18T00:00:00.000000,3097.37,3147.65,3077.57,3124.2,12110760700.0,0.0015663951205229466
2016-03-19T00:00:00.000000,3135.53,3197.26,3130.26,3171.96,19652619200.0,0.0016736910920402332
2016-03-22T00:00:00.000000,3203.29,3267.71,3198.36,3249.44,23326947200.0,0.002566508516495747
2016-03-23T00:00:00.000000,3227.84,3249.55,3218.73,3225.79,15961900600.0,0.0018908971434858154
2016-03-24T00:00:00.000000,3217.82,3242.2,3203.02,3236.09,12512500300.0,0.0015193905456267857
2016-03-25T00:00:00.000000,3211.5,3221.91,3181.81,3181.85,13313112000.0,0.002258289847250258
2016-03-26T00:00:00.000000,3178.32,3204.25,3174.32,3197.82,9667187700.0,0.0012677919478957897
2016-03-29T00:00:00.000000,3207.14,3229.56,3161.96,3169.73,10292582100.0,0.0016240842700912556
2016-03-30T00:00:00.000000,3171.06,3177.55,3122.85,3135.41,9687870800.0,0.002041164563617898
2016-03-31T00:00:00.000000,3162.95,3216.4,3162.41,3216.28,11709905300.0,0.0020346261261954667
2016-04-01T00:00:00.000000,3229.46,3241.82,3208.82,3218.09,12063626400.0,0.0014383138035589376
2016-04-02T00:00:00.000000,3211.52,3222.59,3165.88,3221.89,11734179800.0,0.001664530931225067
2016-04-06T00:00:00.000000,3211.3,3271.91,3205.48,3264.49,14604777600.0,0.0012870516342866868
2016-04-07T00:00:00.000000,3250.07,3267.5,3236.36,3257.53,11920157700.0,0.001191425940555511
2016-04-08T00:00:00.000000,3267.54,3270.82,3208.72,3209.29,11177257800.0,0.0015098129666976244
2016-04-09T00:00:00.000000,3189.87,3197.77,3163.38,3185.73,10028870200.0,0.0015656418232209085
2016-04-12T00:00:00.000000,3213.51,3251.57,3213.51,3230.1,12521271200.0,0.0020181462202203716
2016-04-13T00:00:00.000000,3227.33,3232.08,3198.9,3218.45,9216501400.0,0.001211020956196128
2016-04-14T00:00:00.000000,3237.98,3296.5,3237.98,3261.38,19476575200.0,0.0019305007327795269
2016-04-15T00:00:00.000000,3277.1,3286.07,3252.15,3275.83,11315732800.0,0.0013927991922725517
2016-04-16T00:00:00.000000,3279.82,3282.94,3261.76,3272.21,9899426500.0,0.0009216392494684663
2016-04-19T00:00:00.000000,3252.67,3252.67,3221.68,3228.45,9709007200.0,0.001716249370125108
2016-04-20T00:00:00.000000,3244.87,3250.67,3221.66,3238.3,8029824600.0,0.0013127967678836032
2016-04-21T00:00:00.000000,3244.9,3248.28,3107.5,3181.03,16162398400.0,0.0031350774552577126
2016-04-22T00:00:00.000000,3159.26,3198.55,3150.96,3160.6,10419966800.0,0.0018787718476204402
2016-04-23T00:00:00.000000,3142.59,3175.38,3138.34,3174.9,7646186100.0,0.0013346460287794186
2016-04-26T00:00:00.000000,3164.74,3172.26,3137.18,3162.03,6751935200.0,0.0015832277152038555
2016-04-27T00:00:00.000000,3159.81,3181.1,3150.52,3179.16,5879109400.0,0.0011901223632469376
2016-04-28T00:00:00.000000,3182.1,3188.76,3162.74,3165.92,5969003100.0,0.0007215994090647598
2016-04-29T00:00:00.000000,3169.64,3174.7,3135.66,3160.58,6959300000.0,0.0012400038138456124
2016-04-30T00:00:00.000000,3152.95,3171.19,3149.54,3156.75,5764660800.0,0.000892586108905451
2016-05-04T00:00:00.000000,3160.98,3218.46,3151.48,3213.54,9768975600.0,0.0011440512383962976
2016-05-05T00:00:00.000000,3203.35,3222.69,3198.3,3209.46,9020697100.0,0.0008520484562582085
2016-05-06T00:00:00.000000,3204.09,3217.21,3196.57,3213.92,7423832600.0,0.0008092168956623192
2016-05-07T00:00:00.000000,3213.14,3216.64,3130.15,3130.35,10868024000.0,0.0017254895181075653
2016-05-10T00:00:00.000000,3115.43,3115.43,3055.2,3065.62,9923048000.0,0.002222793831080603
2016-05-11T00:00:00.000000,3055.21,3084.57,3055.21,3069.11,6884993600.0,0.0012196093908849888
2016-05-12T00:00:00.000000,3080.64,3102.86,3063.09,3082.81,8179425600.0,0.001388457124084235
2016-05-13T00:00:00.000000,3059.38,3095.33,3035.02,3090.14,7876572800.0,0.002446878444320013
2016-05-14T00:00:00.000000,3081.68,3103.1,3064.77,3074.94,6262975600.0,0.001095106400043114
2016-05-17T00:00:00.000000,3064.53,3095.56,3053.66,3095.31,5946185600.0,0.0011448811497519987
2016-05-18T00:00:00.000000,3095.52,3105.2,3073.58,3086.02,6527812400.0,0.001065877900651417
2016-05-19T00:00:00.000000,3071.53,3072.52,3039.46,3068.04,8271536800.0,0.0018775205351948395
2016-05-20T00:00:00.000000,3060.34,3086.95,3058.23,3062.5,6044416800.0,0.0010374660214108012
2016-05-21T00:00:00.000000,3047.78,3078.53,3041.64,3078.22,5608084000.0,0.0012600093851316808
2016-05-24T00:00:00.000000,3078.52,3098.48,3076.53,3087.22,5969721600.0,0.000854140240261558
2016-05-25T00:00:00.000000,3083.24,3083.26,3052.59,3063.56,5873438400.0,0.0009862851748921933
2016-05-26T00:00:00.000000,3079.75,3089.05,3054.96,3059.23,5665280400.0,0.0011257540101907442
2016-05-27T00:00:00.000000,3056.6,3072.44,3027.49,3064.21,6039298000.0,0.0014133926073085531
2016-05-28T00:00:00.000000,3059.73,3073.55,3052.51,3062.5,6046875200.0,0.0009476517022816075
2016-05-31T00:00:00.000000,3056.31,3075.26,3037.74,3066.71,6309858000.0,0.0012983169189691225
2016-06-01T00:00:00.000000,3068.6,3170.82,3068.6,3169.56,13886310400.0,0.0019364884081979933
2016-06-02T00:00:00.000000,3172.59,3181.76,3160.19,3160.55,11214769000.0,0.0011469302889988088
2016-06-03T00:00:00.000000,3158.03,3168.82,3151.24,3167.1,8600342400.0,0.0008501861868191156
2016-06-04T00:00:00.000000,3172.95,3201.75,3162.09,3189.33,10149178400.0,0.0009962719352254717
2016-06-07T00:00:00.000000,3192.78,3197.22,3168.69,3178.79,7669375200.0,0.0008605200715775063
2016-06-08T00:00:00.000000,3182.44,3186.41,3168.22,3177.05,6892831200.0,0.0007418723905164996
2016-06-09T00:00:00.000000,3171.81,3174.85,3148.35,3163.99,7629177600.0,0.0008752787616371832
2016-06-14T00:00:00.000000,3134.05,3145.55,3065.77,3066.34,9297594400.0,0.0021460319978155134
2016-06-15T00:00:00.000000,3058.44,3078.75,3055.66,3075.98,6627945600.0,0.0012360181548753222
2016-06-16T00:00:00.000000,3043.96,3128.04,3042.49,3116.37,8739325600.0,0.001627650443124499
2016-06-17T00:00:00.000000,3104.36,3112.37,3089.74,3094.67,8297470400.0,0.0010034201347614738
2016-06-18T00:00:00.000000,3096.09,3131.04,3096.09,3110.36,8540298400.0,0.0012051426188928829
2016-06-21T00:00:00.000000,3114.91,3118.73,3090.08,3112.67,6358714000.0,0.0009768407098657643
2016-06-22T00:00:00.000000,3124.9,3155.49,3098.05,3106.32,8796534400.0,0.0015263287372886067
2016-06-23T00:00:00.000000,3100.45,3134.06,3097.03,3133.96,6648711200.0,0.000977868017699275
2016-06-24T00:00:00.000000,3129.72,3129.72,3102.54,3117.32,6775173600.0,0.0010330370170951093
2016-06-25T00:00:00.000000,3110.65,3130.38,3034.25,3077.16,10479220800.0,0.0030651897035951624
2016-06-28T00:00:00.000000,3065.13,3120.64,3065.13,3120.54,8326725600.0,0.0009050642168754973
2016-06-29T00:00:00.000000,3107.4,3139.43,3099.88,3136.4,9202464000.0,0.0012923593900882877
2016-06-30T00:00:00.000000,3142.48,3157.97,3139.19,3151.39,10372366400.0,0.0010281879341013218
2016-07-01T00:00:00.000000,3152.83,3163.72,3148.31,3153.92,7969261600.0,0.000869140545540215
2016-07-02T00:00:00.000000,3156.93,3170.24,3148.55,3154.2,7174628000.0,0.0008123371790941593
2016-07-05T00:00:00.000000,3136.39,3210.6,3134.04,3204.7,13331052800.0,0.0012033200693061944
2016-07-06T00:00:00.000000,3199.16,3216.53,3198.01,3207.38,13022689600.0,0.0009208045297775632
2016-07-07T00:00:00.000000,3197.62,3217.49,3183.45,3216.8,12489745600.0,0.0009714155527687121
2016-07-08T00:00:00.000000,3206.55,3220.54,3190.12,3209.95,11859520000.0,0.001181796142958869
2016-07-09T00:00:00.000000,3199.75,3204.93,3184.11,3192.28,8973485600.0,0.0008689231419708211
2016-07-12T00:00:00.000000,3199.04,3235.89,3197.72,3203.33,13852950400.0,0.0011424765298625424
2016-07-13T00:00:00.000000,3201.91,3273.47,3200.37,3273.18,17253422400.0,0.0015579221489730537
2016-07-14T00:00:00.000000,3274.02,3300.8,3271.89,3282.87,17519609600.0,0.001188629895156863
2016-07-15T00:00:00.000000,3277.48,3281.85,3259.07,3276.76,10752580000.0,0.0008420347198492634
2016-07-16T00:00:00.000000,3278.84,3285.03,3265.29,3276.28,10266502400.0,0.0008988485699466426
2016-07-19T00:00:00.000000,3269.71,3281.64,3251.97,3262.02,11031252000.0,0.0009862326412606798
2016-07-20T00:00:00.000000,3260.43,3264.4,3226.31,3248.23,8888686400.0,0.0011170771199923342
2016-07-21T00:00:00.000000,3246.86,3254.51,3232.48,3237.61,7270125600.0,0.0007793974519843017
2016-07-22T00:00:00.000000,3238.34,3271.3,3238.34,3252.52,8600482400.0,0.0009685230797009949
2016-07-23T00:00:00.000000,3251.24,3253.64,3220.93,3225.16,8602912800.0,0.0008021876472726376
2016-07-26T00:00:00.000000,3220.17,3243.75,3218.2,3230.89,7020318400.0,0.0007465836246682548
2016-07-27T00:00:00.000000,3228.23,3269.75,3228.03,3269.59,8105108800.0,0.0007930720137654453
2016-07-28T00:00:00.000000,3270.08,3276.43,3157.47,3218.24,16018867200.0,0.0028366355011283963
2016-07-29T00:00:00.000000,3204.46,3235.66,3195.34,3221.14,11277996800.0,0.0016155446477569878
2016-07-30T00:00:00.000000,3217.19,3225.27,3198.74,3203.93,8804484000.0,0.0010029335632338863
2016-08-02T00:00:00.000000,3196.43,3199.97,3156.75,3176.81,8700349600.0,0.0016226220583564941
2016-08-03T00:00:00.000000,3173.76,3189.05,3165.72,3189.05,6216764000.0,0.0007229060734166987
2016-08-04T00:00:00.000000,3179.68,3196.94,3173.9,3193.51,7286410400.0,0.0010012048791870165
2016-08-05T00:00:00.000000,3190.55,3201.55,3170.55,3201.29,7350437600.0,0.0007731712016905658
2016-08-06T00:00:00.000000,3201.35,3224.8,3192.86,3205.11,7719636800.0,0.000849637321602073
2016-08-09T00:00:00.000000,3199.57,3234.48,3187.33,3234.18,8667604800.0,0.0009942366036077108
2016-08-10T00:00:00.000000,3232.6,3257.33,3229.27,3256.98,9106525600.0,0.0006192961731224894
2016-08-11T00:00:00.000000,3255.18,3261.63,3242.75,3243.34,9043036800.0,0.0008126093792839067
2016-08-12T00:00:00.000000,3239.56,3273.87,3232.66,3233.36,10104121600.0,0.0013786538874948802
2016-08-13T00:00:00.000000,3231.81,3294.23,3231.4,3294.23,11625404800.0,0.001210142865449553
2016-08-16T00:00:00.000000,3303.47,3417.91,3302.38,3393.42,22054342400.0,0.0018312008846317412
2016-08-17T00:00:00.000000,3403.38,3418.53,3372.12,3378.25,19638974400.0,0.0014359551016587372
2016-08-18T00:00:00.000000,3377.77,3394.25,3356.92,3373.05,13884768000.0,0.0012520886424190701
2016-08-19T00:00:00.000000,3369.95,3394.75,3349.9,3364.49,14238017600.0,0.0012825283535577207
2016-08-20T00:00:00.000000,3358.56,3373.74,3341.19,3365.02,11996150400.0,0.0008888808618184154
2016-08-23T00:00:00.000000,3364.68,3372.75,3335.68,3336.79,10795100800.0,0.0010581936928542165
2016-08-24T00:00:00.000000,3332.62,3359.65,3324.99,3341.83,9292451200.0,0.0010439862128340054
2016-08-25T00:00:00.000000,3342.94,3348.12,3323.73,3329.86,8082156400.0,0.0007450851499351274
2016-08-26T00:00:00.000000,3314.08,3315.04,3279.83,3308.97,10058915200.0,0.0015145070220173376
2016-08-27T00:00:00.000000,3312.5,3328.9,3301.94,3307.09,8153068800.0,0.0007024159763742451
2016-08-30T00:00:00.000000,3306.57,3315.03,3297.17,3307.78,7703633600.0,0.0006946129393623663
2016-08-31T00:00:00.000000,3310.32,3324.83,3304.62,3311.99,7572598400.0,0.0007279485331652044
2016-09-01T00:00:00.000000,3310.57,3333.96,3304.71,3327.79,7957080800.0,0.0007868462056548859
2016-09-02T00:00:00.000000,3326.74,3329.34,3301.21,3301.58,8494721600.0,0.000722285258068078
2016-09-03T00:00:00.000000,3298.72,3320.37,3295.76,3314.11,8279180000.0,0.0008047092713780542
2016-09-06T00:00:00.000000,3321.01,3338.42,3314.87,3319.68,7829248000.0,0.000796766234670645
2016-09-07T00:00:00.000000,3322.02,3347.93,3300.24,3342.63,9828400000.0,0.0009708543487213118
2016-09-08T00:00:00.000000,3344.07,3357.36,3338.0,3340.82,10294010400.0,0.0006308680909350572
2016-09-09T00:00:00.000000,3338.01,3343.24,3328.42,3339.56,7191616000.0,0.0006408537810248711
2016-09-10T00:00:00.000000,3339.37,3344.57,3318.04,3318.04,8265704000.0,0.0006344319926698216
2016-09-13T00:00:00.000000,3271.87,3276.46,3234.57,3262.6,12291768000.0,0.0024989645542483076
2016-09-14T00:00:00.000000,3265.34,3269.21,3246.39,3260.33,6718028800.0,0.0008086373036371104
2016-09-15T00:00:00.000000,3245.74,3254.84,3231.39,3238.73,7043269600.0,0.0009594904242110323
2016-09-20T00:00:00.000000,3242.74,3264.69,3242.74,3263.12,5883108000.0,0.0008525790384697941
2016-09-21T00:00:00.000000,3264.66,3265.0,3252.41,3257.4,5278420800.0,0.0004469921302041535
2016-09-22T00:00:00.000000,3257.71,3270.89,3254.45,3266.64,5914298000.0,0.0005569593000901297
2016-09-23T00:00:00.000000,3281.47,3303.2,3278.07,3291.12,7575354400.0,0.0008922252284779774
2016-09-24T00:00:00.000000,3292.28,3293.76,3275.03,3275.67,5799398400.0,0.0005229402193512711
2016-09-27T00:00:00.000000,3267.69,3267.69,3220.28,3220.28,7045218400.0,0.001008062665685064
2016-09-28T00:00:00.000000,3214.87,3240.75,3214.87,3240.75,5846055200.0,0.0008540187571636784
2016-09-29T00:00:00.000000,3243.65,3243.65,3228.42,3230.89,4472749600.0,0.0006590835901283711
2016-09-30T00:00:00.000000,3235.66,3257.67,3235.66,3244.39,5524982100.0,0.0007243831977886099
2016-10-01T00:00:00.000000,3240.18,3260.93,3239.15,3253.28,4497802400.0,0.00046682941123741634
2016-10-11T00:00:00.000000,3265.36,3294.48,3259.21,3293.87,8051926400.0,0.0010510300146334007
2016-10-12T00:00:00.000000,3296.87,3307.89,3293.18,3306.56,8771316000.0,0.0004691379087354645
2016-10-13T00:00:00.000000,3299.14,3302.53,3289.75,3300.01,6866978400.0,0.0007169536226698676
2016-10-14T00:00:00.000000,3299.16,3307.36,3292.43,3302.65,8122420000.0,0.0005567945721516005
2016-10-15T00:00:00.000000,3298.73,3306.64,3285.9,3305.85,8231627200.0,0.0006203459745865973
2016-10-18T00:00:00.000000,3305.96,3309.01,3271.77,3277.88,8611351200.0,0.0007539191508449926
2016-10-19T00:00:00.000000,3272.68,3321.33,3272.68,3321.33,10286071200.0,0.0007601522893549833
2016-10-20T00:00:00.000000,3323.3,3332.52,3309.96,3316.24,10116772800.0,0.0006274804234950521
2016-10-21T00:00:00.000000,3317.18,3324.71,3312.17,3318.6,7923887200.0,0.0005144865428294711
2016-10-22T00:00:00.000000,3315.72,3341.56,3309.18,3327.74,10978517600.0,0.0009669521247516933
2016-10-25T00:00:00.000000,3332.51,3382.74,3331.09,3367.58,15301435200.0,0.0010590944227965421
2016-10-26T00:00:00.000000,3367.48,3373.76,3356.65,3367.45,11119169600.0,0.0005292288541889942
2016-10-27T00:00:00.000000,3365.2,3367.69,3349.58,3354.8,9802478400.0,0.0007918169387382792
2016-10-28T00:00:00.000000,3351.46,3352.18,3335.13,3345.7,7762984800.0,0.000658014346131458
2016-10-29T00:00:00.000000,3347.14,3370.65,3337.29,3340.13,9313331200.0,0.0009816580711088634
2016-11-01T00:00:00.000000,3332.41,3340.47,3317.54,3336.28,7135286400.0,0.0010500224036492348
2016-11-02T00:00:00.000000,3338.71,3359.35,3334.49,3359.05,7493820000.0,0.0006387654405932775
2016-11-03T00:00:00.000000,3350.71,3356.37,3331.38,3333.35,9119710400.0,0.0007912863707467793
2016-11-04T00:00:00.000000,3326.9,3379.94,3324.9,3365.09,12622350400.0,0.0009319659664481433
2016-11-05T00:00:00.000000,3362.21,3377.64,3348.5,3354.17,10406965600.0,0.0007122125616931662
2016-11-08T00:00:00.000000,3353.44,3362.55,3342.31,3356.59,9987798400.0,0.0006133235216196433
2016-11-09T00:00:00.000000,3367.7,3383.92,3361.25,3371.12,10314828000.0,0.0008183401695845238
2016-11-10T00:00:00.000000,3370.6,3372.97,3322.09,3353.05,13911006400.0,0.0012016040821550464
2016-11-11T00:00:00.000000,3374.906,3403.0039,3374.906,3390.61,13425726200.0,0.0014120945131248686
2016-11-12T00:00:00.000000,3387.95,3422.67,3383.03,3417.22,19878150400.0,0.0009467470050179743
2016-11-15T00:00:00.000000,3409.22,3452.62,3408.14,3430.25,21324710400.0,0.001157266328873798
2016-11-16T00:00:00.000000,3428.87,3434.92,3415.99,3429.87,13456632000.0,0.0007188292592413617
2016-11-17T00:00:00.000000,3432.43,3435.64,3419.29,3429.59,12980849600.0,0.0005393555575469983
2016-11-18T00:00:00.000000,3423.47,3437.55,3412.88,3436.53,12156172800.0,0.0007992453090378108
2016-11-19T00:00:00.000000,3437.49,3442.81,3413.41,3417.46,11595120800.0,0.0006115314902924447
2016-11-22T00:00:00.000000,3412.65,3463.08,3412.54,3441.11,14643452800.0,0.0009378809836963586
2016-11-23T00:00:00.000000,3443.22,3469.22,3443.22,3468.36,16852344000.0,0.0007897997738179538
2016-11-24T00:00:00.000000,3473.89,3492.95,3466.08,3474.73,16238851200.0,0.00095945856046789
2016-11-25T00:00:00.000000,3468.81,3508.16,3467.16,3488.74,14574630400.0,0.0008993474693445317
2016-11-26T00:00:00.000000,3490.04,3521.3,3463.95,3521.3,15362150400.0,0.001452540747031338
2016-11-29T00:00:00.000000,3538.68,3553.27,3528.47,3535.08,20737548800.0,0.001291010812895293
2016-11-30T00:00:00.000000,3525.9,3583.69,3521.51,3564.04,23691835200.0,0.0013713988342118758
2016-12-01T00:00:00.000000,3557.64,3566.89,3527.15,3538.0,17856017600.0,0.0012165235242413634
2016-12-02T00:00:00.000000,3543.96,3575.16,3543.49,3565.04,18017076800.0,0.0009998022809527786
2016-12-03T00:00:00.000000,3559.77,3562.25,3516.96,3528.95,19635548800.0,0.0014260156053928158
2016-12-06T00:00:00.000000,3473.69,3496.75,3457.57,3469.41,18085235200.0,0.002114603013332921
2016-12-07T00:00:00.000000,3466.24,3477.48,3456.81,3459.15,11552908800.0,0.0007556815096974822
2016-12-08T00:00:00.000000,3458.37,3475.75,3445.83,3475.75,11434510400.0,0.0006788703551579172
2016-12-09T00:00:00.000000,3481.81,3484.16,3466.54,3470.14,11738392000.0,0.0007392654219896988
2016-12-10T00:00:00.000000,3464.87,3507.93,3461.8,3493.7,15030331200.0,0.0009239734759795473
2016-12-13T00:00:00.000000,3489.27,3495.62,3400.99,3409.18,18746774400.0,0.0018004651384665115
2016-12-14T00:00:00.000000,3394.21,3416.21,3370.71,3405.04,12110509600.0,0.0014770095233996817
2016-12-15T00:00:00.000000,3399.41,3412.13,3378.3,3378.95,12400774400.0,0.0010320988204599087
2016-12-16T00:00:00.000000,3363.86,3378.04,3327.14,3340.43,11496065600.0,0.0013337143232734047
2016-12-17T00:00:00.000000,3335.36,3356.29,3330.54,3346.03,9077542400.0,0.000800928061085377
2016-12-20T00:00:00.000000,3342.34,3344.66,3325.08,3328.98,8164068000.0,0.0008319062470045802
2016-12-21T00:00:00.000000,3328.3,3328.88,3289.27,3309.06,8756959200.0,0.0009881161175317279
2016-12-22T00:00:00.000000,3313.75,3342.4,3313.75,3338.54,10825499200.0,0.0009075984645357362
2016-12-23T00:00:00.000000,3335.12,3340.04,3322.75,3335.67,9227724800.0,0.000694541436172642
2016-12-24T00:00:00.000000,3333.4,3334.87,3300.9,3307.6,9744471200.0,0.0007862396402716736
2016-12-27T00:00:00.000000,3293.22,3322.42,3267.13,3322.4,8979398400.0,0.001409992283105426
2016-12-28T00:00:00.000000,3319.21,3330.13,3315.83,3316.39,7548636000.0,0.0006388669327586247
2016-12-29T00:00:00.000000,3315.75,3320.41,3293.17,3301.89,6900044000.0,0.0007112285869761279
2016-12-30T00:00:00.000000,3297.04,3312.03,3288.28,3297.76,7008792000.0,0.0007280850238843687
2016-12-31T00:00:00.000000,3302.6,3313.54,3296.12,3310.08,7174411200.0,0.0007279011995549848
2017-01-04T00:00:00.000000,3313.95,3345.19,3313.95,3342.23,8656789600.0,0.0008260320155304277
2017-01-05T00:00:00.000000,3340.56,3369.44,3338.4,3368.31,9005081600.0,0.0005407581772703574
2017-01-06T00:00:00.000000,3368.34,3373.1,3361.59,3367.79,8833636000.0,0.0004910325471268848
2017-01-07T00:00:00.000000,3366.85,3368.85,3346.96,3347.67,8745911200.0,0.0005638556866154854
2017-01-10T00:00:00.000000,3345.75,3366.04,3344.35,3363.9,8370794400.0,0.0005038908907150426
2017-01-11T00:00:00.000000,3361.64,3370.43,3354.12,3358.27,8381916000.0,0.0005513613051558596
2017-01-12T00:00:00.000000,3355.8,3366.54,3334.3,3334.5,9107144000.0,0.000779061109534929
2017-01-13T00:00:00.000000,3332.69,3342.89,3315.96,3317.62,8123913600.0,0.0008053017904025289
2017-01-14T00:00:00.000000,3317.96,3338.15,3309.44,3319.91,8418059200.0,0.0009164737103176434
2017-01-17T00:00:00.000000,3314.15,3322.59,3264.38,3319.45,15777913600.0,0.002441442278318022
2017-01-18T00:00:00.000000,3305.6,3327.13,3292.32,3326.36,6945332800.0,0.0011231862560603008
2017-01-19T00:00:00.000000,3323.34,3350.92,3320.41,3339.37,7062322400.0,0.0007564856201214894
2017-01-20T00:00:00.000000,3330.95,3346.32,3324.71,3329.29,6615980800.0,0.0007464533544762359
2017-01-21T00:00:00.000000,3326.98,3358.34,3326.8,3354.89,6530046400.0,0.0005995090533983723
2017-01-24T00:00:00.000000,3359.05,3378.72,3355.9,3364.08,7555749600.0,0.0007284846036977683
2017-01-25T00:00:00.000000,3363.14,3371.3,3355.9,3364.45,6619422400.0,0.0005200828422086642
2017-01-26T00:00:00.000000,3361.66,3376.35,3357.32,3375.9,5837693200.0,0.00048039928012697447
2017-01-27T00:00:00.000000,3378.26,3395.83,3378.26,3387.96,6531664800.0,0.0005010092774594922
2017-02-04T00:00:00.000000,3390.93,3392.48,3362.76,3364.49,5518886000.0,0.0005802280237100464
2017-02-07T00:00:00.000000,3368.11,3381.24,3358.9,3373.21,6852136000.0,0.0006597985728349365
2017-02-08T00:00:00.000000,3371.77,3376.68,3354.63,3365.68,6375446400.0,0.00044162993600702777
2017-02-09T00:00:00.000000,3361.78,3383.69,3347.5,3383.29,7540288000.0,0.0006725030588013963
2017-02-10T00:00:00.000000,3381.9,3406.48,3379.87,3396.29,9755851200.0,0.000551828838499474
2017-02-11T00:00:00.000000,3398.32,3422.25,3398.03,3413.49,12376872000.0,0.0006287840455232494
2017-02-14T00:00:00.000000,3416.92,3439.52,3416.92,3436.28,12014453600.0,0.0006695319770031149
2017-02-15T00:00:00.000000,3438.51,3440.5,3424.41,3435.8,9480946400.0,0.0004837020908679745
2017-02-16T00:00:00.000000,3435.39,3447.5,3417.21,3421.71,12764333600.0,0.0007664582247843793
2017-02-17T00:00:00.000000,3421.83,3440.93,3418.35,3440.93,10827696000.0,0.0007715259369721872
2017-02-18T00:00:00.000000,3443.62,3457.51,3419.79,3421.44,11460003200.0,0.0009135393799851269
2017-02-21T00:00:00.000000,3421.64,3472.37,3421.64,3471.39,13262886400.0,0.0008451676458145527
2017-02-22T00:00:00.000000,3475.06,3489.83,3472.19,3482.82,11484200800.0,0.0006967704925480411
2017-02-23T00:00:00.000000,3483.2,3489.95,3473.74,3489.76,10281599200.0,0.0006176795106495211
2017-02-24T00:00:00.000000,3487.57,3492.94,3460.12,3473.32,9953632800.0,0.0007301115506396577
2017-02-25T00:00:00.000000,3468.96,3473.85,3455.25,3473.85,9553513600.0,0.000766950569449441
2017-02-28T00:00:00.000000,3471.13,3472.84,3441.57,3446.22,9867216000.0,0.0006899452833834689
2017-03-01T00:00:00.000000,3445.03,3460.85,3441.52,3452.81,7521526400.0,0.0005683071215348163
2017-03-02T00:00:00.000000,3452.21,3472.69,3449.11,3458.44,10326035200.0,0.0004696094591985043
2017-03-03T00:00:00.000000,3463.48,3468.34,3434.17,3435.1,8989808000.0,0.0006127863359268211
2017-03-04T00:00:00.000000,3424.66,3428.75,3412.98,3427.86,8099465600.0,0.0008201381375030379
2017-03-07T00:00:00.000000,3427.25,3448.69,3425.9,3446.48,8307088000.0,0.0005188597883325807
2017-03-08T00:00:00.000000,3446.16,3454.04,3440.11,3453.96,8033472000.0,0.0004431605350204474
2017-03-09T00:00:00.000000,3452.2,3456.94,3441.26,3448.73,7958768800.0,0.0004329065222104344
2017-03-10T00:00:00.000000,3442.9,3443.04,3414.84,3426.94,8457038400.0,0.0008273509505681221
2017-03-11T00:00:00.000000,3423.98,3436.24,3423.98,3427.89,7001620000.0,0.0004372892290534853
2017-03-14T00:00:00.000000,3425.67,3458.1,3412.69,3458.1,9168412800.0,0.000708218036891813
2017-03-15T00:00:00.000000,3456.66,3465.2,3448.98,3456.69,7707796000.0,0.000522421349330888
2017-03-16T00:00:00.000000,3452.21,3463.92,3445.27,3463.64,7910495200.0,0.0006713332174891858
2017-03-17T00:00:00.000000,3472.27,3492.11,3472.27,3481.51,10633391200.0,0.000885006316356158
2017-03-18T00:00:00.000000,3485.31,3488.37,3441.52,3445.81,10375556000.0,0.00068106358061096
2017-03-21T00:00:00.000000,3449.05,3454.02,3429.93,3449.61,8873432000.0,0.0006518015730272957
2017-03-22T00:00:00.000000,3449.77,3466.7,3445.64,3466.35,8770785600.0,0.0005686433904001067
2017-03-23T00:00:00.000000,3450.75,3464.25,3433.52,3450.05,10493589600.0,0.0010067300004421272
2017-03-24T00:00:00.000000,3452.41,3470.68,3435.7,3461.98,9431806400.0,0.0008116655461673372
2017-03-25T00:00:00.000000,3464.2,3499.32,3461.43,3489.6,12564583200.0,0.0007598810620343705
2017-03-28T00:00:00.000000,3488.76,3505.89,3474.63,3478.04,10701537600.0,0.0007313207916737253
2017-03-29T00:00:00.000000,3480.25,3482.05,3461.58,3469.81,8419481600.0,0.0006400813298340001
2017-03-30T00:00:00.000000,3472.97,3483.06,3455.56,3465.19,10485170400.0,0.0008223769706814898
2017-03-31T00:00:00.000000,3461.62,3467.13,3422.46,3436.76,11637692000.0,0.0010907280317409647
2017-04-01T00:00:00.000000,3434.82,3456.31,3430.86,3456.05,9157748800.0,0.0007308404143696671
2017-04-06T00:00:00.000000,3476.42,3504.54,3475.26,3503.89,14339902400.0,0.0011629373894161026
2017-04-07T00:00:00.000000,3507.99,3517.65,3495.72,3514.05,13676700800.0,0.0005360235722884141
2017-04-08T00:00:00.000000,3514.45,3526.76,3506.68,3517.46,14029320000.0,0.0005791959152223918
2017-04-11T00:00:00.000000,3519.46,3522.56,3502.1,3505.14,14188737600.0,0.0007162334455814934
2017-04-12T00:00:00.000000,3503.83,3520.03,3466.24,3517.33,16594582400.0,0.0010905038426144327
2017-04-13T00:00:00.000000,3514.57,3523.06,3498.09,3509.44,18182454400.0,0.0011098776348661013
2017-04-14T00:00:00.000000,3500.28,3518.44,3496.59,3514.57,12998181600.0,0.0005507638935402123
2017-04-15T00:00:00.000000,3516.81,3517.23,3477.01,3486.5,13547408000.0,0.0008819367150289479
2017-04-18T00:00:00.000000,3475.74,3480.45,3453.73,3479.94,11716496000.0,0.0012115873023264467
2017-04-19T00:00:00.000000,3474.89,3489.05,3462.63,3462.74,11092782400.0,0.0007446752763197485
2017-04-20T00:00:00.000000,3452.99,3459.35,3418.63,3445.88,12134926400.0,0.001187677839436817
2017-04-21T00:00:00.000000,3444.5225,3465.4498,3440.9949,3461.55,11418420800.0,0.0010066143622099713
2017-04-22T00:00:00.000000,3461.39,3475.56,3449.78,3466.79,10441911200.0,0.0007710629084918837
2017-04-25T00:00:00.000000,3458.23,3458.23,3404.24,3431.26,11466079200.0,0.0019745694207768507
2017-04-26T00:00:00.000000,3427.73,3449.58,3422.67,3440.97,9407214400.0,0.0008224469081504033
2017-04-27T00:00:00.000000,3440.25,3466.57,3439.31,3445.18,11194003200.0,0.0008443630309616146
2017-04-28T00:00:00.000000,3435.1,3449.21,3399.61,3446.72,12329842400.0,0.0013558022311091114
2017-04-29T00:00:00.000000,3439.57,3439.81,3417.4,3439.75,10163235200.0,0.000779065782660873
2017-05-03T00:00:00.000000,3427.92,3436.27,3418.73,3426.58,9279746400.0,0.0007612228624634831
2017-05-04T00:00:00.000000,3421.76,3432.14,3403.28,3413.13,9166962400.0,0.0007347614522102439
2017-05-05T00:00:00.000000,3404.94,3421.14,3391.46,3404.39,10348207200.0,0.0009157474754101543
2017-05-06T00:00:00.000000,3393.48,3395.45,3366.63,3382.55,10989533600.0,0.0009587329241017629
2017-05-09T00:00:00.000000,3369.11,3374.16,3339.73,3358.81,12374928800.0,0.0010915787366355546
2017-05-10T00:00:00.000000,3342.6,3357.95,3327.68,3352.53,7677166400.0,0.001052389656752743
2017-05-11T00:00:00.000000,3350.65,3369.43,3336.06,3337.7,9208262400.0,0.0009282590414190974
2017-05-12T00:00:00.000000,3322.95,3359.59,3312.98,3356.65,10925288800.0,0.0013018825596328395
2017-05-13T00:00:00.000000,3350.94,3387.22,3349.19,3385.38,9338646400.0,0.0008681004370295172
2017-05-16T00:00:00.000000,3391.59,3406.58,3391.59,3399.19,8297760800.0,0.0007704073021000419
2017-05-17T00:00:00.000000,3390.93,3428.85,3373.73,3428.65,10524241600.0,0.001028892913606447
2017-05-18T00:00:00.000000,3423.19,3433.97,3408.33,3409.97,9973684000.0,0.0006644254136422247
2017-05-19T00:00:00.000000,3387.67,3409.93,3384.58,3398.11,8575959200.0,0.0009539583550247077
2017-05-20T00:00:00.000000,3395.23,3405.91,3392.41,3403.85,7147352800.0,0.0006238003942091268
2017-05-23T00:00:00.000000,3400.59,3424.04,3391.26,3411.24,9253956000.0,0.0010720831988758712
2017-05-24T00:00:00.000000,3405.03,3434.72,3401.54,3424.19,11691103200.0,0.0011182158690938107
2017-05-25T00:00:00.000000,3409.72,3424.17,3384.23,3424.17,8355316000.0,0.0013664795649671081
2017-05-26T00:00:00.000000,3414.4,3490.29,3413.66,3485.66,13072163200.0,0.0014162830304557754
2017-05-27T00:00:00.000000,3479.62,3498.31,3473.09,3480.43,10324115200.0,0.0009094082485973838
2017-06-01T00:00:00.000000,3495.07,3515.03,3475.06,3492.88,10482974400.0,0.0012501596157111726
2017-06-02T00:00:00.000000,3485.22,3499.74,3476.75,3497.74,10312772800.0,0.0009673978156345952
2017-06-03T00:00:00.000000,3491.59,3498.01,3470.24,3486.51,8266800800.0,0.0009358124794741452
2017-06-06T00:00:00.000000,3480.17,3484.1,3462.73,3468.75,7973815200.0,0.0007355547993842241
2017-06-07T00:00:00.000000,3464.38,3492.88,3460.59,3492.88,6408938800.0,0.0007834895133795258
2017-06-08T00:00:00.000000,3493.88,3537.05,3491.19,3533.87,10441996800.0,0.0008536584883166017
2017-06-09T00:00:00.000000,3531.24,3562.27,3528.18,3560.98,9022490400.0,0.0006229516782605294
2017-06-10T00:00:00.000000,3561.24,3590.85,3560.63,3576.17,10118826400.0,0.0008857776530441981
2017-06-13T00:00:00.000000,3570.22,3603.46,3565.98,3574.39,9038116800.0,0.0008803090226353465
2017-06-14T00:00:00.000000,3569.16,3583.97,3559.21,3582.27,7517713600.0,0.0006734836356788444
2017-06-15T00:00:00.000000,3571.25,3571.25,3530.27,3535.3,8381078400.0,0.0010789996451503543
2017-06-16T00:00:00.000000,3530.75,3542.28,3509.08,3528.79,8263253600.0,0.0008032992352190669
2017-06-17T00:00:00.000000,3522.97,3535.94,3514.69,3518.76,7645270400.0,0.0005228781166863087
2017-06-20T00:00:00.000000,3520.06,3554.82,3520.06,3553.67,7979714400.0,0.0007660066163573655
2017-06-21T00:00:00.000000,3560.79,3563.7,3539.51,3546.49,8050956000.0,0.0006255138792625888
2017-06-22T00:00:00.000000,3567.13,3587.98,3545.59,3587.95,8785982400.0,0.0008890186540299315
2017-06-23T00:00:00.000000,3583.56,3635.53,3581.46,3590.34,13552699200.0,0.0012116800729614393
2017-06-24T00:00:00.000000,3583.44,3622.95,3569.34,3622.88,10512913600.0,0.0013123601980581968
2017-06-27T00:00:00.000000,3627.02,3671.88,3627.02,3668.09,13463800000.0,0.0013568307791741153
2017-06-28T00:00:00.000000,3665.58,3676.52,3648.76,3674.72,9755870400.0,0.0008664674727223696
2017-06-29T00:00:00.000000,3664.16,3672.19,3644.03,3646.17,9792085600.0,0.0010815077845129153
2017-06-30T00:00:00.000000,3649.25,3669.07,3644.78,3668.83,8558949600.0,0.0007363129830574845
2017-07-01T00:00:00.000000,3654.73,3669.73,3646.25,3666.8,8151003200.0,0.0008630479217829768
2017-07-04T00:00:00.000000,3667.23,3667.46,3633.87,3650.85,8882086400.0,0.0007604970485571117
2017-07-05T00:00:00.000000,3646.83,3646.85,3611.74,3619.98,9507141600.0,0.0010140743287112572
2017-07-06T00:00:00.000000,3611.9,3660.73,3610.46,3659.68,8823242400.0,0.0008674438593851475
2017-07-07T00:00:00.000000,3654.56,3666.71,3629.56,3660.1,10237924800.0,0.0009593818234015122
2017-07-08T00:00:00.000000,3647.64,3657.11,3631.92,3655.93,10373549600.0,0.0008478588671556741
2017-07-11T00:00:00.000000,3647.94,3667.85,3641.53,3653.69,12059190400.0,0.0009216789324288496
2017-07-12T00:00:00.000000,3646.88,3701.05,3646.03,3670.81,11876082400.0,0.0010433552395171795
2017-07-13T00:00:00.000000,3672.63,3691.35,3640.59,3658.82,12228779200.0,0.0014122758906169141
2017-07-14T00:00:00.000000,3656.35,3690.19,3652.66,3686.92,12566955200.0,0.0010362816290850753
2017-07-15T00:00:00.000000,3682.62,3702.95,3672.85,3703.09,10551400800.0,0.0008345651308045075
2017-07-18T00:00:00.000000,3700.62,3716.47,3621.37,3663.56,17882160000.0,0.0029857478263308275
2017-07-19T00:00:00.000000,3648.49,3667.29,3622.09,3667.18,12462205600.0,0.0014864735463189583
2017-07-20T00:00:00.000000,3660.87,3730.9,3658.58,3729.75,18247779200.0,0.0011817666481418751
2017-07-21T00:00:00.000000,3725.14,3750.06,3723.42,3747.88,14241003200.0,0.0009130713887927006
2017-07-22T00:00:00.000000,3738.18,3751.46,3722.08,3728.6,11794122400.0,0.0009373712418142794
2017-07-25T00:00:00.000000,3724.38,3755.11,3719.91,3743.47,13486872000.0,0.0009390593737579364
2017-07-26T00:00:00.000000,3742.64,3751.99,3713.41,3719.56,12167205600.0,0.0010423117598994786
2017-07-27T00:00:00.000000,3722.88,3738.45,3684.46,3705.39,13632521600.0,0.001240506301176717
2017-07-28T00:00:00.000000,3700.86,3716.69,3672.51,3712.19,14500291200.0,0.0011191492660032258
2017-07-29T00:00:00.000000,3703.49,3725.38,3697.01,3721.89,11141140000.0,0.0009726095683083146
2017-08-01T00:00:00.000000,3722.43,3746.36,3713.74,3737.87,14842904000.0,0.0007075638179103522
2017-08-02T00:00:00.000000,3738.74,3770.4,3737.27,3770.38,15254654400.0,0.0008820461557935438
2017-08-03T00:00:00.000000,3768.19,3784.35,3759.47,3760.85,17229337600.0,0.0008238812623290028
2017-08-04T00:00:00.000000,3755.11,3766.02,3718.5,3727.83,14615395200.0,0.000910071223803213
2017-08-05T00:00:00.000000,3724.72,3738.58,3707.05,3707.58,15747006400.0,0.0009901596138969248
2017-08-08T00:00:00.000000,3701.22,3730.7,3689.96,3726.79,12423152800.0,0.0008371904827077927
2017-08-09T00:00:00.000000,3724.33,3737.3,3718.91,3732.21,13724192000.0,0.0007362438929307925
2017-08-10T00:00:00.000000,3728.03,3738.74,3713.62,3731.04,12467999200.0,0.0007336421164697549
2017-08-11T00:00:00.000000,3724.96,3746.86,3688.18,3715.92,13008512800.0,0.001180788225813331
2017-08-12T00:00:00.000000,3687.93,3700.14,3645.21,3647.35,15038742400.0,0.0015044526620624796
2017-08-15T00:00:00.000000,3651.38,3698.3,3651.38,3694.68,11530844800.0,0.000807548242155948
2017-08-16T00:00:00.000000,3695.78,3719.17,3692.35,3706.06,10644485600.0,0.0007462190239783658
2017-08-17T00:00:00.000000,3701.13,3707.14,3679.81,3701.42,10413414400.0,0.0007883362208118864
2017-08-18T00:00:00.000000,3707.07,3722.57,3704.49,3721.28,10865624800.0,0.0005751098128218076
2017-08-19T00:00:00.000000,3707.19,3733.49,3700.48,3724.67,9656170400.0,0.0008117974407191416
2017-08-22T00:00:00.000000,3731.84,3744.17,3728.74,3740.99,10031307200.0,0.0007672267790009908
2017-08-23T00:00:00.000000,3745.75,3758.23,3734.6,3752.3,10029285600.0,0.0007299062399346905
2017-08-24T00:00:00.000000,3747.61,3772.24,3741.74,3756.09,10496157600.0,0.000818995478043546
2017-08-25T00:00:00.000000,3755.89,3765.68,3729.33,3734.65,8994737600.0,0.0008080706404696421
2017-08-26T00:00:00.000000,3736.29,3795.93,3736.29,3795.75,12994089600.0,0.0009549249128458435
2017-08-29T00:00:00.000000,3805.66,3866.61,3805.66,3842.71,18557632000.0,0.0013809021781487215
2017-08-30T00:00:00.000000,3839.18,3847.8,3825.82,3834.54,12822707200.0,0.0008633832860370347
2017-08-31T00:00:00.000000,3834.27,3854.58,3828.12,3834.3,14135286400.0,0.0009203349329171138
2017-09-01T00:00:00.000000,3835.84,3840.16,3801.01,3822.09,13294493600.0,0.0008373602408621663
2017-09-02T00:00:00.000000,3825.34,3843.52,3818.43,3830.54,15864550400.0,0.000770933591629215
2017-09-05T00:00:00.000000,3828.54,3847.0,3813.65,3845.62,14956632000.0,0.0007850177322410715
2017-09-06T00:00:00.000000,3845.55,3865.13,3842.15,3857.05,12496415200.0,0.0006982336533934674
2017-09-07T00:00:00.000000,3846.75,3858.23,3831.38,3849.45,13139872000.0,0.0007422950573497947
2017-09-08T00:00:00.000000,3851.69,3858.06,3829.06,3829.87,12388418400.0,0.0007437543178482957
2017-09-09T00:00:00.000000,3830.07,3842.94,3814.05,3825.99,10603650400.0,0.0007314920641280181
2017-09-12T00:00:00.000000,3828.34,3850.71,3817.73,3825.65,12388400000.0,0.0008471794455797632
2017-09-13T00:00:00.000000,3832.24,3849.15,3822.07,3837.93,14419024000.0,0.0007168381260063745
2017-09-14T00:00:00.000000,3835.55,3847.74,3823.14,3842.61,9541078400.0,0.0006487797397767861
2017-09-15T00:00:00.000000,3843.57,3854.38,3820.2,3829.96,11535858400.0,0.0006821891096413899
2017-09-16T00:00:00.000000,3826.14,3843.19,3818.6,3831.3,12242700800.0,0.0008799439237007652
2017-09-19T00:00:00.000000,3832.96,3862.36,3832.96,3843.14,11793440800.0,0.0009475430443061329
2017-09-20T00:00:00.000000,3849.88,3857.3,3820.31,3832.12,11243298400.0,0.0007780989305727128
2017-09-21T00:00:00.000000,3830.15,3850.94,3828.06,3842.44,10112950400.0,0.0005418321993875905
2017-09-22T00:00:00.000000,3843.26,3860.61,3837.48,3837.82,11109819200.0,0.0005920147060594924
2017-09-23T00:00:00.000000,3826.46,3842.25,3816.95,3837.73,10061980000.0,0.0008806392131199829
2017-09-26T00:00:00.000000,3829.22,3835.27,3811.41,3817.79,10394897600.0,0.0008293218873549351
2017-09-27T00:00:00.000000,3810.33,3821.63,3808.51,3820.78,8186940800.0,0.0005476366756671021
2017-09-28T00:00:00.000000,3818.96,3832.36,3818.96,3821.2,8565580800.0,0.00037126852358528245
2017-09-29T00:00:00.000000,3821.59,3827.33,3813.89,3822.54,9354407200.0,0.00043714649673420007
2017-09-30T00:00:00.000000,3825.2,3851.97,3825.2,3836.5,9330603200.0,0.0006991390750436131
2017-10-10T00:00:00.000000,3910.11,3918.68,3876.31,3882.21,13553590400.0,0.0025188442326449117
2017-10-11T00:00:00.000000,3883.0,3900.68,3855.55,3889.86,11253258400.0,0.000964852479575065
2017-10-12T00:00:00.000000,3886.82,3912.94,3885.5,3902.69,10441815200.0,0.0006144657866233759
2017-10-13T00:00:00.000000,3902.02,3917.44,3897.62,3912.95,9434092000.0,0.0005881383333880873
2017-10-14T00:00:00.000000,3912.98,3927.1,3908.93,3921.0,9014206400.0,0.0004871980818125662
2017-10-17T00:00:00.000000,3926.28,3947.27,3913.32,3913.45,12135503200.0,0.0007283236566677571
2017-10-18T00:00:00.000000,3910.79,3924.61,3900.73,3913.07,8224121600.0,0.0006438948960972858
2017-10-19T00:00:00.000000,3914.82,3944.12,3914.82,3944.16,10096984000.0,0.0006081803085872576
2017-10-20T00:00:00.000000,3940.58,3944.0,3923.75,3931.25,10652724800.0,0.0006364142384670421
2017-10-21T00:00:00.000000,3918.53,3928.93,3910.39,3926.85,7298017600.0,0.0006268602610042778
2017-10-24T00:00:00.000000,3930.89,3936.2,3920.89,3930.8,8148497600.0,0.0004527863278157324
2017-10-25T00:00:00.000000,3926.23,3959.48,3922.22,3959.4,9305815200.0,0.0006257004357106335
2017-10-26T00:00:00.000000,3958.17,3978.09,3954.0,3976.95,8820545600.0,0.0004836583477203511
2017-10-27T00:00:00.000000,3980.05,4013.39,3973.74,3993.58,12989546400.0,0.0008778181736374663
2017-10-28T00:00:00.000000,3992.55,4024.19,3991.47,4021.97,12667284800.0,0.0008824048548635824
2017-10-31T00:00:00.000000,4022.16,4032.95,3960.42,4009.72,15738760000.0,0.0014351885873718415
2017-11-01T00:00:00.000000,3995.39,4009.2,3983.3,4006.72,10917877600.0,0.0008087833536839806
2017-11-02T00:00:00.000000,4007.91,4032.24,3991.32,3996.62,13041737600.0,0.0009049258093422699
2017-11-03T00:00:00.000000,3994.09,3999.0,3971.38,3997.13,12610057600.0,0.0009296770743538844
2017-11-04T00:00:00.000000,3992.35,3999.31,3963.33,3992.7,12940444000.0,0.0010669410832549234
2017-11-07T00:00:00.000000,3989.18,4021.64,3975.43,4020.89,12208116000.0,0.0007932667076077016
2017-11-08T00:00:00.000000,4022.4,4064.18,4021.36,4054.25,15211665600.0,0.0011540321301026788
2017-11-09T00:00:00.000000,4051.49,4088.99,4040.63,4048.01,15082771200.0,0.0010091330599353375
2017-11-10T00:00:00.000000,4043.07,4076.59,4038.73,4075.9,12105633600.0,0.0007561753860782005
2017-11-11T00:00:00.000000,4070.28,4116.62,4068.07,4111.91,14181716800.0,0.0008878757148502466
2017-11-14T00:00:00.000000,4115.55,4137.65,4115.55,4128.07,15144630400.0,0.0008719504145798183
2017-11-15T00:00:00.000000,4129.27,4133.54,4087.24,4099.35,14323692800.0,0.0010172367215452135
2017-11-16T00:00:00.000000,4084.21,4102.75,4055.82,4073.67,12063569600.0,0.0012274169654304886
2017-11-17T00:00:00.000000,4063.49,4107.31,4062.59,4105.01,12138441600.0,0.0008756757998460716
2017-11-18T00:00:00.000000,4094.08,4122.27,4081.71,4120.85,19178411200.0,0.0012431023429782322
2017-11-21T00:00:00.000000,4093.73,4144.51,4061.21,4143.83,13744726400.0,0.002011874394028692
2017-11-22T00:00:00.000000,4131.85,4220.26,4129.98,4217.7,18035081600.0,0.0014614989321205755
2017-11-23T00:00:00.000000,4228.37,4260.47,4191.15,4227.57,18647700800.0,0.0017533940154095427
2017-11-24T00:00:00.000000,4213.38,4214.13,4086.94,4102.4,17814723200.0,0.00232802805529899
2017-11-25T00:00:00.000000,4089.47,4116.34,4057.52,4104.2,13085804000.0,0.001775025305943461
2017-11-28T00:00:00.000000,4088.93,4088.93,4037.16,4049.95,14345526400.0,0.0022338923080408787
2017-11-29T00:00:00.000000,4034.21,4056.42,4010.52,4055.82,10205809600.0,0.0011288288300252158
2017-11-30T00:00:00.000000,4061.35,4069.21,4004.69,4053.75,12455364000.0,0.0013057194614668564
2017-12-01T00:00:00.000000,4034.01,4052.8,3988.0,4006.1,10798334400.0,0.0017916388342740664
2017-12-02T00:00:00.000000,4003.56,4027.11,3984.38,3998.14,9738691200.0,0.001292260894797358
2017-12-05T00:00:00.000000,3989.05,4032.72,3982.32,4018.86,10264721600.0,0.0011922990100490494
2017-12-06T00:00:00.000000,4007.94,4045.72,4007.94,4040.17,15408707200.0,0.0009260818907088622
2017-12-07T00:00:00.000000,4027.12,4031.74,3964.81,4015.82,10928620800.0,0.0014460478962056527
2017-12-08T00:00:00.000000,4003.58,4017.95,3955.99,3971.06,9025404800.0,0.0010663993449736681
2017-12-09T00:00:00.000000,3962.83,4014.14,3955.8,4003.38,8928286400.0,0.0011706749264414628
2017-12-12T00:00:00.000000,4006.88,4069.45,4005.33,4069.5,9714894400.0,0.0008972650359883269
2017-12-13T00:00:00.000000,4068.51,4069.89,4015.49,4016.02,8433872000.0,0.0008772413686651525
2017-12-14T00:00:00.000000,4013.83,4052.54,4004.83,4050.09,7754612800.0,0.001117317953549486
2017-12-15T00:00:00.000000,4050.9,4057.34,4013.85,4026.15,8076886400.0,0.0010255917833958451
2017-12-16T00:00:00.000000,4018.73,4020.27,3975.1,3980.86,8904439200.0,0.0012174585934408811
2017-12-19T00:00:00.000000,3983.3,4007.95,3967.96,3985.29,7785337600.0,0.0010993421767924417
2017-12-20T00:00:00.000000,3985.82,4035.63,3985.82,4035.33,7752898400.0,0.0007329932138742456
2017-12-21T00:00:00.000000,4036.02,4044.75,4015.86,4030.49,9060450400.0,0.0009122150196718751
2017-12-22T00:00:00.000000,4023.08,4080.66,4014.65,4067.85,9683608800.0,0.0010638290308588726
2017-12-23T00:00:00.000000,4064.91,4076.8,4048.81,4054.6,7347368000.0,0.000689489042993325
2017-12-26T00:00:00.000000,4057.42,4086.72,4026.54,4041.54,9192696000.0,0.0011196999371757296
2017-12-27T00:00:00.000000,4040.62,4056.81,4015.3,4053.62,9111879200.0,0.0010183599477349703
2017-12-28T00:00:00.000000,4045.28,4047.7,3986.74,3991.21,10515357600.0,0.0011460839213132822
2017-12-29T00:00:00.000000,3993.0,4036.65,3980.25,4018.9,11854288800.0,0.0010712141398817431
2017-12-30T00:00:00.000000,4022.88,4043.04,4012.89,4030.85,9048668000.0,0.0007678844199987723
2018-01-03T00:00:00.000000,4045.21,4087.78,4045.21,4087.4,14693544000.0,0.0013522441782501983
2018-01-04T00:00:00.000000,4091.46,4140.05,4088.88,4111.39,15181055700.0,0.0010330734008850131
2018-01-05T00:00:00.000000,4114.12,4137.64,4105.95,4128.81,13454379400.0,0.0007828867359086722
2018-01-06T00:00:00.000000,4133.34,4151.09,4123.37,4138.75,14900987200.0,0.0008982363166911185
2018-01-09T00:00:00.000000,4140.85,4166.21,4127.41,4160.16,17387766400.0,0.0009161713806951459
2018-01-10T00:00:00.000000,4157.54,4191.28,4153.7,4189.3,13903428800.0,0.0007511871633571432
2018-01-11T00:00:00.000000,4187.2,4211.0,4175.14,4207.81,15112166400.0,0.0010961569427543017
2018-01-12T00:00:00.000000,4197.11,4211.59,4182.06,4205.59,12157853600.0,0.0012047508014706011
2018-01-13T00:00:00.000000,4205.14,4227.32,4199.19,4225.0,11135479200.0,0.0008850142800545076
2018-01-16T00:00:00.000000,4229.84,4262.87,4216.46,4225.24,17090790400.0,0.0014856551121731076
2018-01-17T00:00:00.000000,4215.62,4260.21,4213.25,4258.47,16149496000.0,0.0011521649830742008
2018-01-18T00:00:00.000000,4261.78,4283.12,4230.7,4248.12,21431104000.0,0.0018627982030104365
2018-01-19T00:00:00.000000,4259.38,4292.62,4246.99,4271.42,17203284800.0,0.0015764960806928113
2018-01-20T00:00:00.000000,4281.94,4316.57,4269.72,4285.4,20949057600.0,0.001362329063827767
2018-01-23T00:00:00.000000,4276.48,4338.48,4276.02,4336.6,17464320000.0,0.001150626649005791
2018-01-24T00:00:00.000000,4346.89,4383.57,4346.79,4382.61,20186758400.0,0.0014098108698043026
2018-01-25T00:00:00.000000,4389.45,4397.57,4349.23,4389.89,21981889600.0,0.0011676785242760975
2018-01-26T00:00:00.000000,4381.98,4392.2,4336.24,4365.08,19537494400.0,0.001348158792780574
2018-01-27T00:00:00.000000,4352.22,4403.06,4351.56,4381.3,17722723200.0,0.001040828229622351
2018-01-30T00:00:00.000000,4387.06,4395.74,4287.49,4302.02,19110035200.0,0.0015244707080842785
2018-01-31T00:00:00.000000,4286.68,4308.43,4251.64,4256.1,13903473600.0,0.0014319104405779131
2018-02-01T00:00:00.000000,4234.11,4287.57,4233.14,4275.9,14521016000.0,0.0013741775770040297
2018-02-02T00:00:00.000000,4276.34,4287.38,4214.29,4245.9,19000292800.0,0.001761247565924147
2018-02-03T00:00:00.000000,4213.94,4271.76,4181.93,4271.23,14606683200.0,0.0024744525446025135
2018-02-06T00:00:00.000000,4204.46,4274.15,4200.34,4274.15,16134779200.0,0.001691386384908575
2018-02-07T00:00:00.000000,4182.33,4211.35,4131.79,4148.89,21491044800.0,0.0032818237064215455
2018-02-08T00:00:00.000000,4205.74,4212.43,4048.85,4050.5,20312748800.0,0.0032252666651827423
2018-02-09T00:00:00.000000,4022.88,4071.44,3974.69,4012.05,15926998400.0,0.0023114333316471432
2018-02-10T00:00:00.000000,3896.17,3910.74,3759.47,3840.65,20634982400.0,0.006178839634537665
2018-02-13T00:00:00.000000,3846.27,3907.73,3828.07,3890.1,11618264000.0,0.0016563429285930405
2018-02-14T00:00:00.000000,3925.6,3986.98,3925.6,3935.63,11256588800.0,0.0022364831433075963
2018-02-15T00:00:00.000000,3945.09,3971.35,3923.22,3966.96,7108133600.0,0.000973663757015584
2018-02-23T00:00:00.000000,4020.97,4058.79,4009.95,4052.73,10581156800.0,0.0021706877077710147
2018-02-24T00:00:00.000000,4061.75,4085.17,4035.37,4071.09,9945874400.0,0.001138562932982163
2018-02-27T00:00:00.000000,4093.4,4128.63,4049.03,4118.42,13788100800.0,0.0017323065454168559
2018-02-28T00:00:00.000000,4120.87,4120.87,4051.96,4058.98,12593447200.0,0.0013079450003247704
2018-03-01T00:00:00.000000,4016.79,4051.69,3991.77,4023.64,10934359200.0,0.0024037252591762484
2018-03-02T00:00:00.000000,3994.87,4060.72,3987.01,4049.09,11019985600.0,0.0013386077604156848
2018-03-03T00:00:00.000000,4014.95,4044.36,4006.94,4016.46,9616500000.0,0.0014646418388750695
2018-03-06T00:00:00.000000,4021.66,4042.6,3996.09,4018.1,8795254400.0,0.0011913952822654088
2018-03-07T00:00:00.000000,4034.99,4067.53,3998.93,4066.56,13876244800.0,0.0012609688736599902
2018-03-08T00:00:00.000000,4063.5,4089.59,4028.07,4036.65,10695242400.0,0.000953698339733486
2018-03-09T00:00:00.000000,4038.95,4078.23,4029.71,4077.6,9115580800.0,0.0010429059565588113
2018-03-10T00:00:00.000000,4088.07,4110.07,4076.45,4108.87,11370180800.0,0.001038890861729142
2018-03-13T00:00:00.000000,4130.71,4139.38,4112.77,4127.67,14090673600.0,0.0011092164477858244
2018-03-14T00:00:00.000000,4124.33,4130.03,4087.57,4091.25,11176643200.0,0.0010130565186684973
2018-03-15T00:00:00.000000,4076.06,4088.96,4066.6,4073.34,9901340800.0,0.0008712865374707496
2018-03-16T00:00:00.000000,4058.71,4098.94,4058.71,4096.16,8816115200.0,0.0008806653451968881
2018-03-17T00:00:00.000000,4096.89,4110.05,4056.31,4056.42,8489619200.0,0.0007989276741833741
2018-03-20T00:00:00.000000,4054.62,4074.5,4033.73,4074.25,8150288000.0,0.0010033030962234943
2018-03-21T00:00:00.000000,4045.74,4080.15,4040.31,4077.7,8060528000.0,0.0011084374911612604
2018-03-22T00:00:00.000000,4097.02,4110.12,4046.24,4061.05,9760948800.0,0.0012533753282567722
2018-03-23T00:00:00.000000,4062.07,4072.35,4004.08,4020.35,8909525600.0,0.0011548856363939694
2018-03-24T00:00:00.000000,3896.74,3928.26,3835.07,3904.94,18008044800.0,0.005364772991932994
2018-03-27T00:00:00.000000,3862.69,3883.82,3829.92,3879.89,11513912800.0,0.0024213985850084032
2018-03-28T00:00:00.000000,3927.49,3936.63,3882.0,3913.27,11370071200.0,0.0021761213622103503
2018-03-29T00:00:00.000000,3865.05,3906.87,3835.88,3842.72,10149491200.0,0.002119876249680617
2018-03-30T00:00:00.000000,3854.59,3913.85,3794.29,3894.05,11662906400.0,0.00198245903630491
2018-03-31T00:00:00.000000,3893.75,3915.35,3879.25,3898.5,9751227200.0,0.0010241657661264178
2018-04-03T00:00:00.000000,3897.01,3936.87,3882.89,3886.92,11124266400.0,0.0014877266196092142
2018-04-04T00:00:00.000000,3850.15,3878.15,3840.27,3862.48,9513736800.0,0.0019320332821611854
2018-04-05T00:00:00.000000,3873.63,3898.51,3852.71,3854.86,8873060800.0,0.0013087114561503971
2018-04-10T00:00:00.000000,3851.95,3870.67,3827.49,3852.93,8410546400.0,0.001469873728363998
2018-04-11T00:00:00.000000,3860.72,3927.42,3851.8,3927.17,10617372000.0,0.0010679588398451925
2018-04-12T00:00:00.000000,3934.17,3958.7,3925.03,3938.34,11193302400.0,0.0011532616367816997
2018-04-13T00:00:00.000000,3935.67,3937.78,3896.34,3898.64,8269948800.0,0.0008465414155663435
2018-04-14T00:00:00.000000,3920.74,3929.83,3866.39,3871.14,7154420000.0,0.0014766640874155337
2018-04-17T00:00:00.000000,3862.47,3869.16,3789.69,3808.86,9921776800.0,0.001347438435276326
2018-04-18T00:00:00.000000,3812.87,3822.63,3745.5,3748.64,9061079200.0,0.0015330543429398307
2018-04-19T00:00:00.000000,3785.31,3789.66,3708.27,3766.28,10667670400.0,0.002151987773686577
2018-04-20T00:00:00.000000,3774.78,3823.81,3767.92,3811.84,9905406400.0,0.0012401928479165542
2018-04-21T00:00:00.000000,3801.21,3815.19,3750.11,3760.85,9928292800.0,0.0015811256301929393
2018-04-24T00:00:00.000000,3754.69,3787.26,3735.38,3766.33,9035628800.0,0.0015680041416157833
2018-04-25T00:00:00.000000,3769.88,3854.22,3769.88,3843.49,11421952800.0,0.0015013789487006517
2018-04-26T00:00:00.000000,3824.59,3838.61,3817.1,3828.7,7817260800.0,0.0010670069374518886
2018-04-27T00:00:00.000000,3823.39,3828.47,3744.99,3755.49,8715064000.0,0.0011895902598358708
2018-04-28T00:00:00.000000,3771.04,3776.98,3714.64,3756.88,8953172800.0,0.0015619762327164792
2018-05-03T00:00:00.000000,3769.93,3787.3,3744.63,3763.65,8330103200.0,0.001041645774718353
2018-05-04T00:00:00.000000,3756.17,3797.27,3732.47,3793.0,9396112000.0,0.0014173126410676716
2018-05-05T00:00:00.000000,3784.32,3801.52,3770.98,3774.6,7155428800.0,0.0009342652149272321
2018-05-08T00:00:00.000000,3782.54,3834.55,3776.03,3834.19,8728619200.0,0.0010017011354427018
2018-05-09T00:00:00.000000,3834.61,3891.89,3833.79,3878.68,9421516000.0,0.0010145208195778102
2018-05-10T00:00:00.000000,3876.13,3878.94,3855.74,3871.62,6671296800.0,0.0007838577867726903
2018-05-11T00:00:00.000000,3882.84,3894.39,3867.36,3893.06,7066780800.0,0.0011297468057080348
2018-05-12T00:00:00.000000,3902.15,3903.34,3872.01,3872.84,7335660800.0,0.0009341154832206566
2018-05-15T00:00:00.000000,3886.87,3919.23,3886.87,3909.29,8197600000.0,0.0014848863037580855
2018-05-16T00:00:00.000000,3920.14,3924.34,3893.0,3924.1,7604955200.0,0.0007950051129602004
2018-05-17T00:00:00.000000,3909.82,3923.31,3889.37,3892.84,7191364800.0,0.0010869978901589055
2018-05-18T00:00:00.000000,3895.49,3899.44,3858.99,3864.05,5903012400.0,0.0008457567722511743
2018-05-19T00:00:00.000000,3860.16,3903.06,3842.11,3903.06,7261395200.0,0.001036990818056241
2018-05-22T00:00:00.000000,3925.54,3937.46,3913.74,3921.24,9264173600.0,0.0014548520721234927
2018-05-23T00:00:00.000000,3918.82,3918.82,3881.18,3906.21,7536877600.0,0.0006920355801128213
2018-05-24T00:00:00.000000,3898.27,3898.27,3854.58,3854.58,8372232000.0,0.0009807776571340678
2018-05-25T00:00:00.000000,3853.29,3859.03,3823.94,3827.22,6834502400.0,0.000805780336755696
2018-05-26T00:00:00.000000,3823.74,3840.95,3804.22,3816.5,7083638400.0,0.0009564605834179535
2018-05-29T00:00:00.000000,3816.26,3846.44,3799.32,3833.26,7152113600.0,0.0010382106381141307
2018-05-30T00:00:00.000000,3824.19,3841.78,3800.67,3804.01,8155266400.0,0.001063486558567236
2018-05-31T00:00:00.000000,3755.18,3767.65,3722.41,3723.37,8791328800.0,0.002766905742869567
2018-06-01T00:00:00.000000,3749.3,3804.79,3742.57,3802.38,9266689600.0,0.001769916313793331
2018-06-02T00:00:00.000000,3789.67,3802.4,3754.11,3770.59,7782181600.0,0.0014950139827172861
2018-06-05T00:00:00.000000,3785.19,3813.21,3776.73,3807.58,7662434400.0,0.0011647786834650933
2018-06-06T00:00:00.000000,3811.29,3845.56,3801.03,3845.32,7868736000.0,0.0008578729218921245
2018-06-07T00:00:00.000000,3839.68,3848.2,3830.94,3837.35,7311724000.0,0.0007779000600529907
2018-06-08T00:00:00.000000,3846.94,3859.85,3827.71,3831.01,8025614400.0,0.000951062231916901
2018-06-09T00:00:00.000000,3819.45,3819.45,3759.28,3779.62,8333733600.0,0.001107986603491133
2018-06-12T00:00:00.000000,3770.21,3792.55,3756.51,3779.98,6870983200.0,0.0013624731626256956
2018-06-13T00:00:00.000000,3783.19,3830.47,3765.27,3825.95,7320624000.0,0.001232760485814538
2018-06-14T00:00:00.000000,3814.62,3817.45,3782.25,3788.34,6637796800.0,0.001165201397960228
2018-06-15T00:00:00.000000,3774.64,3808.0,3759.34,3773.37,6847132000.0,0.0012631536591192576
2018-06-16T00:00:00.000000,3763.04,3780.32,3737.49,3753.43,8548889600.0,0.001473963031640075
2018-06-20T00:00:00.000000,3702.67,3712.82,3583.22,3621.12,16070654400.0,0.003426944589219898
2018-06-21T00:00:00.000000,3602.55,3649.26,3578.33,3635.44,8671809600.0,0.0016121337354073606
2018-06-22T00:00:00.000000,3633.56,3673.48,3589.62,3592.97,9390855200.0,0.001695299503035891
2018-06-23T00:00:00.000000,3567.89,3609.08,3542.83,3608.9,7511786400.0,0.002497649186186655
2018-06-26T00:00:00.000000,3625.8,3630.82,3559.51,3560.48,7987708000.0,0.0012743883485691586
2018-06-27T00:00:00.000000,3521.59,3541.75,3478.23,3531.11,8498527200.0,0.002475396092422534
2018-06-28T00:00:00.000000,3525.13,3537.55,3442.08,3459.26,8149181600.0,0.0015965846322763154
2018-06-29T00:00:00.000000,3434.94,3477.01,3417.09,3423.53,7591804800.0,0.001868939377072328
2018-06-30T00:00:00.000000,3431.96,3512.11,3425.22,3510.98,7725703200.0,0.001563496387155602
2018-07-03T00:00:00.000000,3504.46,3506.75,3383.73,3407.96,8435144800.0,0.0018079092646652185
2018-07-04T00:00:00.000000,3410.48,3421.64,3319.41,3409.28,9527869600.0,0.002707705175730794
2018-07-05T00:00:00.000000,3398.78,3417.99,3359.24,3363.75,7515800000.0,0.0019416829090611908
2018-07-06T00:00:00.000000,3365.55,3398.35,3330.83,3342.44,8158798400.0,0.0017816627746160198
2018-07-07T00:00:00.000000,3347.06,3396.25,3295.73,3365.12,8609757600.0,0.0025703677161971624
2018-07-10T00:00:00.000000,3378.91,3459.32,3378.91,3459.18,7660154400.0,0.0019268958232757844
2018-07-11T00:00:00.000000,3464.91,3473.83,3437.36,3467.52,6954882400.0,0.0012542826020614931
2018-07-12T00:00:00.000000,3398.93,3427.38,3375.32,3407.53,7204095200.0,0.003686813245367433
2018-07-13T00:00:00.000000,3403.33,3498.97,3403.33,3481.06,9635356800.0,0.0014704511378702853
2018-07-14T00:00:00.000000,3488.5,3499.57,3474.91,3492.69,7295589600.0,0.0009270247348827613
2018-07-17T00:00:00.000000,3488.97,3506.21,3459.83,3472.09,6828200000.0,0.001373433610327958
2018-07-18T00:00:00.000000,3466.42,3467.01,3420.97,3449.38,6198307600.0,0.001165210011689664
2018-07-19T00:00:00.000000,3456.61,3479.22,3430.28,3431.32,6653032800.0,0.0012710511451843904
2018-07-20T00:00:00.000000,3444.8,3466.23,3418.08,3428.34,6847771200.0,0.0012302152060547908
2018-07-21T00:00:00.000000,3426.46,3505.83,3398.96,3492.89,10198472800.0,0.00185355690121668
2018-07-24T00:00:00.000000,3471.86,3527.49,3464.67,3525.75,11903662400.0,0.0014211472507707735
2018-07-25T00:00:00.000000,3530.66,3596.47,3530.66,3581.71,15691243200.0,0.0017275726653479785
2018-07-26T00:00:00.000000,3589.51,3589.98,3566.32,3577.75,9675850400.0,0.0008140098635831144
2018-07-27T00:00:00.000000,3583.32,3593.79,3528.72,3536.25,9034964000.0,0.00114861330828447
2018-07-28T00:00:00.000000,3533.77,3545.27,3512.7,3521.23,7017809600.0,0.0012338168460353726
2018-07-31T00:00:00.000000,3520.85,3550.9,3489.71,3515.08,8211699200.0,0.0017058752642829873
2018-08-01T00:00:00.000000,3510.47,3528.07,3493.18,3517.66,6798081600.0,0.001197620016023099
2018-08-02T00:00:00.000000,3530.03,3543.45,3446.78,3447.39,9034861600.0,0.0015909419337392173
2018-08-03T00:00:00.000000,3434.35,3434.35,3322.29,3370.96,10130872800.0,0.002134631301074675
2018-08-04T00:00:00.000000,3366.66,3381.16,3315.2,3315.28,7079691200.0,0.00163435593682953
2018-08-07T00:00:00.000000,3312.82,3344.25,3257.81,3273.27,7797508000.0,0.002179260108067577
2018-08-08T00:00:00.000000,3284.98,3368.87,3263.5,3368.87,9178392000.0,0.002044342298907328
2018-08-09T00:00:00.000000,3362.15,3368.16,3311.88,3314.51,7928486400.0,0.001743881287388847
2018-08-10T00:00:00.000000,3303.48,3408.27,3299.87,3397.53,9195756800.0,0.0015764529715858598
2018-08-11T00:00:00.000000,3398.41,3423.99,3380.57,3405.02,6896729600.0,0.0013373112879820493
2018-08-14T00:00:00.000000,3369.98,3396.12,3336.77,3390.34,7619153600.0,0.0020343835847151893
2018-08-15T00:00:00.000000,3386.48,3391.65,3356.65,3372.91,6065144800.0,0.00121589789538658
2018-08-16T00:00:00.000000,3371.96,3372.14,3288.71,3291.98,6817405600.0,0.0013731539879896946
2018-08-17T00:00:00.000000,3251.86,3315.14,3231.56,3276.73,7654736800.0,0.003627108105345132
2018-08-18T00:00:00.000000,3305.9,3311.35,3224.1,3229.62,6739541600.0,0.0015877794766722612
2018-08-21T00:00:00.000000,3238.22,3267.25,3209.15,3267.25,7090422400.0,0.002257432979013584
2018-08-22T00:00:00.000000,3271.84,3331.67,3270.18,3326.65,7520558400.0,0.0012591205630156732
2018-08-23T00:00:00.000000,3328.97,3328.97,3299.46,3307.95,5078705600.0,0.0010375402822468648
2018-08-24T00:00:00.000000,3308.46,3336.07,3285.9,3320.03,6111233600.0,0.0018290570616975022
2018-08-25T00:00:00.000000,3308.48,3352.98,3292.18,3325.33,6376589600.0,0.0016989941037229715
2018-08-28T00:00:00.000000,3339.39,3406.57,3339.39,3406.57,9427008000.0,0.001567024014935287
2018-08-29T00:00:00.000000,3408.15,3416.57,3388.97,3400.17,7544536000.0,0.0009848159479805736
2018-08-30T00:00:00.000000,3393.05,3398.64,3377.16,3386.57,6702040400.0,0.0009991067782034175
2018-08-31T00:00:00.000000,3385.81,3402.39,3349.59,3351.09,6838528800.0,0.0011510048131724696
2018-09-01T00:00:00.000000,3333.38,3356.21,3311.13,3334.5,7620563200.0,0.001735130973655382
2018-09-04T00:00:00.000000,3320.69,3325.57,3292.06,3321.82,6642985600.0,0.0013098816655100023
2018-09-05T00:00:00.000000,3324.19,3370.86,3308.12,3363.9,6708880800.0,0.0014009914442879338
2018-09-06T00:00:00.000000,3349.7,3354.17,3298.14,3298.14,6430188800.0,0.0013536710861527935
2018-09-07T00:00:00.000000,3286.66,3311.38,3253.97,3262.88,6224522800.0,0.001436873983744494
2018-09-08T00:00:00.000000,3273.89,3316.48,3253.73,3277.64,6394740800.0,0.001854243736569097
2018-09-11T00:00:00.000000,3271.38,3277.88,3228.25,3230.07,6381705200.0,0.001536001647599295
2018-09-12T00:00:00.000000,3229.71,3245.52,3209.27,3224.21,5849130400.0,0.0013324210518257944
2018-09-13T00:00:00.000000,3216.99,3225.55,3195.09,3202.02,5462790000.0,0.0014983004505780629
2018-09-14T00:00:00.000000,3239.69,3249.59,3191.58,3236.57,6729032800.0,0.0020188664887216905
2018-09-15T00:00:00.000000,3242.83,3254.1,3228.02,3242.09,6013064000.0,0.0012188397578500052
2018-09-18T00:00:00.000000,3224.93,3230.77,3200.66,3204.92,5225954800.0,0.0014208173467514505
2018-09-19T00:00:00.000000,3193.64,3269.95,3193.64,3269.43,7042503200.0,0.0015070877357443479
2018-09-20T00:00:00.000000,3262.0,3335.99,3258.53,3312.48,8917066400.0,0.001453378921085688
2018-09-21T00:00:00.000000,3314.88,3332.31,3303.24,3310.13,6456105600.0,0.0010231334516840117
2018-09-22T00:00:00.000000,3320.7,3410.49,3307.93,3410.49,10841600800.0,0.0015774653773498182
2018-09-26T00:00:00.000000,3375.97,3394.2,3367.3,3379.8,6905469600.0,0.0015490065697702448
2018-09-27T00:00:00.000000,3388.56,3448.22,3383.38,3417.24,9317334400.0,0.0017605435532111577
2018-09-28T00:00:00.000000,3415.95,3423.58,3394.92,3403.59,6976524000.0,0.001063475781005035
2018-09-29T00:00:00.000000,3409.96,3444.98,3404.72,3438.86,8437776000.0,0.0012308030116537898
2018-10-09T00:00:00.000000,3361.56,3364.35,3285.29,3290.9,9788899200.0,0.0040271593067275355
2018-10-10T00:00:00.000000,3290.17,3309.8,3276.28,3288.69,6672327200.0,0.001395303364508011
2018-10-11T00:00:00.000000,3295.43,3315.71,3256.64,3281.6,6449282800.0,0.0016737691877751603
2018-10-12T00:00:00.000000,3179.54,3209.38,3099.04,3124.11,12094134400.0,0.004463758691276732
2018-10-13T00:00:00.000000,3123.37,3184.03,3095.19,3170.73,9861115200.0,0.0024313892525828205
2018-10-16T00:00:00.000000,3173.85,3182.95,3120.3,3126.45,6960502400.0,0.0016472470045409509
2018-10-17T00:00:00.000000,3128.58,3165.91,3089.42,3100.97,6888772000.0,0.0018888044415200874
2018-10-18T00:00:00.000000,3140.68,3149.13,3062.83,3118.25,7683713600.0,0.0026626322656200137
2018-10-19T00:00:00.000000,3097.79,3097.79,3043.61,3044.39,7377196800.0,0.0024610451045337426
2018-10-20T00:00:00.000000,3017.75,3137.43,3009.65,3134.95,9883968800.0,0.0022828803847553454
2018-10-23T00:00:00.000000,3159.56,3297.38,3159.56,3270.27,14586204800.0,0.0032222710343068296
2018-10-24T00:00:00.000000,3273.13,3275.78,3163.88,3183.43,12101324000.0,0.0019117292559795212
2018-10-25T00:00:00.000000,3169.46,3245.4,3164.57,3188.2,11090974400.0,0.0025219551632646125
2018-10-26T00:00:00.000000,3107.84,3197.28,3099.89,3194.31,10695181600.0,0.004541428800094275
2018-10-27T00:00:00.000000,3204.28,3218.05,3151.99,3173.64,10129935200.0,0.0019493155634321602
2018-10-30T00:00:00.000000,3157.49,3158.61,3062.87,3076.89,9183979200.0,0.0023022078941673904
2018-10-31T00:00:00.000000,3061.93,3146.63,3050.87,3110.26,11607010400.0,0.002487376580662406
2018-11-01T00:00:00.000000,3116.66,3168.79,3106.24,3153.82,11120745600.0,0.0015662215962463026
2018-11-02T00:00:00.000000,3185.2,3217.72,3173.18,3177.03,13265337600.0,0.0022956608380065684
2018-11-03T00:00:00.000000,3258.61,3290.25,3222.63,3290.25,15346611200.0,0.0037754822011490594
2018-11-06T00:00:00.000000,3269.47,3279.84,3230.38,3262.84,10970668000.0,0.0018672282421156546
2018-11-07T00:00:00.000000,3254.98,3254.98,3213.9,3243.15,8386913600.0,0.0016347456849291127
2018-11-08T00:00:00.000000,3243.88,3270.32,3218.42,3221.91,9159307500.0,0.0014139883770632393
2018-11-09T00:00:00.000000,3251.73,3253.47,3207.8,3212.77,7641454400.0,0.0015045333648176617
2018-11-10T00:00:00.000000,3193.3,3193.3,3166.31,3167.44,8428276000.0,0.001545591591308917
2018-11-13T00:00:00.000000,3160.25,3206.49,3152.56,3205.14,8806239200.0,0.0013259052869832848
2018-11-14T00:00:00.000000,3164.92,3254.77,3161.15,3237.38,12649346400.0,0.002128815517082252
2018-11-15T00:00:00.000000,3233.64,3239.24,3200.24,3204.94,11380865600.0,0.001143542328991944
2018-11-16T00:00:00.000000,3201.28,3242.38,3198.82,3242.37,9855880800.0,0.0013212772206652435
2018-11-17T00:00:00.000000,3242.88,3282.32,3223.8,3257.67,12687683200.0,0.0014818172854688416
2018-11-20T00:00:00.000000,3258.79,3294.6,3251.07,3294.6,11595659200.0,0.0016205320986488845
2018-11-21T00:00:00.000000,3268.08,3278.78,3213.75,3218.41,10936115200.0,0.001792037472724598
2018-11-22T00:00:00.000000,3187.1,3230.26,3186.35,3226.49,8411972800.0,0.0013852244157077187
2018-11-23T00:00:00.000000,3232.97,3235.14,3199.78,3214.43,6509829200.0,0.0009794065800970244
2018-11-24T00:00:00.000000,3208.59,3212.18,3139.39,3143.48,8463825600.0,0.0015812607887324135
2018-11-27T00:00:00.000000,3148.67,3169.44,3131.68,3141.24,5937914000.0,0.0013175481840317475
2018-11-28T00:00:00.000000,3152.77,3162.01,3126.29,3137.24,5540783200.0,0.0011027921873719168
2018-11-29T00:00:00.000000,3137.75,3179.16,3126.69,3178.93,7488195200.0,0.0012378529844876654
2018-11-30T00:00:00.000000,3198.83,3204.64,3137.65,3137.65,8049846400.0,0.0015565020065236071
2018-12-01T00:00:00.000000,3136.2,3175.0,3132.42,3172.69,7092104000.0,0.0013666523078749119
2018-12-04T00:00:00.000000,3260.69,3273.64,3228.5,3260.95,12148716000.0,0.0033192898168653046
2018-12-05T00:00:00.000000,3256.23,3267.88,3243.81,3267.71,7941504000.0,0.001086017231739076
2018-12-06T00:00:00.000000,3224.26,3266.79,3220.97,3252.0,7615305600.0,0.0017950804954951717
2018-12-07T00:00:00.000000,3218.11,3223.46,3180.15,3181.67,7632876800.0,0.0018705015545387265
2018-12-08T00:00:00.000000,3187.49,3193.64,3176.71,3181.56,5336192400.0,0.0008661987967591476
2018-12-11T00:00:00.000000,3153.52,3170.14,3134.38,3144.76,6343727200.0,0.0013048289009325552
2018-12-12T00:00:00.000000,3148.23,3161.81,3143.61,3159.82,5322387600.0,0.00088221214852166
2018-12-13T00:00:00.000000,3181.57,3182.16,3160.43,3170.61,5330991200.0,0.001043186818000125
2018-12-14T00:00:00.000000,3178.89,3233.84,3169.56,3219.69,9044275200.0,0.0013249428051996823
2018-12-15T00:00:00.000000,3207.35,3210.68,3165.91,3165.91,8430124800.0,0.000974315899817447
2018-12-18T00:00:00.000000,3158.28,3167.51,3134.37,3161.2,6649700800.0,0.0012619885549480468
2018-12-19T00:00:00.000000,3139.95,3165.0,3114.47,3128.43,6382032000.0,0.0012432171586630562
2018-12-20T00:00:00.000000,3133.74,3137.01,3086.76,3091.13,5552230000.0,0.0009952922906404742
2018-12-21T00:00:00.000000,3083.54,3097.59,3044.29,3067.42,6974946400.0,0.001746341673727702
2018-12-22T00:00:00.000000,3055.33,3057.4,3007.63,3029.4,7675810400.0,0.0016708370272033183
2018-12-25T00:00:00.000000,3015.5,3040.35,3007.33,3038.2,5729961600.0,0.0014523780784789911
2018-12-26T00:00:00.000000,3006.88,3029.99,2964.88,3017.28,7843372100.0,0.002508563686678693
2018-12-27T00:00:00.000000,3012.87,3028.79,2996.48,3002.03,5564703200.0,0.0012040048044597853
2018-12-28T00:00:00.000000,3042.95,3046.83,2990.51,2990.51,8054178400.0,0.0020602945316022516
2018-12-29T00:00:00.000000,2994.8,3024.35,2984.89,3010.65,7103070300.0,0.0014586713419761387
2019-01-03T00:00:00.000000,3017.07,3018.78,2958.49,2969.54,6865644500.0,0.0012514589819996624
2019-01-04T00:00:00.000000,2963.02,3000.44,2953.5,2964.84,7086710400.0,0.00152405317796574
2019-01-05T00:00:00.000000,2940.19,3036.56,2935.83,3035.87,10328772600.0,0.002086136661612153
2019-01-08T00:00:00.000000,3055.15,3061.75,3035.93,3054.3,10115614000.0,0.0016669441951793725
2019-01-09T00:00:00.000000,3049.87,3055.49,3038.53,3047.7,8597654200.0,0.0010790973579765616
2019-01-10T00:00:00.000000,3065.23,3117.92,3062.89,3078.48,10736435200.0,0.0015933311685666764
2019-01-11T00:00:00.000000,3077.48,3092.51,3062.57,3072.69,8527176000.0,0.0009538114309618111
2019-01-12T00:00:00.000000,3082.26,3102.58,3071.23,3094.78,7175855900.0,0.0014728762249049036
2019-01-15T00:00:00.000000,3092.5,3097.41,3064.38,3067.78,6609981600.0,0.0007894969426350939
2019-01-16T00:00:00.000000,3071.52,3129.21,3064.67,3127.99,8850937400.0,0.0011013526527383732
2019-01-17T00:00:00.000000,3126.13,3135.01,3117.29,3128.65,8021434400.0,0.0008337527133396134
2019-01-18T00:00:00.000000,3132.63,3141.71,3110.11,3111.42,8017487200.0,0.0010751319366430919
2019-01-19T00:00:00.000000,3124.5,3171.69,3120.35,3168.17,10396383200.0,0.0014376658801611207
2019-01-22T00:00:00.000000,3170.88,3199.21,3170.88,3185.64,9391502400.0,0.0010175193972922676
2019-01-23T00:00:00.000000,3181.95,3181.95,3135.34,3143.32,7299052800.0,0.0009653487174160244
2019-01-24T00:00:00.000000,3136.1,3157.63,3132.16,3141.05,5987048000.0,0.0009583123705494093
2019-01-25T00:00:00.000000,3146.6,3165.63,3125.3,3158.78,7293464000.0,0.0010838015016862272
2019-01-26T00:00:00.000000,3165.18,3203.17,3164.41,3184.47,8396772800.0,0.001222886792831369
2019-01-29T00:00:00.000000,3203.12,3228.87,3174.72,3183.78,8262243200.0,0.0017205614608949693
2019-01-30T00:00:00.000000,3177.26,3200.89,3148.23,3193.97,7765833600.0,0.001833968202275544
2019-01-31T00:00:00.000000,3181.66,3202.9,3167.89,3168.48,6374651600.0,0.0011514321309153135
2019-02-01T00:00:00.000000,3182.7,3216.07,3178.01,3201.63,8624784000.0,0.0015975007891005505
2019-02-02T00:00:00.000000,3225.73,3247.5,3207.72,3247.4,8201964000.0,0.0014874684185076004
2019-02-12T00:00:00.000000,3239.81,3307.06,3239.81,3306.47,9881843200.0,0.0011236945576931113
2019-02-13T00:00:00.000000,3306.35,3335.36,3298.63,3330.34,12223246400.0,0.0011087783519105987
2019-02-14T00:00:00.000000,3337.78,3405.58,3329.14,3397.03,16382833600.0,0.0012659511428128934
2019-02-15T00:00:00.000000,3392.85,3415.26,3382.22,3402.14,15112729600.0,0.001309799201566862
2019-02-16T00:00:00.000000,3391.24,3395.01,3336.03,3338.7,14366860800.0,0.0012522201066308555
2019-02-19T00:00:00.000000,3366.42,3445.74,3366.42,3445.74,18288609600.0,0.002324042400751029
2019-02-20T00:00:00.000000,3454.72,3480.79,3419.07,3439.61,17908379200.0,0.0017846962018987808
2019-02-21T00:00:00.000000,3449.93,3463.7,3421.51,3451.93,14739030400.0,0.0013461758616817958
2019-02-22T00:00:00.000000,3450.14,3499.99,3431.63,3442.71,18014328000.0,0.0018101848423131065
2019-02-23T00:00:00.000000,3439.38,3520.12,3417.98,3520.12,18723796800.0,0.001609908460996189
2019-02-26T00:00:00.000000,3575.85,3729.48,3574.69,3729.48,34255712000.0,0.003487254586798086
2019-02-27T00:00:00.000000,3734.71,3762.11,3679.27,3684.69,35803868800.0,0.003311146371365134
2019-02-28T00:00:00.000000,3682.81,3737.47,3638.33,3678.39,28623600000.0,0.0025913992972604874
2019-03-01T00:00:00.000000,3675.26,3695.46,3650.05,3669.37,18481020800.0,0.002198471756799753
2019-03-02T00:00:00.000000,3699.22,3749.71,3668.77,3749.71,20471100800.0,0.0022265975295767404
2019-03-05T00:00:00.000000,3783.04,3886.58,3764.78,3794.1,32349011200.0,0.003133103791705547
2019-03-06T00:00:00.000000,3785.38,3816.16,3771.1,3816.01,23085316800.0,0.0018686975169344361
2019-03-07T00:00:00.000000,3822.86,3855.16,3787.52,3848.09,31807737600.0,0.001980595724933904
2019-03-08T00:00:00.000000,3841.15,3844.93,3778.8,3808.85,32984656000.0,0.0026197267751368
2019-03-09T00:00:00.000000,3721.4,3774.54,3656.19,3657.58,31799008000.0,0.004358352374694319
2019-03-12T00:00:00.000000,3663.98,3731.81,3650.84,3729.95,23091286400.0,0.001963906661157594
2019-03-13T00:00:00.000000,3758.32,3804.67,3723.68,3755.35,27492640000.0,0.0022387699747103743
2019-03-14T00:00:00.000000,3758.71,3763.09,3708.81,3724.19,23368224000.0,0.0022235035283117697
2019-03-15T00:00:00.000000,3710.29,3747.82,3673.85,3698.49,19081723200.0,0.0018487069589694556
2019-03-16T00:00:00.000000,3713.94,3782.22,3713.94,3745.01,17517454400.0,0.0020492058140715373
2019-03-19T00:00:00.000000,3753.64,3851.75,3733.68,3851.75,21692806400.0,0.0017416066918544443
2019-03-20T00:00:00.000000,3856.59,3868.34,3815.26,3833.96,18172710400.0,0.0014085614954424362
2019-03-21T00:00:00.000000,3825.34,3855.15,3790.65,3835.44,17563209600.0,0.002008570583145074
2019-03-22T00:00:00.000000,3840.28,3863.86,3823.47,3836.89,19631030400.0,0.0015110492626015668
2019-03-23T00:00:00.000000,3838.13,3845.4,3786.61,3833.8,17135699200.0,0.0015377279843724672
2019-03-26T00:00:00.000000,3776.44,3807.09,3741.68,3742.83,19858633600.0,0.0024764268944763696
2019-03-27T00:00:00.000000,3766.53,3770.52,3687.55,3700.44,17304657600.0,0.0017564601076377078
2019-03-28T00:00:00.000000,3724.41,3750.15,3704.0,3743.39,13875844800.0,0.0015519346487621155
2019-03-29T00:00:00.000000,3731.06,3755.72,3710.08,3728.4,13327212800.0,0.0014753740677468916
2019-03-30T00:00:00.000000,3739.77,3876.38,3739.77,3872.34,21563910400.0,0.001966616489391662
2019-04-02T00:00:00.000000,3901.17,3982.79,3901.17,3973.93,27138272000.0,0.0026035688318344556
2019-04-03T00:00:00.000000,3986.34,3988.1,3956.51,3971.29,22600033600.0,0.0013170125703766391
2019-04-04T00:00:00.000000,3947.87,4026.22,3939.78,4022.16,23191737600.0,0.0015676638243115942
2019-04-05T00:00:00.000000,4039.74,4072.11,4021.85,4062.23,26041094400.0,0.0020203467635500514
2019-04-09T00:00:00.000000,4097.1,4122.6,4017.49,4057.23,26750556800.0,0.0023536499970656997
2019-04-10T00:00:00.000000,4063.81,4084.24,4038.28,4075.43,18295680000.0,0.0014656305714017635
2019-04-11T00:00:00.000000,4062.44,4115.19,4035.55,4085.85,19468761600.0,0.0021557927376384687
2019-04-12T00:00:00.000000,4083.46,4096.8,3990.39,3997.58,16904964800.0,0.0020588408415663536
2019-04-13T00:00:00.000000,3986.78,4006.89,3961.73,3988.62,13586211200.0,0.001496797644314728
2019-04-16T00:00:00.000000,4056.49,4085.39,3974.23,3975.52,18264556800.0,0.0031759946634644814
2019-04-17T00:00:00.000000,3958.1,4085.79,3943.49,4085.79,20204196800.0,0.002149960651542261
2019-04-18T00:00:00.000000,4080.72,4106.62,4057.56,4087.24,18036712000.0,0.0014714099608123458
2019-04-19T00:00:00.000000,4085.11,4094.05,4056.24,4072.08,14656212800.0,0.001268207853264612
2019-04-20T00:00:00.000000,4076.3,4120.64,4046.2,4120.61,15079491200.0,0.00173411745318722
2019-04-23T00:00:00.000000,4125.97,4126.09,4015.47,4025.61,18935374400.0,0.00176547915813669
2019-04-24T00:00:00.000000,4021.63,4061.09,4005.39,4019.01,15561164800.0,0.0017535846596303032
2019-04-25T00:00:00.000000,4033.63,4044.16,3967.81,4030.09,14549868800.0,0.0018304415533814667
2019-04-26T00:00:00.000000,4013.6,4022.49,3938.35,3941.82,15972206400.0,0.0017864928429204181
2019-04-27T00:00:00.000000,3921.89,3943.76,3887.25,3889.27,14200806400.0,0.0018403609445976265
2019-04-30T00:00:00.000000,3896.58,3952.99,3875.59,3900.33,15387092800.0,0.002216891492104185
2019-05-01T00:00:00.000000,3887.18,3923.06,3885.15,3913.21,11623337600.0,0.0014687734431035203
2019-05-07T00:00:00.000000,3775.08,3791.61,3647.34,3684.62,19747288000.0,0.00546281728989992
2019-05-08T00:00:00.000000,3702.27,3738.18,3671.83,3720.67,13284765600.0,0.002436951855327938
2019-05-09T00:00:00.000000,3648.55,3722.93,3642.5,3667.46,11286735200.0,0.002973922396061826
2019-05-10T00:00:00.000000,3637.35,3656.89,3584.82,3599.7,10103739200.0,0.002244335224059195
2019-05-11T00:00:00.000000,3643.06,3732.91,3589.43,3730.45,14800384000.0,0.004932455408285539
2019-05-14T00:00:00.000000,3675.76,3702.9,3658.0,3668.73,10339185600.0,0.003179961470369799
2019-05-15T00:00:00.000000,3630.44,3683.21,3630.44,3645.15,10231345600.0,0.0016507331445794371
2019-05-16T00:00:00.000000,3674.99,3741.04,3674.99,3727.09,11016176800.0,0.0018874814891312488
2019-05-17T00:00:00.000000,3720.04,3745.09,3708.02,3743.96,11625827200.0,0.0011751946023826863
2019-05-18T00:00:00.000000,3744.88,3745.36,3637.58,3648.76,12845324800.0,0.001464027707815631
2019-05-21T00:00:00.000000,3635.74,3644.5,3583.83,3617.79,10896348000.0,0.002331830865262691
2019-05-22T00:00:00.000000,3619.44,3690.09,3610.68,3666.78,11102292000.0,0.0015706916358488188
2019-05-23T00:00:00.000000,3663.15,3679.27,3634.75,3649.38,9834612800.0,0.0012804128109293264
2019-05-24T00:00:00.000000,3629.53,3631.43,3578.28,3583.96,9989778400.0,0.0020518948632089447
2019-05-25T00:00:00.000000,3584.9,3623.39,3580.79,3593.91,8093404800.0,0.0016261759533467816
2019-05-28T00:00:00.000000,3592.6,3648.03,3556.26,3637.2,10883087200.0,0.001859901733476531
2019-05-29T00:00:00.000000,3633.02,3683.23,3627.79,3672.26,11788624000.0,0.0018455665575348736
2019-05-30T00:00:00.000000,3642.54,3693.12,3637.35,3663.91,9335544000.0,0.0016727104183950196
2019-05-31T00:00:00.000000,3648.85,3650.97,3612.65,3641.18,9420256000.0,0.0014188462385693371
2019-06-01T00:00:00.000000,3641.0,3668.18,3628.17,3629.79,8922226400.0,0.001101851447379255
2019-06-04T00:00:00.000000,3640.61,3672.75,3613.14,3632.01,10072318400.0,0.0015759660076477466
2019-06-05T00:00:00.000000,3632.56,3636.13,3584.46,3598.47,8709709600.0,0.0011747709373748907
2019-06-06T00:00:00.000000,3627.79,3634.45,3593.95,3597.11,8864201600.0,0.001366123233269922
2019-06-07T00:00:00.000000,3601.04,3601.04,3557.02,3564.68,8553440000.0,0.0011079690974437118
2019-06-11T00:00:00.000000,3578.01,3623.45,3568.28,3610.74,9237506400.0,0.0015793450169244597
2019-06-12T00:00:00.000000,3617.52,3723.14,3617.52,3719.28,14348280000.0,0.0014524757252707408
2019-06-13T00:00:00.000000,3706.86,3711.88,3683.94,3691.1,11917885600.0,0.0010061650146729589
2019-06-14T00:00:00.000000,3689.58,3697.51,3654.27,3685.39,9633172000.0,0.0012815976579222948
2019-06-15T00:00:00.000000,3690.48,3709.49,3650.99,3654.88,10181700800.0,0.0010920727475062023
2019-06-18T00:00:00.000000,3654.44,3683.77,3645.5,3654.82,7297668000.0,0.0010600790100835085
2019-06-19T00:00:00.000000,3661.13,3675.65,3638.78,3667.62,7069226400.0,0.0010698288172569666
2019-06-20T00:00:00.000000,3761.34,3771.29,3715.13,3715.94,12559571200.0,0.003677330608356863
2019-06-21T00:00:00.000000,3718.94,3845.79,3717.19,3828.52,16887208000.0,0.001842935980827567
2019-06-22T00:00:00.000000,3832.73,3856.09,3817.55,3833.94,15363515200.0,0.0012207225581086641
2019-06-25T00:00:00.000000,3836.31,3853.55,3819.77,3841.27,10008462400.0,0.0010207408949109492
2019-06-26T00:00:00.000000,3837.43,3838.06,3755.07,3801.31,12407591200.0,0.0017546406987226288
2019-06-27T00:00:00.000000,3779.51,3809.76,3771.72,3794.33,8182028000.0,0.0009824030999187802
2019-06-28T00:00:00.000000,3807.54,3854.08,3806.09,3834.82,10531636000.0,0.0014540534698303672
2019-06-29T00:00:00.000000,3832.06,3835.02,3803.05,3825.59,8476613600.0,0.0010894906526012049
2019-07-02T00:00:00.000000,3899.33,3936.67,3886.91,3935.81,15837033600.0,0.0029812456715369836
2019-07-03T00:00:00.000000,3931.05,3942.43,3918.94,3937.17,13186350400.0,0.0007351370127154155
2019-07-04T00:00:00.000000,3927.44,3927.44,3878.87,3893.53,11199260000.0,0.0013671301913448233
2019-07-05T00:00:00.000000,3895.2,3906.87,3854.75,3873.1,9934225600.0,0.0010487599740767112
2019-07-06T00:00:00.000000,3875.37,3900.24,3857.93,3893.2,7400652800.0,0.0009345705082246208
2019-07-09T00:00:00.000000,3875.75,3875.75,3775.03,3802.79,10953908800.0,0.002121887691764097
2019-07-10T00:00:00.000000,3798.1,3811.1,3774.76,3793.13,7484273600.0,0.0009459541033268104
2019-07-11T00:00:00.000000,3807.95,3810.4,3774.23,3786.74,7283395200.0,0.000935843520020174
2019-07-12T00:00:00.000000,3806.19,3830.74,3774.47,3785.22,7531196500.0,0.001322047370455131
2019-07-13T00:00:00.000000,3783.07,3820.22,3774.52,3808.73,7546596700.0,0.0011913632235685612
2019-07-16T00:00:00.000000,3792.64,3844.67,3745.85,3824.19,10120522200.0,0.0024189440828832954
2019-07-17T00:00:00.000000,3819.25,3828.24,3799.87,3806.84,8073095200.0,0.0007029769939546373
2019-07-18T00:00:00.000000,3800.11,3820.23,3787.99,3804.64,9518388500.0,0.0011005250451275742
2019-07-19T00:00:00.000000,3793.19,3793.39,3768.0,3768.4,8749644500.0,0.0010042573440642777
2019-07-20T00:00:00.000000,3787.51,3828.07,3787.51,3807.96,8808614900.0,0.0014047560684788578
2019-07-23T00:00:00.000000,3813.5,3816.54,3765.44,3781.68,9210137700.0,0.0013563964992351902
2019-07-24T00:00:00.000000,3783.54,3792.96,3768.76,3789.91,7131334600.0,0.000820290049601489
2019-07-25T00:00:00.000000,3803.59,3840.06,3803.57,3819.83,9094068400.0,0.0012890225130480631
2019-07-26T00:00:00.000000,3821.39,3851.07,3812.95,3851.07,9374041700.0,0.0007594063923474529
2019-07-27T00:00:00.000000,3835.23,3863.59,3832.52,3858.57,8325930000.0,0.0007462914813753558
2019-07-30T00:00:00.000000,3857.94,3862.75,3842.43,3854.27,8481437000.0,0.0007030048862613416
2019-07-31T00:00:00.000000,3861.57,3890.51,3861.57,3870.32,9412395500.0,0.0009106880774182145
2019-08-01T00:00:00.000000,3856.74,3856.74,3830.09,3835.36,8215115500.0,0.001031570443721022
2019-08-02T00:00:00.000000,3819.32,3831.24,3791.55,3803.47,8411418000.0,0.0007385290792825012
2019-08-03T00:00:00.000000,3729.13,3754.52,3720.08,3747.44,10833589700.0,0.002755462485608629
2019-08-06T00:00:00.000000,3724.41,3739.5,3675.69,3675.69,10132598100.0,0.0017094552736975092
2019-08-07T00:00:00.000000,3609.11,3649.82,3575.86,3636.33,12983387100.0,0.003831902289219471
2019-08-08T00:00:00.000000,3654.63,3659.08,3621.43,3621.43,8423871600.0,0.001025667981519816
2019-08-09T00:00:00.000000,3651.36,3675.46,3647.01,3669.29,8845770700.0,0.0017813107488511698
2019-08-10T00:00:00.000000,3686.75,3688.92,3628.12,3633.53,8529558000.0,0.0009907625471188503
2019-08-13T00:00:00.000000,3647.87,3699.1,3643.32,3699.1,8208305600.0,0.0012481086159951682
2019-08-14T00:00:00.000000,3675.59,3686.43,3658.01,3665.75,7650030200.0,0.0011046262137887409
2019-08-15T00:00:00.000000,3712.07,3717.12,3680.61,3682.4,9120259000.0,0.0017217718150561788
2019-08-16T00:00:00.000000,3618.01,3694.3,3612.11,3694.0,8859883200.0,0.0026086157703923956
2019-08-17T00:00:00.000000,3697.94,3738.1,3687.08,3710.54,8831916900.0,0.0009790718022574599
2019-08-20T00:00:00.000000,3736.03,3791.09,3720.8,3791.09,13932701300.0,0.001401431086547661
2019-08-21T00:00:00.000000,3786.03,3799.64,3778.73,3787.73,10860208800.0,0.0009229919220307684
2019-08-22T00:00:00.000000,3778.31,3792.32,3775.7,3781.76,8229988000.0,0.000693603080674365
2019-08-23T00:00:00.000000,3793.86,3797.28,3771.2,3793.51,8580779200.0,0.0008711746662347299
2019-08-24T00:00:00.000000,3796.88,3829.28,3788.03,3820.86,8795458300.0,0.0013147949673577122
2019-08-27T00:00:00.000000,3756.36,3778.87,3753.16,3765.91,9385926900.0,0.0019981427917659823
2019-08-28T00:00:00.000000,3791.46,3848.22,3790.92,3816.95,12473147800.0,0.0016995878217672218
2019-08-29T00:00:00.000000,3818.8125,3822.5883,3790.1384,3802.58,8874660500.0,0.0006924782631954279
2019-08-30T00:00:00.000000,3805.49,3808.6,3774.4,3790.19,8408338700.0,0.0007981213062449733
2019-08-31T00:00:00.000000,3816.68,3828.86,3778.93,3799.59,9669515000.0,0.0014623722927243703
2019-09-03T00:00:00.000000,3803.69,3855.78,3800.07,3848.32,11028934900.0,0.0010823031665878754
2019-09-04T00:00:00.000000,3852.58,3856.68,3833.76,3853.61,9771463100.0,0.0007430966885722812
2019-09-05T00:00:00.000000,3848.65,3886.0,3846.42,3886.0,12662861500.0,0.001204497864269276
2019-09-06T00:00:00.000000,3909.21,3969.94,3909.21,3925.32,18165623100.0,0.0017449002024938459
2019-09-07T00:00:00.000000,3946.69,3948.51,3922.56,3948.51,12188237600.0,0.001009841219542997
2019-09-10T00:00:00.000000,3980.96,3985.2,3954.88,3972.95,14680975400.0,0.0011180872219131892
2019-09-11T00:00:00.000000,3976.87,3976.92,3938.74,3959.27,13088938600.0,0.0009127958713808841
2019-09-12T00:00:00.000000,3969.68,3971.22,3922.95,3930.1,13159487500.0,0.0011310612444208267
2019-09-13T00:00:00.000000,3944.69,3975.93,3933.44,3972.38,11024127300.0,0.0010556137050316053
2019-09-17T00:00:00.000000,3981.36,3982.2,3943.37,3957.72,11025980500.0,0.000715829680924485
2019-09-18T00:00:00.000000,3947.16,3947.16,3879.6,3891.22,11369431700.0,0.0012335042678267728
2019-09-19T00:00:00.000000,3902.99,3923.14,3902.51,3910.08,8205615200.0,0.0009682902322149231
2019-09-20T00:00:00.000000,3923.96,3924.38,3897.07,3924.38,8598423800.0,0.0007583056197640588
2019-09-21T00:00:00.000000,3933.46,3942.21,3921.45,3935.65,10345595500.0,0.0006828095074102198
2019-09-24T00:00:00.000000,3925.19,3925.19,3868.43,3890.66,9403622500.0,0.0016052632758567478
2019-09-25T00:00:00.000000,3895.87,3926.81,3886.26,3901.08,8778323000.0,0.0009212486894123122
2019-09-26T00:00:00.000000,3887.55,3889.84,3867.23,3870.98,8952083500.0,0.0012291986003226513
2019-09-27T00:00:00.000000,3884.7,3890.75,3840.25,3841.14,10269830100.0,0.0012229304974687727
2019-09-28T00:00:00.000000,3843.46,3859.45,3832.25,3852.65,7400394700.0,0.000769481418669016
2019-10-01T00:00:00.000000,3842.07,3857.23,3813.85,3814.53,6593131300.0,0.0010062980853711287
2019-10-09T00:00:00.000000,3818.59,3861.64,3818.59,3837.68,7665786000.0,0.0009895881130157515
2019-10-10T00:00:00.000000,3822.61,3845.34,3805.07,3843.24,7585451200.0,0.001254348780931957
2019-10-11T00:00:00.000000,3838.49,3877.14,3829.43,3874.64,7922269400.0,0.0009012962095782864
2019-10-12T00:00:00.000000,3885.52,3922.35,3869.05,3911.73,9341257700.0,0.0011228294832678488
2019-10-15T00:00:00.000000,3944.86,3983.81,3934.73,3953.24,12239361100.0,0.0016472192912793896
2019-10-16T00:00:00.000000,3953.16,3953.16,3928.15,3936.25,8527394900.0,0.0008670601896054493
2019-10-17T00:00:00.000000,3939.28,3963.9,3919.08,3922.69,8322970700.0,0.0010988052196503585
2019-10-18T00:00:00.000000,3929.39,3935.72,3914.02,3925.22,6486374500.0,0.0006789026852557426
2019-10-19T00:00:00.000000,3935.42,3940.54,3864.97,3869.38,8232114000.0,0.0012676306075963192
2019-10-22T00:00:00.000000,3865.34,3884.68,3856.24,3880.84,7418291800.0,0.0008663341363048027
2019-10-23T00:00:00.000000,3896.31,3897.44,3870.55,3895.88,6891856600.0,0.0007995655286041306
2019-10-24T00:00:00.000000,3892.68,3901.42,3862.2,3871.08,7019862500.0,0.0006345362905838689
2019-10-25T00:00:00.000000,3877.92,3890.2,3852.58,3870.67,7133457500.0,0.0008281567072745447
2019-10-26T00:00:00.000000,3871.77,3899.72,3849.03,3896.79,7745362000.0,0.000944353624662272
2019-10-29T00:00:00.000000,3904.98,3927.8,3898.03,3926.59,9740602000.0,0.001251885205655788
2019-10-30T00:00:00.000000,3929.71,3932.37,3910.23,3910.23,8225707500.0,0.0006533579378063838
2019-10-31T00:00:00.000000,3904.72,3908.07,3883.45,3891.23,7787292300.0,0.0008054870282223642
2019-11-01T00:00:00.000000,3906.86,3907.15,3879.06,3886.75,8671453900.0,0.0007813266480203959
2019-11-02T00:00:00.000000,3883.81,3956.02,3876.42,3952.39,10068961200.0,0.0010747670974729363
2019-11-05T00:00:00.000000,3964.01,3985.36,3964.01,3978.12,10419385500.0,0.0009740685021092099
2019-11-06T00:00:00.000000,3982.12,4030.64,3971.13,4002.81,11291188000.0,0.001105789834988706
2019-11-07T00:00:00.000000,4006.33,4007.26,3973.82,3984.88,9731295200.0,0.0007577538609240725
2019-11-08T00:00:00.000000,3984.55,4005.25,3975.55,3991.87,8725489800.0,0.0008169974942491933
2019-11-09T00:00:00.000000,4017.67,4021.81,3971.57,3973.01,9710694800.0,0.0010171011301631375
2019-11-12T00:00:00.000000,3948.62,3948.62,3897.7,3902.98,9415562100.0,0.0018378699414069329
2019-11-13T00:00:00.000000,3905.96,3914.67,3877.74,3903.69,7654306900.0,0.0009722305974672178
2019-11-14T00:00:00.000000,3905.28,3908.42,3882.58,3899.98,7674907800.0,0.0009505929574746805
2019-11-15T00:00:00.000000,3905.93,3916.95,3895.17,3905.86,8700844600.0,0.000851505379004221
2019-11-16T00:00:00.000000,3908.49,3915.1,3877.09,3877.09,8373091700.0,0.0008112950996258825
2019-11-19T00:00:00.000000,3874.44,3913.1,3868.32,3907.93,7664599300.0,0.000888298643292962
2019-11-20T00:00:00.000000,3904.1,3947.04,3903.16,3947.04,8216102500.0,0.0006149564242184798
2019-11-21T00:00:00.000000,3940.13,3943.19,3901.99,3907.86,7681533300.0,0.0006505697586891979
2019-11-22T00:00:00.000000,3894.54,3901.83,3875.97,3889.6,6913053800.0,0.0010023671147535284
2019-11-23T00:00:00.000000,3894.17,3918.81,3833.5,3849.99,9104263900.0,0.0013475833855791344
2019-11-26T00:00:00.000000,3850.97,3878.25,3839.42,3878.21,10606628900.0,0.0009622033885047245
2019-11-27T00:00:00.000000,3893.43,3899.11,3869.79,3891.65,11151353700.0,0.0009191617454169084
2019-11-28T00:00:00.000000,3883.43,3889.98,3862.7,3875.62,7643730500.0,0.0011192703787553473
2019-11-29T00:00:00.000000,3877.9,3887.69,3852.01,3862.3,6523011900.0,0.0006978408032278254
2019-11-30T00:00:00.000000,3857.19,3861.66,3804.97,3828.67,7414433100.0,0.00103916437826671
2019-12-03T00:00:00.000000,3835.51,3854.75,3829.31,3836.06,7741217300.0,0.0009212430098169269
2019-12-04T00:00:00.000000,3829.21,3851.12,3811.71,3851.09,7361124000.0,0.0009182997043016462
2019-12-05T00:00:00.000000,3841.66,3852.84,3831.11,3849.82,7968338500.0,0.0007938647982889086
2019-12-06T00:00:00.000000,3863.61,3883.38,3860.02,3879.36,8905119300.0,0.000972566420392017
2019-12-07T00:00:00.000000,3885.06,3902.39,3878.72,3902.39,7864888700.0,0.0006462962380604683
2019-12-10T00:00:00.000000,3909.53,3911.97,3885.31,3895.45,9535380600.0,0.0007281696931328433
2019-12-11T00:00:00.000000,3886.44,3900.89,3882.42,3900.38,8626292800.0,0.0005853225583693001
2019-12-12T00:00:00.000000,3907.16,3909.39,3890.34,3902.75,9976548000.0,0.0005685751727167049
2019-12-13T00:00:00.000000,3908.45,3908.45,3886.43,3891.02,8470833000.0,0.0004428100554312699
2019-12-14T00:00:00.000000,3928.0,3969.46,3925.28,3968.22,14857134900.0,0.0015660438207971458
2019-12-17T00:00:00.000000,3970.71,3987.59,3953.65,3987.55,14848667000.0,0.0006854254683899142
2019-12-18T00:00:00.000000,3987.74,4067.14,3984.52,4041.8,20116293700.0,0.0011025553878555082
2019-12-19T00:00:00.000000,4039.72,4057.64,4025.49,4032.78,15135176400.0,0.000804115534511828
2019-12-20T00:00:00.000000,4034.62,4038.54,4014.91,4027.15,11790055800.0,0.0007129121743926008
2019-12-21T00:00:00.000000,4032.15,4046.69,4014.99,4017.25,12126766200.0,0.0007606168783479445
2019-12-24T00:00:00.000000,4014.69,4032.17,3964.38,3967.1,12281624600.0,0.0010974810105169775
2019-12-25T00:00:00.000000,3971.56,3994.49,3963.67,3992.96,9598904500.0,0.0007090357125353867
2019-12-26T00:00:00.000000,3988.66,4000.36,3976.36,3990.87,9493889000.0,0.0006942890691879319
2019-12-27T00:00:00.000000,3993.67,4025.99,3993.54,4025.99,10886064000.0,0.0008226200624296667
2019-12-28T00:00:00.000000,4029.25,4066.8,4020.15,4022.03,15092641100.0,0.0010418426715118195
2019-12-31T00:00:00.000000,4015.52,4083.69,4001.5,4081.63,15597148800.0,0.001288461711384679
2020-01-01T00:00:00.000000,4077.75,4098.14,4069.12,4096.58,12326425800.0,0.0007257126908624285
2020-01-03T00:00:00.000000,4121.35,4172.66,4121.35,4152.24,18211677200.0,0.001525510260886582
2020-01-04T00:00:00.000000,4161.22,4164.3,4131.86,4144.96,14282624400.0,0.0009422325189295681
2020-01-07T00:00:00.000000,4120.52,4170.64,4102.38,4129.3,17530995300.0,0.0015232551088639908
2020-01-08T00:00:00.000000,4137.4,4161.25,4135.21,4160.23,13948903100.0,0.0010206750908202922
2020-01-09T00:00:00.000000,4139.63,4149.65,4101.98,4112.32,16758585000.0,0.001199086976881821
2020-01-10T00:00:00.000000,4145.53,4165.66,4143.59,4164.37,13688632400.0,0.001578033300034194
2020-01-11T00:00:00.000000,4177.58,4180.67,4148.48,4163.18,11303171900.0,0.0008713694658026257
2020-01-14T00:00:00.000000,4166.93,4203.99,4148.6,4203.99,11969198200.0,0.0008928934313215184
2020-01-15T00:00:00.000000,4215.16,4223.51,4188.2,4189.89,12932078300.0,0.0007770238970519204
2020-01-16T00:00:00.000000,4186.88,4193.87,4150.88,4166.73,10463313600.0,0.0008367045766602653
2020-01-17T00:00:00.000000,4174.82,4175.29,4142.18,4149.04,10026764200.0,0.0006530046260484981
2020-01-18T00:00:00.000000,4162.19,4177.03,4141.64,4154.85,9872568200.0,0.001007548495264889
2020-01-21T00:00:00.000000,4170.74,4185.83,4149.49,4185.83,12240914700.0,0.0007491835249337925
2020-01-22T00:00:00.000000,4165.02,4165.02,4113.33,4114.31,13052750700.0,0.0012897847817763372
2020-01-23T00:00:00.000000,4093.8,4141.14,4046.68,4131.93,12675876300.0,0.0018836429449354485
2020-01-24T00:00:00.000000,4093.32,4103.48,3972.39,4003.9,16035760300.0,0.0026953620707201105
2020-02-04T00:00:00.000000,3639.91,3732.16,3639.91,3688.36,15755964700.0,0.012535017383430528
2020-02-05T00:00:00.000000,3652.0,3786.86,3652.0,3785.64,21393332800.0,0.002606942686310258
2020-02-06T00:00:00.000000,3801.1,3866.01,3781.61,3828.53,17492552400.0,0.0018271919279081318
2020-02-07T00:00:00.000000,3841.75,3914.92,3806.96,3899.78,17646223500.0,0.0017855361669385707
2020-02-08T00:00:00.000000,3879.55,3899.88,3849.71,3899.87,15173175900.0,0.0018263877831070446
2020-02-11T00:00:00.000000,3872.37,3920.17,3861.01,3916.01,14840696900.0,0.0019209596385375
2020-02-12T00:00:00.000000,3926.42,3970.27,3915.71,3952.46,14344167400.0,0.001374778905038865
2020-02-13T00:00:00.000000,3945.67,3984.43,3940.67,3984.43,12671032100.0,0.0008835066926481554
2020-02-14T00:00:00.000000,3985.88,3999.55,3950.14,3959.92,14500184300.0,0.0012867986291500001
2020-02-15T00:00:00.000000,3954.23,4001.26,3954.03,3987.73,14323980300.0,0.0010552920279499947
2020-02-18T00:00:00.000000,3999.65,4077.45,3999.65,4077.42,18277896900.0,0.0012445064678640709
2020-02-19T00:00:00.000000,4069.83,4076.29,4027.83,4057.51,16323622000.0,0.001037834039054594
2020-02-20T00:00:00.000000,4049.59,4085.17,4042.85,4051.31,16904644100.0,0.0011448043963693177
2020-02-21T00:00:00.000000,4062.9,4148.19,4055.81,4144.66,21223262400.0,0.0014613396000936949
2020-02-22T00:00:00.000000,4134.87,4184.44,4130.28,4149.49,21721360400.0,0.0013442693902172274
2020-02-25T00:00:00.000000,4131.84,4148.96,4097.18,4132.84,21286930300.0,0.0014989840477910813
2020-02-26T00:00:00.000000,4066.3,4126.71,4020.91,4123.85,24416783100.0,0.0022350211862250287
2020-02-27T00:00:00.000000,4070.1,4132.78,4061.13,4073.02,26109406100.0,0.0029270360265228165
2020-02-28T00:00:00.000000,4084.08,4110.51,4067.44,4084.88,18129098100.0,0.0014195045841928126
2020-02-29T00:00:00.000000,3988.73,4031.15,3928.07,3940.05,23027509300.0,0.0034281645727972042
2020-03-03T00:00:00.000000,3968.84,4092.52,3968.84,4069.67,21931355900.0,0.0025095411005542096
2020-03-04T00:00:00.000000,4125.14,4147.65,4067.91,4091.36,21936977700.0,0.002650800351816423
2020-03-05T00:00:00.000000,4078.5,4115.26,4060.81,4115.05,18242473000.0,0.0014720954850366533
2020-03-06T00:00:00.000000,4150.21,4215.85,4127.23,4206.73,23182311500.0,0.0016675493841421722
2020-03-07T00:00:00.000000,4158.2,4181.31,4135.48,4138.51,17247571700.0,0.0015685844503072436
2020-03-10T00:00:00.000000,4063.08,4063.08,3995.13,3997.13,20810203500.0,0.00309088780560892
2020-03-11T00:00:00.000000,3975.23,4093.0,3955.14,4082.73,19741640200.0,0.0029933582577953426
2020-03-12T00:00:00.000000,4090.93,4091.27,4028.4,4028.43,16165611100.0,0.0013407958667190495
2020-03-13T00:00:00.000000,3976.11,3987.35,3926.27,3950.91,15706045800.0,0.0028340263857253214
2020-03-14T00:00:00.000000,3771.01,3937.13,3765.37,3895.31,18829672200.0,0.007558389269693621
2020-03-17T00:00:00.000000,3899.86,3899.86,3720.75,3727.84,18596826000.0,0.002525352509420239
2020-03-18T00:00:00.000000,3739.78,3786.89,3618.31,3709.68,16624612900.0,0.003984265349436394
2020-03-19T00:00:00.000000,3729.69,3775.84,3636.26,3636.26,15503754700.0,0.0023246873905870013
2020-03-20T00:00:00.000000,3623.79,3647.99,3503.27,3589.09,18080740700.0,0.0031552349463439444
2020-03-21T00:00:00.000000,3629.51,3663.9,3588.83,3653.22,13960300000.0,0.002147397578702738
2020-03-24T00:00:00.000000,3542.68,3585.8,3523.79,3530.31,13710879000.0,0.003855957936816773
2020-03-25T00:00:00.000000,3598.65,3627.76,3545.45,3625.11,14310302100.0,0.003211660852947181
2020-03-26T00:00:00.000000,3711.48,3732.51,3686.06,3722.52,15349595800.0,0.0034870667309934676
2020-03-27T00:00:00.000000,3692.61,3736.25,3681.27,3698.05,11231066500.0,0.0015871543780099477
2020-03-28T00:00:00.000000,3746.39,3758.78,3709.92,3710.06,12406099500.0,0.0020137723241940462
2020-03-31T00:00:00.000000,3657.46,3690.64,3637.66,3674.11,12687667300.0,0.002600454184820234
2020-04-01T00:00:00.000000,3708.14,3716.07,3676.24,3686.16,11145302500.0,0.001890895511458969
2020-04-02T00:00:00.000000,3682.3,3731.78,3671.0,3675.08,11935262000.0,0.0013619488267424267
2020-04-03T00:00:00.000000,3656.32,3734.53,3652.32,3734.53,11516820900.0,0.001487363704233894
2020-04-04T00:00:00.000000,3721.48,3738.83,3698.98,3713.22,9982508300.0,0.0010405521428461099
2020-04-08T00:00:00.000000,3779.91,3803.63,3772.21,3798.02,14277803000.0,0.0025347349703764136
2020-04-09T00:00:00.000000,3776.42,3793.0,3767.29,3780.34,11138951300.0,0.001180833797316556
2020-04-10T00:00:00.000000,3798.49,3801.72,3785.31,3792.81,10048503200.0,0.0008557675949372356
2020-04-11T00:00:00.000000,3794.84,3824.74,3758.96,3769.18,10244495600.0,0.0013510873814357573
2020-04-14T00:00:00.000000,3751.71,3769.69,3740.48,3753.26,7905334300.0,0.0013854126610026813
2020-04-15T00:00:00.000000,3777.83,3825.76,3764.98,3825.7,11063758500.0,0.0011072574387257707
2020-04-16T00:00:00.000000,3820.85,3829.8,3793.48,3797.36,10846198400.0,0.00098342179250322
2020-04-17T00:00:00.000000,3777.8,3807.36,3774.56,3802.38,9594796500.0,0.0010487613175984905
2020-04-18T00:00:00.000000,3831.92,3863.45,3821.44,3839.49,13200430100.0,0.0014732985734797108
2020-04-21T00:00:00.000000,3747.84,3853.81,3733.8,3853.46,10001311500.0,0.005207886542613121
2020-04-22T00:00:00.000000,3838.23,3838.23,3780.0,3808.05,10292188800.0,0.0012249684297830777
2020-04-23T00:00:00.000000,3789.13,3839.38,3782.21,3839.38,8589946400.0,0.0010332321897768245
2020-04-24T00:00:00.000000,3851.91,3857.47,3826.56,3829.75,9550845000.0,0.0009569620585500821
2020-04-25T00:00:00.000000,3826.31,3827.21,3787.3,3796.97,9484413500.0,0.0009686946548417762
2020-04-28T00:00:00.000000,3808.02,3842.87,3793.77,3822.77,9546273500.0,0.0011284626889893252
2020-04-29T00:00:00.000000,3835.35,3859.68,3768.29,3849.15,12209347600.0,0.0019622931973911338
2020-04-30T00:00:00.000000,3837.51,3880.72,3833.84,3867.03,9585459000.0,0.0009508452056800104
2020-05-01T00:00:00.000000,3880.41,3921.62,3880.41,3912.58,13291712500.0,0.0014208238514061202
2020-05-07T00:00:00.000000,3867.26,3937.61,3866.49,3936.25,13985567500.0,0.0011563982550839898
2020-05-08T00:00:00.000000,3937.59,3941.48,3915.9,3924.89,10551464600.0,0.0007342739802405793
2020-05-09T00:00:00.000000,3943.0,3979.66,3935.98,3963.62,11694334100.0,0.0009135932193315594
2020-05-12T00:00:00.000000,3974.76,3998.06,3944.5,3960.18,12267380300.0,0.0012454090890822711
2020-05-13T00:00:00.000000,3961.34,3970.11,3930.21,3960.24,9825055400.0,0.0009814191450854398
2020-05-14T00:00:00.000000,3946.64,3972.51,3932.57,3968.25,8819066900.0,0.0009255544732141842
2020-05-15T00:00:00.000000,3952.2,3952.2,3924.05,3925.22,8853000400.0,0.0009734403521545802
2020-05-16T00:00:00.000000,3941.13,3945.04,3907.59,3912.82,9261838200.0,0.0008929700932591617
2020-05-19T00:00:00.000000,3914.66,3946.43,3898.58,3922.91,11280176200.0,0.0009529631383629842
2020-05-20T00:00:00.000000,3963.78,3966.85,3944.07,3956.25,9401529100.0,0.0015778113697920491
2020-05-21T00:00:00.000000,3955.71,3955.71,3923.92,3935.22,10079115000.0,0.000735115187977128
2020-05-22T00:00:00.000000,3950.6,3951.74,3907.58,3913.79,9486103300.0,0.0008343992254741146
2020-05-23T00:00:00.000000,3907.58,3907.58,3818.28,3824.06,10337836000.0,0.001552990885602427
2020-05-26T00:00:00.000000,3828.32,3835.53,3800.6,3829.32,7903332600.0,0.0012981944887107293
2020-05-27T00:00:00.000000,3850.0,3874.75,3844.71,3872.77,7744807600.0,0.001029055398392759
2020-05-28T00:00:00.000000,3873.7,3873.7,3838.45,3845.61,8371183100.0,0.0008120649705768461
2020-05-29T00:00:00.000000,3848.49,3885.42,3818.52,3856.63,9306405400.0,0.0012222229655240878
2020-05-30T00:00:00.000000,3838.38,3872.3,3830.42,3867.02,9381383200.0,0.0010781514172261205
2020-06-02T00:00:00.000000,3901.73,3976.24,3901.73,3971.34,13645665200.0,0.0021799593925362123
2020-06-03T00:00:00.000000,3969.95,3991.78,3959.01,3983.57,14430306000.0,0.0010216732540058193
2020-06-04T00:00:00.000000,4001.17,4018.6,3982.96,3983.65,13659748300.0,0.0010284950747964834
2020-06-05T00:00:00.000000,3998.16,3999.81,3968.57,3982.19,10427773700.0,0.000779227437836775
2020-06-06T00:00:00.000000,3988.22,4001.25,3968.0,4001.25,10244394200.0,0.0007814462178334724
2020-06-09T00:00:00.000000,4023.61,4050.22,4016.22,4021.95,13792581300.0,0.001581835945347252
2020-06-10T00:00:00.000000,4027.56,4052.09,4016.77,4047.03,11530447900.0,0.000780291267744407
2020-06-11T00:00:00.000000,4046.23,4046.23,4024.42,4039.71,11226572800.0,0.0007640453054434513
2020-06-12T00:00:00.000000,4031.74,4042.96,3979.75,3995.88,12730894100.0,0.0012728596009614062
2020-06-13T00:00:00.000000,3931.62,4011.06,3927.25,4003.08,13416664900.0,0.0019522221073393238
2020-06-16T00:00:00.000000,3982.97,4007.14,3954.99,3954.99,13129786000.0,0.0013627392248817339
2020-06-17T00:00:00.000000,3995.58,4014.57,3987.86,4014.57,11105153900.0,0.0016535843045973832
2020-06-18T00:00:00.000000,4018.61,4018.61,3992.13,4017.59,10560579900.0,0.0009465429443379763
2020-06-19T00:00:00.000000,4009.78,4047.56,4001.13,4044.38,13814876100.0,0.0010308246418802155
2020-06-20T00:00:00.000000,4047.05,4109.36,4043.98,4098.71,15294699000.0,0.0010169600858490834
2020-06-23T00:00:00.000000,4097.51,4126.78,4088.78,4102.05,15582946500.0,0.0009484829917656577
2020-06-24T00:00:00.000000,4098.04,4124.73,4080.75,4121.79,12922951000.0,0.0008740667823153664
2020-06-25T00:00:00.000000,4128.1,4144.68,4123.36,4138.99,12171246500.0,0.0009849275679719796
2020-06-30T00:00:00.000000,4127.93,4137.37,4092.65,4109.72,13086585400.0,0.001152219951030262
2020-07-01T00:00:00.000000,4130.0,4174.42,4129.78,4163.96,12593352100.0,0.0011368624882248364
2020-07-02T00:00:00.000000,4172.64,4247.78,4163.94,4247.78,16999045600.0,0.0013811393120860434
2020-07-03T00:00:00.000000,4239.41,4340.1,4238.12,4335.84,25293936800.0,0.001333782106816235
2020-07-04T00:00:00.000000,4353.19,4419.6,4348.45,4419.6,29048553900.0,0.0019754040610724293
2020-07-07T00:00:00.000000,4465.81,4678.11,4465.81,4670.09,40582102500.0,0.0034246766027864303
2020-07-08T00:00:00.000000,4739.61,4796.26,4688.21,4698.13,40600855300.0,0.003935792215430221
2020-07-09T00:00:00.000000,4692.86,4803.28,4670.9,4774.0,34807484700.0,0.0024853760720570414
2020-07-10T00:00:00.000000,4770.08,4854.12,4757.41,4840.77,35104689300.0,0.00220787955812191
2020-07-11T00:00:00.000000,4796.09,4821.37,4734.47,4753.13,31694965100.0,0.002308590826689062
2020-07-14T00:00:00.000000,4742.37,4878.02,4742.02,4852.96,32164544600.0,0.002023117828891372
2020-07-15T00:00:00.000000,4836.17,4860.44,4729.93,4806.69,29724198500.0,0.002224828209255689
2020-07-16T00:00:00.000000,4821.52,4837.48,4723.43,4744.47,27238900600.0,0.0028874191901620454
2020-07-17T00:00:00.000000,4741.53,4772.45,4513.69,4516.25,28465713300.0,0.00370537468543606
2020-07-18T00:00:00.000000,4524.77,4601.09,4485.86,4544.7,20737556300.0,0.0029541871154943025
2020-07-21T00:00:00.000000,4597.2,4681.9,4534.59,4680.3,24606891400.0,0.002466697951079924
2020-07-22T00:00:00.000000,4697.5,4714.26,4661.44,4691.04,20041565900.0,0.0013998229507310564
2020-07-23T00:00:00.000000,4682.66,4790.45,4675.35,4714.45,22419921100.0,0.0019426077604725554
2020-07-24T00:00:00.000000,4668.74,4731.4,4607.66,4712.44,23431456900.0,0.002235546749836647
2020-07-25T00:00:00.000000,4679.03,4691.7,4479.39,4505.59,24390520300.0,0.0030636122891615
2020-07-28T00:00:00.000000,4535.01,4558.12,4482.47,4528.45,17142055100.0,0.002625955316696687
2020-07-29T00:00:00.000000,4567.67,4590.25,4537.68,4568.26,16276849800.0,0.0020826965608621226
2020-07-30T00:00:00.000000,4559.16,4680.56,4548.98,4679.01,18669530500.0,0.0017731863359668229
2020-07-31T00:00:00.000000,4689.76,4704.63,4649.77,4656.15,16696756600.0,0.001501325510593358
2020-08-01T00:00:00.000000,4652.18,4741.81,4621.96,4695.05,18483902600.0,0.002469035668561647
2020-08-04T00:00:00.000000,4735.9,4771.37,4720.02,4771.31,21477623900.0,0.0016908240418657373
2020-08-05T00:00:00.000000,4778.49,4807.08,4747.77,4775.8,23997498500.0,0.00159324435416466
2020-08-06T00:00:00.000000,4761.76,4786.58,4711.39,4777.11,19670054800.0,0.00164585883555262
2020-08-07T00:00:00.000000,4779.24,4791.86,4691.25,4762.76,22785440600.0,0.0018258217814154875
2020-08-08T00:00:00.000000,4742.29,4749.02,4637.84,4707.93,21351821600.0,0.002418097298482814
2020-08-11T00:00:00.000000,4681.76,4757.66,4646.29,4724.87,20378883200.0,0.0018819903083480004
2020-08-12T00:00:00.000000,4730.37,4791.53,4674.86,4681.78,20554651100.0,0.0019209949126667018
2020-08-13T00:00:00.000000,4668.89,4680.68,4566.37,4647.64,20288723900.0,0.002285418847800406
2020-08-14T00:00:00.000000,4666.49,4671.77,4626.28,4635.71,15255009200.0,0.0011869753328105919
2020-08-15T00:00:00.000000,4627.61,4707.82,4617.97,4704.63,14729292100.0,0.0013279276802260409
2020-08-18T00:00:00.000000,4727.12,4838.09,4721.65,4815.23,26800155600.0,0.0015200557752618141
2020-08-19T00:00:00.000000,4816.57,4825.39,4788.83,4812.76,18913985400.0,0.0011531000893478063
2020-08-20T00:00:00.000000,4804.67,4809.05,4738.01,4740.68,19244294800.0,0.0016193322019532116
2020-08-21T00:00:00.000000,4708.13,4721.44,4662.8,4679.15,15836863900.0,0.0016212159677691585
2020-08-22T00:00:00.000000,4717.79,4739.48,4684.87,4718.84,14265786400.0,0.0017859424148774512
2020-08-25T00:00:00.000000,4746.4,4769.47,4716.84,4755.85,15114351200.0,0.0012882585763038799
2020-08-26T00:00:00.000000,4769.21,4802.4,4746.31,4761.95,14170135100.0,0.001331093052429779
2020-08-27T00:00:00.000000,4761.72,4786.42,4689.88,4706.13,15130518000.0,0.0014402354691401649
2020-08-28T00:00:00.000000,4718.06,4731.94,4679.41,4731.35,11904285000.0,0.001181763838077984
2020-08-29T00:00:00.000000,4727.29,4850.49,4719.35,4844.27,15939976500.0,0.00132263643469952
2020-09-01T00:00:00.000000,4870.93,4901.21,4816.21,4816.22,20256702900.0,0.0016134396287522668
2020-09-02T00:00:00.000000,4803.39,4842.14,4791.78,4842.12,13839540200.0,0.0011374009817523509
2020-09-03T00:00:00.000000,4859.08,4863.55,4797.52,4843.89,15798952400.0,0.0012906156283767451
2020-09-04T00:00:00.000000,4841.5,4877.01,4800.06,4817.1,14567120100.0,0.0014468200940494305
2020-09-05T00:00:00.000000,4737.24,4778.2,4726.56,4770.22,12003279600.0,0.002477272793516584
2020-09-08T00:00:00.000000,4759.52,4789.22,4655.56,4669.37,14860779100.0,0.0015892217635546293
2020-09-09T00:00:00.000000,4683.83,4707.82,4639.27,4694.39,13919922700.0,0.0016802150845405981
2020-09-10T00:00:00.000000,4634.25,4645.2,4558.04,4584.59,16227710700.0,0.0022554350149268172
2020-09-11T00:00:00.000000,4632.1,4647.5,4572.21,4581.98,15065287800.0,0.0019951138061023227
2020-09-12T00:00:00.000000,4572.26,4630.88,4563.11,4627.28,11530242400.0,0.001291470239002581
2020-09-15T00:00:00.000000,4652.05,4666.99,4625.99,4651.05,10723517900.0,0.001331781092351196
2020-09-16T00:00:00.000000,4649.45,4691.5,4630.8,4688.48,10191592500.0,0.0010482798427089075
2020-09-17T00:00:00.000000,4683.01,4690.63,4638.48,4657.36,10875364100.0,0.0009112193082732366
2020-09-18T00:00:00.000000,4642.05,4664.94,4601.64,4632.71,10598363100.0,0.0013754498325605532
2020-09-19T00:00:00.000000,4636.64,4737.6,4631.94,4737.09,16042647500.0,0.0014289143276407022
2020-09-22T00:00:00.000000,4750.75,4752.98,4688.72,4691.43,12453582700.0,0.000946105446296827
2020-09-23T00:00:00.000000,4654.22,4706.21,4622.19,4635.76,11967294700.0,0.001371362070303739
2020-09-24T00:00:00.000000,4639.66,4665.95,4623.55,4652.33,9582652800.0,0.001189256770438091
2020-09-25T00:00:00.000000,4623.95,4631.64,4562.35,4563.07,11259368300.0,0.0013861705683264444
2020-09-26T00:00:00.000000,4582.48,4599.54,4554.72,4570.02,9301515500.0,0.001291558056735885
2020-09-29T00:00:00.000000,4582.65,4613.63,4571.17,4581.91,8504838900.0,0.0012085090757197854
2020-09-30T00:00:00.000000,4608.29,4616.68,4586.35,4591.8,8599385800.0,0.001040379837813507
2020-10-01T00:00:00.000000,4607.58,4634.72,4563.41,4587.4,8908120000.0,0.0012057011200041542
2020-10-10T00:00:00.000000,4663.61,4695.4,4655.09,4681.14,11133751200.0,0.0023246774950822758
2020-10-13T00:00:00.000000,4705.19,4823.27,4704.44,4823.16,15578455800.0,0.0015755043797690735
2020-10-14T00:00:00.000000,4812.9,4845.92,4795.37,4839.2,11651633800.0,0.001028351755482632
2020-10-15T00:00:00.000000,4830.46,4830.46,4795.91,4807.1,11190692300.0,0.000902278721900948
2020-10-16T00:00:00.000000,4810.78,4833.89,4796.27,4798.74,10996496200.0,0.0011726682210619016
2020-10-17T00:00:00.000000,4798.92,4825.45,4766.17,4791.68,11671610200.0,0.0011836101934541896
2020-10-20T00:00:00.000000,4823.49,4849.6,4747.38,4755.49,12924636100.0,0.0019052410046892397
2020-10-21T00:00:00.000000,4751.37,4793.47,4739.46,4793.47,9804815600.0,0.0009555693717944302
2020-10-22T00:00:00.000000,4801.63,4801.63,4759.31,4792.83,10380570300.0,0.0010172489884604648
2020-10-23T00:00:00.000000,4780.6,4791.78,4725.5,4777.98,10135089100.0,0.0013308355046467613
2020-10-24T00:00:00.000000,4775.47,4802.46,4717.1,4718.49,10682518400.0,0.0013806504766573826
2020-10-27T00:00:00.000000,4684.05,4713.39,4639.3,4691.24,10834327500.0,0.002157744623970497
2020-10-28T00:00:00.000000,4680.14,4708.46,4671.85,4699.28,9265630400.0,0.0009986760807550027
2020-10-29T00:00:00.000000,4703.0,4753.26,4685.6,4737.27,10846340200.0,0.0009828651829996706
2020-10-30T00:00:00.000000,4683.61,4802.91,4679.52,4772.92,11711725000.0,0.0017420982349230817
2020-10-31T00:00:00.000000,4776.47,4777.99,4683.55,4695.33,13980230300.0,0.001296976062210071
2020-11-03T00:00:00.000000,4702.75,4738.02,4695.54,4720.83,14286769300.0,0.0014356968485658404
2020-11-04T00:00:00.000000,4743.17,4793.4,4734.17,4777.56,13605540800.0,0.0013096167285691104
2020-11-05T00:00:00.000000,4781.45,4825.46,4770.87,4813.66,11466180600.0,0.0013542525831419007
2020-11-06T00:00:00.000000,4861.34,4885.11,4838.0,4885.11,13924459400.0,0.0022004657612328285
2020-11-07T00:00:00.000000,4897.63,4897.63,4845.48,4885.72,15363903400.0,0.0012308128852372478
2020-11-10T00:00:00.000000,4918.86,4997.61,4918.86,4981.35,19713198400.0,0.002064302196433732
2020-11-11T00:00:00.000000,4995.41,4995.41,4929.1,4953.88,17626721400.0,0.0013586563757386043
2020-11-12T00:00:00.000000,4937.76,4957.58,4901.71,4904.9,16447051500.0,0.0010692188014161245
2020-11-13T00:00:00.000000,4916.77,4926.34,4891.52,4908.46,11811461900.0,0.00097293545489572
2020-11-14T00:00:00.000000,4886.98,4886.98,4825.76,4856.85,13369307900.0,0.001655893444750086
2020-11-17T00:00:00.000000,4880.96,4904.17,4848.86,4904.17,14877098000.0,0.000972254159032553
2020-11-18T00:00:00.000000,4903.12,4909.16,4865.39,4894.79,15148746400.0,0.0010169849873676447
2020-11-19T00:00:00.000000,4889.67,4911.09,4870.72,4891.67,16421661600.0,0.0009006754090654503
2020-11-20T00:00:00.000000,4880.92,4939.79,4870.2,4927.99,13368137800.0,0.0010943224792911287
2020-11-21T00:00:00.000000,4928.22,4947.43,4922.59,4943.29,12940034100.0,0.0006274961874394377
2020-11-24T00:00:00.000000,4954.6,5029.49,4940.76,5005.03,20591518700.0,0.0010366875704008677
2020-11-25T00:00:00.000000,4997.05,5001.06,4961.05,4974.29,15663791100.0,0.0008769546078369877
2020-11-26T00:00:00.000000,4992.75,5004.77,4910.7,4910.7,17034052700.0,0.0012541189991349187
2020-11-27T00:00:00.000000,4908.32,4925.29,4867.82,4919.59,13720233800.0,0.0011617327444648799
2020-11-28T00:00:00.000000,4930.59,4980.77,4917.53,4980.77,16295292200.0,0.0010363423041791291
2020-12-01T00:00:00.000000,4994.11,5055.17,4960.25,4960.25,26263895000.0,0.0017262890461278591
2020-12-02T00:00:00.000000,4963.13,5072.55,4963.13,5067.1,20406563800.0,0.0011269085657071567
2020-12-03T00:00:00.000000,5072.98,5090.61,5043.31,5067.14,19543547600.0,0.001355509235809404
2020-12-04T00:00:00.000000,5065.45,5072.3,5033.79,5057.06,17786574800.0,0.0009782441115560412
2020-12-05T00:00:00.000000,5049.52,5072.39,5017.97,5065.92,14434716700.0,0.0010708424364372774
2020-12-08T00:00:00.000000,5065.73,5067.68,5014.74,5022.24,13989621700.0,0.0012653224699430573
2020-12-09T00:00:00.000000,5029.11,5043.06,4998.96,5009.88,12307302900.0,0.0008249036192672761
2020-12-10T00:00:00.000000,5022.38,5033.5,4942.65,4942.7,13891696500.0,0.0011710855079885838
2020-12-11T00:00:00.000000,4931.29,4962.74,4919.77,4940.52,12591427000.0,0.0008810913326411941
2020-12-12T00:00:00.000000,4957.82,4957.82,4849.35,4889.63,15935769700.0,0.0015505962404166564
2020-12-15T00:00:00.000000,4903.63,4937.26,4887.66,4934.84,12080155200.0,0.0008645134364912696
2020-12-16T00:00:00.000000,4931.6,4954.19,4904.79,4945.1,11834263300.0,0.0008550921347957584
2020-12-17T00:00:00.000000,4957.3,4968.72,4938.19,4953.87,10677896800.0,0.0009574775170182997
2020-12-18T00:00:00.000000,4960.73,5021.62,4950.37,5017.48,13338547900.0,0.0011054795355471944
2020-12-19T00:00:00.000000,5014.32,5027.44,4979.11,4999.97,12804961800.0,0.0009997467135529603
2020-12-22T00:00:00.000000,4995.76,5048.42,4970.11,5046.84,14081178200.0,0.0012496177462405775
2020-12-23T00:00:00.000000,5034.98,5055.0,4960.95,4964.77,16234497000.0,0.0012949267218230664
2020-12-24T00:00:00.000000,4977.3,5028.43,4968.15,5007.12,14029281900.0,0.0013656260068336417
2020-12-25T00:00:00.000000,5006.01,5033.04,4979.32,5000.02,11441866700.0,0.0013221968145999139
2020-12-26T00:00:00.000000,4985.77,5042.03,4973.79,5042.01,12100697900.0,0.0010732695508761845
2020-12-29T00:00:00.000000,5042.94,5089.34,5038.25,5064.41,13691440700.0,0.000991499607950539
2020-12-30T00:00:00.000000,5071.45,5077.42,5034.31,5042.94,14119866200.0,0.0010558388983322577
2020-12-31T00:00:00.000000,5037.98,5113.71,5036.99,5113.71,14862644800.0,0.000835463944245712
2021-01-01T00:00:00.000000,5122.48,5215.62,5122.48,5211.29,17160250900.0,0.0017700350437864852
2021-01-05T00:00:00.000000,5212.93,5284.43,5191.0,5267.72,21171138200.0,0.0012712413601937693
2021-01-06T00:00:00.000000,5245.84,5368.5,5234.38,5368.5,22493115900.0,0.0015214588418238782
2021-01-07T00:00:00.000000,5386.51,5433.47,5341.43,5417.67,19377344400.0,0.0022712869910502245
2021-01-08T00:00:00.000000,5428.39,5513.66,5413.71,5513.66,21987208000.0,0.0018601977634940476
2021-01-09T00:00:00.000000,5526.29,5547.47,5442.69,5495.43,20432495600.0,0.0019256210264979453
2021-01-12T00:00:00.000000,5504.24,5555.69,5412.5,5441.16,23183598300.0,0.002212487461831103
2021-01-13T00:00:00.000000,5419.5,5596.35,5417.63,5596.35,22422018600.0,0.001476895141802475
2021-01-14T00:00:00.000000,5609.26,5644.72,5535.18,5577.97,26156988600.0,0.001975456932949857
2021-01-15T00:00:00.000000,5556.21,5567.73,5458.68,5470.46,24368338000.0,0.0020758864396642025
2021-01-16T00:00:00.000000,5471.39,5500.63,5390.27,5458.08,23863743500.0,0.002383571913321605
2021-01-19T00:00:00.000000,5438.16,5541.46,5410.92,5518.52,20705186900.0,0.001710664217465061
2021-01-20T00:00:00.000000,5525.97,5532.34,5415.72,5437.52,21104342500.0,0.0015399923551416594
2021-01-21T00:00:00.000000,5439.91,5496.05,5426.7,5476.43,17091326000.0,0.0012827973897112102
2021-01-22T00:00:00.000000,5492.96,5593.05,5490.88,5564.97,20995019700.0,0.0016357517111397245
2021-01-23T00:00:00.000000,5562.38,5573.66,5513.88,5569.78,19930002000.0,0.0013902255271389555
2021-01-26T00:00:00.000000,5564.12,5655.48,5543.43,5625.92,19704701900.0,0.0018191096788642528
2021-01-27T00:00:00.000000,5600.9,5600.9,5506.0,5512.97,17190459000.0,0.0017328004896333567
2021-01-28T00:00:00.000000,5505.77,5534.99,5449.64,5528.0,16019084100.0,0.0016655545416589272
2021-01-29T00:00:00.000000,5450.37,5462.06,5360.41,5377.14,17048558500.0,0.0027611186869315216
2021-01-30T00:00:00.000000,5413.97,5430.2,5288.1,5351.96,18217878400.0,0.0021266153243571007
2021-02-02T00:00:00.000000,5356.85,5422.3,5342.05,5417.65,16631370600.0,0.0018350985875843365
2021-02-03T00:00:00.000000,5429.7,5503.21,5411.58,5501.09,16521056500.0,0.0010787985210111994
2021-02-04T00:00:00.000000,5499.3,5532.62,5473.12,5485.2,18805431700.0,0.0015627983499686856
2021-02-05T00:00:00.000000,5453.98,5510.05,5411.57,5473.95,18057565400.0,0.0017997912151974163
2021-02-06T00:00:00.000000,5494.7,5550.77,5477.65,5483.41,18969959800.0,0.0015629077536124245
2021-02-09T00:00:00.000000,5506.14,5576.49,5479.85,5564.56,16403377500.0,0.001433175134274582
2021-02-10T00:00:00.000000,5584.17,5686.25,5555.05,5686.25,16488726000.0,0.0011894909851572848
2021-02-11T00:00:00.000000,5709.68,5823.31,5707.33,5807.72,17016978600.0,0.0013984987527806232
2021-02-19T00:00:00.000000,5922.07,5930.91,5747.66,5768.38,21884868600.0,0.0026159683672733326
2021-02-20T00:00:00.000000,5734.02,5787.81,5667.63,5778.84,21447578000.0,0.001967585280031184
2021-02-23T00:00:00.000000,5785.51,5785.51,5597.33,5597.33,28212438200.0,0.0024742216004037406
2021-02-24T00:00:00.000000,5542.68,5644.76,5541.11,5579.67,23380772700.0,0.0020034560822163854
2021-02-25T00:00:00.000000,5591.48,5598.67,5379.83,5437.57,22542861000.0,0.0026564881289146045
2021-02-26T00:00:00.000000,5494.47,5527.61,5444.16,5469.56,23073602800.0,0.0020978010100592363
2021-02-27T00:00:00.000000,5343.9,5416.29,5318.9,5336.76,21226454300.0,0.003667458843274321
2021-03-02T00:00:00.000000,5389.25,5421.56,5345.94,5418.78,17746352300.0,0.0016023669688216325
2021-03-03T00:00:00.000000,5453.28,5454.97,5305.19,5349.63,19651111500.0,0.0017932353012163548
2021-03-04T00:00:00.000000,5327.35,5452.4,5316.48,5452.21,19470905400.0,0.0016693243283714668
2021-03-05T00:00:00.000000,5388.48,5392.37,5254.78,5280.71,21277521100.0,0.0027730455607083864
2021-03-06T00:00:00.000000,5191.97,5307.82,5174.25,5262.8,20262795600.0,0.003692253433822281
2021-03-09T00:00:00.000000,5299.79,5326.26,5079.8,5080.02,23023163500.0,0.0026230752800694345
2021-03-10T00:00:00.000000,5066.15,5094.3,4917.91,4971.0,23071100400.0,0.0037799872808673743
2021-03-11T00:00:00.000000,5047.06,5055.11,4981.8,5003.61,16992849000.0,0.0029370954623243587
2021-03-12T00:00:00.000000,5024.56,5138.24,5020.59,5128.22,18960076600.0,0.0020664915219770178
2021-03-13T00:00:00.000000,5153.67,5153.67,5086.91,5146.38,20102058900.0,0.0014952759144827243
2021-03-16T00:00:00.000000,5116.12,5120.53,4992.42,5035.54,20415308400.0,0.0023762516550549827
2021-03-17T00:00:00.000000,5054.41,5084.31,5009.99,5079.36,16139005400.0,0.001984135848662497
2021-03-18T00:00:00.000000,5062.77,5123.55,5020.13,5100.86,14916237600.0,0.002038545509652781
2021-03-19T00:00:00.000000,5114.59,5160.36,5111.13,5141.77,14290151800.0,0.001305129003439395
2021-03-20T00:00:00.000000,5068.53,5089.78,4980.76,5007.09,16417484900.0,0.0025032430874483013
2021-03-23T00:00:00.000000,5008.4,5071.34,4996.54,5057.15,16740263200.0,0.0015845790516373285
2021-03-24T00:00:00.000000,5057.06,5063.99,4966.53,5009.25,15801396700.0,0.0016309106531416416
2021-03-25T00:00:00.000000,4985.4,5024.33,4919.89,4928.69,15938598200.0,0.001839618074436192
2021-03-26T00:00:00.000000,4904.07,4950.76,4883.66,4926.35,13294518900.0,0.001956304407873696
2021-03-27T00:00:00.000000,4953.95,5050.57,4953.95,5037.99,14592669700.0,0.001842980588716791
2021-03-30T00:00:00.000000,5052.26,5086.65,5010.42,5046.88,14338821500.0,0.001513297547509979
2021-03-31T00:00:00.000000,5043.1,5105.97,5032.8,5094.73,13861856000.0,0.001064450311241474
2021-04-01T00:00:00.000000,5085.95,5085.95,5015.61,5048.36,14133574300.0,0.0013284616064186436
2021-04-02T00:00:00.000000,5059.94,5115.34,5056.87,5110.78,12032489000.0,0.0011653671946257886
2021-04-03T00:00:00.000000,5129.85,5169.83,5116.35,5161.56,12700225400.0,0.0012283138056461132
2021-04-07T00:00:00.000000,5178.64,5181.15,5125.34,5140.34,10983421000.0,0.0009026698514359086
2021-04-08T00:00:00.000000,5141.66,5141.66,5065.25,5103.74,14576374800.0,0.0012072655276771326
2021-04-09T00:00:00.000000,5078.26,5129.02,5062.07,5112.21,14177104700.0,0.0011330420052204809
2021-04-10T00:00:00.000000,5100.04,5100.04,5022.09,5035.34,12841650900.0,0.0010790767029277774
2021-04-13T00:00:00.000000,5026.98,5045.6,4933.01,4947.75,15264431400.0,0.001766306822681848
2021-04-14T00:00:00.000000,4949.81,4994.54,4924.2,4939.64,13291935800.0,0.0012712578377644219
2021-04-15T00:00:00.000000,4945.69,4987.12,4940.27,4980.63,12086083800.0,0.0011260472936962136
2021-04-16T00:00:00.000000,4969.91,4969.91,4900.3,4948.97,10882938400.0,0.0013495922893753183
2021-04-17T00:00:00.000000,4966.9,4979.09,4918.12,4966.18,11123992400.0,0.0013330534995058675
2021-04-20T00:00:00.000000,4966.41,5088.21,4940.75,5087.02,15476982400.0,0.0012757928196511963
2021-04-21T00:00:00.000000,5065.78,5119.73,5059.25,5083.37,13654170000.0,0.0012691296732432625
2021-04-22T00:00:00.000000,5055.24,5110.38,5047.99,5098.74,12463727700.0,0.0010638489119016291
2021-04-23T00:00:00.000000,5114.28,5118.98,5067.22,5089.24,12116764500.0,0.0009519405821793557
2021-04-24T00:00:00.000000,5088.83,5149.98,5086.72,5135.45,12205699100.0,0.001210746156158298
2021-04-27T00:00:00.000000,5156.59,5181.11,5073.05,5077.24,15138196700.0,0.0016511669934637877
2021-04-28T00:00:00.000000,5076.64,5095.98,5042.61,5090.52,12396183700.0,0.0011713284687555302
2021-04-29T00:00:00.000000,5073.97,5119.45,5059.26,5119.24,12062031800.0,0.0013432114001144194
2021-04-30T00:00:00.000000,5128.28,5170.47,5113.65,5164.17,14009248000.0,0.0012853479106702994
2021-05-01T00:00:00.000000,5156.36,5162.99,5094.93,5123.49,16012162100.0,0.0012110776030824447
2021-05-07T00:00:00.000000,5098.8,5132.82,5037.41,5061.12,15882263000.0,0.00176086637514774
2021-05-08T00:00:00.000000,5073.46,5093.75,4996.05,4996.05,17225832100.0,0.0013023872197719798
2021-05-11T00:00:00.000000,5001.44,5019.31,4953.72,4992.42,17082058500.0,0.0015942134688450597
2021-05-12T00:00:00.000000,4956.08,5033.49,4925.92,5023.06,15152649700.0,0.001821479106067103
2021-05-13T00:00:00.000000,5003.82,5051.14,4995.4,5044.55,12661908600.0,0.0012311574730778335
2021-05-14T00:00:00.000000,4992.35,5022.08,4975.45,4992.97,13227940600.0,0.0016619177515156134
2021-05-15T00:00:00.000000,5007.63,5112.98,4981.29,5110.59,15942618000.0,0.001511939538218963
2021-05-18T00:00:00.000000,5115.31,5206.69,5115.31,5184.99,15388963400.0,0.0016754824421490499
2021-05-19T00:00:00.000000,5190.93,5201.67,5156.79,5187.6,11840426100.0,0.0007422167721818265
2021-05-20T00:00:00.000000,5173.17,5193.56,5152.23,5172.27,11872998300.0,0.0012057229239335408
2021-05-21T00:00:00.000000,5167.05,5201.59,5152.08,5186.41,13845477500.0,0.001271190300999122
2021-05-22T00:00:00.000000,5199.13,5216.16,5123.18,5134.15,12476848500.0,0.001347517554225997
2021-05-25T00:00:00.000000,5138.81,5155.59,5092.74,5155.59,12674233600.0,0.001112931700489435
2021-05-26T00:00:00.000000,5165.04,5324.25,5161.68,5318.48,18299683900.0,0.0014690574927298428
2021-05-27T00:00:00.000000,5326.12,5344.23,5308.85,5320.59,16960709600.0,0.0009579292324498485
2021-05-28T00:00:00.000000,5311.37,5378.48,5286.05,5338.23,14846285500.0,0.0016519136993554647
2021-05-29T00:00:00.000000,5338.73,5360.28,5288.65,5321.09,16460580600.0,0.0012729245484991328
2021-06-01T00:00:00.000000,5318.08,5331.63,5281.69,5331.57,14460326900.0,0.0010642185833048422
2021-06-02T00:00:00.000000,5320.47,5343.75,5269.26,5341.68,14383147400.0,0.0012509214834220982
2021-06-03T00:00:00.000000,5348.34,5352.64,5266.88,5289.97,13775431900.0,0.0012420883530743017
2021-06-04T00:00:00.000000,5285.71,5314.37,5255.07,5255.29,14196887800.0,0.0011187729001965413
2021-06-05T00:00:00.000000,5228.28,5334.49,5221.23,5282.28,14473208700.0,0.0018143989813785857
2021-06-08T00:00:00.000000,5284.89,5286.67,5243.07,5277.63,12770497100.0,0.0010770797106589127
2021-06-09T00:00:00.000000,5276.97,5319.04,5201.14,5232.12,13055953200.0,0.0016635481706325282
2021-06-10T00:00:00.000000,5224.95,5253.36,5215.54,5236.45,12182032100.0,0.0007970065928286568
2021-06-11T00:00:00.000000,5236.47,5299.53,5229.52,5271.47,13899196700.0,0.0013823908197624815
2021-06-12T00:00:00.000000,5275.75,5276.1,5213.61,5224.7,18080717300.0,0.0009911318491933974
2021-06-16T00:00:00.000000,5218.56,5225.5,5137.53,5166.56,14288005800.0,0.0013258129566729906
2021-06-17T00:00:00.000000,5163.25,5164.43,5076.16,5080.49,12514798500.0,0.0013539829885389962
2021-06-18T00:00:00.000000,5074.38,5123.37,5073.82,5101.89,12045251800.0,0.001118691288596671
2021-06-19T00:00:00.000000,5104.93,5128.03,5064.92,5102.47,14858580500.0,0.001359395665729574
2021-06-22T00:00:00.000000,5088.09,5123.78,5058.57,5090.39,13218451600.0,0.0018029807757301319
2021-06-23T00:00:00.000000,5106.07,5125.8,5086.3,5122.16,13041675300.0,0.0008719071118308878
2021-06-24T00:00:00.000000,5127.19,5171.03,5109.76,5147.39,13635605800.0,0.001216393379160129
2021-06-25T00:00:00.000000,5156.56,5160.43,5120.58,5155.97,12668562500.0,0.0010141106370998227
2021-06-26T00:00:00.000000,5159.8,5251.27,5157.48,5239.97,15493106100.0,0.0012277396534848058
2021-06-29T00:00:00.000000,5253.61,5260.64,5226.22,5251.76,13319378300.0,0.0007514238936971708
2021-06-30T00:00:00.000000,5248.52,5248.52,5182.8,5190.54,12516299700.0,0.001070364742831139
2021-07-01T00:00:00.000000,5189.38,5231.43,5186.63,5224.04,10375267100.0,0.0008714405399707394
2021-07-02T00:00:00.000000,5241.2,5252.26,5190.88,5229.66,12724062000.0,0.0014203127254482214
2021-07-03T00:00:00.000000,5186.66,5186.66,5074.52,5081.12,13042642400.0,0.0023404452651521793
2021-07-06T00:00:00.000000,5073.78,5098.18,5048.06,5085.79,13121158900.0,0.0009692059967835745
2021-07-07T00:00:00.000000,5089.78,5092.21,5028.51,5083.1,14065522000.0,0.0013884052895996386
2021-07-08T00:00:00.000000,5052.42,5152.75,5045.49,5140.49,14854906000.0,0.0012015067989709451
2021-07-09T00:00:00.000000,5149.31,5150.14,5078.93,5088.26,17390100800.0,0.0010938245719818026
2021-07-10T00:00:00.000000,5063.15,5081.41,5006.41,5069.44,16065322600.0,0.0013418065505408092
2021-07-13T00:00:00.000000,5108.38,5159.41,5070.32,5132.71,20621203900.0,0.0016171307472029148
2021-07-14T00:00:00.000000,5128.61,5154.05,5114.97,5142.1,16648220900.0,0.001005832387212147
2021-07-15T00:00:00.000000,5130.75,5130.75,5075.13,5083.08,18835272000.0,0.0015754728651691653
2021-07-16T00:00:00.000000,5073.26,5153.81,5067.68,5151.46,18107710300.0,0.001170048159577599
2021-07-17T00:00:00.000000,5140.9,5140.9,5090.63,5094.77,16995598200.0,0.0010992339482462819
2021-07-20T00:00:00.000000,5083.73,5120.82,5047.62,5113.49,15319958900.0,0.0013854686881595384
2021-07-21T00:00:00.000000,5080.22,5113.88,5067.97,5108.99,12930004400.0,0.0009271322313386694
2021-07-22T00:00:00.000000,5122.78,5160.54,5122.3,5144.04,16797646900.0,0.0009597519002392138
2021-07-23T00:00:00.000000,5150.39,5170.97,5137.99,5151.75,18555686400.0,0.0009058988872088693
2021-07-24T00:00:00.000000,5145.43,5145.43,5080.0,5089.23,21653684700.0,0.001375692618366452
2021-07-27T00:00:00.000000,5067.31,5067.31,4859.91,4925.3,22811171000.0,0.0028233172657953086
2021-07-28T00:00:00.000000,4924.28,4940.51,4749.03,4751.31,23663122500.0,0.0024690294634406684
2021-07-29T00:00:00.000000,4714.29,4785.66,4663.9,4760.48,19263439300.0,0.0030402608070836845
2021-07-30T00:00:00.000000,4845.76,4857.85,4800.05,4850.27,17332205400.0,0.002368294277992758
2021-07-31T00:00:00.000000,4825.7,4825.7,4761.31,4811.17,18234977600.0,0.00213165272783922
2021-08-03T00:00:00.000000,4794.82,4938.82,4761.66,4933.74,22719491800.0,0.0021869520392818445
2021-08-04T00:00:00.000000,4909.23,4957.03,4890.93,4934.46,20353336000.0,0.0018402580015502634
2021-08-05T00:00:00.000000,4927.74,4979.23,4919.66,4978.85,17546646100.0,0.0009951432357794777
2021-08-06T00:00:00.000000,4946.17,4997.14,4922.2,4948.67,16738182900.0,0.0019069635372147304
2021-08-07T00:00:00.000000,4943.04,4944.35,4891.8,4921.56,15417968800.0,0.0012636444703829884
2021-08-10T00:00:00.000000,4890.26,5002.89,4884.04,4985.56,18243687100.0,0.001557419580805409
2021-08-11T00:00:00.000000,4977.82,5043.76,4941.24,5043.15,16705190200.0,0.0012449592936284424
2021-08-12T00:00:00.000000,5037.08,5059.66,5009.98,5015.34,18226607400.0,0.0010289288735388518
2021-08-13T00:00:00.000000,4998.07,5016.12,4963.31,4973.35,16822373300.0,0.0011445696484234048
2021-08-14T00:00:00.000000,4958.76,4993.6,4921.28,4945.98,15831432100.0,0.0013312034626492115
2021-08-17T00:00:00.000000,4935.92,4973.23,4931.4,4941.07,16195337300.0,0.001052290386242105
2021-08-18T00:00:00.000000,4935.0,4967.54,4823.56,4837.4,18757347200.0,0.001620788083790241
2021-08-19T00:00:00.000000,4838.47,4909.54,4818.9,4894.24,19747437800.0,0.0015777834336111608
2021-08-20T00:00:00.000000,4886.56,4893.12,4839.66,4862.14,20171171900.0,0.0010806962210153394
2021-08-21T00:00:00.000000,4817.49,4835.15,4720.84,4769.27,17763581000.0,0.0021812745546998307
2021-08-24T00:00:00.000000,4777.73,4843.82,4764.01,4835.88,16757909300.0,0.0010585864132140368
2021-08-25T00:00:00.000000,4844.59,4906.12,4842.75,4888.39,19788316300.0,0.001167665362334856
2021-08-26T00:00:00.000000,4890.52,4899.77,4865.76,4898.16,18944801600.0,0.0009077697387093757
2021-08-27T00:00:00.000000,4892.2,4892.2,4798.7,4801.61,19761738700.0,0.0016592595573461965
2021-08-28T00:00:00.000000,4794.97,4863.39,4794.65,4827.04,18331021100.0,0.0013927275143621675
2021-08-31T00:00:00.000000,4847.03,4849.0,4787.22,4813.27,21963575700.0,0.001498658723675345
2021-09-01T00:00:00.000000,4803.09,4821.76,4740.75,4805.61,23511865800.0,0.001236015847100861
2021-09-02T00:00:00.000000,4804.69,4906.4,4763.54,4869.46,32672108000.0,0.002347961845179345
2021-09-03T00:00:00.000000,4865.82,4892.61,4845.65,4869.41,26785801300.0,0.0010727469036727452
2021-09-04T00:00:00.000000,4875.07,4886.38,4828.84,4843.06,26809189600.0,0.0015893379552161407
2021-09-07T00:00:00.000000,4841.06,4944.45,4837.81,4933.73,24050724500.0,0.0014544437630206971
2021-09-08T00:00:00.000000,4932.98,5005.57,4915.66,4992.83,24417851900.0,0.0009860550174351505
2021-09-09T00:00:00.000000,4986.8,5013.98,4955.89,4972.13,26461531500.0,0.0011701170525127435
2021-09-10T00:00:00.000000,4952.49,4970.15,4930.53,4970.01,25653021700.0,0.0011443678707278968
2021-09-11T00:00:00.000000,4967.98,5042.35,4962.37,5013.52,28830435200.0,0.0016117473948492806
2021-09-14T00:00:00.000000,5006.77,5029.72,4965.08,4991.66,24991529800.0,0.00132931078068153
2021-09-15T00:00:00.000000,4989.83,5000.98,4907.32,4917.16,24559040200.0,0.0013722861084302317
2021-09-16T00:00:00.000000,4903.85,4903.85,4843.12,4867.32,18798473000.0,0.0014373862552792655
2021-09-17T00:00:00.000000,4866.79,4879.46,4806.31,4807.7,21675209900.0,0.0015016179409825512
2021-09-18T00:00:00.000000,4797.11,4857.96,4786.09,4855.94,20195812700.0,0.0015829051009012636
2021-09-23T00:00:00.000000,4770.73,4830.85,4765.23,4821.77,19122037600.0,0.0023618564537009478
2021-09-24T00:00:00.000000,4848.22,4877.34,4837.67,4853.2,22815106400.0,0.0015337818948123613
2021-09-25T00:00:00.000000,4845.64,4896.76,4838.69,4849.43,20769329000.0,0.0010237204047731756
2021-09-28T00:00:00.000000,4870.85,4922.56,4852.2,4877.37,21596703000.0,0.0020024191765660895
2021-09-29T00:00:00.000000,4869.08,4901.1,4846.63,4883.83,17689088000.0,0.0011968357589302596
2021-09-30T00:00:00.000000,4846.02,4868.07,4799.88,4833.93,18817136600.0,0.001997352465611664
2021-10-01T00:00:00.000000,4843.95,4876.07,4843.95,4866.38,14611389600.0,0.0011751011984053208
2021-10-09T00:00:00.000000,4915.73,4936.94,4891.62,4929.94,16896807700.0,0.0014601401733782846
2021-10-12T00:00:00.000000,4941.29,4983.73,4930.71,4936.19,16351162400.0,0.0013668937816069039
2021-10-13T00:00:00.000000,4920.66,4925.49,4840.77,4883.84,16807933700.0,0.001544729249121452
2021-10-14T00:00:00.000000,4880.14,4953.37,4869.87,4940.11,13114281300.0,0.001238831785565406
2021-10-15T00:00:00.000000,4934.26,4953.92,4903.25,4913.61,11955701300.0,0.0010997777399686219
2021-10-16T00:00:00.000000,4896.56,4939.82,4881.01,4932.11,14282200100.0,0.0012193302592069732
2021-10-19T00:00:00.000000,4922.51,4922.51,4844.94,4874.78,14124519900.0,0.0015877530531673084
2021-10-20T00:00:00.000000,4869.39,4928.14,4868.81,4922.72,13526649300.0,0.0009076437593898233
2021-10-21T00:00:00.000000,4926.77,4944.02,4898.41,4910.18,14153318300.0,0.0008968654758285084
2021-10-22T00:00:00.000000,4914.74,4946.12,4893.85,4928.02,14889815400.0,0.0010191058572578443
2021-10-23T00:00:00.000000,4934.87,4989.89,4934.87,4959.73,14392622800.0,0.0010603818035767622
2021-10-26T00:00:00.000000,4940.9,4981.65,4930.11,4979.52,14186149000.0,0.0008435856034622308
2021-10-27T00:00:00.000000,4983.24,5002.38,4953.48,4963.1,14088894300.0,0.0011910288745149908
2021-10-28T00:00:00.000000,4949.23,4949.23,4884.94,4898.16,14711159300.0,0.001357972003322179
2021-10-29T00:00:00.000000,4882.59,4898.66,4846.31,4864.14,15664947200.0,0.0011738832877450272
2021-10-30T00:00:00.000000,4861.27,4908.77,4855.76,4908.77,15988735300.0,0.0009626696898267937
2021-11-02T00:00:00.000000,4878.13,4908.21,4858.43,4890.69,17158397400.0,0.0014138809386654968
2021-11-03T00:00:00.000000,4886.18,4911.17,4797.9,4839.85,18543768800.0,0.001588101382510596
2021-11-04T00:00:00.000000,4835.81,4858.71,4804.41,4821.11,14276382000.0,0.0010458697887118344
2021-11-05T00:00:00.000000,4841.09,4873.94,4834.74,4868.74,13259297000.0,0.0009581370637403133
2021-11-06T00:00:00.000000,4858.9,4889.68,4841.74,4842.35,14778935900.0,0.0009432764822703919
2021-11-09T00:00:00.000000,4841.15,4865.76,4827.91,4848.18,13739826400.0,0.0008182719008483403
2021-11-10T00:00:00.000000,4858.25,4870.79,4818.55,4846.74,11837552600.0,0.000995904697409457
2021-11-11T00:00:00.000000,4832.8,4832.8,4754.0,4821.19,13511817900.0,0.001378662301091163
2021-11-12T00:00:00.000000,4814.77,4898.65,4809.11,4898.65,16048486300.0,0.0008831382486831041
2021-11-13T00:00:00.000000,4902.93,4909.08,4875.35,4888.37,13266296900.0,0.0007790069484388478
2021-11-16T00:00:00.000000,4894.41,4906.33,4863.53,4882.38,12182314900.0,0.0008021574635048965
2021-11-17T00:00:00.000000,4880.9,4915.37,4876.5,4883.32,12725440600.0,0.0009736888189404707
2021-11-18T00:00:00.000000,4883.25,4891.52,4864.67,4885.75,10845922300.0,0.000641597976831144
2021-11-19T00:00:00.000000,4871.42,4871.42,4830.41,4837.62,11448056500.0,0.0011082425731961823
2021-11-20T00:00:00.000000,4832.06,4892.73,4829.57,4890.06,12719831200.0,0.0009970108328153338
2021-11-23T00:00:00.000000,4895.39,4919.0,4893.27,4912.4,13809283600.0,0.0005992133960456131
2021-11-24T00:00:00.000000,4905.76,4927.52,4896.88,4913.35,15430441100.0,0.0005850843399918988
2021-11-25T00:00:00.000000,4914.03,4935.49,4899.61,4916.66,13715067300.0,0.0007040022167447137
2021-11-26T00:00:00.000000,4917.61,4921.22,4891.73,4896.44,11598403100.0,0.000543743613742562
2021-11-27T00:00:00.000000,4886.95,4886.95,4850.95,4860.13,12036897400.0,0.0008811083208698416
2021-11-30T00:00:00.000000,4820.01,4858.53,4818.71,4851.42,13362686200.0,0.0009326988367395947
2021-12-01T00:00:00.000000,4857.18,4871.25,4810.33,4832.03,12963059600.0,0.0008033847066754949
2021-12-02T00:00:00.000000,4831.89,4844.52,4824.03,4843.85,12308678900.0,0.0005204110340674453
2021-12-03T00:00:00.000000,4839.91,4866.85,4830.32,4856.16,14808852100.0,0.0007588578251636985
2021-12-04T00:00:00.000000,4856.98,4901.02,4853.4,4901.02,14405962600.0,0.0007130856218253063
2021-12-07T00:00:00.000000,4909.43,4943.9,4888.69,4892.62,17361568300.0,0.0009360260917336844
2021-12-08T00:00:00.000000,4930.83,4934.1,4895.29,4922.1,17905346000.0,0.0013408501600737698
2021-12-09T00:00:00.000000,4934.41,4995.93,4915.79,4995.93,15749055900.0,0.0007235517128774396
2021-12-10T00:00:00.000000,5000.69,5114.5,4999.65,5078.69,22056877600.0,0.0013857668287200282
2021-12-11T00:00:00.000000,5046.27,5060.06,5035.81,5055.12,19369515400.0,0.0010659873574337777
2021-12-14T00:00:00.000000,5090.02,5143.77,5079.73,5083.8,21180159600.0,0.0015329178820886083
2021-12-15T00:00:00.000000,5066.35,5075.14,5038.86,5049.7,15910779000.0,0.0007224069204798661
2021-12-16T00:00:00.000000,5036.28,5060.37,5004.11,5005.9,15052975200.0,0.0008300147983038808
2021-12-17T00:00:00.000000,5006.61,5034.73,4987.22,5034.73,14405386700.0,0.0008546506308907633
2021-12-18T00:00:00.000000,5021.34,5022.11,4954.76,4954.76,14900539900.0,0.0010371409487649197
2021-12-21T00:00:00.000000,4934.97,4971.67,4872.75,4880.42,16967569000.0,0.0013704116691736232
2021-12-22T00:00:00.000000,4876.51,4917.8,4872.95,4913.49,14333989800.0,0.0009986033879920827
2021-12-23T00:00:00.000000,4924.58,4936.67,4903.18,4914.45,13325674000.0,0.0008838261520615475
2021-12-24T00:00:00.000000,4924.29,4948.74,4906.75,4948.74,13955540600.0,0.0008681540811650234
2021-12-25T00:00:00.000000,4953.06,4964.91,4905.98,4921.34,14267332300.0,0.0010487332141372956
2021-12-28T00:00:00.000000,4918.15,4939.69,4894.17,4919.32,12410095200.0,0.0008552004983436594
2021-12-29T00:00:00.000000,4923.69,4959.04,4913.87,4955.96,13045775700.0,0.0008975661616050501
2021-12-30T00:00:00.000000,4958.65,4958.65,4883.48,4883.48,11358700200.0,0.0008564459541378971
2021-12-31T00:00:00.000000,4882.16,4940.18,4878.76,4921.51,12161717800.0,0.0008352464578671534
2022-01-01T00:00:00.000000,4937.46,4949.78,4923.14,4940.37,12131373700.0,0.0008230042620268327
2022-01-05T00:00:00.000000,4957.98,4961.45,4874.53,4917.77,15153477600.0,0.0010412199309691365
2022-01-06T00:00:00.000000,4907.93,4916.2,4851.98,4868.12,17881610000.0,0.0011835134815634963
2022-01-07T00:00:00.000000,4842.16,4857.56,4786.43,4818.23,15766582600.0,0.0012122161883329056
2022-01-08T00:00:00.000000,4824.32,4856.65,4818.19,4822.37,18713941300.0,0.0012812646147057401
2022-01-11T00:00:00.000000,4812.23,4844.39,4780.84,4844.05,15621169600.0,0.0014086455425301918
2022-01-12T00:00:00.000000,4840.01,4850.88,4791.89,4797.77,14692800400.0,0.0010238517212744782
2022-01-13T00:00:00.000000,4818.89,4852.73,4810.93,4845.58,14320020400.0,0.000933472720415584
2022-01-14T00:00:00.000000,4853.03,4853.03,4765.27,4765.92,14251965300.0,0.0012007656636159065
2022-01-15T00:00:00.000000,4743.91,4763.95,4724.0,4726.73,14686312600.0,0.0014715342157517323
2022-01-18T00:00:00.000000,4728.76,4775.24,4727.07,4767.28,11529569100.0,0.0011298277063307828
2022-01-19T00:00:00.000000,4766.78,4826.3,4747.92,4813.35,15087080200.0,0.0008270645311339812
2022-01-20T00:00:00.000000,4815.81,4828.75,4756.07,4780.38,13392736000.0,0.001048432066255028
2022-01-21T00:00:00.000000,4778.26,4845.0,4777.9,4823.51,16497131500.0,0.0012502788308861976
2022-01-22T00:00:00.000000,4808.77,4818.31,4762.56,4779.31,13895258500.0,0.0016850769135702947
2022-01-25T00:00:00.000000,4753.94,4801.1,4746.45,4786.74,11446388000.0,0.001068672506077879
2022-01-26T00:00:00.000000,4761.95,4781.39,4678.25,4678.45,13366758600.0,0.0012418047274519145
2022-01-27T00:00:00.000000,4697.1,4718.62,4648.13,4712.31,10707084200.0,0.0017881001583532894
2022-01-28T00:00:00.000000,4708.1,4708.1,4616.03,4619.88,12126380400.0,0.00148655054061792
2022-01-29T00:00:00.000000,4641.81,4660.52,4559.83,4563.77,12648011200.0,0.0022439474825736547
2022-02-08T00:00:00.000000,4638.58,4672.29,4615.01,4634.09,14484972000.0,0.002991113223639963
2022-02-09T00:00:00.000000,4626.44,4626.44,4522.47,4608.77,15583070800.0,0.0016844460575992832
2022-02-10T00:00:00.000000,4608.15,4659.41,4595.28,4652.06,14833554700.0,0.0011100322071782014
2022-02-11T00:00:00.000000,4657.21,4657.21,4608.28,4639.86,15157666600.0,0.001112746486818354
2022-02-12T00:00:00.000000,4617.87,4662.59,4595.89,4601.4,15597458400.0,0.001172757699938585
2022-02-15T00:00:00.000000,4579.42,4593.63,4530.17,4551.69,14367389400.0,0.001352299534924639
2022-02-16T00:00:00.000000,4553.81,4601.45,4550.54,4600.1,11502560000.0,0.000946753150949767
2022-02-17T00:00:00.000000,4619.85,4642.97,4607.3,4617.99,10725895500.0,0.0009135480916434696
2022-02-18T00:00:00.000000,4616.9,4650.05,4606.95,4629.16,11001464300.0,0.0010013310844312455
2022-02-19T00:00:00.000000,4604.57,4651.34,4598.1,4651.24,10455022800.0,0.0009982914287758877
2022-02-22T00:00:00.000000,4646.05,4646.67,4613.4,4634.31,11251651200.0,0.0007691516774926373
2022-02-23T00:00:00.000000,4601.92,4601.92,4550.89,4574.15,12331723700.0,0.0020289832028495013
2022-02-24T00:00:00.000000,4582.01,4625.3,4579.29,4623.05,12295291600.0,0.0010414357643150746
2022-02-25T00:00:00.000000,4592.07,4610.88,4488.48,4529.32,18440305800.0,0.00196513141813003
2022-02-26T00:00:00.000000,4564.63,4611.81,4561.98,4573.42,14972258300.0,0.001953465180368073
2022-03-01T00:00:00.000000,4563.74,4581.65,4530.71,4581.65,13540697800.0,0.0012941172147661983
2022-03-02T00:00:00.000000,4597.85,4623.43,4583.92,4619.69,12313922000.0,0.0012662591716189222
2022-03-03T00:00:00.000000,4594.02,4594.02,4558.44,4578.6,11329832500.0,0.0013656241259985575
2022-03-04T00:00:00.000000,4595.02,4599.23,4544.43,4551.63,13828587700.0,0.0009578694392793334
2022-03-05T00:00:00.000000,4513.36,4539.39,4481.49,4496.43,12726680600.0,0.0018718154157345791
2022-03-08T00:00:00.000000,4462.52,4462.52,4338.33,4352.78,16219770600.0,0.0023897072618962495
2022-03-09T00:00:00.000000,4361.64,4383.65,4252.79,4265.39,16786327700.0,0.002514780356292592
2022-03-10T00:00:00.000000,4280.98,4304.48,4068.19,4226.35,19423290000.0,0.00364072875041255
2022-03-11T00:00:00.000000,4326.2,4335.67,4288.51,4292.84,14526638300.0,0.003189186166937709
2022-03-12T00:00:00.000000,4231.2,4316.04,4176.45,4306.52,15239992100.0,0.0037067354969283397
2022-03-15T00:00:00.000000,4248.15,4280.33,4174.76,4174.76,13018723600.0,0.0032870809029601844
2022-03-16T00:00:00.000000,4125.49,4163.14,3983.81,3983.81,20252469900.0,0.004753742439109402
2022-03-17T00:00:00.000000,4053.1,4168.59,3942.86,4156.08,19602198200.0,0.0038955330136258353
2022-03-18T00:00:00.000000,4237.67,4302.6,4217.86,4237.7,17940734400.0,0.0037529180218063836
2022-03-19T00:00:00.000000,4218.47,4283.37,4194.94,4265.9,14945830500.0,0.00175157744934761
2022-03-22T00:00:00.000000,4280.14,4287.67,4223.02,4258.75,12703636000.0,0.001551293342592754
2022-03-23T00:00:00.000000,4252.57,4283.33,4236.69,4255.3,12638247000.0,0.0013875926192302818
2022-03-24T00:00:00.000000,4269.61,4287.49,4241.96,4276.52,11708907800.0,0.0010948230507843444
2022-03-25T00:00:00.000000,4249.53,4273.96,4216.85,4251.31,10891827200.0,0.0018837173685664762
2022-03-26T00:00:00.000000,4249.07,4254.83,4173.93,4174.57,10880804600.0,0.0012425385232112081
2022-03-29T00:00:00.000000,4128.84,4174.12,4091.46,4148.47,11844902100.0,0.0023723110661656817
2022-03-30T00:00:00.000000,4155.42,4177.02,4124.72,4134.14,10026697200.0,0.001477118450574932
2022-03-31T00:00:00.000000,4162.17,4254.1,4160.74,4254.1,13834602400.0,0.0016942386601598194
2022-04-01T00:00:00.000000,4234.72,4247.35,4214.54,4222.6,13402918500.0,0.0011809907474504583
2022-04-02T00:00:00.000000,4198.82,4290.67,4190.08,4276.16,13380305300.0,0.0014710710959874045
2022-04-07T00:00:00.000000,4258.83,4277.52,4236.73,4263.84,15906219500.0,0.0014110441933456405
2022-04-08T00:00:00.000000,4240.02,4278.11,4205.74,4209.1,13488035300.0,0.0014218675995579248
2022-04-09T00:00:00.000000,4213.21,4237.79,4175.53,4230.77,14284379300.0,0.0015558743073370808
2022-04-12T00:00:00.000000,4203.79,4203.79,4089.09,4100.07,14819707100.0,0.002410552180668447
2022-04-13T00:00:00.000000,4102.97,4179.97,4076.18,4179.97,14428568400.0,0.002134826640130279
2022-04-14T00:00:00.000000,4154.41,4194.04,4139.74,4139.74,12509748900.0,0.0015519056344504086
2022-04-15T00:00:00.000000,4172.64,4216.88,4155.61,4191.57,12479131600.0,0.001810318686495445
2022-04-16T00:00:00.000000,4162.37,4211.32,4153.06,4188.75,12476226300.0,0.0018967647141307133
2022-04-19T00:00:00.000000,4152.93,4171.74,4120.09,4166.38,11750461000.0,0.0023035792438880816
2022-04-20T00:00:00.000000,4161.93,4186.94,4115.45,4134.9,11021747100.0,0.0012347441483987222
2022-04-21T00:00:00.000000,4130.54,4135.47,4060.5,4070.79,11733165800.0,0.0016866873364765093
2022-04-22T00:00:00.000000,4048.73,4086.44,3978.37,3995.83,13278382800.0,0.002085651693939091
2022-04-23T00:00:00.000000,3967.2,4037.08,3953.79,4013.25,12210181100.0,0.002034229279256066
2022-04-26T00:00:00.000000,3933.45,3958.21,3814.91,3814.91,16836450200.0,0.003583409545761041
2022-04-27T00:00:00.000000,3822.49,3871.83,3773.9,3784.12,15757761100.0,0.0025596720494617375
2022-04-28T00:00:00.000000,3758.08,3895.73,3757.09,3895.54,17273404600.0,0.0029377245225867712
2022-04-29T00:00:00.000000,3883.42,3943.43,3873.66,3921.11,15305658600.0,0.001696845036679823
2022-04-30T00:00:00.000000,3939.62,4017.43,3898.6,4016.24,17945837700.0,0.0030335374297182304
2022-05-06T00:00:00.000000,3995.35,4039.7,3988.93,4010.21,15417071600.0,0.0013315504969738825
2022-05-07T00:00:00.000000,3928.85,3947.24,3902.05,3908.82,12300555100.0,0.003275248523008854
2022-05-10T00:00:00.000000,3883.95,3914.11,3854.97,3877.44,9293669400.0,0.0014208335722567654
2022-05-11T00:00:00.000000,3820.63,3932.68,3808.57,3919.87,13641691800.0,0.0030208864957890903
2022-05-12T00:00:00.000000,3917.93,4033.3,3917.14,3976.42,16563225600.0,0.0015275072370341937
2022-05-13T00:00:00.000000,3949.95,3985.93,3935.62,3958.74,11337606600.0,0.0015428143650574862
2022-05-14T00:00:00.000000,3983.82,4003.69,3957.22,3988.6,10996835700.0,0.001560147028660063
2022-05-17T00:00:00.000000,4015.0,4018.03,3947.75,3956.54,11242529400.0,0.0016236117801700443
2022-05-18T00:00:00.000000,3961.76,4005.89,3955.1,4005.89,10966145400.0,0.001343470270338262
2022-05-19T00:00:00.000000,4015.01,4017.34,3964.75,3991.91,10807423300.0,0.001276747859408696
2022-05-20T00:00:00.000000,3938.3,3999.6,3933.75,3999.6,11629342000.0,0.0017537011552299347
2022-05-21T00:00:00.000000,4020.82,4077.6,4020.82,4077.6,14706917300.0,0.001944969824951681
2022-05-24T00:00:00.000000,4080.97,4080.97,4029.08,4053.98,13047781000.0,0.0011226139869148185
2022-05-25T00:00:00.000000,4052.87,4055.78,3959.15,3959.15,14555433600.0,0.0015269023476404877
2022-05-26T00:00:00.000000,3959.77,3983.62,3946.81,3983.18,10773401500.0,0.001246597951626918
2022-05-27T00:00:00.000000,3987.68,4015.75,3938.24,3993.04,12626368900.0,0.0019365121335686753
2022-05-28T00:00:00.000000,4022.71,4051.14,3983.38,4001.3,11276933700.0,0.001982665451455187
2022-05-31T00:00:00.000000,4020.86,4040.82,4003.38,4029.02,11115224100.0,0.0012189426010187434
2022-06-01T00:00:00.000000,4031.76,4096.2,4020.38,4091.52,13541551300.0,0.001355797743912825
2022-06-02T00:00:00.000000,4086.62,4094.9,4058.85,4083.18,11485087900.0,0.0011820975388844124
2022-06-03T00:00:00.000000,4064.0,4091.15,4057.91,4089.57,11389363800.0,0.0010519202166309985
2022-06-07T00:00:00.000000,4090.53,4166.62,4063.91,4166.09,16787101100.0,0.0015382294996043346
2022-06-08T00:00:00.000000,4165.69,4198.09,4155.17,4179.13,14299288100.0,0.0014195173449799792
2022-06-09T00:00:00.000000,4187.15,4224.81,4158.03,4219.81,15737405700.0,0.0015206854228890577
2022-06-10T00:00:00.000000,4211.72,4227.45,4160.88,4175.67,16844915400.0,0.001395430689353074
2022-06-11T00:00:00.000000,4145.65,4241.35,4140.22,4238.99,18479621400.0,0.0013790603488844885
2022-06-14T00:00:00.000000,4194.46,4218.23,4156.71,4189.35,16847562200.0,0.0017689547919182013
2022-06-15T00:00:00.000000,4143.22,4224.09,4102.93,4222.31,17138590400.0,0.002113036323389399
2022-06-16T00:00:00.000000,4228.29,4348.42,4228.29,4278.22,25704659000.0,0.0025228619603195404
2022-06-17T00:00:00.000000,4282.08,4302.92,4241.08,4250.06,18407441600.0,0.0013715666973613376
2022-06-18T00:00:00.000000,4219.23,4318.77,4218.68,4309.04,15864909800.0,0.001842309924808786
2022-06-21T00:00:00.000000,4322.83,4368.36,4297.89,4330.43,16566638200.0,0.002202182784253346
2022-06-22T00:00:00.000000,4327.92,4357.34,4287.14,4325.57,16466761500.0,0.0017101301352159643
2022-06-23T00:00:00.000000,4331.9,4333.18,4269.25,4270.62,15856585400.0,0.0013374737643013653
2022-06-24T00:00:00.000000,4277.96,4343.88,4260.9,4343.88,17088236000.0,0.0012945996890017211
2022-06-25T00:00:00.000000,4354.55,4400.69,4346.12,4394.77,16897219900.0,0.0014238488516564876
2022-06-28T00:00:00.000000,4414.33,4472.69,4414.33,4444.26,17738567600.0,0.0016860137249482172
2022-06-29T00:00:00.000000,4442.58,4497.89,4407.35,4490.52,17475648900.0,0.0014002619816293697
2022-06-30T00:00:00.000000,4472.73,4503.13,4414.0,4421.36,18727668800.0,0.0016932201219464788
2022-07-01T00:00:00.000000,4418.07,4515.0,4418.07,4485.01,15666628900.0,0.0016018754781059218
2022-07-02T00:00:00.000000,4489.52,4500.99,4449.29,4466.72,14477959900.0,0.0012921316335267805
2022-07-05T00:00:00.000000,4447.22,4496.03,4427.82,4496.03,14634565100.0,0.00167320146832247
2022-07-06T00:00:00.000000,4505.46,4530.32,4439.45,4489.54,15496241500.0,0.001811643857599121
2022-07-07T00:00:00.000000,4475.48,4484.36,4393.42,4423.97,14980023500.0,0.0014267110057849567
2022-07-08T00:00:00.000000,4425.28,4457.34,4391.19,4443.47,13266090600.0,0.001200067137614782
2022-07-09T00:00:00.000000,4468.06,4479.49,4426.89,4428.78,12319573900.0,0.0014673668705369627
2022-07-12T00:00:00.000000,4406.15,4406.15,4330.58,4354.62,13444857800.0,0.0020073996610710646
2022-07-13T00:00:00.000000,4352.65,4370.34,4296.62,4313.62,13018783800.0,0.0015131476746181572
2022-07-14T00:00:00.000000,4313.36,4341.47,4284.94,4321.46,13111317900.0,0.001214534759821717
2022-07-15T00:00:00.000000,4308.82,4352.1,4292.76,4322.07,14525092600.0,0.0013390790885422445
2022-07-16T00:00:00.000000,4299.47,4344.86,4248.53,4248.53,15021445300.0,0.0015529484328643487
2022-07-19T00:00:00.000000,4262.15,4300.78,4217.51,4292.59,12260119200.0,0.0015213600253679775
2022-07-20T00:00:00.000000,4288.44,4288.44,4238.82,4269.34,10380573000.0,0.0013392328667377687
2022-07-21T00:00:00.000000,4291.28,4303.37,4269.97,4283.8,9449014400.0,0.0010045096346044374
2022-07-22T00:00:00.000000,4270.36,4283.15,4236.05,4236.06,11715634400.0,0.0013238828813489803
2022-07-23T00:00:00.000000,4251.79,4275.47,4207.31,4238.23,10384062400.0,0.0013587852724513134
2022-07-26T00:00:00.000000,4233.93,4234.84,4201.92,4212.64,8363666400.0,0.0012708295006563354
2022-07-27T00:00:00.000000,4220.09,4259.99,4214.53,4245.98,8582327400.0,0.0010402643428904944
2022-07-28T00:00:00.000000,4236.15,4242.1,4217.28,4225.04,7890494000.0,0.00095813123256919
2022-07-29T00:00:00.000000,4242.27,4267.92,4223.03,4225.67,10753193000.0,0.0012544111556878688
2022-07-30T00:00:00.000000,4226.42,4243.51,4160.87,4170.1,11417928600.0,0.0012417947613129019
2022-08-02T00:00:00.000000,4160.65,4196.57,4129.45,4188.68,10774902900.0,0.0018014853002637785
2022-08-03T00:00:00.000000,4144.38,4144.38,4071.43,4107.02,14222442500.0,0.0031968004877029614
2022-08-04T00:00:00.000000,4114.83,4150.98,4058.18,4066.98,11666612400.0,0.0018680610514763224
2022-08-05T00:00:00.000000,4089.44,4108.16,4064.66,4101.54,8953264400.0,0.0014206828644954745
2022-08-06T00:00:00.000000,4109.63,4159.48,4097.86,4156.91,10257100400.0,0.0012732249857143963
2022-08-09T00:00:00.000000,4142.11,4155.73,4135.08,4148.07,9020813800.0,0.0008114281161224129
2022-08-10T00:00:00.000000,4143.67,4161.81,4131.43,4156.29,8413695900.0,0.0007317351179018247
2022-08-11T00:00:00.000000,4149.21,4160.79,4092.55,4109.74,8556583900.0,0.0010050379876848448
2022-08-12T00:00:00.000000,4130.74,4193.81,4116.06,4193.54,12138505100.0,0.0010825602453805173
2022-08-13T00:00:00.000000,4185.42,4202.47,4175.05,4191.15,10680829500.0,0.0009808512699591996
2022-08-16T00:00:00.000000,4180.0,4219.92,4174.3,4185.68,10589849500.0,0.0011264670345715717
2022-08-17T00:00:00.000000,4190.53,4208.8,4170.52,4177.84,9390613900.0,0.0009679429955084384
2022-08-18T00:00:00.000000,4182.57,4222.79,4155.17,4216.96,11286465900.0,0.0011706283263769894
2022-08-19T00:00:00.000000,4205.79,4211.91,4173.54,4180.1,10105265000.0,0.0008706345787706155
2022-08-20T00:00:00.000000,4174.55,4185.66,4151.07,4151.07,11740297800.0,0.0009043169585309938
2022-08-23T00:00:00.000000,4135.16,4183.65,4134.2,4181.4,11244272000.0,0.0010442287558760962
2022-08-24T00:00:00.000000,4175.53,4187.39,4147.41,4161.08,10315351200.0,0.000993934166620492
2022-08-25T00:00:00.000000,4168.58,4174.16,4079.09,4082.42,11906967900.0,0.0013089907728942897
2022-08-26T00:00:00.000000,4093.29,4119.62,4058.75,4116.24,11132074500.0,0.001535372345248158
2022-08-27T00:00:00.000000,4127.81,4139.79,4102.68,4107.55,9900049300.0,0.0008531974025653545
2022-08-30T00:00:00.000000,4063.88,4092.95,4059.6,4089.52,9435443200.0,0.0014150618481804018
2022-08-31T00:00:00.000000,4088.53,4093.14,4048.52,4075.79,9330166200.0,0.0010003809068549322
2022-09-01T00:00:00.000000,4057.14,4112.85,4046.62,4078.84,13244976500.0,0.0014875114572850288
2022-09-02T00:00:00.000000,4066.19,4090.89,4041.13,4043.74,9738707100.0,0.0011159859697677124
2022-09-03T00:00:00.000000,4054.84,4056.18,4004.91,4023.61,8678927800.0,0.0011487565682646514
2022-09-06T00:00:00.000000,4010.41,4017.0,3982.74,4015.43,9376710900.0,0.0014695195410528406
2022-09-07T00:00:00.000000,4024.47,4054.0,4009.58,4052.28,11350626500.0,0.000989032704535778
2022-09-08T00:00:00.000000,4032.72,4067.54,4028.37,4054.98,10767805900.0,0.0009138094883348559
2022-09-09T00:00:00.000000,4059.17,4067.76,4036.02,4037.68,10088604900.0,0.0007602551256713221
2022-09-10T00:00:00.000000,4050.59,4099.01,4042.25,4093.79,11842711400.0,0.0010084541409590138
2022-09-14T00:00:00.000000,4112.01,4128.11,4097.14,4111.11,11178973700.0,0.0008567246664292803
2022-09-15T00:00:00.000000,4058.04,4089.06,4047.92,4065.36,9079368100.0,0.0015239585334734275
2022-09-16T00:00:00.000000,4078.65,4088.81,3998.86,4027.12,12395119600.0,0.0014427234225374943
2022-09-17T00:00:00.000000,4013.58,4019.41,3932.68,3932.68,13719365500.0,0.0015374860691234201
2022-09-20T00:00:00.000000,3928.42,3953.65,3910.31,3928.0,9771957500.0,0.0014095276019596861
2022-09-21T00:00:00.000000,3945.65,3957.55,3921.69,3932.84,8482413400.0,0.0013475655438146515
2022-09-22T00:00:00.000000,3921.32,3924.39,3884.23,3903.73,8645839100.0,0.0017000284682726539
2022-09-23T00:00:00.000000,3875.18,3900.27,3860.23,3869.34,8094691900.0,0.001802598284594756
2022-09-24T00:00:00.000000,3865.1,3888.4,3829.69,3856.02,9434246200.0,0.0015574165505855013
2022-09-27T00:00:00.000000,3829.6,3893.32,3827.95,3836.68,10452603100.0,0.0015313545749621386
2022-09-28T00:00:00.000000,3844.07,3893.03,3827.93,3892.3,8886016000.0,0.001345215638337195
2022-09-29T00:00:00.000000,3879.44,3879.44,3828.05,3828.71,8659221300.0,0.0013503179393237628
2022-09-30T00:00:00.000000,3864.32,3873.18,3808.65,3827.14,8565414200.0,0.0015856937437285473
2022-10-01T00:00:00.000000,3833.35,3848.6,3801.28,3804.89,7855996600.0,0.0013819881146320562
2022-10-11T00:00:00.000000,3806.56,3807.46,3715.71,3720.94,10264759500.0,0.001670668343890297
2022-10-12T00:00:00.000000,3732.02,3739.81,3706.06,3727.69,8394462500.0,0.0013821556314249073
2022-10-13T00:00:00.000000,3722.87,3784.31,3661.53,3784.31,10808931900.0,0.0019314920584526355
2022-10-14T00:00:00.000000,3756.42,3783.6,3749.64,3752.67,9901891500.0,0.0016382753858441663
2022-10-15T00:00:00.000000,3783.32,3863.23,3780.84,3842.47,11624229300.0,0.0017770270804852118
2022-10-18T00:00:00.000000,3822.24,3849.62,3809.12,3846.41,10419201900.0,0.0012084005690552809
2022-10-19T00:00:00.000000,3865.83,3870.22,3831.17,3838.27,8834690700.0,0.0012202773486520572
2022-10-20T00:00:00.000000,3827.47,3840.49,3776.53,3776.53,8157484400.0,0.001159701874902334
2022-10-21T00:00:00.000000,3746.58,3804.25,3726.79,3754.93,9029089500.0,0.002185355337067807
2022-10-22T00:00:00.000000,3753.89,3768.69,3724.69,3742.89,9875003800.0,0.001138600147885508
2022-10-25T00:00:00.000000,3727.92,3762.16,3619.99,3633.37,13005686400.0,0.0025115262221868614
2022-10-26T00:00:00.000000,3621.94,3670.73,3594.7,3627.45,11095388200.0,0.0029146461328559163
2022-10-27T00:00:00.000000,3633.31,3700.88,3633.31,3656.9,12130154800.0,0.0015027332093562617
2022-10-28T00:00:00.000000,3667.66,3685.08,3631.06,3631.14,11799867500.0,0.001684796233961256
2022-10-29T00:00:00.000000,3605.16,3618.86,3533.5,3541.33,11877216200.0,0.0023168294885242465
2022-11-01T00:00:00.000000,3504.51,3553.39,3495.95,3508.7,13846565500.0,0.0025439906950836737
2022-11-02T00:00:00.000000,3519.82,3634.17,3517.62,3634.17,14928669800.0,0.0021192286731964534
2022-11-03T00:00:00.000000,3620.37,3703.47,3610.8,3677.81,14159291900.0,0.0016432735858735348
2022-11-04T00:00:00.000000,3645.06,3670.16,3628.5,3647.9,11056603500.0,0.0015859345018156095
2022-11-05T00:00:00.000000,3646.77,3782.88,3646.77,3767.17,14973494900.0,0.0020069752089644497
2022-11-08T00:00:00.000000,3754.52,3792.79,3746.37,3775.3,12982637100.0,0.001651102315875504
2022-11-09T00:00:00.000000,3773.66,3779.12,3723.34,3749.33,9901645100.0,0.0011246939491458203
2022-11-10T00:00:00.000000,3750.78,3760.41,3711.27,3714.27,8943452500.0,0.0011416241939829544
2022-11-11T00:00:00.000000,3685.83,3701.53,3665.06,3685.69,10350930200.0,0.0018585974275675302
2022-11-12T00:00:00.000000,3787.76,3828.9,3747.09,3788.44,18968558600.0,0.003877194227031347
2022-11-15T00:00:00.000000,3818.14,3848.41,3781.78,3794.02,16966504800.0,0.002431976945841824
2022-11-16T00:00:00.000000,3788.93,3871.64,3775.5,3865.97,15151565000.0,0.0015798403883669338
2022-11-17T00:00:00.000000,3860.81,3877.68,3829.31,3834.39,12061096400.0,0.0012017434649907225
2022-11-18T00:00:00.000000,3821.27,3821.74,3776.57,3818.66,10594063200.0,0.001374921657364675
2022-11-19T00:00:00.000000,3823.82,3840.3,3801.57,3801.57,11507877700.0,0.0013449335324512408
2022-11-22T00:00:00.000000,3769.63,3769.87,3734.0,3769.13,9586696600.0,0.0020925244257751882
2022-11-23T00:00:00.000000,3766.08,3809.86,3751.04,3769.57,14448633400.0,0.0014638780969106625
2022-11-24T00:00:00.000000,3760.22,3791.18,3753.21,3773.53,14452791100.0,0.00158572909611972
2022-11-25T00:00:00.000000,3791.54,3804.9,3751.38,3756.81,10107344700.0,0.0012767648095390299
2022-11-26T00:00:00.000000,3751.28,3790.57,3743.41,3775.78,14292971100.0,0.0012481138455434325
2022-11-29T00:00:00.000000,3701.9,3736.08,3672.13,3733.24,12782574800.0,0.003283171598954768
2022-11-30T00:00:00.000000,3766.57,3854.77,3766.57,3848.42,17870139200.0,0.0021271054908450237
2022-12-01T00:00:00.000000,3836.56,3867.66,3833.83,3853.04,15751140000.0,0.0011731774042564225
2022-12-02T00:00:00.000000,3921.3,3944.56,3893.87,3894.77,16996458500.0,0.003001374296566086
2022-12-03T00:00:00.000000,3886.4,3898.11,3865.88,3870.95,11678635000.0,0.0008777373134255883
2022-12-06T00:00:00.000000,3907.64,3947.48,3900.67,3946.88,20174722100.0,0.0016285514593453695
2022-12-07T00:00:00.000000,3929.01,3988.87,3923.0,3968.2,15510832300.0,0.0013742000315720643
2022-12-08T00:00:00.000000,3956.67,3999.59,3944.18,3958.44,14300135600.0,0.0013325199423772469
2022-12-09T00:00:00.000000,3953.2,3971.49,3941.3,3959.18,11519998600.0,0.0012428124576063413
2022-12-10T00:00:00.000000,3961.99,4003.32,3944.44,3998.24,15377495400.0,0.0010338936921587512
2022-12-13T00:00:00.000000,3976.17,3983.43,3950.32,3953.44,12593536800.0,0.00113849099469128
2022-12-14T00:00:00.000000,3953.55,3964.4,3939.98,3945.68,10099410000.0,0.0008370470029999971
2022-12-15T00:00:00.000000,3952.79,3972.74,3935.77,3954.89,9852800600.0,0.0011376190882514809
2022-12-16T00:00:00.000000,3954.67,3963.5,3926.5,3951.99,8886472500.0,0.0010324453342563298
2022-12-17T00:00:00.000000,3931.23,3960.47,3929.49,3954.23,9317856700.0,0.0010845568058283645
2022-12-20T00:00:00.000000,3952.77,3966.57,3878.44,3893.22,10691907500.0,0.00110107458824795
2022-12-21T00:00:00.000000,3881.23,3881.27,3811.48,3829.02,8309682200.0,0.0013121692186688404
2022-12-22T00:00:00.000000,3839.0,3853.73,3821.4,3830.54,6483921500.0,0.0010057491601017637
2022-12-23T00:00:00.000000,3859.2,3882.13,3821.34,3836.03,8370517300.0,0.0012443339893265133
2022-12-24T00:00:00.000000,3811.62,3848.34,3805.95,3828.22,6527814800.0,0.001551630630780382
2022-12-27T00:00:00.000000,3830.57,3856.81,3827.52,3843.49,7300571200.0,0.0007590791419407934
2022-12-28T00:00:00.000000,3860.91,3891.85,3856.58,3887.85,7751535000.0,0.0009779861476064754
2022-12-29T00:00:00.000000,3874.91,3884.72,3854.94,3871.26,8442465600.0,0.0009210385049663303
2022-12-30T00:00:00.000000,3854.24,3868.29,3838.48,3856.7,7939481500.0,0.0009962180939987566
2022-12-31T00:00:00.000000,3873.94,3887.55,3868.76,3871.63,7877327200.0,0.0011530111296037394
2023-01-04T00:00:00.000000,3864.84,3893.99,3831.25,3887.9,11505187500.0,0.0012228879590614364
2023-01-05T00:00:00.000000,3886.25,3905.9,3873.65,3892.95,11066074300.0,0.0007547835623677876
2023-01-06T00:00:00.000000,3913.49,3974.88,3912.26,3968.58,11650239500.0,0.0014628694215745924
2023-01-07T00:00:00.000000,3969.55,4000.41,3966.47,3980.89,11095303800.0,0.0007678133301125389
2023-01-10T00:00:00.000000,3998.53,4023.09,3990.71,4013.12,11705442500.0,0.001052007106986648
2023-01-11T00:00:00.000000,4014.71,4030.46,4002.23,4017.47,10175114100.0,0.0007369244726950499
2023-01-12T00:00:00.000000,4019.88,4043.4,4008.02,4010.03,9999788900.0,0.0009577685152878209
2023-01-13T00:00:00.000000,4021.75,4030.29,4003.51,4017.87,9055262700.0,0.0007458243551848776
2023-01-14T00:00:00.000000,4032.29,4074.38,4027.89,4074.38,9587189600.0,0.0009497320785370466
2023-01-17T00:00:00.000000,4077.88,4177.1,4076.64,4137.96,15139545500.0,0.00139035923320398
2023-01-18T00:00:00.000000,4138.84,4148.58,4118.16,4137.24,9547904000.0,0.0008143238375903571
2023-01-19T00:00:00.000000,4140.1,4151.46,4125.77,4130.31,8420064500.0,0.0007312690695441161
2023-01-20T00:00:00.000000,4125.58,4156.01,4105.98,4156.01,9460839800.0,0.0008828910832636795
2023-01-21T00:00:00.000000,4166.84,4189.83,4161.67,4181.53,12355380900.0,0.0009194587320409133
2023-01-31T00:00:00.000000,4267.62,4268.15,4197.86,4201.35,16460706400.0,0.0026843185735125775
2023-02-01T00:00:00.000000,4200.58,4212.73,4153.05,4156.86,12455083500.0,0.0009303460397444666
2023-02-02T00:00:00.000000,4170.13,4195.93,4137.77,4195.93,14100895400.0,0.001203864478065078
2023-02-03T00:00:00.000000,4207.41,4207.41,4170.56,4181.15,13382373600.0,0.0011297466213355215
2023-02-04T00:00:00.000000,4162.03,4162.03,4103.17,4141.63,11704122100.0,0.0014071517270217273
2023-02-07T00:00:00.000000,4103.83,4105.94,4065.22,4086.88,11019271700.0,0.0021688688249359243
2023-02-08T00:00:00.000000,4098.31,4107.34,4077.96,4094.23,9136007200.0,0.0009003309761519146
2023-02-09T00:00:00.000000,4099.86,4111.47,4072.65,4076.14,8478609900.0,0.0008245826744769089
2023-02-10T00:00:00.000000,4067.56,4130.86,4064.75,4130.86,10228996100.0,0.0009008516199675588
2023-02-11T00:00:00.000000,4124.1,4125.29,4092.35,4106.31,9671673300.0,0.0009152352416545708
2023-02-14T00:00:00.000000,4098.88,4146.45,4092.27,4143.57,12889257700.0,0.000995732912092055
2023-02-15T00:00:00.000000,4151.25,4152.05,4125.26,4145.29,10249989000.0,0.0005233182104336528
2023-02-16T00:00:00.000000,4146.85,4153.72,4115.97,4123.69,12166450800.0,0.0006705054801043298
2023-02-17T00:00:00.000000,4125.41,4167.9,4068.86,4093.49,15931058500.0,0.0017583192849955213
2023-02-18T00:00:00.000000,4086.22,4104.64,4032.93,4034.51,11614258900.0,0.0013218484996055679
2023-02-21T00:00:00.000000,4039.96,4134.86,4035.48,4133.49,16179448100.0,0.0012442886792613673
2023-02-22T00:00:00.000000,4130.06,4151.8,4116.27,4144.35,14577617300.0,0.0012472038137120466
2023-02-23T00:00:00.000000,4118.97,4134.88,4101.86,4106.95,10429029500.0,0.0011908358891223722
2023-02-24T00:00:00.000000,4106.21,4132.39,4088.21,4103.65,10356490600.0,0.0010833689568039392
2023-02-25T00:00:00.000000,4100.99,4102.61,4048.24,4061.05,10098942500.0,0.0010229256017570308
2023-02-28T00:00:00.000000,4040.46,4067.03,4034.52,4043.84,9378763000.0,0.0012762748897579034
2023-03-01T00:00:00.000000,4058.13,4074.25,4026.45,4069.46,11032359100.0,0.0011781620753923666
2023-03-02T00:00:00.000000,4068.73,4135.48,4061.22,4126.94,15601579400.0,0.0011814810990527645
2023-03-03T00:00:00.000000,4119.99,4137.25,4113.83,4117.74,14821763700.0,0.0008799595365993176
2023-03-04T00:00:00.000000,4126.02,4135.21,4100.38,4130.55,16033174100.0,0.0009259375685673997
2023-03-07T00:00:00.000000,4131.15,4132.8,4088.45,4109.01,16297180700.0,0.0009693899284973152
2023-03-08T00:00:00.000000,4103.64,4124.96,4046.57,4048.85,19591206800.0,0.0011093807562522133
2023-03-09T00:00:00.000000,4030.74,4037.29,4011.52,4034.11,11793649300.0,0.0010910903624506245
2023-03-10T00:00:00.000000,4035.84,4043.85,4000.89,4019.85,11653962900.0,0.0010534015526551237
2023-03-11T00:00:00.000000,3991.8,4004.36,3966.43,3967.14,12385540900.0,0.001260256270584441
2023-03-14T00:00:00.000000,3962.64,4008.69,3962.64,4008.69,14356137000.0,0.0013201625820017753
2023-03-15T00:00:00.000000,3999.88,4001.94,3946.94,3984.7,15054417400.0,0.0013662743440756686
2023-03-16T00:00:00.000000,4011.84,4018.75,3986.9,3986.9,14202600700.0,0.0012047832515896682
2023-03-17T00:00:00.000000,3958.2,3981.32,3936.48,3939.15,15251564400.0,0.0016270137842715475
2023-03-18T00:00:00.000000,3971.16,4004.22,3945.25,3958.82,17743381800.0,0.001752379746470766
2023-03-21T00:00:00.000000,3962.66,3979.55,3935.02,3939.08,20526497000.0,0.0010419621573672284
2023-03-22T00:00:00.000000,3948.16,3982.7,3948.16,3982.38,14509067900.0,0.0012538868114223536
2023-03-23T00:00:00.000000,3993.78,4016.45,3986.71,3999.44,14922897000.0,0.0009146584738397686
2023-03-24T00:00:00.000000,3985.99,4039.09,3984.0,4039.09,15888742100.0,0.0009016160292503394
2023-03-25T00:00:00.000000,4035.16,4037.84,4017.0,4027.05,15944233000.0,0.0008115798719633237
2023-03-28T00:00:00.000000,4023.3,4023.3,3987.03,4012.48,16848227900.0,0.0010140005214384035
2023-03-29T00:00:00.000000,4015.7,4023.78,3994.6,3999.51,13189511700.0,0.0007956415694687541
2023-03-30T00:00:00.000000,4013.59,4017.76,3992.67,4006.14,13374351000.0,0.0009312087276739826
2023-03-31T00:00:00.000000,4009.56,4040.5,3983.9,4038.53,14990103700.0,0.0011042161779572447
2023-04-01T00:00:00.000000,4045.45,4063.57,4039.96,4050.93,13884254600.0,0.0008099700798611568
2023-04-04T00:00:00.000000,4059.62,4094.94,4059.06,4090.57,18212431300.0,0.0008644469347641963
2023-04-05T00:00:00.000000,4089.29,4103.16,4080.07,4103.11,19714663100.0,0.0008488052411107854
2023-04-07T00:00:00.000000,4084.13,4098.83,4078.4,4096.64,15070337400.0,0.0008982047471296097
2023-04-08T00:00:00.000000,4096.9,4131.31,4092.18,4123.28,12867673800.0,0.0007120377637725304
2023-04-11T00:00:00.000000,4132.01,4132.3,4099.05,4104.81,15245300200.0,0.0009187993121933411
2023-04-12T00:00:00.000000,4108.51,4116.12,4083.49,4100.15,15390133300.0,0.0008075136564758306
2023-04-13T00:00:00.000000,4102.4,4108.25,4090.28,4097.29,16596527800.0,0.0006258991071885998
2023-04-14T00:00:00.000000,4081.39,4088.88,4059.57,4068.98,15644429500.0,0.0012219328995979211
2023-04-15T00:00:00.000000,4078.97,4098.22,4075.2,4092.0,15069568200.0,0.0008659183121129516
2023-04-18T00:00:00.000000,4090.07,4149.38,4089.51,4149.38,18877309500.0,0.0007440554279103349
2023-04-19T00:00:00.000000,4139.31,4169.67,4138.46,4162.03,17018413000.0,0.0008062877739584948
2023-04-20T00:00:00.000000,4159.39,4159.39,4118.63,4124.56,16255459200.0,0.0007132450823940352
2023-04-21T00:00:00.000000,4122.95,4125.82,4094.0,4113.02,16270667700.0,0.000719880843297437
2023-04-22T00:00:00.000000,4114.26,4114.26,4031.91,4032.57,18080243500.0,0.0011086251803555495
2023-04-25T00:00:00.000000,4031.3,4033.64,3967.91,3982.64,17009921700.0,0.001091465187792354
2023-04-26T00:00:00.000000,3985.11,3991.69,3925.44,3962.67,17255540900.0,0.0016281314658624338
2023-04-27T00:00:00.000000,3950.26,3975.66,3934.66,3959.23,16270200600.0,0.0011607707295133531
2023-04-28T00:00:00.000000,3948.03,3999.13,3942.82,3988.42,15382819500.0,0.0008795886817878893
2023-04-29T00:00:00.000000,3993.26,4030.45,3993.26,4029.09,17950848800.0,0.0008978190363975459
2023-05-05T00:00:00.000000,4013.47,4035.78,4001.13,4030.25,22758284600.0,0.0012216722830551041
2023-05-06T00:00:00.000000,4031.09,4047.6,3998.39,4016.88,20662692400.0,0.0010193161640994935
2023-05-09T00:00:00.000000,4028.11,4070.77,4018.96,4062.66,25558308500.0,0.0009916929344290287
2023-05-10T00:00:00.000000,4065.44,4092.85,4026.39,4027.88,27930604800.0,0.0013871545810130222
2023-05-11T00:00:00.000000,4017.94,4019.06,3984.63,3996.87,20755270900.0,0.0011598314652774234
2023-05-12T00:00:00.000000,4005.78,4018.06,3988.48,3990.66,14480461900.0,0.0006864195298455693
2023-05-13T00:00:00.000000,3987.77,3999.38,3937.53,3937.76,14442172800.0,0.0011760070527293946
2023-05-16T00:00:00.000000,3938.83,3998.89,3923.03,3998.89,17625736200.0,0.0012853589686093224
2023-05-17T00:00:00.000000,4002.52,4004.96,3966.99,3978.21,13683327100.0,0.0007915703744819071
2023-05-18T00:00:00.000000,3971.7,3982.6,3945.71,3960.17,11844818500.0,0.0010105899962436855
2023-05-19T00:00:00.000000,3965.52,3982.72,3939.55,3956.07,13653394700.0,0.0010283036254429764
2023-05-20T00:00:00.000000,3946.22,3967.28,3928.32,3944.54,12021247900.0,0.001240991751641917
2023-05-23T00:00:00.000000,3941.0,3985.4,3935.8,3969.33,10911660500.0,0.001158154156921593
2023-05-24T00:00:00.000000,3968.23,3971.94,3913.19,3913.19,11868507700.0,0.0008825948115067381
2023-05-25T00:00:00.000000,3903.78,3903.78,3859.09,3859.09,13725826500.0,0.0014969850313722346
2023-05-26T00:00:00.000000,3851.41,3861.38,3817.84,3850.5,12415077000.0,0.0013540184509627216
2023-05-27T00:00:00.000000,3848.42,3859.63,3815.57,3850.95,10032643900.0,0.0010779383974207927
2023-05-30T00:00:00.000000,3862.08,3866.72,3819.18,3833.94,13185996700.0,0.0010316687917390976
2023-05-31T00:00:00.000000,3827.79,3844.01,3789.27,3837.75,13761962900.0,0.0013280127771676982
2023-06-01T00:00:00.000000,3827.16,3827.16,3781.4,3798.54,12638736800.0,0.001323012191279483
2023-06-02T00:00:00.000000,3788.59,3832.21,3786.73,3806.87,13456188100.0,0.0011576894872460212
2023-06-03T00:00:00.000000,3821.62,3865.28,3821.62,3861.83,12501511000.0,0.0012518384742429348
2023-06-06T00:00:00.000000,3860.56,3860.56,3832.46,3844.25,11616398900.0,0.0010761254267060267
2023-06-07T00:00:00.000000,3840.46,3867.85,3802.84,3808.16,12578125800.0,0.0012195156809705532
2023-06-08T00:00:00.000000,3815.48,3823.11,3780.1,3789.34,9886243200.0,0.0012139378896244325
2023-06-09T00:00:00.000000,3791.08,3834.39,3777.78,3820.19,11870093400.0,0.0012966367800694954
2023-06-10T00:00:00.000000,3822.41,3836.7,3811.22,3836.7,13431986300.0,0.0007304944781099787
2023-06-13T00:00:00.000000,3827.33,3859.72,3813.86,3844.43,12675854300.0,0.0010475558187351807
2023-06-14T00:00:00.000000,3838.13,3867.3,3833.46,3864.91,11092494600.0,0.0006934991617486255
2023-06-15T00:00:00.000000,3872.72,3891.67,3862.06,3864.02,12495575900.0,0.000885439860391004
2023-06-16T00:00:00.000000,3871.77,3925.5,3871.77,3925.5,12836993800.0,0.0009402457503917435
2023-06-17T00:00:00.000000,3932.21,3968.01,3928.54,3963.35,13976007600.0,0.0008441108636589274
2023-06-20T00:00:00.000000,3957.03,3957.03,3922.47,3930.91,13490584800.0,0.0008535380748723398
2023-06-21T00:00:00.000000,3926.09,3937.49,3918.47,3924.24,12252031800.0,0.0007368785104895055
2023-06-22T00:00:00.000000,3909.1,3920.13,3864.03,3864.03,11834657500.0,0.0009116592573239703
2023-06-27T00:00:00.000000,3833.44,3841.29,3801.05,3809.7,13399041900.0,0.001868437504351184
2023-06-28T00:00:00.000000,3811.69,3851.9,3806.32,3845.43,11699268100.0,0.00091877151563618
2023-06-29T00:00:00.000000,3836.61,3846.85,3808.16,3840.8,10702154100.0,0.0012029339400168174
2023-06-30T00:00:00.000000,3836.73,3840.71,3817.38,3821.84,9828927400.0,0.0007506882100138966
2023-07-01T00:00:00.000000,3816.33,3860.03,3813.55,3842.45,10126842900.0,0.0010521606620828544
2023-07-04T00:00:00.000000,3853.29,3897.33,3853.29,3892.88,13315805100.0,0.001339486285914244
2023-07-05T00:00:00.000000,3888.03,3899.98,3878.4,3899.01,10949452700.0,0.0007555050320801252
2023-07-06T00:00:00.000000,3895.19,3899.52,3864.13,3868.81,9763638400.0,0.0006890115346015373
2023-07-07T00:00:00.000000,3857.03,3876.89,3836.46,3842.75,10012184200.0,0.0007595762866565186
2023-07-08T00:00:00.000000,3831.6,3844.84,3819.08,3825.7,10090692000.0,0.000909701493737949
2023-07-11T00:00:00.000000,3841.56,3865.46,3831.92,3844.33,9203344100.0,0.0010574811258767273
2023-07-12T00:00:00.000000,3853.8,3870.65,3844.52,3869.49,8651071600.0,0.0006757838443443845
2023-07-13T00:00:00.000000,3864.6,3874.04,3838.56,3843.44,11152202400.0,0.000867248961670528
2023-07-14T00:00:00.000000,3855.66,3901.1,3855.66,3898.42,12030023200.0,0.0010989783984243426
2023-07-15T00:00:00.000000,3904.6,3908.49,3893.8,3899.1,12236484600.0,0.0005303315269720908
2023-07-18T00:00:00.000000,3881.62,3881.62,3852.26,3867.17,9834014400.0,0.0013605618185935668
2023-07-19T00:00:00.000000,3871.04,3871.04,3844.51,3854.94,9143861500.0,0.0006465234548951601
2023-07-20T00:00:00.000000,3848.48,3860.01,3830.41,3850.87,7958570000.0,0.0007654140567007127
2023-07-21T00:00:00.000000,3857.77,3875.62,3818.71,3823.69,9204207600.0,0.0009942744197497305
2023-07-22T00:00:00.000000,3816.98,3849.51,3808.8,3821.91,7950756300.0,0.0009331143152498592
2023-07-25T00:00:00.000000,3803.35,3828.79,3798.8,3805.22,7548354500.0,0.0009825404794109914
2023-07-26T00:00:00.000000,3866.64,3915.81,3866.64,3915.12,16306632000.0,0.0027348213781621367
2023-07-27T00:00:00.000000,3908.17,3912.98,3893.4,3907.01,10788171700.0,0.0005701072528006002
2023-07-28T00:00:00.000000,3914.23,3935.36,3894.69,3902.35,11066710900.0,0.0008082485651393134
2023-07-29T00:00:00.000000,3889.79,4000.92,3886.55,3992.74,17973548100.0,0.0014148770560369972
2023-08-01T00:00:00.000000,4018.89,4064.36,4002.08,4014.63,19960683000.0,0.0022386330976965226
2023-08-02T00:00:00.000000,4009.18,4031.7,3983.14,3998.0,14228685900.0,0.0008982735003337481
2023-08-03T00:00:00.000000,3985.7,4008.33,3958.51,3969.9,12585569000.0,0.0010379492004126583
2023-08-04T00:00:00.000000,3962.13,4005.0,3962.13,4004.98,12900664000.0,0.0010599688018548855
2023-08-05T00:00:00.000000,4033.72,4058.24,4011.62,4020.58,17826718900.0,0.0019383642172257191
2023-08-08T00:00:00.000000,4002.97,4002.97,3977.02,3990.15,12131066200.0,0.0012900971131153834
2023-08-09T00:00:00.000000,3980.04,4002.29,3963.46,3979.73,10987169900.0,0.0012212590881045809
2023-08-10T00:00:00.000000,3967.36,3982.11,3961.84,3967.57,9464026900.0,0.000772108743961998
2023-08-11T00:00:00.000000,3962.86,3976.46,3945.39,3975.72,9717684900.0,0.0010054209747660013
2023-08-12T00:00:00.000000,3977.98,3977.98,3884.25,3884.25,12608293100.0,0.0011757857000529517
2023-08-15T00:00:00.000000,3840.89,3859.47,3814.07,3855.91,11596633600.0,0.002028441874771861
2023-08-16T00:00:00.000000,3858.37,3865.28,3811.68,3846.54,10309711100.0,0.0011783499224335778
2023-08-17T00:00:00.000000,3830.83,3852.42,3817.63,3818.33,9461694600.0,0.0011454044961044445
2023-08-18T00:00:00.000000,3801.2,3836.15,3782.5,3831.1,9841549300.0,0.0016541149810547784
2023-08-19T00:00:00.000000,3832.46,3844.2,3784.0,3784.0,9554963800.0,0.0010421845892741712
2023-08-22T00:00:00.000000,3773.23,3782.11,3729.56,3729.56,9870836900.0,0.001434377455064863
2023-08-23T00:00:00.000000,3748.07,3770.06,3704.68,3758.23,12031832700.0,0.00181196288252205
2023-08-24T00:00:00.000000,3751.77,3756.17,3695.03,3696.63,9708163800.0,0.0013640578487720695
2023-08-25T00:00:00.000000,3711.54,3748.86,3701.57,3723.43,11961452100.0,0.001518236560749886
2023-08-26T00:00:00.000000,3703.51,3734.22,3695.84,3709.15,10518261000.0,0.0016199470142746375
2023-08-29T00:00:00.000000,3911.55,3911.55,3740.53,3752.62,19799037900.0,0.005105733132550893
2023-08-30T00:00:00.000000,3743.05,3810.38,3742.08,3790.11,15248614600.0,0.0013205556804489855
2023-08-31T00:00:00.000000,3803.12,3813.7,3780.24,3788.51,12967166100.0,0.0009081313385455013
2023-09-01T00:00:00.000000,3786.93,3794.0,3762.0,3765.27,11896164600.0,0.0008199132245641057
2023-09-02T00:00:00.000000,3778.91,3808.53,3778.91,3791.49,10531904500.0,0.0014721633212383838
2023-09-05T00:00:00.000000,3812.99,3854.26,3804.59,3848.95,14238520100.0,0.0013807172717622222
2023-09-06T00:00:00.000000,3839.58,3839.58,3814.33,3820.32,10405233300.0,0.0008873936301377565
2023-09-07T00:00:00.000000,3808.1,3817.52,3790.89,3812.03,9344239300.0,0.0010054656027106705
2023-09-08T00:00:00.000000,3802.23,3802.23,3756.85,3758.47,9510390300.0,0.001123655498898816
2023-09-09T00:00:00.000000,3747.65,3753.26,3724.99,3739.99,7163816600.0,0.0009207555721153905
2023-09-12T00:00:00.000000,3740.58,3788.32,3734.72,3767.54,10535801600.0,0.0010978747396410901
2023-09-13T00:00:00.000000,3764.33,3775.09,3755.42,3760.6,7938537800.0,0.0006001147848698243
2023-09-14T00:00:00.000000,3759.61,3768.82,3719.11,3736.65,8157690100.0,0.0008351101683436802
2023-09-15T00:00:00.000000,3736.94,3748.82,3717.31,3733.51,10038607500.0,0.0009501785821279113
2023-09-16T00:00:00.000000,3740.79,3749.02,3699.38,3708.78,10939568900.0,0.001103397899211619
2023-09-19T00:00:00.000000,3698.93,3737.53,3691.11,3727.71,8672774100.0,0.0010193286652941756
2023-09-20T00:00:00.000000,3723.42,3724.07,3702.69,3720.5,8319903800.0,0.0009533170568394629
2023-09-21T00:00:00.000000,3715.96,3718.52,3705.13,3705.69,7544820900.0,0.0008006296897331625
2023-09-22T00:00:00.000000,3698.31,3708.46,3672.44,3672.44,8303100500.0,0.0008374349168037078
2023-09-23T00:00:00.000000,3672.64,3740.42,3664.77,3738.93,11023116600.0,0.0009222821186490714
2023-09-26T00:00:00.000000,3738.06,3738.06,3711.2,3714.6,9259647900.0,0.000727570010084305
2023-09-27T00:00:00.000000,3711.71,3723.85,3692.62,3692.89,7804452500.0,0.0006882554009539132
2023-09-28T00:00:00.000000,3694.96,3731.14,3694.39,3700.5,9162921000.0,0.0010218597424275341
2023-09-29T00:00:00.000000,3711.21,3716.06,3685.3,3689.52,8522171900.0,0.0007606242944761597
2023-10-10T00:00:00.000000,3678.93,3694.13,3642.0,3684.73,10214805800.0,0.0018120986100798194
2023-10-11T00:00:00.000000,3696.25,3701.26,3655.59,3657.13,9916373000.0,0.0009763893673146983
2023-10-12T00:00:00.000000,3674.75,3689.53,3658.36,3667.55,10209158700.0,0.0011005166059651847
2023-10-13T00:00:00.000000,3697.93,3711.5,3682.84,3702.38,11436322500.0,0.0015328736711068746
2023-10-14T00:00:00.000000,3677.96,3678.19,3652.31,3663.41,9828798700.0,0.0013536596688269835
2023-10-17T00:00:00.000000,3664.04,3664.04,3615.77,3626.6,9185311800.0,0.0009467734222619255
2023-10-18T00:00:00.000000,3635.3,3645.57,3619.13,3639.4,9074518800.0,0.0008579655829343977
2023-10-19T00:00:00.000000,3631.07,3632.06,3608.98,3610.58,9454587900.0,0.0009842518921207859
2023-10-20T00:00:00.000000,3588.52,3588.52,3532.31,3533.54,11173752000.0,0.0014559264711853028
2023-10-21T00:00:00.000000,3518.35,3535.66,3501.73,3510.59,9851860500.0,0.0011548128018134085
2023-10-24T00:00:00.000000,3500.2,3505.35,3450.65,3474.24,9656165200.0,0.001237415431861681
2023-10-25T00:00:00.000000,3481.76,3495.0,3453.11,3487.13,11554728900.0,0.0014209800204754467
2023-10-26T00:00:00.000000,3524.3,3531.83,3500.92,3504.46,12800961700.0,0.0017799141733985434
2023-10-27T00:00:00.000000,3484.78,3515.57,3478.05,3514.14,10514356600.0,0.0009528283636628088
2023-10-28T00:00:00.000000,3501.17,3576.59,3494.55,3562.39,12022510800.0,0.001243649447329715
2023-10-31T00:00:00.000000,3554.11,3592.72,3554.02,3583.77,14401042600.0,0.0009414130670007483
2023-11-01T00:00:00.000000,3581.68,3581.68,3554.58,3572.51,11258726700.0,0.0008415451502652628
2023-11-02T00:00:00.000000,3605.76,3606.41,3564.64,3571.03,9764553800.0,0.0008985943559101673
2023-11-03T00:00:00.000000,3580.07,3597.17,3553.74,3554.19,9035964300.0,0.0009741615083254696
2023-11-04T00:00:00.000000,3558.53,3596.1,3558.53,3584.14,9754210100.0,0.0009728215124590237
2023-11-07T00:00:00.000000,3608.32,3635.79,3600.63,3632.61,15298246300.0,0.0014699350611225251
2023-11-08T00:00:00.000000,3623.78,3628.46,3606.3,3619.76,11028859100.0,0.0008224677461588671
2023-11-09T00:00:00.000000,3610.64,3627.05,3591.82,3611.07,11059423000.0,0.0009506547085334764
2023-11-10T00:00:00.000000,3603.11,3624.41,3601.37,3612.83,11187205700.0,0.000937831458894567
2023-11-11T00:00:00.000000,3596.07,3599.45,3576.1,3586.49,10210703400.0,0.0010662643777250797
2023-11-14T00:00:00.000000,3593.91,3599.39,3562.77,3579.41,9670764900.0,0.0007315178615270569
2023-11-15T00:00:00.000000,3581.1,3600.15,3568.88,3582.06,10088415800.0,0.0007678933916794216
2023-11-16T00:00:00.000000,3616.88,3620.6,3596.92,3607.25,10492921800.0,0.0012375259599643645
2023-11-17T00:00:00.000000,3600.98,3605.29,3572.36,3572.36,8746478000.0,0.0006983695958529214
2023-11-18T00:00:00.000000,3561.31,3573.68,3547.03,3568.07,8731920700.0,0.0007908886322522368
2023-11-21T00:00:00.000000,3569.73,3586.97,3545.1,3576.32,9108044500.0,0.0008830857002447347
2023-11-22T00:00:00.000000,3587.88,3615.06,3575.68,3581.07,10859431400.0,0.001236697210628823
2023-11-23T00:00:00.000000,3569.44,3574.38,3544.42,3544.42,8478438100.0,0.0007072579695180332
2023-11-24T00:00:00.000000,3541.44,3562.07,3529.94,3561.52,8480016700.0,0.000814595998718177
2023-11-25T00:00:00.000000,3560.65,3560.65,3534.0,3538.01,8501840300.0,0.0007583817206586137
2023-11-28T00:00:00.000000,3534.44,3534.44,3492.86,3511.94,9910231400.0,0.0011754091730707174
2023-11-29T00:00:00.000000,3510.66,3521.05,3501.11,3518.52,8933578900.0,0.0008928981881968237
2023-11-30T00:00:00.000000,3518.88,3519.2,3482.24,3488.31,9884141200.0,0.0008142120470655118
2023-12-01T00:00:00.000000,3485.52,3505.13,3481.45,3496.2,10135082000.0,0.0009058108202826277
2023-12-02T00:00:00.000000,3494.22,3494.22,3452.17,3482.88,10853094100.0,0.0012836194973541845
2023-12-05T00:00:00.000000,3481.04,3488.13,3459.61,3460.14,9715682600.0,0.0009952270354250477
2023-12-06T00:00:00.000000,3450.09,3450.09,3393.81,3394.26,10047200700.0,0.001324599868876885
2023-12-07T00:00:00.000000,3387.88,3420.28,3382.95,3399.6,10580551900.0,0.0011603016596009202
2023-12-08T00:00:00.000000,3394.31,3404.41,3369.77,3391.28,9771324800.0,0.001060257879077378
2023-12-09T00:00:00.000000,3391.86,3409.38,3383.45,3399.46,12952205400.0,0.0008593530007815903
2023-12-12T00:00:00.000000,3378.05,3426.61,3346.89,3419.45,13962624900.0,0.0022044758763508873
2023-12-13T00:00:00.000000,3410.0,3427.55,3406.1,3426.8,10559001300.0,0.000859363048120071
2023-12-14T00:00:00.000000,3418.64,3418.64,3369.61,3369.61,9528536700.0,0.0010150250847877683
2023-12-15T00:00:00.000000,3387.38,3399.14,3350.76,3351.96,8365513500.0,0.00138333052702122
2023-12-16T00:00:00.000000,3365.94,3388.5,3339.52,3341.55,9778778300.0,0.0014558427398520285
2023-12-19T00:00:00.000000,3329.19,3352.35,3314.91,3329.37,9052682600.0,0.0008594975399352584
2023-12-20T00:00:00.000000,3325.66,3345.78,3313.19,3334.04,8380811800.0,0.0010647194176348978
2023-12-21T00:00:00.000000,3334.33,3338.54,3297.37,3297.5,9241286800.0,0.000911437092743971
2023-12-22T00:00:00.000000,3285.6,3339.36,3283.99,3330.87,10254619800.0,0.0013965614004656745
2023-12-23T00:00:00.000000,3329.47,3359.06,3315.9,3337.23,10522013300.0,0.001382199227292862
2023-12-26T00:00:00.000000,3330.33,3348.88,3330.33,3347.45,7454269300.0,0.0006900821457826006
2023-12-27T00:00:00.000000,3345.4,3345.42,3315.94,3324.79,7473293500.0,0.0008114655496459203
2023-12-28T00:00:00.000000,3326.93,3341.27,3309.67,3336.36,9440392800.0,0.0009334568789889185
2023-12-29T00:00:00.000000,3335.56,3423.4,3331.21,3414.54,14806485100.0,0.0014643631537351802
2023-12-30T00:00:00.000000,3411.11,3432.54,3409.58,3431.11,11492893200.0,0.0008431657879939346
2024-01-03T00:00:00.000000,3426.27,3426.27,3386.35,3386.35,11618072600.0,0.0011346929553064551
2024-01-04T00:00:00.000000,3379.75,3392.85,3362.66,3378.3,10561385100.0,0.0007397795089526097
2024-01-05T00:00:00.000000,3375.02,3375.02,3323.86,3347.05,10672101300.0,0.0010503449126716435
2024-01-06T00:00:00.000000,3341.31,3372.54,3313.55,3329.11,12640057400.0,0.0011117958636875892
2024-01-09T00:00:00.000000,3322.61,3333.52,3283.34,3286.06,11742948500.0,0.0011575534812895243
2024-01-10T00:00:00.000000,3286.71,3304.6,3273.84,3292.5,10933046500.0,0.0012579250569768987
2024-01-11T00:00:00.000000,3281.67,3312.92,3268.25,3277.13,9419936600.0,0.001529296568527644
2024-01-12T00:00:00.000000,3275.31,3311.11,3266.79,3295.67,10878973500.0,0.0011814741695666535
2024-01-13T00:00:00.000000,3284.36,3310.47,3279.7,3284.17,9685355500.0,0.0010311060578937009
2024-01-16T00:00:00.000000,3270.1,3306.92,3261.27,3280.92,8885153000.0,0.0012943294688096832
2024-01-17T00:00:00.000000,3272.57,3300.88,3260.44,3300.88,11327666500.0,0.0013289972064122423
2024-01-18T00:00:00.000000,3291.14,3291.14,3229.08,3229.08,10876972800.0,0.0014512241919700665
2024-01-19T00:00:00.000000,3214.28,3279.25,3171.63,3274.73,17490916800.0,0.0029035619306102584
2024-01-20T00:00:00.000000,3261.24,3286.94,3251.81,3269.78,11850140800.0,0.0017049744669271126
2024-01-23T00:00:00.000000,3262.47,3281.42,3193.18,3218.9,14870562800.0,0.002468300715771556
2024-01-24T00:00:00.000000,3208.43,3249.53,3188.13,3231.93,12201200000.0,0.0020777366166831435
2024-01-25T00:00:00.000000,3245.96,3281.49,3190.47,3277.11,15437195400.0,0.002203121637603772
2024-01-26T00:00:00.000000,3274.34,3344.24,3269.79,3342.92,19683361400.0,0.0014005337320768033
2024-01-27T00:00:00.000000,3326.65,3351.97,3315.13,3333.82,18066400500.0,0.0013453709959843118
2024-01-30T00:00:00.000000,3335.39,3351.37,3303.96,3303.96,18416479500.0,0.0017750196657246359
2024-01-31T00:00:00.000000,3283.9,3300.2,3244.97,3245.04,14364935000.0,0.0018183256490861028
2024-02-01T00:00:00.000000,3231.54,3252.15,3201.93,3215.35,15314346900.0,0.0018683349217109995
2024-02-02T00:00:00.000000,3202.26,3251.76,3191.9,3217.71,14551679200.0,0.0016907596890657192
2024-02-03T00:00:00.000000,3219.87,3235.41,3108.35,3179.63,17375808900.0,0.003265039084542561
2024-02-06T00:00:00.000000,3164.25,3233.85,3111.52,3200.42,20304297000.0,0.003503532391272041
2024-02-07T00:00:00.000000,3185.25,3314.51,3182.82,3311.69,20271309900.0,0.0025178966310434067
2024-02-08T00:00:00.000000,3314.03,3343.63,3289.67,3343.63,21664793300.0,0.0014947916860343908
2024-02-09T00:00:00.000000,3351.41,3367.21,3336.98,3364.93,18997757800.0,0.001750888355339309
2024-02-20T00:00:00.000000,3393.19,3403.81,3364.14,3403.81,18331980000.0,0.000986136088894985
2024-02-21T00:00:00.000000,3395.19,3415.89,3380.1,3410.85,14073458100.0,0.0012912718802792263
2024-02-22T00:00:00.000000,3390.36,3500.13,3383.69,3456.87,18887936200.0,0.001715727664422099
2024-02-23T00:00:00.000000,3450.35,3486.67,3448.41,3486.67,14102078400.0,0.0009886726205202258
2024-02-24T00:00:00.000000,3491.34,3507.56,3472.97,3489.74,14482127300.0,0.001051146109318651
2024-02-27T00:00:00.000000,3485.54,3492.61,3445.39,3453.36,15124833100.0,0.0010699553137496131
2024-02-28T00:00:00.000000,3440.05,3494.79,3437.44,3494.79,13952824600.0,0.0009677845294244024
2024-02-29T00:00:00.000000,3499.83,3521.66,3450.26,3450.26,18983754800.0,0.001705757377094207
2024-03-01T00:00:00.000000,3437.9,3516.08,3437.9,3516.08,15594453200.0,0.0014649146852355696
2024-03-02T00:00:00.000000,3515.06,3544.36,3503.46,3537.8,16270957000.0,0.0011324102545482257
2024-03-05T00:00:00.000000,3538.37,3548.69,3519.76,3540.87,16324461300.0,0.0012829985899527135
2024-03-06T00:00:00.000000,3524.96,3570.69,3519.08,3565.51,16642238900.0,0.0012054519097274164
2024-03-07T00:00:00.000000,3556.53,3577.39,3545.1,3551.05,14307661300.0,0.0010001809581675694
2024-03-08T00:00:00.000000,3548.1,3569.92,3522.9,3529.72,14811051000.0,0.0010693540785959082
2024-03-09T00:00:00.000000,3529.55,3548.51,3511.58,3544.91,12579266400.0,0.001000672869498727
2024-03-12T00:00:00.000000,3545.94,3589.26,3542.28,3589.26,14820282500.0,0.0012866452054116548
2024-03-13T00:00:00.000000,3592.58,3605.7,3574.21,3597.49,18068556000.0,0.0012402444171075516
2024-03-14T00:00:00.000000,3594.42,3594.42,3563.38,3572.36,14459059000.0,0.0009978080823486125
2024-03-15T00:00:00.000000,3571.79,3597.46,3545.61,3562.22,14096272200.0,0.001175892249937732
2024-03-16T00:00:00.000000,3554.91,3572.81,3533.68,3569.99,13831604400.0,0.00099831409283367
2024-03-19T00:00:00.000000,3577.06,3604.05,3573.4,3603.53,16037943800.0,0.0008301768825217888
2024-03-20T00:00:00.000000,3593.34,3610.74,3577.19,3577.63,14557178600.0,0.0009481720467842891
2024-03-21T00:00:00.000000,3568.72,3589.55,3568.43,3585.38,12952896600.0,0.0009026119265432135
2024-03-22T00:00:00.000000,3593.07,3601.11,3575.03,3581.09,13074337700.0,0.0008139494072413636
2024-03-23T00:00:00.000000,3571.27,3575.72,3522.84,3545.0,13922735800.0,0.001219884347028913
2024-03-26T00:00:00.000000,3536.71,3564.96,3525.76,3525.76,13701572400.0,0.0010022015548051448
2024-03-27T00:00:00.000000,3526.68,3547.65,3518.6,3543.75,12620953500.0,0.0012203858749882431
2024-03-28T00:00:00.000000,3538.72,3542.96,3502.79,3502.79,12862676300.0,0.0011606049865613127
2024-03-29T00:00:00.000000,3498.48,3551.21,3489.39,3520.96,14333471700.0,0.00129576580180203
2024-03-30T00:00:00.000000,3516.88,3538.22,3516.88,3537.48,12864329000.0,0.0011207728661615124
2024-04-02T00:00:00.000000,3551.58,3600.92,3551.58,3595.65,16277656100.0,0.0015826548486539873
2024-04-03T00:00:00.000000,3593.22,3596.19,3568.75,3580.68,14127297200.0,0.0007908437468767491
2024-04-04T00:00:00.000000,3578.68,3582.43,3558.87,3567.8,13559233100.0,0.0006337271143948248
2024-04-09T00:00:00.000000,3553.56,3567.82,3535.77,3536.41,15530428300.0,0.001159649251199314
2024-04-10T00:00:00.000000,3533.38,3543.71,3518.86,3533.49,12967094200.0,0.0007103394151930206
2024-04-11T00:00:00.000000,3528.97,3531.23,3490.05,3504.71,12879027400.0,0.0009559178619636923
2024-04-12T00:00:00.000000,3485.03,3520.59,3484.93,3504.24,12653439500.0,0.0010798270441246974
2024-04-13T00:00:00.000000,3505.75,3516.7,3470.06,3475.84,12892111600.0,0.0009990728760301678
2024-04-16T00:00:00.000000,3473.5,3552.41,3473.5,3549.08,18394125000.0,0.0021727779874266095
2024-04-17T00:00:00.000000,3533.36,3545.49,3503.62,3511.11,17615306500.0,0.001225641984224544
2024-04-18T00:00:00.000000,3509.13,3565.94,3498.03,3565.4,16846639800.0,0.000988972682809809
2024-04-19T00:00:00.000000,3550.56,3602.79,3547.6,3569.8,17857410500.0,0.0012796492928071953
2024-04-20T00:00:00.000000,3550.61,3560.95,3529.32,3541.66,14728150500.0,0.0012286717066441741
2024-04-23T00:00:00.000000,3536.18,3558.16,3528.02,3530.9,15057904200.0,0.0010475929356438315
2024-04-24T00:00:00.000000,3525.67,3533.76,3499.98,3506.22,14311350400.0,0.000941574496323838
2024-04-25T00:00:00.000000,3514.01,3524.54,3495.65,3521.62,12173985100.0,0.0006972838939772953
2024-04-26T00:00:00.000000,3510.64,3543.97,3505.2,3530.28,11518772200.0,0.001021456826264463
2024-04-27T00:00:00.000000,3531.96,3588.4,3531.96,3584.27,19721613300.0,0.0012409796195646612
2024-04-30T00:00:00.000000,3584.54,3645.82,3578.76,3623.91,22272138100.0,0.001073612195602972
2024-05-01T00:00:00.000000,3619.26,3630.71,3604.39,3604.39,19129689900.0,0.0006785348832185711
2024-05-07T00:00:00.000000,3654.05,3668.26,3645.74,3657.88,20801800700.0,0.001962753982666797
2024-05-08T00:00:00.000000,3657.0,3665.68,3648.38,3659.01,16483428600.0,0.000843684043832172
2024-05-09T00:00:00.000000,3650.75,3650.94,3628.7,3630.22,13003533600.0,0.0008057649890610083
2024-05-10T00:00:00.000000,3630.41,3669.76,3630.41,3664.56,14655901700.0,0.0007704574178722777
2024-05-11T00:00:00.000000,3669.09,3674.61,3641.76,3666.28,15072053600.0,0.0007939733131604549
2024-05-14T00:00:00.000000,3646.35,3673.62,3634.6,3664.69,15726745500.0,0.001177631133678165
2024-05-15T00:00:00.000000,3668.23,3675.78,3646.71,3657.05,13340649000.0,0.0007932786557703142
2024-05-16T00:00:00.000000,3651.05,3656.53,3624.0,3626.06,12352276400.0,0.000785477338432397
2024-05-17T00:00:00.000000,3636.6,3657.48,3626.33,3640.36,15463050300.0,0.0006710013048638518
2024-05-18T00:00:00.000000,3638.56,3677.97,3627.45,3677.97,16457041700.0,0.0009231308792641758
2024-05-21T00:00:00.000000,3682.06,3703.03,3677.44,3690.96,18460942300.0,0.0010036229616630604
2024-05-22T00:00:00.000000,3682.29,3684.61,3665.15,3676.16,13067828300.0,0.0006875675283650861
2024-05-23T00:00:00.000000,3675.65,3691.88,3667.09,3684.45,15191460500.0,0.0006578431576327138
2024-05-24T00:00:00.000000,3672.84,3674.37,3633.51,3641.79,14257299000.0,0.0010984547140146966
2024-05-25T00:00:00.000000,3630.83,3650.87,3599.67,3601.48,12479117700.0,0.0007889888762851711
2024-05-28T00:00:00.000000,3606.65,3638.15,3603.71,3635.71,13127264400.0,0.0007812147687324494
2024-05-29T00:00:00.000000,3633.25,3638.97,3605.92,3609.17,12353223800.0,0.0006484443170937428
2024-05-30T00:00:00.000000,3609.07,3633.2,3602.82,3613.52,11590632100.0,0.0008326514734314371
2024-05-31T00:00:00.000000,3607.05,3624.04,3586.75,3594.31,12260299500.0,0.0008899042085826083
2024-06-01T00:00:00.000000,3599.82,3614.64,3579.92,3579.92,11246201900.0,0.0007701050335363806
2024-06-04T00:00:00.000000,3577.38,3600.6,3567.87,3588.75,14105459100.0,0.0010582355642573974
2024-06-05T00:00:00.000000,3583.81,3622.5,3580.28,3615.67,12454509600.0,0.000788238689238281
2024-06-06T00:00:00.000000,3610.36,3623.32,3594.11,3594.79,11090676600.0,0.0005834890413463512
2024-06-07T00:00:00.000000,3602.16,3625.01,3584.17,3592.25,13789351700.0,0.0012196150358534882
2024-06-08T00:00:00.000000,3594.63,3603.07,3552.09,3574.11,13110302600.0,0.0010924042406500255
2024-06-12T00:00:00.000000,3555.82,3565.31,3525.89,3542.88,13452230600.0,0.0012173018550837315
2024-06-13T00:00:00.000000,3539.09,3551.17,3531.57,3544.12,12281372900.0,0.000731077881513905
2024-06-14T00:00:00.000000,3548.22,3551.08,3520.18,3526.13,12324546200.0,0.0007250268761413144
2024-06-15T00:00:00.000000,3514.8,3547.15,3503.52,3541.53,17151694200.0,0.0012414030374482572
2024-06-18T00:00:00.000000,3521.44,3540.79,3520.74,3536.2,13743343800.0,0.0008456999093166777
2024-06-19T00:00:00.000000,3533.49,3551.71,3532.78,3545.59,12367183800.0,0.0006217166511720473
2024-06-20T00:00:00.000000,3543.36,3543.36,3524.89,3528.75,10664279700.0,0.0008167779002520653
2024-06-21T00:00:00.000000,3525.17,3533.99,3500.13,3503.28,11161739600.0,0.0009537511054833797
2024-06-22T00:00:00.000000,3496.34,3505.51,3473.83,3495.62,10918661500.0,0.001163855686347998
2024-06-25T00:00:00.000000,3473.64,3505.78,3471.22,3476.81,11799018400.0,0.0012198406639316868
2024-06-26T00:00:00.000000,3475.16,3483.22,3440.65,3457.9,11844811800.0,0.001029997021465812
2024-06-27T00:00:00.000000,3451.54,3487.4,3442.3,3480.26,10589886100.0,0.0010746438924729724
2024-06-28T00:00:00.000000,3467.29,3471.14,3452.58,3454.12,11491810100.0,0.0011827464333733868
2024-06-29T00:00:00.000000,3443.67,3484.68,3443.67,3461.66,13540915300.0,0.0009486454195488542
2024-07-02T00:00:00.000000,3458.26,3479.95,3443.81,3478.18,12182977000.0,0.0008595706413039111
2024-07-03T00:00:00.000000,3472.45,3488.32,3464.52,3471.79,12165012100.0,0.0007365798358163
2024-07-04T00:00:00.000000,3471.56,3478.7,3454.99,3463.41,10385710800.0,0.0006178663643224928
2024-07-05T00:00:00.000000,3468.3,3483.31,3444.93,3445.81,10442990900.0,0.0010571791166079886
2024-07-06T00:00:00.000000,3443.36,3451.04,3399.67,3431.06,11660965900.0,0.0010303331440722288
2024-07-09T00:00:00.000000,3420.8,3428.04,3395.91,3401.76,11552821800.0,0.0010669929288284008
2024-07-10T00:00:00.000000,3396.8,3448.93,3384.81,3439.81,13162944300.0,0.0016991258041092459
2024-07-11T00:00:00.000000,3425.88,3447.51,3423.65,3428.97,12720345600.0,0.0006045321732136686
2024-07-12T00:00:00.000000,3451.04,3473.98,3438.12,3468.17,14589246600.0,0.0010774758026353228
2024-07-13T00:00:00.000000,3459.96,3479.1,3457.36,3472.4,13087458900.0,0.0006393011508182062
2024-07-16T00:00:00.000000,3462.61,3481.46,3460.79,3476.25,11851708300.0,0.0007054490857945404
2024-07-17T00:00:00.000000,3466.85,3500.29,3464.37,3498.28,12065901700.0,0.0008008324167292403
2024-07-18T00:00:00.000000,3494.21,3514.48,3486.22,3501.58,13180206200.0,0.0010005751930994213
2024-07-19T00:00:00.000000,3483.3,3522.8,3475.72,3520.93,12376819900.0,0.0014036844556939826
2024-07-20T00:00:00.000000,3500.81,3545.34,3493.07,3539.02,13244797500.0,0.001521538543275571
2024-07-23T00:00:00.000000,3538.4,3540.19,3494.01,3514.92,13212633700.0,0.0010020498930887335
2024-07-24T00:00:00.000000,3509.79,3509.79,3439.88,3439.88,12889766000.0,0.0008798290268075988
2024-07-25T00:00:00.000000,3432.35,3451.42,3408.41,3418.17,12703626300.0,0.0014101448928073258
2024-07-26T00:00:00.000000,3404.61,3415.86,3383.8,3399.27,13102224200.0,0.0014432275486197348
2024-07-27T00:00:00.000000,3403.71,3420.82,3388.66,3409.29,12419555800.0,0.0012124541008120232
2024-07-30T00:00:00.000000,3404.37,3408.5,3388.84,3390.74,10978778600.0,0.0008076312445665897
2024-07-31T00:00:00.000000,3380.69,3380.69,3352.8,3369.38,10495216400.0,0.0013110948235514684
2024-08-01T00:00:00.000000,3364.03,3445.0,3364.03,3442.08,17195917700.0,0.0013446742532550488
2024-08-02T00:00:00.000000,3443.14,3448.34,3419.19,3419.27,13632346400.0,0.0007996129400745157
2024-08-03T00:00:00.000000,3393.92,3419.1,3380.96,3384.39,11661525500.0,0.0010240000755030807
2024-08-06T00:00:00.000000,3362.11,3409.03,3343.32,3343.32,14281251600.0,0.001630720975917904
2024-08-07T00:00:00.000000,3367.35,3376.8,3318.63,3342.98,11934027900.0,0.0014567221448334772
2024-08-08T00:00:00.000000,3338.59,3362.38,3329.97,3341.49,9508437700.0,0.0009435482568326028
2024-08-09T00:00:00.000000,3332.43,3364.79,3320.84,3342.94,9249569500.0,0.00109296955923333
2024-08-10T00:00:00.000000,3358.13,3366.67,3331.63,3331.63,9151162600.0,0.0010394176201173277
2024-08-13T00:00:00.000000,3327.56,3338.08,3319.89,3325.86,7993875400.0,0.0007545526541638646
2024-08-14T00:00:00.000000,3328.01,3335.01,3310.19,3334.39,8448967900.0,0.0009654887853331121
2024-08-15T00:00:00.000000,3332.79,3332.79,3309.1,3309.24,7874240700.0,0.0006727590016158451
2024-08-16T00:00:00.000000,3301.45,3356.76,3297.97,3341.95,10476639900.0,0.001212980842298708
2024-08-17T00:00:00.000000,3342.03,3356.91,3335.62,3345.63,9651908300.0,0.0010332437170066226
2024-08-20T00:00:00.000000,3344.26,3375.96,3343.71,3356.97,10557111000.0,0.0012235530860360102
2024-08-21T00:00:00.000000,3361.64,3362.33,3321.64,3332.7,10166833100.0,0.0008525838588798534
2024-08-22T00:00:00.000000,3322.91,3339.44,3307.99,3321.64,8995475100.0,0.0012370551661123586
2024-08-23T00:00:00.000000,3322.87,3327.7,3305.25,3313.14,10036650400.0,0.0009633044612575752
2024-08-24T00:00:00.000000,3305.93,3336.23,3305.64,3327.19,8952577400.0,0.001031184041607658
2024-08-27T00:00:00.000000,3330.72,3336.53,3311.57,3324.22,9399077200.0,0.0007813122235649121
2024-08-28T00:00:00.000000,3315.69,3320.57,3299.56,3305.33,9580815700.0,0.0007447391947119359
2024-08-29T00:00:00.000000,3298.91,3305.35,3274.59,3286.5,9269665000.0,0.0009627586104460917
2024-08-30T00:00:00.000000,3273.54,3290.79,3269.53,3277.68,13070233300.0,0.0009384441839315533
2024-08-31T00:00:00.000000,3273.75,3351.63,3273.65,3321.43,18869544300.0,0.0012608957600007335
2024-09-03T00:00:00.000000,3307.54,3307.76,3264.76,3265.01,14761235300.0,0.0009817105965423505
2024-09-04T00:00:00.000000,3261.74,3281.59,3261.19,3273.43,12289730600.0,0.0008146500225174653
2024-09-05T00:00:00.000000,3253.9,3272.99,3249.98,3252.16,10483248200.0,0.0010814518603530095
2024-09-06T00:00:00.000000,3252.96,3266.88,3247.17,3257.76,9710945000.0,0.0010071410628685299
2024-09-07T00:00:00.000000,3261.15,3274.81,3231.07,3231.35,8840041700.0,0.0008075397117762577
2024-09-10T00:00:00.000000,3214.8,3222.93,3180.93,3192.95,10867306900.0,0.0010276042083715848
2024-09-11T00:00:00.000000,3193.46,3205.1,3171.79,3195.76,9729007800.0,0.0011761595641311333
2024-09-12T00:00:00.000000,3187.05,3197.34,3174.03,3186.13,10248211000.0,0.0012427524940433064
2024-09-13T00:00:00.000000,3189.43,3201.55,3171.88,3172.47,9286865700.0,0.001050652884836775
2024-09-14T00:00:00.000000,3174.03,3188.91,3159.25,3159.25,8833667700.0,0.0007001373580217325
2024-09-19T00:00:00.000000,3158.82,3179.9,3145.79,3171.01,8472281400.0,0.0011467355097581962
2024-09-20T00:00:00.000000,3178.4,3213.84,3149.79,3196.04,12543927200.0,0.0015960654668125953
2024-09-21T00:00:00.000000,3192.43,3207.99,3173.22,3201.05,11806409800.0,0.0009375020360369933
2024-09-24T00:00:00.000000,3200.87,3230.16,3198.02,3212.76,9534485500.0,0.001013145430859343
2024-09-25T00:00:00.000000,3244.65,3351.97,3222.49,3351.91,20407221700.0,0.0025980333342305196
2024-09-26T00:00:00.000000,3403.7,3465.49,3393.44,3401.53,24156425500.0,0.0039002506594625163
2024-09-27T00:00:00.000000,3399.32,3545.32,3391.68,3545.32,24313401000.0,0.0023817561391574864
2024-09-28T00:00:00.000000,3617.92,3708.5,3596.58,3703.68,26548777400.0,0.004013574818262636
2024-10-01T00:00:00.000000,3846.65,4038.7,3796.52,4017.85,51021770700.0,0.009970933335430183
2024-10-09T00:00:00.000000,4450.37,4450.37,4094.35,4256.1,58986789400.0,0.015145181493488197
2024-10-10T00:00:00.000000,4168.84,4197.6,3942.51,3955.98,48226929500.0,0.008015416379647667
2024-10-11T00:00:00.000000,3979.61,4098.5,3912.77,3997.79,39505309900.0,0.004544780211136693
2024-10-12T00:00:00.000000,3969.76,3978.24,3847.12,3887.17,27409650500.0,0.0033879833851867707
2024-10-15T00:00:00.000000,3915.22,3979.54,3868.78,3961.34,30757899300.0,0.002981588978226746
2024-10-16T00:00:00.000000,3942.53,3967.87,3855.99,3855.99,24248644800.0,0.002189942792600646
2024-10-17T00:00:00.000000,3806.14,3877.75,3805.09,3831.59,21886640700.0,0.0027439138602050116
2024-10-18T00:00:00.000000,3853.84,3882.07,3787.75,3788.22,21231382000.0,0.002118781743698989
2024-10-19T00:00:00.000000,3780.31,3998.21,3765.16,3925.23,31295883400.0,0.0035406850020650543
2024-10-22T00:00:00.000000,3946.9,3979.26,3896.17,3935.2,29118563400.0,0.002968598738802317
2024-10-23T00:00:00.000000,3923.74,3965.91,3917.52,3957.78,22343339600.0,0.0016961609265350366
2024-10-24T00:00:00.000000,3955.32,4012.18,3939.1,3973.21,24587394900.0,0.0016048088680430369
2024-10-25T00:00:00.000000,3950.9,3957.98,3914.09,3928.83,17472406200.0,0.0012570630662427087
2024-10-26T00:00:00.000000,3931.32,3992.89,3921.94,3956.42,21069488500.0,0.0014466569632943969
2024-10-29T00:00:00.000000,3953.11,3964.16,3917.2,3964.16,21616041500.0,0.0013744472170953267
2024-10-30T00:00:00.000000,3970.01,3991.31,3921.58,3924.65,21729398400.0,0.0013657652605387994
2024-10-31T00:00:00.000000,3904.16,3926.06,3864.31,3889.45,21943662600.0,0.0013897523388213822
2024-11-01T00:00:00.000000,3888.42,3923.9,3859.11,3891.04,30063671800.0,0.002002240622681303
2024-11-02T00:00:00.000000,3882.46,3933.22,3879.96,3890.02,30798648100.0,0.0019530681936652632
2024-11-05T00:00:00.000000,3897.71,3944.76,3891.21,3944.76,22923906000.0,0.001189722773438066
2024-11-06T00:00:00.000000,3937.62,4046.7,3925.41,4044.57,31686279400.0,0.0020563194769014385
2024-11-07T00:00:00.000000,4051.29,4091.7,4002.5,4024.28,33580793800.0,0.0021924637978289903
2024-11-08T00:00:00.000000,3987.27,4146.15,3984.67,4145.7,34143641400.0,0.001939655844165079
2024-11-09T00:00:00.000000,4192.08,4200.91,4094.16,4104.05,33235038500.0,0.0023764946237734277
2024-11-12T00:00:00.000000,4066.93,4132.51,4048.04,4131.13,28959422700.0,0.0020050598210923673
2024-11-13T00:00:00.000000,4133.35,4181.71,4060.79,4085.74,29777808600.0,0.0022621538112420807
2024-11-14T00:00:00.000000,4059.59,4121.07,4059.59,4110.89,24048409900.0,0.001705339361447106
2024-11-15T00:00:00.000000,4101.22,4118.17,4034.94,4039.62,23015278400.0,0.0014235114712260338
2024-11-16T00:00:00.000000,4025.65,4049.07,3968.83,3968.83,24739946300.0,0.001551585175175688
2024-11-19T00:00:00.000000,3982.1,4034.06,3931.19,3950.38,30677794600.0,0.0022326228679925364
2024-11-20T00:00:00.000000,3954.6,3979.15,3896.75,3976.89,24294646500.0,0.0018196568816297052
2024-11-21T00:00:00.000000,3966.12,4001.08,3958.34,3985.77,18459937200.0,0.001335015828286574
2024-11-22T00:00:00.000000,3979.46,3999.56,3966.07,3989.3,16612592700.0,0.0008676463875669155
2024-11-23T00:00:00.000000,3984.24,3990.26,3865.7,3865.7,21628580900.0,0.0016661853241103912
2024-11-26T00:00:00.000000,3875.61,3889.71,3812.32,3848.09,19070295300.0,0.0018682738653261696
2024-11-27T00:00:00.000000,3836.26,3875.23,3833.28,3840.18,14989244100.0,0.0014212904769828132
2024-11-28T00:00:00.000000,3829.34,3907.16,3817.91,3907.04,17413609600.0,0.0015772244919477064
2024-11-29T00:00:00.000000,3904.25,3908.39,3866.01,3872.55,15011729100.0,0.0011995992668587298
2024-11-30T00:00:00.000000,3869.89,3962.7,3869.89,3916.58,18765671300.0,0.0017700260040733563
