timestamp,open,high,low,close,volume,rv
2010-01-05T00:00:00.000000,3289.75,3295.28,3243.53,3243.76,12244630400.0,0.0012291222792966822
2010-01-06T00:00:00.000000,3255.07,3290.29,3221.54,3282.18,14191011900.0,0.001965759697803101
2010-01-07T00:00:00.000000,3274.52,3295.64,3253.14,3254.22,13463937000.0,0.0016107121478104148
2010-01-08T00:00:00.000000,3254.1,3268.77,3177.31,3192.78,14463622600.0,0.0019071682440501793
2010-01-09T00:00:00.000000,3177.26,3198.64,3149.23,3196.0,11420545500.0,0.002035673404356386
2010-01-12T00:00:00.000000,3301.31,3305.72,3197.5,3212.75,15743398400.0,0.0036135064262374063
2010-01-13T00:00:00.000000,3205.0,3274.63,3180.46,3273.97,15868077500.0,0.0018406065834177382
2010-01-14T00:00:00.000000,3204.34,3232.55,3165.75,3172.66,18329393500.0,0.003202813214156554
2010-01-15T00:00:00.000000,3183.38,3218.5,3165.78,3215.55,15152149800.0,0.0013780638937148932
2010-01-16T00:00:00.000000,3217.29,3241.56,3197.34,3224.15,13065227500.0,0.001416782818533614
2010-01-19T00:00:00.000000,3213.64,3238.2,3202.44,3237.1,14508432800.0,0.0010673865401701857
2010-01-20T00:00:00.000000,3243.72,3267.17,3237.85,3246.87,14439868900.0,0.0014582809019473997
2010-01-21T00:00:00.000000,3252.04,3254.89,3148.55,3151.85,17201357800.0,0.002096275046480807
2010-01-22T00:00:00.000000,3154.19,3175.47,3127.26,3158.86,13203106900.0,0.0021517195190543163
2010-01-23T00:00:00.000000,3116.93,3147.65,3063.09,3128.59,15558781900.0,0.0031779208767474033
2010-01-26T00:00:00.000000,3103.32,3136.79,3092.93,3094.41,9351392700.0,0.002017375660989122
2010-01-27T00:00:00.000000,3094.85,3106.8,3002.29,3019.39,10926543600.0,0.0024588446814495153
2010-01-28T00:00:00.000000,3026.9,3026.9,2973.94,2986.61,9283330700.0,0.0022798556342149582
2010-01-29T00:00:00.000000,2985.21,3005.96,2964.23,2994.14,8457057100.0,0.0018110717895410435
2010-01-30T00:00:00.000000,2978.28,3024.7,2968.45,2989.29,9088931000.0,0.0017816095322945181
2010-02-02T00:00:00.000000,2981.37,2981.37,2912.89,2941.36,10014983500.0,0.0021866877645488362
2010-02-03T00:00:00.000000,2955.75,2990.31,2930.7,2934.71,9328728200.0,0.0016964298997592508
2010-02-04T00:00:00.000000,2945.03,3005.13,2890.04,3003.84,11868451700.0,0.00283557065193403
2010-02-05T00:00:00.000000,2983.05,3015.09,2968.99,2995.31,11084531300.0,0.0019459226557139696
2010-02-06T00:00:00.000000,2934.7,2958.93,2918.91,2939.4,10668435900.0,0.0032521872406890214
2010-02-09T00:00:00.000000,2936.45,2954.0,2922.35,2935.17,6817830500.0,0.0015307680332371917
2010-02-10T00:00:00.000000,2932.09,2957.41,2929.31,2948.84,6872290000.0,0.0012673562392162719
2010-02-11T00:00:00.000000,2970.41,2983.18,2958.39,2982.5,6196492000.0,0.0012040404923352767
2010-02-12T00:00:00.000000,2985.08,3001.63,2976.08,2985.5,5664630500.0,0.0009272061572741169
2010-02-13T00:00:00.000000,2998.2,3018.79,2993.5,3018.13,6049785700.0,0.0008404587632575123
2010-02-23T00:00:00.000000,3016.7,3026.64,3002.81,3003.4,7456314800.0,0.0012352780067946781
2010-02-24T00:00:00.000000,2998.91,2998.91,2938.75,2982.57,8877602700.0,0.0018135335744600399
2010-02-25T00:00:00.000000,2964.98,3023.53,2955.47,3022.18,9916237200.0,0.0017114124897721647
2010-02-26T00:00:00.000000,3027.08,3062.87,3022.82,3060.62,12995300800.0,0.0011337808684883464
2010-02-27T00:00:00.000000,3052.38,3067.38,3042.07,3051.94,10890276900.0,0.0011512113640105373
2010-03-02T00:00:00.000000,3057.01,3093.05,3054.58,3087.84,12043856400.0,0.0009310952712203456
2010-03-03T00:00:00.000000,3089.71,3095.74,3060.96,3073.11,11317101100.0,0.0009894841848157444
2010-03-04T00:00:00.000000,3074.3,3098.23,3061.47,3097.01,12271502500.0,0.0009882052398113143
2010-03-05T00:00:00.000000,3097.72,3102.24,3016.36,3023.37,13598067300.0,0.001649856061566755
2010-03-06T00:00:00.000000,3027.71,3044.13,3011.09,3031.07,9786246200.0,0.0012947004670685954
2010-03-09T00:00:00.000000,3036.41,3058.79,3031.14,3053.23,8516694600.0,0.0009602390210892766
2010-03-10T00:00:00.000000,3053.19,3084.56,3028.84,3069.14,9914361800.0,0.0012930273991384408
2010-03-11T00:00:00.000000,3065.34,3085.99,3034.74,3048.93,9017719600.0,0.0013235891045538719
2010-03-12T00:00:00.000000,3050.64,3070.94,3025.35,3051.28,8748341700.0,0.001525530414166936
2010-03-13T00:00:00.000000,3051.47,3057.44,3012.27,3013.41,7765079000.0,0.0013788827182260417
2010-03-16T00:00:00.000000,3010.8,3013.06,2963.49,2976.94,7301708900.0,0.0014071780424456046
2010-03-17T00:00:00.000000,2974.49,2993.67,2963.49,2992.84,6478792800.0,0.0013049006995996151
2010-03-18T00:00:00.000000,2999.82,3050.68,2994.89,3050.48,9604137400.0,0.0009628775679112094
2010-03-19T00:00:00.000000,3053.19,3063.45,3035.08,3046.09,9737491800.0,0.0010143658086823322
2010-03-20T00:00:00.000000,3046.75,3069.66,3031.15,3067.75,10192693500.0,0.000971925970774578
2010-03-23T00:00:00.000000,3069.66,3083.35,3061.88,3074.58,10535015700.0,0.0009281837224632189
2010-03-24T00:00:00.000000,3077.1,3082.75,3051.3,3053.13,10091196000.0,0.0010600390147338164
2010-03-25T00:00:00.000000,3059.32,3076.7,3052.22,3056.81,9750875200.0,0.000937141429766873
2010-03-26T00:00:00.000000,3050.49,3050.49,3012.33,3019.18,9692245300.0,0.001364536007795275
2010-03-27T00:00:00.000000,3016.56,3067.71,3009.91,3059.72,10362711700.0,0.001240492251009758
2010-03-30T00:00:00.000000,3075.71,3130.1,3071.69,3123.8,15095542700.0,0.0014746935899269693
2010-03-31T00:00:00.000000,3123.83,3132.48,3113.93,3128.47,11196994700.0,0.0009411117809651283
2010-04-01T00:00:00.000000,3129.44,3129.65,3102.22,3109.11,11087204200.0,0.0008504212066119918
2010-04-02T00:00:00.000000,3115.1,3147.91,3115.1,3147.42,14023360500.0,0.0009503626402142074
2010-04-03T00:00:00.000000,3154.98,3159.39,3141.91,3157.96,13272207500.0,0.0008945360920875914
2010-04-07T00:00:00.000000,3170.61,3177.73,3142.12,3158.68,13136105100.0,0.0010401317794318085
2010-04-08T00:00:00.000000,3155.99,3161.08,3132.24,3148.22,11369077900.0,0.001067000109655111
2010-04-09T00:00:00.000000,3143.45,3143.7,3110.36,3118.71,12642416000.0,0.0009563814819358424
2010-04-10T00:00:00.000000,3118.65,3145.99,3114.88,3145.35,11373761300.0,0.0008912181100372113
2010-04-13T00:00:00.000000,3152.12,3156.06,3112.22,3129.26,14719512100.0,0.0009576203356976736
2010-04-14T00:00:00.000000,3129.69,3173.56,3101.63,3161.25,16092692600.0,0.002392480220605861
2010-04-15T00:00:00.000000,3161.22,3167.64,3146.06,3166.18,11428243200.0,0.0010798451394117292
2010-04-16T00:00:00.000000,3168.14,3181.66,3135.99,3164.97,11604226600.0,0.0014643424809123136
2010-04-17T00:00:00.000000,3159.67,3159.67,3121.59,3130.3,9475207000.0,0.001505324763546227
2010-04-20T00:00:00.000000,3093.87,3093.87,2978.19,2980.3,15239235400.0,0.002899813042560527
2010-04-21T00:00:00.000000,2980.44,2998.63,2942.11,2979.53,11767092900.0,0.0026253825319785947
2010-04-22T00:00:00.000000,2984.62,3034.3,2972.1,3033.28,13073260900.0,0.0013539272033484854
2010-04-23T00:00:00.000000,3017.98,3023.64,2978.46,2999.48,13643642900.0,0.001981983837261926
2010-04-24T00:00:00.000000,2995.62,3015.61,2966.96,2983.54,11713799100.0,0.0017889527110952347
2010-04-27T00:00:00.000000,2992.48,2996.22,2966.0,2969.5,10367243500.0,0.0015012349565947756
2010-04-28T00:00:00.000000,2962.15,2962.15,2866.59,2907.93,12399787900.0,0.0023531329300468993
2010-04-29T00:00:00.000000,2883.17,2916.63,2865.47,2900.33,9497498000.0,0.002403162109683338
2010-04-30T00:00:00.000000,2912.2,2928.89,2867.94,2868.43,9954467900.0,0.0018166066580762546
2010-05-01T00:00:00.000000,2867.65,2874.44,2820.95,2870.61,10363200000.0,0.0025734257022768797
2010-05-05T00:00:00.000000,2821.35,2862.18,2809.13,2835.28,7901040800.0,0.0024662034974839465
2010-05-06T00:00:00.000000,2804.51,2857.22,2770.67,2857.15,11268560000.0,0.002466169885533808
2010-05-07T00:00:00.000000,2838.95,2838.95,2735.01,2739.7,11371089600.0,0.002477516187677761
2010-05-08T00:00:00.000000,2685.99,2732.18,2665.82,2688.38,11159950400.0,0.004216272408800734
2010-05-11T00:00:00.000000,2690.86,2713.06,2646.89,2698.76,9988555200.0,0.0025453302186374473
2010-05-12T00:00:00.000000,2745.6,2750.92,2638.56,2647.57,11618200000.0,0.0029467074008712245
2010-05-13T00:00:00.000000,2628.02,2667.28,2604.52,2655.71,10678190400.0,0.003482492829872607
2010-05-14T00:00:00.000000,2653.58,2710.85,2646.96,2710.51,10320420000.0,0.00223165832288139
2010-05-15T00:00:00.000000,2692.1,2712.71,2677.46,2696.63,8811888000.0,0.0020967795441278873
2010-05-18T00:00:00.000000,2663.88,2663.88,2559.0,2559.93,10215830400.0,0.002880840636038853
2010-05-19T00:00:00.000000,2555.14,2603.32,2529.7,2594.78,10379660000.0,0.0027300140262494685
2010-05-20T00:00:00.000000,2581.63,2623.83,2554.98,2587.81,9046662400.0,0.002610676015056987
2010-05-21T00:00:00.000000,2571.54,2609.49,2551.54,2555.94,8274262400.0,0.0020871677136329106
2010-05-22T00:00:00.000000,2492.57,2584.43,2481.97,2583.52,10303360000.0,0.0044962817067180985
2010-05-25T00:00:00.000000,2596.32,2680.4,2596.32,2673.42,13332200000.0,0.0024993915749753565
2010-05-26T00:00:00.000000,2654.36,2659.68,2609.09,2622.63,10601150400.0,0.0020075954480112406
2010-05-27T00:00:00.000000,2620.85,2644.64,2610.62,2625.79,8157049600.0,0.0019388333287111094
2010-05-28T00:00:00.000000,2615.1,2661.82,2583.84,2655.92,10568540000.0,0.002226099019752508
2010-05-29T00:00:00.000000,2680.4,2686.52,2641.41,2655.77,11250630400.0,0.0018813236618484212
2010-06-01T00:00:00.000000,2647.87,2665.1,2591.65,2592.15,9739052800.0,0.0021163419409374693
2010-06-02T00:00:00.000000,2577.76,2598.64,2534.45,2568.28,9328908000.0,0.002790497802490176
2010-06-03T00:00:00.000000,2548.54,2571.99,2521.06,2571.42,7609249600.0,0.0026431503201435383
2010-06-04T00:00:00.000000,2575.77,2595.68,2551.78,2552.66,8699041600.0,0.0018684126432106012
2010-06-05T00:00:00.000000,2536.23,2556.95,2528.21,2553.59,6702796000.0,0.001786282549980415
2010-06-08T00:00:00.000000,2508.33,2527.1,2491.84,2511.73,7736112000.0,0.0031153778054976346
2010-06-09T00:00:00.000000,2510.08,2531.85,2491.65,2513.95,7181065600.0,0.0015669239614095158
2010-06-10T00:00:00.000000,2523.88,2589.47,2501.19,2583.87,11809990400.0,0.002808692260856202
2010-06-11T00:00:00.000000,2561.55,2580.84,2554.79,2562.58,8831860800.0,0.0020158347344600876
2010-06-12T00:00:00.000000,2574.9,2590.78,2566.62,2569.94,7771828000.0,0.0015623059268386555
2010-06-18T00:00:00.000000,2588.97,2594.75,2559.86,2560.24,6540198000.0,0.0015412447826500498
2010-06-19T00:00:00.000000,2556.6,2568.58,2505.49,2513.22,8152017600.0,0.001705726318142074
2010-06-22T00:00:00.000000,2517.29,2587.31,2504.31,2586.21,9952192800.0,0.002061861590720309
2010-06-23T00:00:00.000000,2579.63,2598.27,2573.11,2588.7,7242836800.0,0.0010571739453585495
2010-06-24T00:00:00.000000,2576.34,2593.63,2546.67,2569.87,7398158400.0,0.0016543092840506255
2010-06-25T00:00:00.000000,2563.64,2586.83,2554.45,2566.74,5823764800.0,0.00155069164032255
2010-06-26T00:00:00.000000,2556.54,2572.79,2534.33,2552.82,5847710000.0,0.0015972482667946102
2010-06-29T00:00:00.000000,2550.65,2561.48,2528.48,2535.28,5143691200.0,0.001484149647483713
2010-06-30T00:00:00.000000,2534.5,2541.12,2425.94,2427.05,9347311200.0,0.002567159321338569
2010-07-01T00:00:00.000000,2409.54,2411.15,2382.47,2398.37,6727191200.0,0.0020637414033520224
2010-07-02T00:00:00.000000,2393.95,2410.37,2371.92,2373.79,6083028800.0,0.0014630791778974257
2010-07-03T00:00:00.000000,2371.32,2386.4,2319.84,2382.9,8461937600.0,0.0024586749749687213
2010-07-06T00:00:00.000000,2358.76,2377.76,2335.87,2363.95,6687919200.0,0.0033724588593479015
2010-07-07T00:00:00.000000,2358.28,2409.57,2356.58,2409.42,8100289600.0,0.001513502957134735
2010-07-08T00:00:00.000000,2407.67,2421.39,2392.59,2421.12,6715227200.0,0.0013293563001803644
2010-07-09T00:00:00.000000,2429.68,2436.19,2402.19,2415.15,6116431200.0,0.001198508872159231
2010-07-10T00:00:00.000000,2416.58,2485.41,2398.7,2470.92,10072160000.0,0.0019231696251276668
2010-07-13T00:00:00.000000,2468.54,2500.72,2455.95,2490.72,9461750400.0,0.0016254890059067292
2010-07-14T00:00:00.000000,2468.69,2468.69,2439.24,2450.29,7764025600.0,0.0022321575004748805
2010-07-15T00:00:00.000000,2456.1,2494.3,2456.1,2470.44,8280537600.0,0.0016443699729029877
2010-07-16T00:00:00.000000,2465.99,2487.24,2424.27,2424.3,11751030400.0,0.001979134399246507
2010-07-17T00:00:00.000000,2414.68,2428.29,2389.22,2424.27,8093414400.0,0.0017260730497660787
2010-07-20T00:00:00.000000,2399.58,2483.93,2392.62,2475.42,10570980000.0,0.002095375166117154
2010-07-21T00:00:00.000000,2477.75,2530.31,2477.53,2528.73,13238240000.0,0.0014631057660005862
2010-07-22T00:00:00.000000,2529.62,2553.18,2520.41,2535.39,12584529600.0,0.0015587950279770148
2010-07-23T00:00:00.000000,2525.98,2563.2,2522.33,2562.41,11669990400.0,0.0013195293293869492
2010-07-24T00:00:00.000000,2566.85,2579.2,2549.24,2572.03,12586510400.0,0.0015072630656415011
2010-07-27T00:00:00.000000,2576.37,2589.48,2556.5,2588.68,10454060000.0,0.0013239169193392547
2010-07-28T00:00:00.000000,2581.59,2587.76,2565.72,2575.37,9903100800.0,0.0014364482364269922
2010-07-29T00:00:00.000000,2574.32,2635.71,2564.26,2633.66,14619299200.0,0.0012945137094791063
2010-07-30T00:00:00.000000,2635.05,2656.36,2623.94,2648.12,15657219200.0,0.0017144313299370705
2010-07-31T00:00:00.000000,2642.85,2642.96,2614.83,2637.5,10706649600.0,0.001441696372294519
2010-08-03T00:00:00.000000,2635.81,2675.76,2633.74,2672.52,13192580000.0,0.0012604090677913631
2010-08-04T00:00:00.000000,2678.79,2681.79,2626.82,2627.0,14559809600.0,0.0017471390216357186
2010-08-05T00:00:00.000000,2620.5,2638.84,2590.12,2638.52,13376220000.0,0.0019045384803588656
2010-08-06T00:00:00.000000,2636.24,2640.5,2606.63,2620.76,12804880000.0,0.0016879214229748325
2010-08-07T00:00:00.000000,2618.71,2659.41,2599.23,2658.39,13477270400.0,0.0014537126338585824
2010-08-10T00:00:00.000000,2656.36,2675.89,2650.43,2672.53,13710049600.0,0.0013185043936686952
2010-08-11T00:00:00.000000,2672.79,2675.31,2594.44,2595.27,14153569600.0,0.0018845171171607581
2010-08-12T00:00:00.000000,2587.62,2618.45,2586.09,2607.5,10028670400.0,0.0016896306034083232
2010-08-13T00:00:00.000000,2584.92,2608.63,2571.54,2575.47,10648100000.0,0.0020334030103943673
2010-08-14T00:00:00.000000,2576.69,2606.89,2564.94,2606.7,9946171200.0,0.001449435573325961
2010-08-17T00:00:00.000000,2603.79,2665.31,2597.39,2661.71,14010000000.0,0.0013867512358391666
2010-08-18T00:00:00.000000,2663.18,2677.51,2654.01,2671.89,13373110400.0,0.0011791593621087067
2010-08-19T00:00:00.000000,2674.5,2687.61,2654.41,2666.3,14904030400.0,0.0013148493379291546
2010-08-20T00:00:00.000000,2669.43,2701.86,2659.44,2687.98,14321139200.0,0.00158114095326845
2010-08-21T00:00:00.000000,2677.02,2683.19,2636.91,2642.31,13384430400.0,0.0016991636528825552
2010-08-24T00:00:00.000000,2637.82,2655.98,2629.95,2639.37,9757193600.0,0.001381334372945093
2010-08-25T00:00:00.000000,2636.53,2666.96,2614.96,2650.31,12389609600.0,0.0015991213606449837
2010-08-26T00:00:00.000000,2634.95,2645.5,2595.74,2596.58,12266110400.0,0.001629906103115435
2010-08-27T00:00:00.000000,2604.88,2616.81,2590.61,2603.48,8934408000.0,0.0015525673150575884
2010-08-28T00:00:00.000000,2602.5,2613.07,2588.64,2610.74,7698697600.0,0.0012176661482344437
2010-08-31T00:00:00.000000,2622.27,2656.13,2620.32,2652.66,12348700000.0,0.001303508809740494
2010-09-01T00:00:00.000000,2644.79,2646.55,2626.83,2638.8,11958680000.0,0.0011470555034965256
2010-09-02T00:00:00.000000,2641.05,2662.88,2604.56,2622.88,14641190400.0,0.0016895835907137326
2010-09-03T00:00:00.000000,2646.89,2659.62,2636.63,2655.78,13479600000.0,0.0015794925192357788
2010-09-04T00:00:00.000000,2658.13,2660.42,2631.97,2655.39,13940899200.0,0.0013145462688886457
2010-09-07T00:00:00.000000,2667.2,2698.6,2664.24,2696.25,16011379200.0,0.0012906063811580425
2010-09-08T00:00:00.000000,2698.22,2704.27,2679.56,2698.36,12236030400.0,0.0013705829949141976
2010-09-09T00:00:00.000000,2687.71,2695.84,2674.43,2695.29,12103980000.0,0.0011662267318643148
2010-09-10T00:00:00.000000,2698.64,2698.64,2651.98,2656.35,14389760000.0,0.001418996921048529
2010-09-11T00:00:00.000000,2657.23,2667.84,2628.98,2663.21,12754729600.0,0.0013574024141383915
2010-09-14T00:00:00.000000,2665.65,2696.21,2660.63,2688.32,13105600000.0,0.0009322441268590322
2010-09-15T00:00:00.000000,2694.07,2703.71,2679.47,2688.52,13119390400.0,0.0011708511079904808
2010-09-16T00:00:00.000000,2688.39,2688.39,2646.14,2652.5,13154540000.0,0.0013128106296471486
2010-09-17T00:00:00.000000,2646.92,2653.09,2583.5,2602.47,13290460000.0,0.0016872487709257789
2010-09-18T00:00:00.000000,2607.55,2615.08,2592.71,2598.69,9145902400.0,0.0012521881876530073
2010-09-21T00:00:00.000000,2601.48,2607.35,2573.65,2588.71,8793134400.0,0.0016849624444204175
2010-09-22T00:00:00.000000,2593.76,2601.01,2580.19,2591.55,6351400000.0,0.001018805672070904
2010-09-28T00:00:00.000000,2600.54,2628.86,2597.4,2627.97,8523518400.0,0.000998192203757032
2010-09-29T00:00:00.000000,2625.33,2625.33,2607.12,2611.35,10564060000.0,0.000884777527004533
2010-09-30T00:00:00.000000,2608.92,2633.95,2604.01,2610.68,9470515200.0,0.0011387323071291914
2010-10-01T00:00:00.000000,2599.71,2655.8,2599.43,2655.66,9996566400.0,0.0009957376168679719
2010-10-09T00:00:00.000000,2681.25,2747.79,2677.99,2738.74,15484280000.0,0.001838454906559999
2010-10-12T00:00:00.000000,2755.03,2823.47,2755.03,2806.94,23410729600.0,0.002219015037570471
2010-10-13T00:00:00.000000,2795.76,2843.02,2782.94,2841.41,18334510400.0,0.001708193706663568
2010-10-14T00:00:00.000000,2842.14,2862.0,2826.49,2861.36,20485630400.0,0.0020317857434267914
2010-10-15T00:00:00.000000,2881.55,2918.96,2865.61,2879.64,25231590400.0,0.0027959712642325056
2010-10-16T00:00:00.000000,2863.74,2971.16,2858.88,2971.16,27034569600.0,0.002058605404975644
2010-10-19T00:00:00.000000,2985.46,3026.04,2944.73,2955.23,31373180800.0,0.00401428413364876
2010-10-20T00:00:00.000000,2949.63,3002.23,2931.91,3001.85,20003129600.0,0.0021568177392529155
2010-10-21T00:00:00.000000,2947.51,3041.15,2943.03,3003.95,24894230400.0,0.0031052401575572186
2010-10-22T00:00:00.000000,3009.22,3017.85,2958.55,2983.53,18419480000.0,0.002313905021228931
2010-10-23T00:00:00.000000,2976.75,2997.49,2954.8,2975.04,16447009600.0,0.0017190149940680742
2010-10-26T00:00:00.000000,2979.71,3051.43,2959.53,3051.42,21501340800.0,0.0016465835127700828
2010-10-27T00:00:00.000000,3065.84,3072.87,3017.94,3041.54,21871870400.0,0.0019495062790580637
2010-10-28T00:00:00.000000,3031.65,3056.14,2989.03,2997.05,20035960000.0,0.0021891080491839073
2010-10-29T00:00:00.000000,2989.29,3006.65,2969.61,2992.58,16382200000.0,0.0019243982391442737
2010-10-30T00:00:00.000000,2993.3,2996.74,2955.95,2978.84,16930000000.0,0.001618026370048491
2010-11-02T00:00:00.000000,2986.89,3054.02,2986.89,3054.02,21213680000.0,0.0015387937656042305
2010-11-03T00:00:00.000000,3061.63,3089.24,3029.87,3045.43,24710120000.0,0.0020670582248542794
2010-11-04T00:00:00.000000,3044.02,3069.07,3017.55,3030.99,21227569600.0,0.002352353534979401
2010-11-05T00:00:00.000000,3035.37,3087.39,3035.37,3086.94,19634289600.0,0.00196918393244292
2010-11-06T00:00:00.000000,3129.87,3142.59,3105.92,3129.5,21195580200.0,0.002004602022192401
2010-11-09T00:00:00.000000,3140.4,3159.94,3124.32,3159.51,22369990400.0,0.001377962918936349
2010-11-10T00:00:00.000000,3159.02,3159.02,3110.81,3135.0,21009760000.0,0.0017499837577471364
2010-11-11T00:00:00.000000,3120.44,3124.26,3094.0,3115.36,20467889600.0,0.0017753299602847326
2010-11-12T00:00:00.000000,3108.51,3186.72,3102.9,3147.74,23503939200.0,0.0019813154698769164
2010-11-13T00:00:00.000000,3121.92,3150.0,2976.45,2985.43,27573260800.0,0.004139209767447488
2010-11-16T00:00:00.000000,2984.87,3016.13,2940.08,3014.41,18366000000.0,0.0029334356493982945
2010-11-17T00:00:00.000000,3007.64,3007.64,2886.18,2894.54,20274870400.0,0.0033713253015690103
2010-11-18T00:00:00.000000,2852.48,2890.99,2824.12,2838.86,15075560000.0,0.003391548696054052
2010-11-19T00:00:00.000000,2855.61,2873.57,2827.49,2865.45,12835990400.0,0.0023243701326433205
2010-11-20T00:00:00.000000,2879.65,2888.57,2806.69,2888.57,15170499200.0,0.0029421204214595976
2010-11-23T00:00:00.000000,2861.61,2904.97,2853.11,2884.37,14900440000.0,0.002094085396678706
2010-11-24T00:00:00.000000,2872.17,2872.17,2791.99,2828.28,13852870400.0,0.0028399467897945803
2010-11-25T00:00:00.000000,2794.86,2861.27,2794.86,2859.94,13885939200.0,0.0018579203512939055
2010-11-26T00:00:00.000000,2875.86,2901.67,2857.13,2898.26,15099340800.0,0.0016983335706235077
2010-11-27T00:00:00.000000,2890.29,2894.29,2852.2,2871.7,12467990400.0,0.00203669769332804
2010-11-30T00:00:00.000000,2861.15,2878.75,2841.8,2866.36,11503420000.0,0.001672982547258714
2010-12-01T00:00:00.000000,2863.41,2881.16,2759.23,2820.18,16458529600.0,0.0032111996216065697
2010-12-02T00:00:00.000000,2810.54,2833.93,2795.81,2823.45,9309569600.0,0.0019963063182731966
2010-12-03T00:00:00.000000,2860.46,2870.57,2841.68,2843.61,11573689600.0,0.0024124609013292378
2010-12-04T00:00:00.000000,2846.72,2853.29,2823.14,2842.43,9648110400.0,0.0016852005372634381
2010-12-07T00:00:00.000000,2850.38,2871.25,2831.87,2857.18,10392849600.0,0.001743044075478172
2010-12-08T00:00:00.000000,2843.77,2884.49,2809.36,2875.86,10118420000.0,0.002344635915941645
2010-12-09T00:00:00.000000,2868.73,2880.56,2844.08,2848.55,9922497600.0,0.0016085834314032107
2010-12-10T00:00:00.000000,2837.61,2854.59,2808.57,2810.95,10474070400.0,0.0015743749709419166
2010-12-11T00:00:00.000000,2798.74,2849.97,2793.27,2841.04,9241022400.0,0.0015149179311672821
2010-12-14T00:00:00.000000,2850.33,2923.37,2847.95,2922.95,14403640000.0,0.001358678316516196
2010-12-15T00:00:00.000000,2928.3,2933.0,2912.7,2927.08,13278950400.0,0.0010976923534329144
2010-12-16T00:00:00.000000,2927.26,2938.83,2905.65,2911.41,12111560000.0,0.0013753287348593195
2010-12-17T00:00:00.000000,2908.87,2921.04,2892.07,2898.14,9508694400.0,0.0012190603141867963
2010-12-18T00:00:00.000000,2896.77,2898.46,2881.0,2893.74,8104484000.0,0.0009132354426658316
2010-12-21T00:00:00.000000,2901.47,2911.22,2804.82,2852.92,13364620000.0,0.0024965870416943695
2010-12-22T00:00:00.000000,2857.59,2907.82,2846.68,2904.11,12644350400.0,0.0015143459832048845
2010-12-23T00:00:00.000000,2910.73,2916.94,2867.2,2877.9,11152780000.0,0.001444417001971946
2010-12-24T00:00:00.000000,2874.2,2893.03,2850.11,2855.22,10106249600.0,0.001766252902671687
2010-12-25T00:00:00.000000,2841.35,2853.25,2813.65,2835.16,9483361600.0,0.0019665182307962
2010-12-28T00:00:00.000000,2842.81,2876.33,2774.78,2781.4,11357329600.0,0.0020848152341492844
2010-12-29T00:00:00.000000,2768.03,2774.75,2730.83,2732.99,9940220800.0,0.0019395735144731438
2010-12-30T00:00:00.000000,2735.48,2752.61,2721.62,2751.53,7307272000.0,0.0015024207800204718
2010-12-31T00:00:00.000000,2751.97,2768.13,2724.74,2759.57,8304521600.0,0.0017152186227410728
2011-01-01T00:00:00.000000,2759.16,2808.74,2758.46,2808.08,9457460800.0,0.0013702278510343828
2011-01-05T00:00:00.000000,2825.33,2855.32,2810.75,2852.65,12260380000.0,0.0014917258600204474
2011-01-06T00:00:00.000000,2833.12,2850.11,2824.36,2838.59,11508000000.0,0.0014725207632912665
2011-01-07T00:00:00.000000,2838.43,2853.7,2817.07,2824.2,9326231200.0,0.001284185447947256
2011-01-08T00:00:00.000000,2820.66,2867.7,2808.14,2838.8,13089249600.0,0.0017994094079275163
2011-01-11T00:00:00.000000,2832.62,2847.15,2786.86,2791.81,10280320000.0,0.0014960177659299396
2011-01-12T00:00:00.000000,2783.48,2810.68,2770.74,2804.05,9100076800.0,0.0016385055207227281
2011-01-13T00:00:00.000000,2811.79,2828.47,2788.34,2821.3,8830688800.0,0.0013960203768171317
2011-01-14T00:00:00.000000,2830.53,2837.43,2811.01,2827.71,8249176000.0,0.0013444643509440612
2011-01-15T00:00:00.000000,2817.05,2817.05,2780.47,2791.34,8454572800.0,0.00184496097807672
2011-01-18T00:00:00.000000,2772.45,2780.94,2698.78,2706.66,10883340000.0,0.0019271782235916345
2011-01-19T00:00:00.000000,2696.15,2715.41,2683.37,2708.98,6995465600.0,0.001578118063365075
2011-01-20T00:00:00.000000,2707.82,2759.6,2701.12,2758.1,8878787200.0,0.0013929899323858622
2011-01-21T00:00:00.000000,2752.8,2752.8,2676.92,2677.65,9693972800.0,0.0019497949403060762
2011-01-22T00:00:00.000000,2668.68,2746.18,2667.29,2715.29,11045200000.0,0.0025426895780966655
2011-01-25T00:00:00.000000,2716.52,2735.94,2690.67,2695.72,9776131200.0,0.002010218932790793
2011-01-26T00:00:00.000000,2691.69,2701.01,2661.45,2677.43,8007332800.0,0.0015925547628848622
2011-01-27T00:00:00.000000,2677.17,2710.55,2676.77,2708.81,6705186000.0,0.001235994069805226
2011-01-28T00:00:00.000000,2690.83,2753.0,2678.07,2749.15,11728420000.0,0.002209818712917074
2011-01-29T00:00:00.000000,2741.31,2759.42,2733.36,2752.75,9133040000.0,0.0010290146051989354
2011-02-01T00:00:00.000000,2751.53,2790.69,2748.54,2790.69,9839847200.0,0.0009765875238231625
2011-02-02T00:00:00.000000,2795.07,2804.87,2785.32,2798.96,7865449600.0,0.0009292693978391888
2011-02-10T00:00:00.000000,2778.7,2804.04,2764.99,2774.07,9566105600.0,0.0016969363029070168
2011-02-11T00:00:00.000000,2769.65,2819.05,2760.48,2818.16,10686000000.0,0.0014821963665086475
2011-02-12T00:00:00.000000,2815.12,2835.41,2808.0,2827.33,11681849600.0,0.0011416873563893347
2011-02-15T00:00:00.000000,2828.57,2906.26,2828.57,2899.13,17123680000.0,0.0012360808538633202
2011-02-16T00:00:00.000000,2900.43,2934.12,2892.64,2899.24,16812230400.0,0.0014651977743676365
2011-02-17T00:00:00.000000,2893.68,2924.19,2883.26,2923.9,13922979200.0,0.0012885347812290238
2011-02-18T00:00:00.000000,2929.26,2939.15,2905.07,2926.96,14103769600.0,0.00146703138840298
2011-02-19T00:00:00.000000,2924.23,2924.23,2890.27,2899.79,12441320000.0,0.0014954648476163495
2011-02-22T00:00:00.000000,2886.54,2932.76,2884.37,2932.25,13000380000.0,0.001194323558507692
2011-02-23T00:00:00.000000,2941.32,2943.71,2851.62,2855.52,17142240000.0,0.0020723789774790783
2011-02-24T00:00:00.000000,2844.99,2868.46,2839.39,2862.63,12044000000.0,0.0012584510964303657
2011-02-25T00:00:00.000000,2861.39,2881.28,2855.1,2878.6,11919670400.0,0.001329534938737912
2011-02-26T00:00:00.000000,2876.78,2890.18,2848.66,2878.57,11037609600.0,0.0014945369137762178
2011-03-01T00:00:00.000000,2880.17,2906.07,2861.91,2905.05,12727489600.0,0.0010888294123024896
2011-03-02T00:00:00.000000,2906.28,2931.53,2901.95,2918.92,14864499200.0,0.0011989062033047676
2011-03-03T00:00:00.000000,2905.51,2924.96,2883.92,2913.81,14417340800.0,0.001760819887465285
2011-03-04T00:00:00.000000,2918.73,2937.28,2900.9,2902.98,16482899200.0,0.0017044081241435296
2011-03-05T00:00:00.000000,2902.19,2944.23,2898.45,2942.31,12927200000.0,0.001254774089706733
2011-03-08T00:00:00.000000,2952.72,3000.24,2952.72,2996.21,17751000000.0,0.0015300778243541185
2011-03-09T00:00:00.000000,2996.73,3001.47,2977.04,2999.94,13726960000.0,0.001188624765239048
2011-03-10T00:00:00.000000,3002.55,3011.95,2989.48,3002.15,13505390400.0,0.001145558314233763
2011-03-11T00:00:00.000000,2995.77,2995.77,2954.54,2957.14,13523900800.0,0.0013587209014942856
2011-03-12T00:00:00.000000,2942.42,2966.7,2928.0,2933.8,12784590400.0,0.0012550226029085238
2011-03-15T00:00:00.000000,2923.98,2939.61,2914.79,2937.63,12558200000.0,0.0011785553823665095
2011-03-16T00:00:00.000000,2927.98,2927.98,2851.02,2896.26,17227260800.0,0.0024319704543246095
2011-03-17T00:00:00.000000,2894.25,2933.96,2894.25,2930.8,14004460800.0,0.0010255625822451883
2011-03-18T00:00:00.000000,2906.95,2935.63,2885.78,2897.3,14742179200.0,0.002457641717147263
2011-03-19T00:00:00.000000,2920.81,2930.58,2904.31,2906.89,10780849600.0,0.0017701854913723066
2011-03-22T00:00:00.000000,2913.91,2926.77,2895.23,2909.14,10509800000.0,0.0012959910823768452
2011-03-23T00:00:00.000000,2917.69,2923.35,2884.87,2919.14,10646920000.0,0.0013073030208902675
2011-03-24T00:00:00.000000,2919.02,2949.65,2911.63,2948.48,12281040000.0,0.0008524256150291987
2011-03-25T00:00:00.000000,2949.85,2958.39,2942.13,2946.71,11630769600.0,0.0008727874836918867
2011-03-26T00:00:00.000000,2948.54,2985.08,2947.15,2977.81,15356009600.0,0.0009071364852484064
2011-03-29T00:00:00.000000,2985.36,3005.52,2979.22,2984.01,16984780800.0,0.001075608572935127
2011-03-30T00:00:00.000000,2979.86,2993.98,2953.7,2958.08,18064009600.0,0.0013937337292262203
2011-03-31T00:00:00.000000,2955.45,2968.18,2936.08,2955.77,13937000000.0,0.0013210397982826947
2011-04-01T00:00:00.000000,2954.65,2961.49,2914.38,2928.11,11676760000.0,0.0012900348800261373
2011-04-02T00:00:00.000000,2932.48,2967.85,2924.84,2967.41,11021980000.0,0.0009503845419405856
2011-04-07T00:00:00.000000,2964.21,3004.98,2963.9,3001.36,15671840000.0,0.0013838898758031278
2011-04-08T00:00:00.000000,3003.2,3011.99,2990.57,3007.91,13388670400.0,0.0009497879025585115
2011-04-09T00:00:00.000000,3005.37,3030.91,2998.39,3030.02,12381700000.0,0.0008527293595093889
2011-04-12T00:00:00.000000,3037.91,3059.24,3019.89,3022.75,15808750400.0,0.001170699005155592
2011-04-13T00:00:00.000000,3012.79,3038.68,3003.68,3021.37,15795630400.0,0.0014206180416932407
2011-04-14T00:00:00.000000,3006.83,3050.4,2994.79,3050.4,13858569600.0,0.0013231322824176152
2011-04-15T00:00:00.000000,3049.67,3058.07,3036.73,3042.64,14080190400.0,0.0011639012192891844
2011-04-16T00:00:00.000000,3036.34,3062.53,3020.16,3050.53,14174190400.0,0.0013791836333136504
2011-04-19T00:00:00.000000,3040.53,3067.25,3037.27,3057.33,15076409600.0,0.0013179612508079546
2011-04-20T00:00:00.000000,3038.81,3038.81,2996.22,2999.04,15348529600.0,0.0017650129874791675
2011-04-21T00:00:00.000000,3005.97,3019.12,2992.67,3007.04,12831720000.0,0.001102178502022397
2011-04-22T00:00:00.000000,3021.77,3035.21,3012.77,3026.67,12833249600.0,0.0010434866777067956
2011-04-23T00:00:00.000000,3025.7,3032.88,3004.86,3010.52,12437510400.0,0.001106294719085764
2011-04-26T00:00:00.000000,3003.03,3003.61,2964.64,2964.95,12828489600.0,0.0012726262481144784
2011-04-27T00:00:00.000000,2956.95,2970.22,2931.55,2938.98,10649750400.0,0.0012391491637191159
2011-04-28T00:00:00.000000,2946.33,2960.94,2907.68,2925.41,11670960000.0,0.0012889400263678896
2011-04-29T00:00:00.000000,2937.95,2952.75,2884.87,2887.04,12127569600.0,0.0014867616062123653
2011-04-30T00:00:00.000000,2886.63,2913.38,2871.35,2911.51,10198940000.0,0.0011924690896950151
2011-05-04T00:00:00.000000,2911.51,2933.37,2890.22,2932.19,10834400000.0,0.0011908671036733418
2011-05-05T00:00:00.000000,2916.84,2916.97,2860.53,2866.02,12437910400.0,0.00164495159392109
2011-05-06T00:00:00.000000,2854.77,2879.91,2849.91,2872.4,9886102400.0,0.0012201588150510844
2011-05-07T00:00:00.000000,2842.76,2881.55,2834.73,2863.89,10257710400.0,0.002132113908719476
2011-05-10T00:00:00.000000,2868.24,2885.18,2861.42,2872.46,8763217600.0,0.000893454398335816
2011-05-11T00:00:00.000000,2876.98,2890.63,2865.26,2890.63,8758324800.0,0.0009962236607847944
2011-05-12T00:00:00.000000,2890.35,2897.1,2868.42,2883.42,9758424000.0,0.0010515232405297061
2011-05-13T00:00:00.000000,2864.98,2876.45,2843.35,2844.08,10642849600.0,0.0014759133521657058
2011-05-14T00:00:00.000000,2846.31,2871.87,2832.52,2871.03,10379769600.0,0.0012005605853359885
2011-05-17T00:00:00.000000,2864.38,2877.09,2846.41,2849.07,9114688000.0,0.0008874893408529476
2011-05-18T00:00:00.000000,2846.45,2868.91,2821.22,2852.77,10287217600.0,0.001629927680373566
2011-05-19T00:00:00.000000,2846.72,2877.0,2843.72,2872.77,8381418400.0,0.0009734328644149866
2011-05-20T00:00:00.000000,2879.39,2884.0,2856.94,2859.57,8340723200.0,0.0009826191785231523
2011-05-21T00:00:00.000000,2858.31,2866.76,2850.56,2858.46,7515143200.0,0.0009372988564417405
2011-05-24T00:00:00.000000,2853.29,2853.29,2771.48,2774.57,10814284000.0,0.0016427951328638018
2011-05-25T00:00:00.000000,2766.06,2771.68,2744.86,2767.06,8255684800.0,0.0011702510980488537
2011-05-26T00:00:00.000000,2764.56,2770.88,2737.39,2741.74,8087291200.0,0.0012898421372393258
2011-05-27T00:00:00.000000,2755.39,2764.56,2734.54,2736.53,8629616800.0,0.0014436733280704056
2011-05-28T00:00:00.000000,2739.39,2746.81,2708.84,2709.95,9360790400.0,0.0014842701808489697
2011-05-31T00:00:00.000000,2704.48,2727.74,2689.32,2706.36,7381140000.0,0.0014000663899734523
2011-06-01T00:00:00.000000,2707.56,2744.53,2702.14,2743.47,7843204800.0,0.001292972158213039
2011-06-02T00:00:00.000000,2737.06,2744.49,2726.49,2743.57,7944436000.0,0.0010262615272135537
2011-06-03T00:00:00.000000,2715.32,2727.89,2676.77,2705.18,9680655200.0,0.0021421185562150256
2011-06-04T00:00:00.000000,2701.77,2732.31,2701.46,2728.02,7471070400.0,0.0009300807726425358
2011-06-08T00:00:00.000000,2720.97,2745.71,2717.31,2744.3,7178431200.0,0.0009440077548335971
2011-06-09T00:00:00.000000,2742.04,2753.97,2715.3,2750.29,8242593600.0,0.0012613462743885657
2011-06-10T00:00:00.000000,2743.54,2747.1,2703.08,2703.34,8870540800.0,0.001141349673655313
2011-06-11T00:00:00.000000,2696.13,2707.28,2672.67,2705.14,7963887200.0,0.0013020125384862616
2011-06-14T00:00:00.000000,2687.65,2703.1,2669.55,2700.38,6976057600.0,0.0019318977351038796
2011-06-15T00:00:00.000000,2696.22,2735.54,2692.13,2730.04,8985381600.0,0.0011537865961187704
2011-06-16T00:00:00.000000,2717.68,2730.27,2705.07,2705.43,7934796800.0,0.0009366979271827653
2011-06-17T00:00:00.000000,2685.63,2691.94,2663.46,2664.28,7645560000.0,0.0017942409414995492
2011-06-18T00:00:00.000000,2661.41,2674.91,2641.42,2642.82,7024452800.0,0.0010758384157649728
2011-06-21T00:00:00.000000,2635.83,2637.62,2611.06,2621.25,6762961600.0,0.0013900614884225805
2011-06-22T00:00:00.000000,2628.02,2647.79,2618.86,2646.48,7156420000.0,0.0011064988845187773
2011-06-23T00:00:00.000000,2648.53,2657.73,2633.59,2649.32,6374544800.0,0.0009024367782431985
2011-06-24T00:00:00.000000,2640.66,2693.12,2630.42,2688.25,8109296000.0,0.0012447161475378557
2011-06-25T00:00:00.000000,2678.05,2759.47,2674.56,2746.21,13944550400.0,0.0014866219077350345
2011-06-28T00:00:00.000000,2746.79,2768.87,2743.62,2758.23,11015084000.0,0.00120911530300101
2011-06-29T00:00:00.000000,2759.71,2763.28,2736.4,2759.2,9497480000.0,0.0010367822281154688
2011-06-30T00:00:00.000000,2757.4,2758.9,2727.55,2728.48,9457112000.0,0.0011899370764447568
2011-07-01T00:00:00.000000,2729.99,2774.2,2729.99,2762.08,10232264000.0,0.001287200672619139
2011-07-02T00:00:00.000000,2767.83,2778.5,2752.97,2759.36,10189315200.0,0.0009669513153526513
2011-07-05T00:00:00.000000,2770.94,2813.09,2770.94,2812.82,13841923200.0,0.0013658775398535932
2011-07-06T00:00:00.000000,2812.72,2818.09,2799.24,2816.36,11723638400.0,0.000891719217461688
2011-07-07T00:00:00.000000,2811.82,2811.82,2780.89,2810.48,11000704000.0,0.0012534355028494622
2011-07-08T00:00:00.000000,2813.19,2825.06,2794.0,2794.27,12673751200.0,0.001384151030362097
2011-07-09T00:00:00.000000,2797.03,2807.12,2784.66,2797.77,9223711200.0,0.0010497923588062383
2011-07-12T00:00:00.000000,2789.45,2807.2,2781.0,2802.69,9183607200.0,0.0009428742004391198
2011-07-13T00:00:00.000000,2783.72,2783.72,2752.57,2754.58,10367441600.0,0.0016399837190663254
2011-07-14T00:00:00.000000,2756.03,2797.15,2756.03,2795.48,9965908000.0,0.0009431646710688022
2011-07-15T00:00:00.000000,2798.21,2811.7,2789.1,2810.44,10968728800.0,0.0009078494344986851
2011-07-16T00:00:00.000000,2803.58,2821.03,2794.16,2820.17,11486190400.0,0.0010659283261866416
2011-07-19T00:00:00.000000,2821.36,2826.67,2807.44,2816.69,11346555200.0,0.0007405695490221315
2011-07-20T00:00:00.000000,2804.92,2808.85,2790.89,2796.98,9719738400.0,0.0012075858541724495
2011-07-21T00:00:00.000000,2810.44,2816.71,2779.69,2794.2,8855127200.0,0.0011935877794701996
2011-07-22T00:00:00.000000,2795.9,2799.32,2763.66,2765.89,8874647200.0,0.0008563143852142888
2011-07-23T00:00:00.000000,2769.86,2781.83,2763.8,2770.79,7446144800.0,0.0008499708441286395
2011-07-26T00:00:00.000000,2759.63,2759.63,2681.15,2688.75,11939910400.0,0.001650609601241885
2011-07-27T00:00:00.000000,2685.75,2704.9,2677.36,2703.03,7785543200.0,0.0011345395789250914
2011-07-28T00:00:00.000000,2690.14,2726.44,2680.43,2723.49,8040778400.0,0.001454138762944469
2011-07-29T00:00:00.000000,2701.77,2712.01,2684.91,2708.78,7847491200.0,0.0015961785684089776
2011-07-30T00:00:00.000000,2706.5,2721.19,2681.27,2701.73,7547165600.0,0.001868189207365905
2011-08-02T00:00:00.000000,2697.57,2712.79,2688.56,2703.78,5900071200.0,0.0010828440646564082
2011-08-03T00:00:00.000000,2689.97,2689.97,2651.52,2679.26,6999318400.0,0.0016055386433447855
2011-08-04T00:00:00.000000,2659.12,2687.9,2654.64,2678.49,6398160800.0,0.0014960084347963244
2011-08-05T00:00:00.000000,2683.19,2698.75,2675.58,2684.04,5887211200.0,0.0009080675863555407
2011-08-06T00:00:00.000000,2620.28,2644.11,2605.85,2626.42,7857183200.0,0.003908740910060082
2011-08-09T00:00:00.000000,2599.29,2614.08,2498.05,2526.82,11030249600.0,0.002936011469260112
2011-08-10T00:00:00.000000,2468.03,2536.88,2438.61,2526.07,10372388800.0,0.00497063752203808
2011-08-11T00:00:00.000000,2562.39,2578.81,2545.1,2549.18,10036934400.0,0.0022895841733133367
2011-08-12T00:00:00.000000,2508.86,2582.16,2506.16,2581.51,9559726400.0,0.0026937214621175977
2011-08-13T00:00:00.000000,2593.4,2605.35,2585.95,2593.17,9717120800.0,0.0011088458625674097
2011-08-16T00:00:00.000000,2598.14,2627.1,2584.59,2626.77,8867684000.0,0.0010627217108261757
2011-08-17T00:00:00.000000,2627.85,2636.22,2601.53,2608.17,8522686400.0,0.001072608747726247
2011-08-18T00:00:00.000000,2603.96,2617.06,2596.15,2601.26,7010914400.0,0.001133722920298604
2011-08-19T00:00:00.000000,2601.99,2603.38,2557.34,2559.47,7098928000.0,0.0011798150591555438
2011-08-20T00:00:00.000000,2519.65,2538.19,2513.83,2534.36,7060680000.0,0.0022897895293833882
2011-08-23T00:00:00.000000,2534.57,2553.42,2507.78,2515.86,6121442800.0,0.0012986530344913194
2011-08-24T00:00:00.000000,2524.88,2554.02,2514.98,2554.02,6094419200.0,0.00127162987754248
2011-08-25T00:00:00.000000,2562.41,2569.26,2536.34,2541.09,6546246800.0,0.0010142685122071819
2011-08-26T00:00:00.000000,2546.4,2616.09,2545.52,2615.26,10453797600.0,0.001527907377476743
2011-08-27T00:00:00.000000,2602.21,2616.51,2593.29,2612.19,7785044800.0,0.0012062290395217265
2011-08-30T00:00:00.000000,2595.47,2595.47,2570.84,2576.41,7369609600.0,0.0016591159554417282
2011-08-31T00:00:00.000000,2592.6,2614.78,2563.69,2566.59,7591068800.0,0.0014593994001408008
2011-09-01T00:00:00.000000,2566.53,2574.42,2545.84,2567.34,5916972000.0,0.001552277586421501
2011-09-02T00:00:00.000000,2569.8,2584.69,2547.85,2556.04,5729092800.0,0.0012489774758643094
2011-09-03T00:00:00.000000,2551.56,2557.3,2517.62,2528.28,5443658000.0,0.0012183563562773868
2011-09-06T00:00:00.000000,2510.1,2510.1,2478.2,2478.74,5503106400.0,0.0018025338398336005
2011-09-07T00:00:00.000000,2465.57,2482.22,2459.81,2470.52,4922317200.0,0.0012739851016815718
2011-09-08T00:00:00.000000,2480.94,2516.74,2475.31,2516.09,5966586000.0,0.0014038084163832687
2011-09-09T00:00:00.000000,2523.96,2523.96,2498.18,2498.94,5527195200.0,0.0010206107995161912
2011-09-10T00:00:00.000000,2506.97,2528.34,2487.14,2497.75,5125338000.0,0.0016363976975771535
2011-09-14T00:00:00.000000,2467.73,2477.08,2453.93,2471.3,4993092000.0,0.0024272826180181755
2011-09-15T00:00:00.000000,2478.59,2485.74,2439.59,2484.83,5406597600.0,0.00169907884275845
2011-09-16T00:00:00.000000,2482.86,2496.49,2477.92,2479.05,5600368800.0,0.0010352782421918826
2011-09-17T00:00:00.000000,2490.18,2499.37,2476.84,2482.34,4798685600.0,0.0013295193929382726
2011-09-20T00:00:00.000000,2469.6,2469.6,2437.64,2437.8,4874682400.0,0.0015616685850795059
2011-09-21T00:00:00.000000,2433.72,2459.97,2426.92,2447.76,4626589200.0,0.001281467993345832
2011-09-22T00:00:00.000000,2450.12,2517.56,2438.87,2512.96,8668928000.0,0.0021135332148522366
2011-09-23T00:00:00.000000,2491.21,2499.98,2442.54,2443.06,7469540800.0,0.0017346137403806347
2011-09-24T00:00:00.000000,2411.83,2440.6,2400.55,2433.16,6730269600.0,0.0031116543910499985
2011-09-27T00:00:00.000000,2416.23,2441.7,2384.98,2393.18,5742504000.0,0.0017053221714202979
2011-09-28T00:00:00.000000,2410.99,2423.84,2395.29,2415.05,5523143200.0,0.0016139792883162693
2011-09-29T00:00:00.000000,2427.29,2430.17,2383.53,2392.06,5575844800.0,0.001430109342246138
2011-09-30T00:00:00.000000,2378.42,2387.54,2358.84,2365.34,5919124000.0,0.0018693700588283436
2011-10-01T00:00:00.000000,2368.4,2377.54,2348.36,2359.22,4881837200.0,0.0014014018937949478
2011-10-11T00:00:00.000000,2363.08,2367.49,2338.71,2344.79,4174530400.0,0.001069976837575784
2011-10-12T00:00:00.000000,2401.74,2412.09,2323.45,2348.52,6397580800.0,0.003815731431765579
2011-10-13T00:00:00.000000,2335.49,2421.43,2318.64,2420.0,9150856800.0,0.0025832473790136
2011-10-14T00:00:00.000000,2412.83,2439.64,2406.52,2438.79,8786010400.0,0.0013261000741498384
2011-10-15T00:00:00.000000,2429.88,2437.27,2409.68,2431.38,6067316000.0,0.0013038468572149514
2011-10-18T00:00:00.000000,2434.49,2452.74,2424.8,2440.4,5826768000.0,0.0012860512361305087
2011-10-19T00:00:00.000000,2423.28,2425.65,2378.8,2383.49,7952574400.0,0.0016426167043338913
2011-10-20T00:00:00.000000,2387.83,2401.34,2374.45,2377.51,5853463600.0,0.001447117406979543
2011-10-21T00:00:00.000000,2365.91,2368.56,2315.97,2331.37,6542521600.0,0.0017726621891496427
2011-10-22T00:00:00.000000,2330.51,2340.28,2313.98,2317.28,4843672400.0,0.001413234076516136
2011-10-25T00:00:00.000000,2322.02,2370.88,2307.16,2370.33,7087407200.0,0.0018653974425780738
2011-10-26T00:00:00.000000,2366.4,2414.0,2357.63,2409.67,9088888000.0,0.0017754033584484385
2011-10-27T00:00:00.000000,2398.19,2448.39,2396.38,2427.48,10744716800.0,0.001413697759739178
2011-10-28T00:00:00.000000,2432.47,2449.67,2426.43,2435.61,8240896000.0,0.0012304502660278262
2011-10-29T00:00:00.000000,2462.08,2483.6,2456.33,2473.41,11003272000.0,0.002147376175116854
2011-11-01T00:00:00.000000,2470.25,2478.31,2455.26,2468.25,8417256000.0,0.0010784865769911552
2011-11-02T00:00:00.000000,2450.33,2491.25,2445.57,2470.02,8889241600.0,0.0018348807139457893
2011-11-03T00:00:00.000000,2437.87,2504.68,2433.85,2504.11,10546820000.0,0.0022294710980638546
2011-11-04T00:00:00.000000,2510.84,2535.24,2507.99,2508.09,13657632000.0,0.0014577405038989236
2011-11-05T00:00:00.000000,2525.24,2536.03,2513.08,2528.29,10187367200.0,0.0015897837245728678
2011-11-08T00:00:00.000000,2518.9,2535.7,2507.77,2509.8,7886717600.0,0.0012036756247106753
2011-11-09T00:00:00.000000,2514.26,2524.37,2500.4,2503.84,7867265600.0,0.0012639894990903863
2011-11-10T00:00:00.000000,2512.59,2527.12,2489.16,2524.92,7820857600.0,0.0015502985069131225
2011-11-11T00:00:00.000000,2498.59,2507.45,2478.14,2479.54,8711108800.0,0.0019692994762377783
2011-11-12T00:00:00.000000,2483.96,2496.5,2472.93,2481.08,6613766800.0,0.0010848041957622532
2011-11-15T00:00:00.000000,2498.67,2529.63,2496.34,2528.71,8122980800.0,0.0012652359979850273
2011-11-16T00:00:00.000000,2525.95,2533.76,2518.74,2529.76,7922775200.0,0.0009181004621143418
2011-11-17T00:00:00.000000,2529.07,2529.46,2457.17,2466.96,9338211200.0,0.0013806555887555438
2011-11-18T00:00:00.000000,2467.7,2482.51,2459.19,2463.05,6641428400.0,0.001011128379929571
2011-11-19T00:00:00.000000,2448.39,2448.51,2411.1,2416.56,7218080800.0,0.0015614506704290012
2011-11-22T00:00:00.000000,2416.73,2419.16,2396.09,2415.13,5017036800.0,0.0010210216248834586
2011-11-23T00:00:00.000000,2400.98,2414.79,2388.17,2412.63,5144323200.0,0.0013513029645879971
2011-11-24T00:00:00.000000,2415.2,2418.56,2390.68,2395.07,5054784800.0,0.0011236165118601214
2011-11-25T00:00:00.000000,2379.15,2409.58,2370.96,2397.55,5215415200.0,0.0016048087558187638
2011-11-26T00:00:00.000000,2393.33,2403.94,2372.66,2380.22,4536255200.0,0.0009351659544343079
2011-11-29T00:00:00.000000,2383.89,2396.83,2372.22,2383.03,4606466400.0,0.001166905786653034
2011-11-30T00:00:00.000000,2398.99,2413.26,2388.25,2412.39,5512319200.0,0.001085804585217852
2011-12-01T00:00:00.000000,2406.33,2407.24,2319.59,2333.41,7661110400.0,0.0017648818424313318
2011-12-02T00:00:00.000000,2392.48,2423.37,2377.02,2386.86,9865004800.0,0.003939509290215334
2011-12-03T00:00:00.000000,2374.9,2378.3,2344.93,2360.66,5986884400.0,0.0014817175771605396
2011-12-06T00:00:00.000000,2363.11,2363.11,2327.72,2333.23,5221496800.0,0.0016644155403830918
2011-12-07T00:00:00.000000,2326.66,2331.89,2310.16,2325.91,4591707600.0,0.0013159584909976792
2011-12-08T00:00:00.000000,2325.56,2339.76,2317.86,2332.73,4157030400.0,0.0011349370543095067
2011-12-09T00:00:00.000000,2329.91,2346.49,2302.83,2329.82,5147352000.0,0.0016052422784972162
2011-12-10T00:00:00.000000,2315.51,2331.08,2309.46,2315.27,3998856000.0,0.00147022333267322
2011-12-13T00:00:00.000000,2312.15,2315.78,2290.82,2291.55,3960297600.0,0.0009978516179068382
2011-12-14T00:00:00.000000,2283.22,2285.81,2245.87,2248.59,5862748000.0,0.0012135723364821006
2011-12-15T00:00:00.000000,2241.39,2256.66,2224.82,2228.53,4407010400.0,0.0012362043412214392
2011-12-16T00:00:00.000000,2215.79,2216.91,2180.08,2180.89,5671218400.0,0.002067186501833249
2011-12-17T00:00:00.000000,2179.51,2224.88,2170.8,2224.84,5726590400.0,0.0018103769197364342
2011-12-20T00:00:00.000000,2208.07,2221.41,2165.19,2218.24,5781560800.0,0.002702973003141816
2011-12-21T00:00:00.000000,2209.7,2239.72,2206.52,2215.93,5274272000.0,0.001489070225645954
2011-12-22T00:00:00.000000,2230.18,2237.03,2188.83,2191.15,5086994400.0,0.0016564019492436286
2011-12-23T00:00:00.000000,2178.57,2201.49,2149.66,2186.3,5896616800.0,0.002408525170641456
2011-12-24T00:00:00.000000,2183.91,2219.74,2178.14,2204.78,5238732400.0,0.0014740985887968937
2011-12-27T00:00:00.000000,2193.66,2213.37,2186.07,2190.11,4359220000.0,0.0014308488223755893
2011-12-28T00:00:00.000000,2186.71,2196.87,2162.72,2166.2,4571218000.0,0.0014188022698522166
2011-12-29T00:00:00.000000,2157.65,2170.61,2134.03,2170.01,4960653200.0,0.0015376848841679464
2011-12-30T00:00:00.000000,2161.18,2181.95,2157.2,2173.56,4472462400.0,0.0011647983050226576
2011-12-31T00:00:00.000000,2177.52,2200.99,2177.52,2199.42,5189925200.0,0.0011144130570385044
2012-01-05T00:00:00.000000,2212.0,2217.27,2168.83,2169.39,4924175200.0,0.001309638314533376
2012-01-06T00:00:00.000000,2160.9,2183.39,2145.77,2148.45,5874344800.0,0.0015776827205885705
2012-01-07T00:00:00.000000,2148.15,2164.32,2133.75,2163.39,5056884800.0,0.0014665774600183536
2012-01-10T00:00:00.000000,2164.74,2225.98,2148.63,2225.89,7669309600.0,0.0019588580017389397
2012-01-11T00:00:00.000000,2221.83,2288.57,2218.73,2285.74,10951244800.0,0.001438082282673895
2012-01-12T00:00:00.000000,2282.91,2290.32,2265.59,2276.05,8444178400.0,0.0015151643159836917
2012-01-13T00:00:00.000000,2268.739,2295.22,2265.26,2275.01,8309553800.0,0.0016193927760394901
2012-01-14T00:00:00.000000,2277.08,2281.47,2225.82,2244.58,7144985600.0,0.0016332736550469745
2012-01-17T00:00:00.000000,2230.43,2241.07,2206.05,2206.19,4585937600.0,0.001825350825170401
2012-01-18T00:00:00.000000,2206.53,2298.38,2196.26,2298.38,8776818400.0,0.0021708832432419402
2012-01-19T00:00:00.000000,2298.83,2311.56,2258.02,2266.38,8990498400.0,0.0019961761583619834
2012-01-20T00:00:00.000000,2266.08,2305.33,2259.71,2296.07,7249886400.0,0.0020001950356393866
2012-01-21T00:00:00.000000,2300.5,2322.76,2294.29,2319.12,6991416000.0,0.0011943023389535295
2012-01-31T00:00:00.000000,2324.49,2324.49,2285.04,2285.04,5840432000.0,0.0015877611947164388
2012-02-01T00:00:00.000000,2285.95,2296.3,2277.18,2292.61,4870404000.0,0.0012428071158084488
2012-02-02T00:00:00.000000,2288.07,2305.51,2263.42,2268.08,5355096800.0,0.0014912245918061466
2012-02-03T00:00:00.000000,2273.85,2312.56,2268.76,2312.56,6343555600.0,0.0014658039623056682
2012-02-04T00:00:00.000000,2306.66,2336.27,2301.11,2330.41,7889776000.0,0.0012161815101522488
2012-02-07T00:00:00.000000,2334.25,2341.32,2317.42,2331.14,7573445600.0,0.0011914012626861048
2012-02-08T00:00:00.000000,2319.42,2319.47,2278.82,2291.9,6730377600.0,0.001566996297377158
2012-02-09T00:00:00.000000,2291.81,2350.69,2286.84,2347.53,8704713600.0,0.0016504391297544245
2012-02-10T00:00:00.000000,2344.22,2363.32,2333.93,2349.59,9802877600.0,0.0014446927671113597
2012-02-11T00:00:00.000000,2342.01,2368.89,2340.1,2351.98,9649276000.0,0.0013577520135571609
2012-02-14T00:00:00.000000,2332.05,2365.23,2325.2,2351.86,8625734400.0,0.0019070626592363386
2012-02-15T00:00:00.000000,2348.88,2352.36,2332.25,2344.77,7311208000.0,0.0014154323393599443
2012-02-16T00:00:00.000000,2340.45,2374.28,2335.18,2366.7,9884447200.0,0.0012159196670943513
2012-02-17T00:00:00.000000,2363.9,2373.52,2342.26,2356.86,9504020000.0,0.0011663138336933385
2012-02-18T00:00:00.000000,2366.63,2372.37,2344.8,2357.18,7190467200.0,0.0012940347570883325
2012-02-21T00:00:00.000000,2383.69,2387.77,2362.04,2363.6,8888833600.0,0.001441941318497727
2012-02-22T00:00:00.000000,2365.49,2382.0,2345.07,2381.43,7932456000.0,0.001161215990035411
2012-02-23T00:00:00.000000,2380.5,2404.33,2374.06,2403.59,11864423200.0,0.0012067156682611898
2012-02-24T00:00:00.000000,2401.74,2416.52,2396.76,2409.55,11249171200.0,0.0009355452034254095
2012-02-25T00:00:00.000000,2410.88,2439.63,2405.35,2439.63,13477155200.0,0.0012170844034437491
2012-02-28T00:00:00.000000,2447.41,2478.38,2444.8,2447.06,15792355200.0,0.0014827045790989678
2012-02-29T00:00:00.000000,2440.91,2458.02,2431.84,2451.86,11832427200.0,0.0012097970284965164
2012-03-01T00:00:00.000000,2446.23,2453.03,2426.62,2428.49,9550576800.0,0.0013505372189464482
2012-03-02T00:00:00.000000,2418.79,2437.79,2418.54,2426.11,7505376000.0,0.0009476828839923917
2012-03-03T00:00:00.000000,2430.1,2461.12,2430.1,2460.69,10318202400.0,0.0010277791906056358
2012-03-06T00:00:00.000000,2464.85,2469.79,2442.47,2445.0,11268876800.0,0.0008738406435415268
2012-03-07T00:00:00.000000,2439.78,2441.44,2406.45,2410.45,10370900800.0,0.0011619061019023846
2012-03-08T00:00:00.000000,2391.2,2413.6,2389.12,2394.79,9479064000.0,0.001240187823621617
2012-03-09T00:00:00.000000,2401.1,2426.59,2401.1,2420.28,9671188000.0,0.0011399789903223244
2012-03-10T00:00:00.000000,2425.89,2440.37,2415.05,2439.46,10062405600.0,0.0009347154811844233
2012-03-13T00:00:00.000000,2438.55,2440.8,2421.06,2434.86,10622305600.0,0.0008659363539136321
2012-03-14T00:00:00.000000,2432.84,2457.12,2428.78,2455.8,10462160000.0,0.0009374176434371697
2012-03-15T00:00:00.000000,2464.91,2476.22,2383.08,2391.23,17975033600.0,0.002254871867406914
2012-03-16T00:00:00.000000,2388.06,2403.43,2366.15,2373.77,11997182400.0,0.0016168276437708274
2012-03-17T00:00:00.000000,2377.76,2405.69,2368.66,2404.74,10367545600.0,0.0014902371593284386
2012-03-20T00:00:00.000000,2401.22,2412.34,2383.77,2410.18,10209448000.0,0.001310537779630235
2012-03-21T00:00:00.000000,2407.54,2407.54,2376.11,2376.84,9787157600.0,0.001512447150385302
2012-03-22T00:00:00.000000,2384.71,2396.61,2361.22,2378.2,9568432800.0,0.0015051638148216833
2012-03-23T00:00:00.000000,2376.99,2385.95,2364.32,2375.77,7931664800.0,0.001176025800078885
2012-03-24T00:00:00.000000,2369.08,2371.1,2342.23,2349.54,7685889600.0,0.0012764005346188908
2012-03-27T00:00:00.000000,2349.09,2357.96,2339.14,2350.6,5542773200.0,0.0010134712817324225
2012-03-28T00:00:00.000000,2358.55,2363.48,2344.36,2347.18,6085375600.0,0.0009080736812662654
2012-03-29T00:00:00.000000,2341.0,2341.0,2281.61,2284.88,8361775200.0,0.0012354365254660764
2012-03-30T00:00:00.000000,2276.74,2280.86,2242.5,2252.16,7422000800.0,0.0017487933669170005
2012-03-31T00:00:00.000000,2256.04,2266.21,2246.65,2262.79,6202020800.0,0.0013741312271945462
2012-04-06T00:00:00.000000,2258.03,2303.51,2251.86,2302.24,8010128000.0,0.001435668779076229
2012-04-07T00:00:00.000000,2299.05,2309.51,2291.6,2306.55,7210784000.0,0.0009453020485117407
2012-04-10T00:00:00.000000,2300.05,2304.65,2284.44,2285.78,5970698000.0,0.001400780323834992
2012-04-11T00:00:00.000000,2281.02,2306.36,2259.27,2305.86,6732984800.0,0.0014184839747195708
2012-04-12T00:00:00.000000,2286.72,2319.01,2280.04,2308.93,7512548000.0,0.0019746351425227356
2012-04-13T00:00:00.000000,2310.48,2350.86,2307.89,2350.86,9766919200.0,0.0011732348775515525
2012-04-14T00:00:00.000000,2351.51,2369.7,2346.98,2359.16,9874048800.0,0.0010303670085479541
2012-04-17T00:00:00.000000,2346.31,2364.11,2342.44,2357.03,8525982400.0,0.0012695910805952835
2012-04-18T00:00:00.000000,2355.37,2363.01,2333.34,2334.99,8465349600.0,0.0010857036355310962
2012-04-19T00:00:00.000000,2341.13,2383.25,2337.91,2380.85,10861254400.0,0.0013686313725449883
2012-04-20T00:00:00.000000,2378.63,2386.64,2369.64,2378.63,9425789600.0,0.000940324421893098
2012-04-21T00:00:00.000000,2374.66,2407.29,2372.27,2406.86,11547160000.0,0.0010823814288370968
2012-04-24T00:00:00.000000,2403.52,2411.45,2383.07,2388.59,12287874400.0,0.0010158931580876904
2012-04-25T00:00:00.000000,2380.24,2415.63,2350.4,2388.83,13365856000.0,0.002288227367093542
2012-04-26T00:00:00.000000,2382.21,2411.35,2376.78,2406.81,13096525600.0,0.0012396557058367975
2012-04-27T00:00:00.000000,2408.56,2414.67,2393.4,2404.7,11547510400.0,0.0010730887615622812
2012-04-28T00:00:00.000000,2402.43,2408.0,2394.22,2396.32,9116939200.0,0.0008879969895302754
2012-05-03T00:00:00.000000,2421.08,2446.31,2407.79,2438.44,12800600800.0,0.0017343345018132235
2012-05-04T00:00:00.000000,2433.59,2441.95,2427.83,2440.08,10217636000.0,0.0008300151540563798
2012-05-05T00:00:00.000000,2437.46,2453.54,2428.06,2452.01,10220192000.0,0.001132695214481232
2012-05-08T00:00:00.000000,2441.76,2451.95,2433.34,2451.95,10881393600.0,0.0010867370618465543
2012-05-09T00:00:00.000000,2451.58,2451.58,2431.23,2448.88,10485553600.0,0.0009294612358125573
2012-05-10T00:00:00.000000,2432.47,2432.47,2407.81,2408.59,9783836000.0,0.0016975007748917894
2012-05-11T00:00:00.000000,2409.95,2419.02,2402.47,2410.23,8168577600.0,0.0008854356600458257
2012-05-12T00:00:00.000000,2406.07,2415.7,2393.48,2394.98,7480554400.0,0.0008998844905733729
2012-05-15T00:00:00.000000,2408.26,2408.45,2377.98,2380.72,9050285600.0,0.0012366610199137428
2012-05-16T00:00:00.000000,2367.08,2375.97,2354.93,2374.84,7792291200.0,0.0012137211087716467
2012-05-17T00:00:00.000000,2369.29,2371.91,2344.71,2346.19,7668556800.0,0.0011342289967404288
2012-05-18T00:00:00.000000,2347.18,2383.31,2342.5,2378.89,8682427200.0,0.0010034045137158024
2012-05-19T00:00:00.000000,2364.9,2369.6,2338.28,2344.52,8966432800.0,0.0014974223519057387
2012-05-22T00:00:00.000000,2343.58,2360.35,2330.33,2348.3,7484034400.0,0.0011921375762448624
2012-05-23T00:00:00.000000,2355.73,2373.77,2354.9,2373.31,7671308000.0,0.0007863396181677752
2012-05-24T00:00:00.000000,2369.27,2378.07,2350.73,2363.44,8419742400.0,0.001031339742717011
2012-05-25T00:00:00.000000,2359.68,2372.97,2344.72,2350.97,7920302400.0,0.0010500561111078195
2012-05-26T00:00:00.000000,2350.54,2355.74,2327.47,2333.55,7396952000.0,0.0009910129530856478
2012-05-29T00:00:00.000000,2325.32,2361.45,2309.94,2361.37,9491404800.0,0.0013282127748193947
2012-05-30T00:00:00.000000,2361.0,2393.15,2358.52,2389.64,11713584000.0,0.0008684860704499949
2012-05-31T00:00:00.000000,2385.39,2391.69,2378.32,2384.67,8978620800.0,0.0007858835045380519
2012-06-01T00:00:00.000000,2370.01,2382.65,2362.31,2372.23,7786771200.0,0.001230611256169602
2012-06-02T00:00:00.000000,2373.22,2388.0,2365.44,2373.44,7702192000.0,0.0009639614425373919
2012-06-05T00:00:00.000000,2346.98,2348.02,2308.26,2308.55,9017928000.0,0.0022028972115507315
2012-06-06T00:00:00.000000,2313.74,2323.14,2304.11,2311.92,6605920800.0,0.0012859999351149962
2012-06-07T00:00:00.000000,2315.56,2323.08,2301.1,2309.55,5847060400.0,0.0010334667895625562
2012-06-08T00:00:00.000000,2324.67,2328.49,2288.71,2293.13,6023204800.0,0.0012081323691790207
2012-06-09T00:00:00.000000,2306.22,2306.24,2276.84,2281.45,6786000800.0,0.0011355502713041245
2012-06-12T00:00:00.000000,2282.89,2311.29,2278.23,2305.86,6416290400.0,0.0010522167892562007
2012-06-13T00:00:00.000000,2295.07,2298.89,2280.95,2289.79,5994198400.0,0.0011729691621552042
2012-06-14T00:00:00.000000,2289.71,2319.71,2284.7,2318.92,7843161600.0,0.0010354893316505479
2012-06-15T00:00:00.000000,2306.78,2314.22,2293.26,2295.95,7157728800.0,0.0011407920561826643
2012-06-16T00:00:00.000000,2299.78,2313.99,2283.75,2306.85,6866080000.0,0.0012239263494347257
2012-06-19T00:00:00.000000,2313.53,2324.96,2309.72,2316.05,6056708400.0,0.0007692554252780451
2012-06-20T00:00:00.000000,2313.45,2313.45,2298.39,2300.8,6013530800.0,0.000844860741541149
2012-06-21T00:00:00.000000,2300.41,2304.44,2291.71,2292.88,5409026400.0,0.0006799072828678927
2012-06-22T00:00:00.000000,2288.45,2288.45,2253.82,2260.88,5896373200.0,0.001054190659685241
2012-06-26T00:00:00.000000,2253.51,2253.51,2223.37,2224.11,5975795200.0,0.0009636376313079562
2012-06-27T00:00:00.000000,2214.65,2229.22,2204.07,2222.07,5294069600.0,0.0010999441080677306
2012-06-28T00:00:00.000000,2219.94,2233.44,2213.36,2216.93,5104912800.0,0.001034601135234254
2012-06-29T00:00:00.000000,2220.24,2224.15,2195.68,2195.84,5418218400.0,0.0011629893244779663
2012-06-30T00:00:00.000000,2190.58,2226.21,2188.82,2225.43,6144180000.0,0.0012335537767028883
2012-07-03T00:00:00.000000,2234.32,2234.37,2215.38,2226.11,6219050400.0,0.0008758902924102172
2012-07-04T00:00:00.000000,2225.57,2244.83,2219.29,2229.19,6269329200.0,0.0010036438788174377
2012-07-05T00:00:00.000000,2233.33,2239.24,2219.76,2227.32,5523113600.0,0.0010268336912671943
2012-07-06T00:00:00.000000,2218.22,2218.22,2192.7,2201.35,5796036000.0,0.0013257770031913027
2012-07-07T00:00:00.000000,2203.73,2227.45,2185.52,2223.58,7652006400.0,0.0013654488318642518
2012-07-10T00:00:00.000000,2210.71,2216.7,2168.79,2170.81,7507496000.0,0.001539611510299216
2012-07-11T00:00:00.000000,2166.95,2177.83,2157.28,2164.44,5896672000.0,0.00139012740770805
2012-07-12T00:00:00.000000,2160.02,2176.49,2156.61,2175.38,5858602000.0,0.0011116722624520238
2012-07-13T00:00:00.000000,2172.06,2196.41,2152.87,2185.49,8210462400.0,0.001682305083705896
2012-07-14T00:00:00.000000,2180.17,2198.42,2178.0,2185.89,5754378000.0,0.0013657456898616344
2012-07-17T00:00:00.000000,2187.89,2187.89,2146.64,2147.95,6742825600.0,0.0012798274125850192
2012-07-18T00:00:00.000000,2142.43,2165.26,2142.43,2161.19,5514136800.0,0.0010424846352296562
2012-07-19T00:00:00.000000,2159.86,2169.96,2138.79,2169.1,6649568400.0,0.0013612979651947312
2012-07-20T00:00:00.000000,2164.27,2197.51,2160.07,2184.84,7930311200.0,0.001148708963529917
2012-07-21T00:00:00.000000,2180.01,2185.67,2162.17,2168.64,6433445200.0,0.0009241635563055226
2012-07-24T00:00:00.000000,2154.17,2154.17,2135.57,2141.4,5567147200.0,0.0017906721849401635
2012-07-25T00:00:00.000000,2132.32,2158.87,2131.01,2146.59,5439016000.0,0.0011188148143288135
2012-07-26T00:00:00.000000,2141.04,2151.32,2132.88,2136.15,4857589600.0,0.0009394265643763868
2012-07-27T00:00:00.000000,2134.99,2147.26,2124.19,2126.0,5287877200.0,0.001106090992428701
2012-07-28T00:00:00.000000,2132.01,2139.06,2120.72,2128.76,5207692000.0,0.0010188342399826036
2012-07-31T00:00:00.000000,2128.16,2137.74,2107.63,2109.91,5199062800.0,0.0009611863296834454
2012-08-01T00:00:00.000000,2109.32,2116.89,2100.59,2103.63,5345609600.0,0.0012636002250473349
2012-08-02T00:00:00.000000,2101.72,2130.62,2101.71,2123.36,5380460000.0,0.0010869067646591007
2012-08-03T00:00:00.000000,2120.15,2126.37,2103.71,2111.18,5346754000.0,0.0010192667570707685
2012-08-04T00:00:00.000000,2113.96,2133.23,2108.62,2132.8,5337132800.0,0.0009443920521792483
2012-08-07T00:00:00.000000,2129.15,2158.43,2128.44,2154.92,7184320000.0,0.0008215870058083776
2012-08-08T00:00:00.000000,2153.09,2159.68,2148.92,2157.62,7504980000.0,0.0006962687360593087
2012-08-09T00:00:00.000000,2158.98,2168.73,2153.03,2160.99,7286953600.0,0.0007845136601067119
2012-08-10T00:00:00.000000,2159.43,2175.52,2148.75,2174.1,7252924800.0,0.0011084260646478192
2012-08-11T00:00:00.000000,2172.96,2176.8,2165.35,2168.81,6836856000.0,0.0008149694528525197
2012-08-14T00:00:00.000000,2164.04,2164.04,2134.66,2136.08,7133981600.0,0.0010036675885656862
2012-08-15T00:00:00.000000,2137.05,2143.67,2119.32,2142.53,6757157600.0,0.0011759521375646466
2012-08-16T00:00:00.000000,2138.28,2139.06,2118.6,2118.95,5459995600.0,0.0009813343897496702
2012-08-17T00:00:00.000000,2116.08,2122.59,2109.66,2112.2,4517300800.0,0.0007771491459306728
2012-08-18T00:00:00.000000,2111.65,2119.94,2100.84,2114.89,4438466800.0,0.0007967501489081317
2012-08-21T00:00:00.000000,2102.23,2110.73,2089.03,2106.96,4671750000.0,0.0016068544191748134
2012-08-22T00:00:00.000000,2106.38,2123.89,2103.11,2118.27,6074496400.0,0.0011858886655856172
2012-08-23T00:00:00.000000,2118.88,2119.88,2097.63,2107.71,5842354800.0,0.0009160387645696324
2012-08-24T00:00:00.000000,2106.96,2118.49,2097.2,2113.07,5847230000.0,0.0011418588693729733
2012-08-25T00:00:00.000000,2108.36,2109.81,2089.26,2092.1,6017895200.0,0.0008828379135553251
2012-08-28T00:00:00.000000,2085.37,2085.37,2055.71,2055.71,6031483200.0,0.0014174578209361006
2012-08-29T00:00:00.000000,2054.97,2083.96,2052.85,2073.15,5442210400.0,0.0011586966616424998
2012-08-30T00:00:00.000000,2066.82,2073.95,2051.77,2053.24,5220980800.0,0.0010063789165104071
2012-08-31T00:00:00.000000,2044.03,2060.1,2032.63,2052.59,6196375200.0,0.001457184849521818
2012-09-01T00:00:00.000000,2046.29,2059.3,2044.7,2047.52,4614390400.0,0.0011217423397226261
2012-09-04T00:00:00.000000,2044.82,2066.62,2041.2,2059.15,6063543600.0,0.0010449747349731676
2012-09-05T00:00:00.000000,2060.61,2063.8,2039.49,2043.65,5744227200.0,0.0008427621076416701
2012-09-06T00:00:00.000000,2038.87,2048.27,2029.29,2037.68,5764974800.0,0.0010975523429776735
2012-09-07T00:00:00.000000,2040.67,2052.91,2036.72,2051.92,5609181600.0,0.0010841715911544666
2012-09-08T00:00:00.000000,2062.99,2145.0,2062.99,2127.76,13992547200.0,0.002251847035137512
2012-09-11T00:00:00.000000,2128.07,2140.06,2120.76,2134.89,10358002400.0,0.0010806156047974082
2012-09-12T00:00:00.000000,2127.52,2127.52,2107.25,2120.55,8042212800.0,0.0015484203025113697
2012-09-13T00:00:00.000000,2129.69,2137.79,2109.14,2126.55,8411366400.0,0.001602443222396352
2012-09-14T00:00:00.000000,2123.84,2129.41,2110.21,2110.38,7904497600.0,0.001223085052708114
2012-09-15T00:00:00.000000,2127.39,2135.73,2111.15,2123.85,9123457600.0,0.0018355374814084846
2012-09-18T00:00:00.000000,2120.62,2121.04,2077.88,2078.5,7638445600.0,0.0013018212347338629
2012-09-19T00:00:00.000000,2069.34,2074.76,2053.78,2059.54,5379484800.0,0.0014397375941916884
2012-09-20T00:00:00.000000,2061.06,2069.79,2055.24,2067.83,5223108400.0,0.0007994483089678359
2012-09-21T00:00:00.000000,2060.31,2060.31,2023.61,2024.84,6745497600.0,0.0013791291117821144
2012-09-22T00:00:00.000000,2020.55,2041.63,2018.26,2026.69,6028840400.0,0.001207100562351894
2012-09-25T00:00:00.000000,2015.77,2040.83,2005.42,2033.19,5763778000.0,0.001919935497806447
2012-09-26T00:00:00.000000,2028.63,2039.01,2022.28,2029.29,4820711200.0,0.0010805822023005553
2012-09-27T00:00:00.000000,2027.85,2033.01,1999.59,2004.17,5039804000.0,0.0010453169524654669
2012-09-28T00:00:00.000000,2003.1,2068.03,2002.41,2056.32,7666365600.0,0.0025633232744809993
2012-09-29T00:00:00.000000,2042.89,2089.57,2040.35,2086.17,7944895200.0,0.0015134940611007592
2012-10-09T00:00:00.000000,2084.85,2096.16,2063.38,2074.42,5513161200.0,0.0011498516912629708
2012-10-10T00:00:00.000000,2081.59,2119.21,2081.59,2115.23,8455705600.0,0.0019172288674810345
2012-10-11T00:00:00.000000,2111.59,2121.98,2102.65,2119.94,7890520000.0,0.0010330788133674496
2012-10-12T00:00:00.000000,2114.23,2117.69,2101.19,2102.87,7447099200.0,0.0012559068284867458
2012-10-13T00:00:00.000000,2109.07,2127.31,2092.59,2104.93,6826297600.0,0.0015884832145849793
2012-10-16T00:00:00.000000,2105.02,2107.05,2085.15,2098.7,5393804000.0,0.0011233966496769394
2012-10-17T00:00:00.000000,2097.05,2111.78,2089.82,2098.81,5781844000.0,0.0011121312356580997
2012-10-18T00:00:00.000000,2104.28,2113.16,2088.08,2105.62,5987023600.0,0.0012418042570851186
2012-10-19T00:00:00.000000,2108.5,2137.56,2107.59,2131.69,8715608000.0,0.001030097264631533
2012-10-20T00:00:00.000000,2129.82,2136.78,2125.78,2128.3,6761764800.0,0.0006624812444288922
2012-10-23T00:00:00.000000,2118.52,2137.86,2113.0,2132.76,6011722400.0,0.0009770353317831838
2012-10-24T00:00:00.000000,2132.11,2136.16,2112.17,2114.45,7268380800.0,0.0008703313793370212
2012-10-25T00:00:00.000000,2106.83,2123.96,2105.22,2115.99,7288202400.0,0.000900905218263297
2012-10-26T00:00:00.000000,2114.76,2128.69,2100.73,2101.58,8539311200.0,0.0008791401537284097
2012-10-27T00:00:00.000000,2100.1,2102.12,2058.06,2066.21,7860643200.0,0.0010471012399401053
2012-10-30T00:00:00.000000,2061.85,2068.14,2053.31,2058.94,5363500800.0,0.0008744697370413511
2012-10-31T00:00:00.000000,2059.2,2075.58,2054.29,2062.35,6056543200.0,0.0011500767713607972
2012-11-01T00:00:00.000000,2061.12,2070.33,2054.09,2068.88,5952545600.0,0.0009209547557971269
2012-11-02T00:00:00.000000,2070.02,2109.5,2070.02,2104.43,8288296000.0,0.0011597615144031451
2012-11-03T00:00:00.000000,2105.45,2119.22,2096.53,2117.05,7653423200.0,0.0008658074833886848
2012-11-06T00:00:00.000000,2113.33,2123.32,2104.6,2114.03,7153832000.0,0.0009496374448709613
2012-11-07T00:00:00.000000,2113.66,2114.79,2078.6,2106.0,7134384800.0,0.0011552713731238851
2012-11-08T00:00:00.000000,2102.42,2112.47,2093.29,2105.73,5938012800.0,0.0010912279015839184
2012-11-09T00:00:00.000000,2091.25,2092.45,2070.7,2071.51,6659456000.0,0.0014986070146490885
2012-11-10T00:00:00.000000,2066.49,2077.17,2062.48,2069.07,5422319200.0,0.0008187995224541835
2012-11-13T00:00:00.000000,2069.21,2079.42,2062.09,2079.27,5669485600.0,0.0009067122817231741
2012-11-14T00:00:00.000000,2078.13,2078.13,2044.04,2047.89,6108641200.0,0.0011751214144833629
2012-11-15T00:00:00.000000,2047.26,2056.37,2040.18,2055.42,4809300000.0,0.0009155129622755376
2012-11-16T00:00:00.000000,2045.46,2053.51,2030.1,2030.29,5055655600.0,0.00136151545306322
2012-11-17T00:00:00.000000,2026.56,2028.52,2002.12,2014.72,4958168000.0,0.0012317492920814038
2012-11-20T00:00:00.000000,2013.25,2018.06,1995.77,2016.98,4531744800.0,0.0011871921949848203
2012-11-21T00:00:00.000000,2020.43,2023.61,2004.23,2008.92,4258063600.0,0.0007897879544178434
2012-11-22T00:00:00.000000,2008.21,2031.12,1995.2,2030.32,5327974400.0,0.0017187629746031835
2012-11-23T00:00:00.000000,2021.21,2023.01,2009.92,2015.61,4557783200.0,0.0012959103962092262
2012-11-24T00:00:00.000000,2020.02,2034.88,2017.11,2027.38,5154216800.0,0.0009256197231799495
2012-11-27T00:00:00.000000,2023.34,2027.27,2014.16,2017.46,4477955200.0,0.0008486721683569394
2012-11-28T00:00:00.000000,2012.08,2014.2,1990.34,1991.16,5662742400.0,0.0010859063660008303
2012-11-29T00:00:00.000000,1984.48,1984.74,1968.31,1973.52,5050558800.0,0.000973296475339291
2012-11-30T00:00:00.000000,1972.92,1980.55,1962.09,1963.49,4954008800.0,0.0007003756606216791
2012-12-01T00:00:00.000000,1961.81,1983.36,1959.57,1980.12,5689341600.0,0.0010327589431618992
2012-12-04T00:00:00.000000,1977.25,1988.15,1958.96,1959.77,6165337600.0,0.0011382574655071991
2012-12-05T00:00:00.000000,1956.62,1979.98,1949.53,1975.14,6236737200.0,0.0009323894048985008
2012-12-06T00:00:00.000000,1973.11,2040.5,1970.2,2031.91,11997304000.0,0.002498956654042495
2012-12-07T00:00:00.000000,2029.56,2036.48,2018.58,2029.24,8145921600.0,0.001102963122856156
2012-12-08T00:00:00.000000,2028.77,2065.74,2024.2,2061.79,11515728800.0,0.0012266325940478425
2012-12-11T00:00:00.000000,2067.32,2086.92,2064.69,2083.77,11537506400.0,0.001158944385107784
2012-12-12T00:00:00.000000,2077.56,2088.6,2070.26,2074.7,9337082400.0,0.001178373507832334
2012-12-13T00:00:00.000000,2073.27,2085.85,2067.0,2082.73,7855914400.0,0.0011580205139640942
2012-12-14T00:00:00.000000,2077.42,2081.29,2060.01,2061.48,7227232000.0,0.001289875576938484
2012-12-15T00:00:00.000000,2062.69,2152.26,2062.69,2150.63,16087380800.0,0.002053796868943983
2012-12-18T00:00:00.000000,2152.1,2169.5,2151.98,2160.34,14423547200.0,0.0012607394578853855
2012-12-19T00:00:00.000000,2155.86,2183.43,2144.73,2162.46,12609899200.0,0.0019067654372902612
2012-12-20T00:00:00.000000,2158.67,2175.39,2154.46,2162.24,9437699200.0,0.001117723744676949
2012-12-21T00:00:00.000000,2156.19,2174.57,2142.95,2168.35,9938418400.0,0.001468981908447144
2012-12-22T00:00:00.000000,2169.57,2190.21,2148.55,2153.31,10335980800.0,0.0017751122903806066
2012-12-25T00:00:00.000000,2150.65,2170.38,2149.82,2159.05,7846961600.0,0.0011874462843984236
2012-12-26T00:00:00.000000,2154.32,2220.01,2146.91,2213.61,14332769600.0,0.0017838126082861366
2012-12-27T00:00:00.000000,2211.59,2220.48,2207.01,2219.13,12185863200.0,0.0007651298609577948
2012-12-28T00:00:00.000000,2223.65,2234.55,2204.82,2205.9,12902350400.0,0.0014968423856457382
2012-12-29T00:00:00.000000,2207.91,2233.7,2204.2,2233.25,11592493600.0,0.0011847022064759875
2013-01-01T00:00:00.000000,2236.46,2269.42,2236.46,2269.13,12803140000.0,0.001324689216263508
2013-01-05T00:00:00.000000,2289.51,2295.55,2256.6,2276.99,13946993600.0,0.002286505046046918
2013-01-08T00:00:00.000000,2271.66,2293.32,2266.95,2285.36,11816281600.0,0.001235528833993719
2013-01-09T00:00:00.000000,2284.65,2288.66,2262.98,2276.07,12290788000.0,0.0012745429518395426
2013-01-10T00:00:00.000000,2271.3,2283.54,2259.12,2275.34,12201492800.0,0.0014204818196521974
2013-01-11T00:00:00.000000,2274.38,2295.48,2269.05,2283.66,12006667200.0,0.001198814151672976
2013-01-12T00:00:00.000000,2285.19,2290.21,2235.34,2243.0,12506827200.0,0.0012353264549073615
2013-01-15T00:00:00.000000,2236.29,2317.25,2235.11,2311.74,14474988800.0,0.0015741077952973154
2013-01-16T00:00:00.000000,2312.47,2332.78,2309.35,2325.68,16564598400.0,0.0010627185026736753
2013-01-17T00:00:00.000000,2322.16,2326.33,2279.84,2309.5,15351116800.0,0.0017275437010390608
2013-01-18T00:00:00.000000,2305.14,2305.6,2276.28,2284.91,11910183200.0,0.0016822273959829004
2013-01-19T00:00:00.000000,2295.81,2324.47,2286.06,2317.07,12543802400.0,0.0017748549042711252
2013-01-22T00:00:00.000000,2321.49,2329.49,2305.87,2328.22,13468046400.0,0.0012856791882925377
2013-01-23T00:00:00.000000,2326.49,2335.36,2301.84,2315.14,14946659200.0,0.0016021092566431557
2013-01-24T00:00:00.000000,2308.52,2325.03,2296.49,2320.91,11817972000.0,0.001336106447875378
2013-01-25T00:00:00.000000,2320.26,2362.67,2287.61,2302.6,16103168000.0,0.0023247894843232398
2013-01-26T00:00:00.000000,2300.0,2308.32,2288.79,2291.3,9260574400.0,0.0011238424585401218
2013-01-29T00:00:00.000000,2295.35,2346.74,2295.35,2346.51,12838376000.0,0.0013926961755177632
2013-01-30T00:00:00.000000,2347.21,2363.8,2337.35,2358.98,14185390400.0,0.0011492637025195653
2013-01-31T00:00:00.000000,2360.75,2383.6,2347.96,2382.47,14987891200.0,0.0014289613538936664
2013-02-01T00:00:00.000000,2383.43,2391.06,2371.41,2385.42,13970788800.0,0.0011908905437708745
2013-02-02T00:00:00.000000,2377.41,2420.66,2370.07,2419.02,14081817600.0,0.0019084040726129318
2013-02-05T00:00:00.000000,2425.92,2440.37,2417.71,2428.15,16755140800.0,0.0016765422756109933
2013-02-06T00:00:00.000000,2411.0,2437.41,2403.32,2433.13,15075451200.0,0.001540554461418257
2013-02-07T00:00:00.000000,2432.68,2441.66,2428.1,2434.48,11657996800.0,0.001073756135912578
2013-02-08T00:00:00.000000,2430.69,2433.53,2394.22,2418.53,12000863200.0,0.0013445065359086455
2013-02-09T00:00:00.000000,2416.62,2442.72,2414.45,2432.4,10907038400.0,0.0010630333739816951
2013-02-19T00:00:00.000000,2441.91,2444.64,2415.73,2421.56,11617499200.0,0.0014711826911659174
2013-02-20T00:00:00.000000,2420.26,2427.07,2373.58,2382.91,12347333600.0,0.0012823542411302864
2013-02-21T00:00:00.000000,2383.49,2397.94,2370.78,2397.18,11028057600.0,0.0010270044828890935
2013-02-22T00:00:00.000000,2378.82,2378.82,2309.73,2325.95,14405947200.0,0.0027851067543554057
2013-02-23T00:00:00.000000,2322.94,2330.64,2308.78,2314.16,9698182400.0,0.0010476282298290513
2013-02-26T00:00:00.000000,2320.62,2338.78,2315.01,2325.82,8836737600.0,0.0015188832456828885
2013-02-27T00:00:00.000000,2313.74,2340.54,2290.22,2293.34,11763866400.0,0.0017084297712502076
2013-02-28T00:00:00.000000,2297.77,2324.49,2292.05,2313.22,9782488800.0,0.0018461793147339389
2013-03-01T00:00:00.000000,2322.32,2366.07,2309.35,2365.59,12695049600.0,0.0015311516042616166
2013-03-02T00:00:00.000000,2364.54,2369.65,2331.42,2359.51,12031275200.0,0.0012722888827447641
2013-03-05T00:00:00.000000,2332.08,2333.06,2259.52,2273.4,16175003200.0,0.0031019585344276932
2013-03-06T00:00:00.000000,2274.81,2327.91,2270.63,2326.31,13113660000.0,0.0017450587536474854
2013-03-07T00:00:00.000000,2333.61,2351.4,2321.87,2347.18,14133369600.0,0.0015008385820883328
2013-03-08T00:00:00.000000,2340.44,2351.69,2304.72,2324.29,13975635200.0,0.0017512969483754182
2013-03-09T00:00:00.000000,2326.42,2333.48,2314.75,2318.61,9879414400.0,0.0012823994566024545
2013-03-12T00:00:00.000000,2314.68,2320.9,2296.58,2310.59,8411190400.0,0.0014084623825087717
2013-03-13T00:00:00.000000,2309.16,2332.96,2265.04,2286.61,11766445600.0,0.001947807187832424
2013-03-14T00:00:00.000000,2282.17,2286.24,2253.25,2263.97,9097278400.0,0.0014101437999835835
2013-03-15T00:00:00.000000,2255.78,2276.1,2253.4,2270.28,8029408800.0,0.0013741479567286575
2013-03-16T00:00:00.000000,2269.31,2311.96,2250.01,2278.4,11647781600.0,0.002056221189050366
2013-03-19T00:00:00.000000,2267.29,2275.51,2239.24,2240.02,9312276800.0,0.0014353052153335323
2013-03-20T00:00:00.000000,2244.27,2260.98,2232.12,2257.43,8758210400.0,0.0017519956098615735
2013-03-21T00:00:00.000000,2257.74,2317.71,2257.67,2317.37,13124128000.0,0.001558896609377553
2013-03-22T00:00:00.000000,2318.21,2330.81,2311.98,2324.24,11920091200.0,0.0010963199995976795
2013-03-23T00:00:00.000000,2321.4,2331.93,2315.0,2328.28,10116729600.0,0.0010437060815885358
2013-03-26T00:00:00.000000,2334.73,2344.63,2319.94,2326.72,9703152800.0,0.001298516667681057
2013-03-27T00:00:00.000000,2318.58,2319.85,2281.2,2297.67,10444901600.0,0.001528470149817551
2013-03-28T00:00:00.000000,2299.38,2323.48,2289.0,2301.26,9633119200.0,0.0012620405910044586
2013-03-29T00:00:00.000000,2273.55,2273.55,2233.06,2236.3,12765869600.0,0.0035088950576059536
2013-03-30T00:00:00.000000,2238.48,2246.82,2228.88,2236.62,8556547200.0,0.001061715467535166
2013-04-02T00:00:00.000000,2229.46,2243.95,2227.31,2234.39,7741177600.0,0.0011363287491460746
2013-04-03T00:00:00.000000,2234.9,2253.19,2220.7,2227.74,8971432000.0,0.0012315544178599898
2013-04-04T00:00:00.000000,2232.69,2241.28,2217.46,2225.3,8179526400.0,0.0015143664700220107
2013-04-09T00:00:00.000000,2196.24,2212.59,2180.99,2211.59,8625747200.0,0.0028903117327858147
2013-04-10T00:00:00.000000,2215.47,2234.53,2215.47,2225.78,8289654400.0,0.0011227891162080932
2013-04-11T00:00:00.000000,2224.93,2232.91,2212.83,2226.13,8061962400.0,0.0010810385538797139
2013-04-12T00:00:00.000000,2236.98,2242.4,2217.62,2219.55,7363270400.0,0.001117403296712852
2013-04-13T00:00:00.000000,2218.09,2226.21,2204.44,2206.78,6684634000.0,0.0009219783743929104
2013-04-16T00:00:00.000000,2199.91,2204.99,2177.43,2181.94,7163232000.0,0.0011927722313234933
2013-04-17T00:00:00.000000,2169.63,2196.12,2166.19,2194.85,7999217600.0,0.0014615518377459312
2013-04-18T00:00:00.000000,2195.03,2197.5,2178.54,2193.8,6831418400.0,0.0009394242865881303
2013-04-19T00:00:00.000000,2181.82,2206.03,2175.57,2197.6,7161692800.0,0.002006826569881936
2013-04-20T00:00:00.000000,2201.12,2250.09,2200.71,2244.64,10966056000.0,0.0012441114865493063
2013-04-23T00:00:00.000000,2236.4,2245.12,2232.3,2242.17,9523372800.0,0.0008624192999591914
2013-04-24T00:00:00.000000,2242.62,2242.62,2182.91,2184.54,9654131200.0,0.001514065886120529
2013-04-25T00:00:00.000000,2187.35,2226.12,2184.12,2218.32,9160026400.0,0.0015775133707894838
2013-04-26T00:00:00.000000,2213.18,2224.55,2192.08,2199.31,9670419200.0,0.0017640707365824528
2013-04-27T00:00:00.000000,2203.89,2210.56,2173.86,2177.91,7667396800.0,0.0013202389711038244
2013-05-03T00:00:00.000000,2170.78,2179.61,2161.15,2174.12,6833793600.0,0.0012436193140495696
2013-05-04T00:00:00.000000,2179.05,2222.81,2179.05,2205.5,8858346400.0,0.0014424399538653409
2013-05-07T00:00:00.000000,2212.49,2235.98,2212.49,2231.17,9226814400.0,0.0012163802743427837
2013-05-08T00:00:00.000000,2227.86,2240.02,2219.54,2235.57,8645235200.0,0.0009514649120526813
2013-05-09T00:00:00.000000,2242.39,2254.81,2235.51,2246.3,9037193600.0,0.0015560788888414865
2013-05-10T00:00:00.000000,2246.96,2247.52,2221.4,2232.97,9853164000.0,0.0008786665197287382
2013-05-11T00:00:00.000000,2228.82,2247.63,2226.0,2246.83,9033547200.0,0.0010650739211528553
2013-05-14T00:00:00.000000,2247.68,2250.85,2231.42,2241.92,8621122400.0,0.0010913733659726203
2013-05-15T00:00:00.000000,2238.9,2239.93,2205.92,2217.01,8324497600.0,0.0010144386516717703
2013-05-16T00:00:00.000000,2217.09,2225.12,2213.61,2224.8,7172289600.0,0.0007700058862978083
2013-05-17T00:00:00.000000,2221.34,2252.86,2210.93,2251.81,11028437600.0,0.0014580637888061594
2013-05-18T00:00:00.000000,2249.81,2287.85,2248.41,2282.87,12612600000.0,0.0009657743361694377
2013-05-21T00:00:00.000000,2286.33,2309.0,2282.25,2299.99,13915049600.0,0.0009382556462746475
2013-05-22T00:00:00.000000,2297.11,2305.28,2290.12,2305.11,12417320000.0,0.0009032964936552974
2013-05-23T00:00:00.000000,2303.75,2313.94,2292.53,2302.4,12836002400.0,0.0009718837063161395
2013-05-24T00:00:00.000000,2293.81,2304.88,2274.1,2275.67,12401984000.0,0.0012264553067593865
2013-05-25T00:00:00.000000,2281.45,2292.6,2270.26,2288.53,10144121600.0,0.0013561237412950803
2013-05-28T00:00:00.000000,2286.66,2301.66,2284.14,2293.08,10732506400.0,0.0008413106229209473
2013-05-29T00:00:00.000000,2293.4,2322.06,2281.47,2321.32,13263299200.0,0.001274402151422418
2013-05-30T00:00:00.000000,2323.54,2334.33,2321.34,2324.02,12525072800.0,0.0008044515748544987
2013-05-31T00:00:00.000000,2316.25,2325.48,2310.54,2317.75,11191303200.0,0.0009067434389865644
2013-06-01T00:00:00.000000,2320.74,2325.48,2299.59,2300.59,10816255200.0,0.0008825114418808822
2013-06-04T00:00:00.000000,2300.21,2313.37,2294.12,2299.25,9688281600.0,0.0008091485072575013
2013-06-05T00:00:00.000000,2297.1,2297.1,2264.78,2272.42,10189581600.0,0.0011335649417360178
2013-06-06T00:00:00.000000,2270.71,2276.77,2261.01,2270.93,7648330400.0,0.0006076806955063584
2013-06-07T00:00:00.000000,2264.42,2266.57,2240.07,2242.11,8153869600.0,0.0009661319708694675
2013-06-08T00:00:00.000000,2242.26,2250.47,2205.07,2210.9,8997808000.0,0.0012186016772337434
2013-06-14T00:00:00.000000,2190.1,2190.1,2126.35,2148.36,9437110400.0,0.0033243730230681032
2013-06-15T00:00:00.000000,2150.06,2163.63,2143.07,2162.04,7785747200.0,0.0008407576197132441
2013-06-18T00:00:00.000000,2165.99,2169.3,2147.34,2156.22,7575779200.0,0.0011880873155468523
2013-06-19T00:00:00.000000,2158.55,2161.62,2139.47,2159.29,6963227200.0,0.0010273517794047338
2013-06-20T00:00:00.000000,2150.82,2150.82,2115.9,2143.45,7542502400.0,0.0019487980195501491
2013-06-21T00:00:00.000000,2132.81,2132.81,2083.11,2084.02,7778792800.0,0.0015916798994721124
2013-06-22T00:00:00.000000,2058.98,2085.34,2042.89,2073.09,7967322400.0,0.0029629586900139014
2013-06-25T00:00:00.000000,2068.86,2068.86,1958.75,1963.23,10919821600.0,0.0028281575787134647
2013-06-26T00:00:00.000000,1948.32,1963.12,1850.3,1959.51,13815851200.0,0.004817049977066576
2013-06-27T00:00:00.000000,1954.47,1958.99,1923.05,1951.49,10119252800.0,0.0028393486446969462
2013-06-28T00:00:00.000000,1955.13,1980.28,1942.4,1950.01,10581332000.0,0.0022330383648657944
2013-06-29T00:00:00.000000,1935.52,1987.96,1926.15,1979.21,10073796800.0,0.002729562522539573
2013-07-02T00:00:00.000000,1965.99,1995.54,1957.73,1995.24,7805139200.0,0.0017593271219807777
2013-07-03T00:00:00.000000,1992.89,2007.6,1978.46,2006.56,8641541600.0,0.00159098539995086
2013-07-04T00:00:00.000000,1996.51,1996.51,1965.54,1994.27,9346647200.0,0.0020647200814514237
2013-07-05T00:00:00.000000,1982.87,2022.12,1974.27,2006.1,10039418400.0,0.002026594548041598
2013-07-06T00:00:00.000000,2006.19,2021.47,2003.1,2007.2,9134522400.0,0.0012803735795013317
2013-07-09T00:00:00.000000,1983.21,1983.21,1953.33,1958.27,8413648800.0,0.0030968350883104623
2013-07-10T00:00:00.000000,1953.6,1969.15,1946.54,1965.45,6453872800.0,0.0013187730374822034
2013-07-11T00:00:00.000000,1962.84,2009.22,1960.66,2008.13,8979798400.0,0.001527209976195466
2013-07-12T00:00:00.000000,2011.02,2092.68,2011.02,2072.99,15997076800.0,0.002106425334907144
2013-07-13T00:00:00.000000,2068.04,2074.85,2036.29,2039.49,12117417600.0,0.0016038758847057842
2013-07-16T00:00:00.000000,2046.12,2076.63,2037.32,2059.39,10147036000.0,0.002149495708877666
2013-07-17T00:00:00.000000,2054.6,2066.36,2038.68,2065.72,9673740000.0,0.0014929515570399172
2013-07-18T00:00:00.000000,2061.19,2075.81,2043.31,2044.92,10325132000.0,0.001844909251639248
2013-07-19T00:00:00.000000,2038.4,2043.28,2016.9,2023.4,9213204800.0,0.001501973977655149
2013-07-20T00:00:00.000000,2025.32,2035.22,1990.38,1992.65,10457756800.0,0.0017417078052833403
2013-07-23T00:00:00.000000,1977.73,2005.43,1970.88,2004.76,8292219200.0,0.00189136951694239
2013-07-24T00:00:00.000000,2008.95,2051.26,2005.09,2043.88,10951736000.0,0.0017092064475912694
2013-07-25T00:00:00.000000,2035.69,2042.03,2010.53,2033.33,10665577600.0,0.0016144217181975117
2013-07-26T00:00:00.000000,2037.34,2045.2,2016.49,2021.17,9854536800.0,0.0017590099829785013
2013-07-27T00:00:00.000000,2013.19,2021.26,2000.88,2010.85,7380043200.0,0.0013574403432289497
2013-07-30T00:00:00.000000,1997.84,1997.84,1970.34,1976.31,7868327200.0,0.001969839620292329
2013-07-31T00:00:00.000000,1981.45,2006.23,1965.67,1990.06,7721978400.0,0.0019691948756100325
2013-08-01T00:00:00.000000,2000.79,2015.15,1987.97,1993.8,7016060000.0,0.0017053296475581805
2013-08-02T00:00:00.000000,2000.82,2029.93,1997.13,2029.07,9125668800.0,0.0013920130998711672
2013-08-03T00:00:00.000000,2039.51,2046.91,2025.66,2029.42,9359276800.0,0.0015541395180497723
2013-08-06T00:00:00.000000,2031.72,2050.68,2025.29,2050.48,8551796800.0,0.0009813544436303963
2013-08-07T00:00:00.000000,2043.65,2066.74,2035.07,2060.5,10558097600.0,0.001280044511520779
2013-08-08T00:00:00.000000,2056.37,2069.43,2043.8,2046.78,10771259200.0,0.0012849686413735572
2013-08-09T00:00:00.000000,2044.44,2058.53,2037.39,2044.89,8413328800.0,0.0012853649787370246
2013-08-10T00:00:00.000000,2052.24,2061.48,2030.44,2052.24,9531642400.0,0.0015880750783956613
2013-08-13T00:00:00.000000,2058.42,2102.35,2055.76,2101.28,13512897600.0,0.0013884949551431162
2013-08-14T00:00:00.000000,2101.32,2106.4,2093.95,2106.16,11770887200.0,0.0008719476129773158
2013-08-15T00:00:00.000000,2109.22,2122.85,2093.08,2100.14,11443780000.0,0.0010839529163358438
2013-08-16T00:00:00.000000,2099.28,2108.1,2079.97,2081.88,9939665600.0,0.0009864022764772317
2013-08-17T00:00:00.000000,2075.98,2191.65,2061.7,2068.45,15306332800.0,0.004459960309577634
2013-08-20T00:00:00.000000,2055.13,2090.99,2052.98,2085.6,9744678400.0,0.001508672875773954
2013-08-21T00:00:00.000000,2081.97,2098.54,2066.07,2072.59,10738177600.0,0.0014700899704494588
2013-08-22T00:00:00.000000,2076.27,2076.27,2056.98,2072.96,8744599200.0,0.0014601197082389356
2013-08-23T00:00:00.000000,2069.31,2083.14,2062.37,2067.12,9092830400.0,0.0011499411186952748
2013-08-24T00:00:00.000000,2075.93,2079.81,2030.11,2057.46,11242635200.0,0.001900721161416775
2013-08-27T00:00:00.000000,2061.42,2097.31,2056.34,2096.47,11993265600.0,0.0010818262612616687
2013-08-28T00:00:00.000000,2095.44,2105.3,2090.43,2103.57,12634196800.0,0.0008949921296080013
2013-08-29T00:00:00.000000,2092.31,2113.65,2080.93,2101.3,16139203200.0,0.0015838076122824804
2013-08-30T00:00:00.000000,2108.44,2110.53,2088.25,2097.23,13326821600.0,0.001129117463916496
2013-08-31T00:00:00.000000,2097.22,2114.13,2089.13,2098.38,17007564800.0,0.0012481423736186578
2013-09-03T00:00:00.000000,2104.09,2108.68,2078.73,2098.45,14915852800.0,0.0014231468750770442
2013-09-04T00:00:00.000000,2100.45,2123.72,2096.31,2123.11,13889316800.0,0.0010332609940416084
2013-09-05T00:00:00.000000,2121.68,2132.96,2115.75,2127.62,14200040000.0,0.0007552744449506753
2013-09-06T00:00:00.000000,2125.25,2127.78,2115.29,2122.43,12654410400.0,0.0009498371121763121
2013-09-07T00:00:00.000000,2119.33,2143.2,2119.03,2139.99,14326070400.0,0.0009431251914869583
2013-09-10T00:00:00.000000,2151.35,2218.33,2151.35,2212.52,21942708800.0,0.001875476532946064
2013-09-11T00:00:00.000000,2214.81,2238.43,2203.14,2237.98,23720665600.0,0.0012343883127858696
2013-09-12T00:00:00.000000,2244.96,2257.97,2233.09,2241.27,24434945600.0,0.0016223118805467087
2013-09-13T00:00:00.000000,2236.17,2270.2,2226.29,2255.61,20971510400.0,0.0016583121509450402
2013-09-14T00:00:00.000000,2251.46,2259.23,2228.58,2236.22,17198422400.0,0.0014328529951191287
2013-09-17T00:00:00.000000,2244.46,2247.84,2226.17,2231.4,15488401600.0,0.0010984113040894826
2013-09-18T00:00:00.000000,2230.39,2230.39,2185.11,2185.56,15454256000.0,0.001190158279190047
2013-09-19T00:00:00.000000,2185.94,2195.9,2172.28,2191.85,11511190400.0,0.001255214076790739
2013-09-24T00:00:00.000000,2199.36,2222.62,2198.34,2221.04,13317485600.0,0.001319555953932969
2013-09-25T00:00:00.000000,2219.47,2219.47,2187.38,2207.53,16041505600.0,0.0013812008749396925
2013-09-26T00:00:00.000000,2206.23,2217.91,2193.91,2198.51,16021276800.0,0.0012026158652032025
2013-09-27T00:00:00.000000,2192.23,2192.23,2154.72,2155.81,14041534400.0,0.0014369682404423545
2013-09-28T00:00:00.000000,2150.96,2165.66,2149.79,2160.03,10540179200.0,0.0010605725657950409
2013-10-01T00:00:00.000000,2167.73,2176.01,2165.16,2174.66,9281008000.0,0.0010137927821833649
2013-10-09T00:00:00.000000,2171.9,2199.77,2161.66,2198.2,12671020000.0,0.0012979036491042194
2013-10-10T00:00:00.000000,2191.39,2212.31,2185.2,2211.77,13087173600.0,0.0010499982076070643
2013-10-11T00:00:00.000000,2214.4,2214.4,2186.73,2190.93,14977590400.0,0.001172700773535993
2013-10-12T00:00:00.000000,2201.41,2228.84,2200.53,2228.15,15689217600.0,0.0014387463911811522
2013-10-15T00:00:00.000000,2232.22,2242.8,2226.46,2237.77,16598339200.0,0.0008528122497536249
2013-10-16T00:00:00.000000,2237.93,2240.25,2221.14,2233.41,15372283200.0,0.0010783359905743657
2013-10-17T00:00:00.000000,2228.11,2228.11,2183.49,2193.07,15463864000.0,0.001428689522510783
2013-10-18T00:00:00.000000,2201.71,2211.02,2183.4,2188.54,12676794400.0,0.0014374365888421038
2013-10-19T00:00:00.000000,2188.71,2203.14,2184.4,2193.78,10372463200.0,0.000992115389226943
2013-10-22T00:00:00.000000,2198.11,2230.16,2190.62,2229.24,13669440000.0,0.00129155152535693
2013-10-23T00:00:00.000000,2227.34,2227.34,2204.26,2210.65,14913280000.0,0.0009544787764920387
2013-10-24T00:00:00.000000,2213.27,2226.34,2177.89,2183.11,14634708800.0,0.0015424581658552553
2013-10-25T00:00:00.000000,2178.82,2183.35,2159.89,2164.32,10300895200.0,0.0013879302895029209
2013-10-26T00:00:00.000000,2163.69,2170.61,2122.89,2132.95,11392452000.0,0.001396276464485442
2013-10-29T00:00:00.000000,2135.88,2140.91,2123.07,2133.87,8840132000.0,0.001138758758962141
2013-10-30T00:00:00.000000,2135.23,2163.46,2093.45,2128.86,14309281600.0,0.0022565270969252954
2013-10-31T00:00:00.000000,2126.69,2161.91,2121.9,2160.46,11964336000.0,0.001552174779469716
2013-11-01T00:00:00.000000,2155.51,2155.51,2137.71,2141.61,10806302400.0,0.001357342284210786
2013-11-02T00:00:00.000000,2139.88,2157.24,2132.63,2149.56,8911848000.0,0.0011804922124762467
2013-11-05T00:00:00.000000,2156.09,2160.26,2143.4,2149.63,7614794400.0,0.0010035397299191443
2013-11-06T00:00:00.000000,2139.84,2157.57,2125.23,2157.24,9190003200.0,0.0016251236049144259
2013-11-07T00:00:00.000000,2149.39,2165.78,2139.48,2139.61,10048734400.0,0.0012902441030719358
2013-11-08T00:00:00.000000,2136.63,2141.56,2119.19,2129.4,8184260800.0,0.0014292359184209997
2013-11-09T00:00:00.000000,2120.92,2128.13,2103.59,2106.13,8309685600.0,0.0013066547192718016
2013-11-12T00:00:00.000000,2103.3,2117.28,2093.68,2109.47,6967829600.0,0.001018152304204166
2013-11-13T00:00:00.000000,2110.72,2127.94,2108.4,2126.77,7944672800.0,0.0009986774148837347
2013-11-14T00:00:00.000000,2117.89,2117.89,2086.01,2087.94,8825709600.0,0.001424184372528057
2013-11-15T00:00:00.000000,2087.12,2102.19,2079.17,2100.51,8379937600.0,0.0010252406357856721
2013-11-16T00:00:00.000000,2100.9,2153.21,2100.9,2135.83,12589452000.0,0.0013169811734779424
2013-11-19T00:00:00.000000,2147.37,2198.16,2143.95,2197.22,15750272000.0,0.0012872477738148803
2013-11-20T00:00:00.000000,2198.32,2202.72,2186.52,2193.13,12508230400.0,0.0012008496883981197
2013-11-21T00:00:00.000000,2201.47,2206.61,2186.79,2206.61,11896186400.0,0.0010778658519486192
2013-11-22T00:00:00.000000,2197.01,2206.3,2178.26,2205.77,13724550400.0,0.0017014478379139039
2013-11-23T00:00:00.000000,2206.47,2210.99,2188.88,2196.38,11386649600.0,0.001150998990713978
2013-11-26T00:00:00.000000,2186.06,2209.15,2181.42,2186.11,10828265600.0,0.0012770693301983153
2013-11-27T00:00:00.000000,2184.33,2192.44,2176.39,2183.07,10046083200.0,0.0010319342691614533
2013-11-28T00:00:00.000000,2181.73,2207.46,2177.3,2201.07,11538440000.0,0.0012846100566958566
2013-11-29T00:00:00.000000,2204.38,2234.27,2202.9,2219.37,13445678400.0,0.00100107412259359
2013-11-30T00:00:00.000000,2221.62,2224.94,2212.59,2220.5,10695905600.0,0.0006737492765660886
2013-12-03T00:00:00.000000,2203.12,2231.87,2172.95,2207.37,17428198400.0,0.0026013585140037205
2013-12-04T00:00:00.000000,2196.82,2227.8,2193.25,2222.67,11350640800.0,0.0010768248025875742
2013-12-05T00:00:00.000000,2219.97,2260.8,2216.23,2251.76,15729294400.0,0.0012118522849546944
2013-12-06T00:00:00.000000,2252.72,2255.26,2239.36,2247.06,12204841600.0,0.0008769366049788796
2013-12-07T00:00:00.000000,2242.56,2247.76,2228.66,2237.11,10370092800.0,0.0009153217625415166
2013-12-10T00:00:00.000000,2241.79,2248.83,2232.0,2238.2,9327364000.0,0.0008786154292095248
2013-12-11T00:00:00.000000,2239.86,2250.38,2231.93,2237.49,10904313600.0,0.000862940458549009
2013-12-12T00:00:00.000000,2228.63,2228.63,2193.17,2204.17,10947315200.0,0.0012913529346768998
2013-12-13T00:00:00.000000,2199.32,2214.47,2195.32,2202.8,8610867200.0,0.000857129472043729
2013-12-14T00:00:00.000000,2188.26,2204.53,2184.18,2196.07,8510100800.0,0.0011915172611073061
2013-12-17T00:00:00.000000,2197.23,2201.29,2160.34,2160.86,10138759200.0,0.0010928328007087723
2013-12-18T00:00:00.000000,2161.54,2165.5,2146.34,2151.08,7857893600.0,0.0009486231785025494
2013-12-19T00:00:00.000000,2150.41,2156.54,2142.9,2148.28,6417358400.0,0.0007925376545283487
2013-12-20T00:00:00.000000,2153.67,2159.14,2126.25,2127.79,7312348000.0,0.0012022253133574929
2013-12-21T00:00:00.000000,2128.37,2131.74,2082.85,2084.79,8677521600.0,0.0015609636202947013
2013-12-24T00:00:00.000000,2089.54,2099.3,2068.82,2089.71,6814664000.0,0.0014945730811893592
2013-12-25T00:00:00.000000,2094.07,2111.8,2079.92,2092.91,7025146400.0,0.0011099185315847418
2013-12-26T00:00:00.000000,2095.02,2107.1,2088.3,2106.35,6513909600.0,0.0010475127919223766
2013-12-27T00:00:00.000000,2102.66,2102.66,2070.82,2073.1,7854140800.0,0.0012213771359338014
2013-12-28T00:00:00.000000,2074.59,2110.35,2070.03,2101.25,7675682400.0,0.0011395303537367993
2013-12-31T00:00:00.000000,2108.88,2112.0,2095.22,2097.53,7408505600.0,0.0009366345436080056
2014-01-01T00:00:00.000000,2090.68,2119.91,2087.69,2115.98,8047437600.0,0.0011940444180079351
2014-01-03T00:00:00.000000,2112.13,2112.91,2101.17,2109.39,6848548800.0,0.0008375203652663926
2014-01-04T00:00:00.000000,2101.54,2102.14,2076.09,2083.14,8449724000.0,0.0011543147857577556
2014-01-07T00:00:00.000000,2078.68,2078.68,2034.06,2045.71,8958760800.0,0.0018614394051290016
2014-01-08T00:00:00.000000,2034.22,2052.23,2029.25,2047.32,6340294000.0,0.0013439478870885902
2014-01-09T00:00:00.000000,2047.26,2062.72,2037.34,2044.34,7164736000.0,0.0013666722993009852
2014-01-10T00:00:00.000000,2041.77,2057.17,2026.65,2027.62,7594188000.0,0.0011650505229144886
2014-01-11T00:00:00.000000,2023.54,2029.21,2008.01,2013.3,7561612000.0,0.0013363516538722267
2014-01-14T00:00:00.000000,2014.98,2027.16,2000.53,2009.56,6654477600.0,0.00108183790959766
2014-01-15T00:00:00.000000,2007.16,2027.39,2001.27,2026.84,7036661600.0,0.0010605739562557406
2014-01-16T00:00:00.000000,2024.23,2027.03,2010.5,2023.35,6743622400.0,0.0008554337514071173
2014-01-17T00:00:00.000000,2022.54,2034.71,2014.46,2023.7,7275572000.0,0.0010828164046743295
2014-01-18T00:00:00.000000,2017.52,2017.83,2001.33,2004.95,6730572000.0,0.001179911752455768
2014-01-21T00:00:00.000000,2001.89,2005.93,1984.82,1991.25,5627124800.0,0.0011250920348639668
2014-01-22T00:00:00.000000,1992.02,2014.03,1992.02,2008.31,5984491200.0,0.0010051480074749887
2014-01-23T00:00:00.000000,2009.97,2052.14,2009.28,2051.75,9889285600.0,0.0011464691582787733
2014-01-24T00:00:00.000000,2048.33,2052.49,2039.05,2042.18,8421058400.0,0.0008497798409862607
2014-01-25T00:00:00.000000,2037.67,2060.99,2034.5,2054.39,9294792000.0,0.0009045328983401618
2014-01-28T00:00:00.000000,2044.27,2044.77,2029.81,2033.3,8881542400.0,0.0012656011833735994
2014-01-29T00:00:00.000000,2036.4,2046.87,2027.18,2038.51,7252904000.0,0.0010168457298992148
2014-01-30T00:00:00.000000,2042.18,2051.55,2039.79,2049.91,7386546400.0,0.0006482311472679619
2014-01-31T00:00:00.000000,2045.93,2045.93,2031.56,2033.08,6261518400.0,0.0009284105816714956
2014-02-08T00:00:00.000000,2022.32,2044.73,2014.86,2044.5,7359875200.0,0.001227663052028014
2014-02-11T00:00:00.000000,2049.98,2087.96,2049.98,2086.07,12433183200.0,0.00114662529807854
2014-02-12T00:00:00.000000,2086.18,2110.79,2082.76,2103.67,14221132800.0,0.0013360045988705582
2014-02-13T00:00:00.000000,2103.83,2110.79,2096.9,2109.95,12633318400.0,0.0009032551476813986
2014-02-14T00:00:00.000000,2106.93,2121.99,2097.15,2098.4,14653264000.0,0.001250992386669861
2014-02-15T00:00:00.000000,2097.32,2116.12,2095.56,2115.85,11151795200.0,0.0007830275476367573
2014-02-18T00:00:00.000000,2124.88,2136.45,2117.94,2135.41,14024444800.0,0.000794674960854599
2014-02-19T00:00:00.000000,2134.14,2134.14,2113.28,2119.07,14286931200.0,0.0009902826943233819
2014-02-20T00:00:00.000000,2116.92,2152.96,2111.17,2142.55,15126124800.0,0.0012552040938422443
2014-02-21T00:00:00.000000,2152.89,2177.56,2136.59,2138.78,15705227200.0,0.0022525654529840836
2014-02-22T00:00:00.000000,2131.59,2132.57,2098.52,2113.69,11766264800.0,0.0013970600882224856
2014-02-25T00:00:00.000000,2099.72,2099.72,2058.96,2076.69,12355531200.0,0.0021205236795942806
2014-02-26T00:00:00.000000,2077.28,2087.62,2026.7,2034.22,14013297600.0,0.0016598605934892905
2014-02-27T00:00:00.000000,2026.61,2041.63,2014.38,2041.25,11011268800.0,0.0015104858846071198
2014-02-28T00:00:00.000000,2045.1,2068.06,2036.39,2047.35,13216385600.0,0.0019980955936637975
2014-03-01T00:00:00.000000,2040.62,2058.34,2021.18,2056.3,11163790400.0,0.0017518184137308682
2014-03-04T00:00:00.000000,2052.08,2078.17,2047.94,2075.24,12746088800.0,0.0010751366735069017
2014-03-05T00:00:00.000000,2068.11,2074.0,2050.35,2071.47,11592579200.0,0.0014950064671045923
2014-03-06T00:00:00.000000,2073.29,2074.73,2050.35,2053.08,10773308000.0,0.0010886306043419317
2014-03-07T00:00:00.000000,2050.03,2065.54,2030.98,2059.58,10929013600.0,0.001647914401757977
2014-03-08T00:00:00.000000,2058.38,2079.23,2050.64,2057.91,10370953600.0,0.001433381558166111
2014-03-11T00:00:00.000000,2042.35,2042.54,1995.55,1999.07,11569666400.0,0.002050967969327091
2014-03-12T00:00:00.000000,1994.42,2007.83,1985.72,2001.16,9270526400.0,0.001483859989590276
2014-03-13T00:00:00.000000,1996.24,2010.96,1974.39,1997.69,10136172000.0,0.0019756023954605587
2014-03-14T00:00:00.000000,2000.69,2029.1,1996.73,2019.11,10097811200.0,0.0016334010269548026
2014-03-15T00:00:00.000000,2008.82,2017.79,1991.14,2004.34,8777511200.0,0.0014505946287503733
2014-03-18T00:00:00.000000,2009.88,2024.2,1999.46,2023.67,8625037600.0,0.0008877067895027311
2014-03-19T00:00:00.000000,2026.22,2034.91,2020.49,2025.2,9677719200.0,0.0009266093513586728
2014-03-20T00:00:00.000000,2019.98,2022.18,2002.49,2021.73,9518080000.0,0.0011517565591653448
2014-03-21T00:00:00.000000,2017.22,2030.74,1993.24,1993.48,11033304800.0,0.001419945611092268
2014-03-22T00:00:00.000000,1987.68,2052.34,1986.43,2047.62,14447766400.0,0.001930326646543179
2014-03-25T00:00:00.000000,2050.83,2074.06,2043.43,2066.28,14770008000.0,0.001216160298261969
2014-03-26T00:00:00.000000,2063.32,2079.55,2057.51,2067.31,13182223200.0,0.0013403984806378234
2014-03-27T00:00:00.000000,2070.57,2074.26,2057.73,2063.67,10261112000.0,0.0009285289761202751
2014-03-28T00:00:00.000000,2060.81,2073.64,2042.87,2046.59,11914937600.0,0.001536337066068932
2014-03-29T00:00:00.000000,2046.85,2060.02,2035.32,2041.71,12168196800.0,0.0014213871857382263
2014-04-01T00:00:00.000000,2043.05,2047.84,2024.56,2033.31,9435653600.0,0.0011142395573361767
2014-04-02T00:00:00.000000,2031.0,2050.58,2028.49,2047.46,8328657600.0,0.0011534241104592814
2014-04-03T00:00:00.000000,2049.42,2060.57,2046.74,2058.99,10265852800.0,0.0010294538426690732
2014-04-04T00:00:00.000000,2063.5,2066.01,2037.58,2043.7,10861842400.0,0.0010463931954941064
2014-04-05T00:00:00.000000,2037.55,2059.91,2035.37,2058.83,8318905600.0,0.0009749871715909068
2014-04-09T00:00:00.000000,2054.53,2102.38,2052.9,2098.28,13337098400.0,0.0011529632094437656
2014-04-10T00:00:00.000000,2100.65,2108.75,2095.65,2105.24,10534047200.0,0.0008317291548629193
2014-04-11T00:00:00.000000,2105.88,2146.67,2098.08,2134.3,15678960000.0,0.001348501009794635
2014-04-12T00:00:00.000000,2130.37,2138.51,2120.33,2130.54,13176840000.0,0.001163948320008137
2014-04-15T00:00:00.000000,2127.41,2134.43,2116.68,2131.54,10207785600.0,0.0008582405534263244
2014-04-16T00:00:00.000000,2125.9,2125.9,2098.27,2101.6,10753115200.0,0.0010927709343393481
2014-04-17T00:00:00.000000,2097.21,2111.76,2092.41,2105.12,8936165600.0,0.0009859806307697084
2014-04-18T00:00:00.000000,2108.95,2110.53,2095.77,2098.89,8989632800.0,0.0008597629162329016
2014-04-19T00:00:00.000000,2091.48,2099.64,2081.54,2097.75,8815569600.0,0.0014077371507784434
2014-04-22T00:00:00.000000,2085.98,2102.83,2065.23,2065.83,9637836800.0,0.0011715959101910953
2014-04-23T00:00:00.000000,2062.79,2073.63,2047.44,2072.83,9871988000.0,0.001176472681362198
2014-04-24T00:00:00.000000,2068.08,2076.15,2059.18,2067.38,7853152000.0,0.0008963964324276242
2014-04-25T00:00:00.000000,2064.16,2075.76,2056.23,2057.03,7818595200.0,0.0009496209141183263
2014-04-26T00:00:00.000000,2060.54,2065.6,2035.57,2036.52,9304233600.0,0.0010067383903144972
2014-04-29T00:00:00.000000,2033.34,2035.11,2000.9,2003.49,8979526400.0,0.0012579849406663573
2014-04-30T00:00:00.000000,2001.9,2021.65,1998.2,2020.34,7622127200.0,0.0010529854795591621
2014-05-01T00:00:00.000000,2020.44,2029.49,2016.87,2026.36,7452857600.0,0.0006820801500347898
2014-05-06T00:00:00.000000,2022.18,2028.92,2007.81,2027.35,7993339200.0,0.0012638958095751666
2014-05-07T00:00:00.000000,2024.26,2038.68,2021.58,2028.04,7460940800.0,0.0009380246611352722
2014-05-08T00:00:00.000000,2023.15,2024.62,2008.69,2010.08,7436019200.0,0.0010441119309545091
2014-05-09T00:00:00.000000,2006.85,2036.93,2005.76,2015.27,7786539200.0,0.001019916573908982
2014-05-10T00:00:00.000000,2016.5,2020.4,2001.35,2011.13,7622424000.0,0.0010821303092049973
2014-05-13T00:00:00.000000,2022.93,2055.27,2016.78,2052.87,11574208000.0,0.0013871445926107633
2014-05-14T00:00:00.000000,2055.08,2061.0,2043.61,2050.73,9722339200.0,0.0008242089492528272
2014-05-15T00:00:00.000000,2049.27,2056.53,2042.78,2047.91,7201112800.0,0.0007719595320631102
2014-05-16T00:00:00.000000,2044.38,2047.25,2022.99,2024.97,7584515200.0,0.0008011652549955873
2014-05-17T00:00:00.000000,2023.6,2027.73,2012.72,2026.5,6635366000.0,0.0008407147137438693
2014-05-20T00:00:00.000000,2023.01,2023.01,1996.02,2005.18,6532944000.0,0.0013046887186766063
2014-05-21T00:00:00.000000,2011.85,2018.16,2002.97,2008.12,6134538400.0,0.0008451129643877873
2014-05-22T00:00:00.000000,2001.31,2025.12,1991.25,2024.95,6181154800.0,0.0015377942176814426
2014-05-23T00:00:00.000000,2023.15,2041.83,2018.89,2021.29,7472847200.0,0.0010127661589508397
2014-05-24T00:00:00.000000,2020.11,2034.57,2017.79,2034.57,6348806400.0,0.0007815516181630206
2014-05-27T00:00:00.000000,2042.03,2045.25,2035.22,2041.48,7028121600.0,0.000896853620007433
2014-05-28T00:00:00.000000,2039.79,2044.11,2033.21,2034.57,6757788800.0,0.000628880270192401
2014-05-29T00:00:00.000000,2034.56,2052.42,2029.4,2050.23,8133864000.0,0.0006914356467529949
2014-05-30T00:00:00.000000,2051.84,2056.89,2039.34,2040.6,8124292000.0,0.000609713701130001
2014-05-31T00:00:00.000000,2040.39,2046.43,2031.38,2039.21,7514889600.0,0.0007428544119629967
2014-06-04T00:00:00.000000,2039.2,2049.41,2037.33,2038.31,7158412800.0,0.0007020970614688668
2014-06-05T00:00:00.000000,2037.99,2038.36,2012.98,2024.83,7241276800.0,0.0007512421685428068
2014-06-06T00:00:00.000000,2019.44,2041.61,2016.27,2040.88,6794953600.0,0.0009574622938691136
2014-06-07T00:00:00.000000,2040.86,2041.51,2022.25,2029.96,6602174000.0,0.0009140257234175659
2014-06-10T00:00:00.000000,2024.94,2045.26,2023.35,2030.5,6478831600.0,0.001031694444573503
2014-06-11T00:00:00.000000,2033.21,2052.64,2026.71,2052.53,7962372000.0,0.000982342029557916
2014-06-12T00:00:00.000000,2049.13,2056.63,2045.42,2054.95,7444435200.0,0.0006001438920657035
2014-06-13T00:00:00.000000,2051.58,2057.04,2046.0,2051.71,8171118400.0,0.0005973467784664476
2014-06-14T00:00:00.000000,2049.21,2073.49,2048.79,2070.72,9717480800.0,0.0007603688338638683
2014-06-17T00:00:00.000000,2070.7,2087.32,2069.53,2085.98,9593976800.0,0.0006906350436607044
2014-06-18T00:00:00.000000,2080.48,2080.48,2064.7,2066.7,8780048000.0,0.0008472215204014464
2014-06-19T00:00:00.000000,2064.38,2066.91,2051.75,2055.52,8724535200.0,0.00047323479966304146
2014-06-20T00:00:00.000000,2054.62,2059.22,2017.84,2023.73,9291427200.0,0.0009404346088418577
2014-06-21T00:00:00.000000,2013.41,2026.95,2010.59,2026.67,6716724800.0,0.0011203484807487138
2014-06-24T00:00:00.000000,2026.23,2033.02,2023.03,2024.37,7048516000.0,0.0006697533238091305
2014-06-25T00:00:00.000000,2023.7,2034.71,2022.01,2033.93,7121463200.0,0.0006114521360261562
2014-06-26T00:00:00.000000,2030.43,2030.43,2018.47,2025.5,6753960800.0,0.0007930455991033351
2014-06-27T00:00:00.000000,2025.66,2040.52,2025.48,2038.68,8095577600.0,0.0005709332660506739
2014-06-28T00:00:00.000000,2031.91,2043.86,2025.34,2036.51,9759201600.0,0.0009737963599253611
2014-07-01T00:00:00.000000,2038.61,2052.27,2038.61,2048.33,9666660000.0,0.0007336044360877924
2014-07-02T00:00:00.000000,2051.22,2052.5,2041.96,2050.38,9845740800.0,0.00059345335300892
2014-07-03T00:00:00.000000,2049.48,2060.54,2044.21,2059.42,10955391200.0,0.0006669785983191798
2014-07-04T00:00:00.000000,2051.63,2066.27,2048.19,2063.23,12292658400.0,0.0009182193593981641
2014-07-05T00:00:00.000000,2062.36,2064.91,2054.45,2059.38,10500879200.0,0.0005229589484019151
2014-07-08T00:00:00.000000,2058.13,2063.89,2051.0,2059.93,9716875200.0,0.0006379470888027915
2014-07-09T00:00:00.000000,2058.13,2064.36,2047.2,2064.02,9505339200.0,0.0006344525411379121
2014-07-10T00:00:00.000000,2061.63,2062.27,2037.67,2038.61,11330584000.0,0.000814690876544063
2014-07-11T00:00:00.000000,2036.54,2045.53,2035.29,2038.34,9794381600.0,0.0005497283773524412
2014-07-12T00:00:00.000000,2033.87,2051.58,2033.37,2046.96,10508809600.0,0.0006875011713654838
2014-07-15T00:00:00.000000,2047.74,2067.26,2045.06,2066.65,11511974400.0,0.0005602290237036718
2014-07-16T00:00:00.000000,2065.9,2070.36,2059.68,2070.36,12448876800.0,0.0006240025477448223
2014-07-17T00:00:00.000000,2068.34,2075.28,2061.57,2067.28,13712801600.0,0.0007168024590426203
2014-07-18T00:00:00.000000,2062.89,2062.89,2046.42,2055.59,10449180800.0,0.0009585549353597349
2014-07-19T00:00:00.000000,2047.5,2067.18,2046.04,2059.07,10664109600.0,0.0008202872863266944
2014-07-22T00:00:00.000000,2057.77,2061.76,2049.3,2054.48,9385787200.0,0.0005800524530398324
2014-07-23T00:00:00.000000,2050.5,2078.07,2049.91,2075.48,12319187200.0,0.000752549827370317
2014-07-24T00:00:00.000000,2074.2,2088.19,2072.29,2078.49,13729220800.0,0.0007106928429423182
2014-07-25T00:00:00.000000,2079.63,2107.95,2079.63,2105.06,16567699200.0,0.0011436160713328887
2014-07-26T00:00:00.000000,2108.71,2127.13,2106.71,2126.61,14249582400.0,0.0007693404338505338
2014-07-29T00:00:00.000000,2135.25,2181.18,2135.25,2177.95,23618576000.0,0.0018496506089849493
2014-07-30T00:00:00.000000,2179.83,2193.36,2172.54,2183.19,20026425600.0,0.001004311327398172
2014-07-31T00:00:00.000000,2178.18,2194.37,2177.36,2181.24,18492219200.0,0.0009709415448874471
2014-08-01T00:00:00.000000,2179.54,2202.13,2174.01,2201.56,16469164800.0,0.0008464297299508937
2014-08-02T00:00:00.000000,2194.17,2218.5,2184.64,2185.3,19147504000.0,0.0015337342584353657
2014-08-05T00:00:00.000000,2190.04,2224.07,2187.11,2223.33,17409740800.0,0.0012519757860602633
2014-08-06T00:00:00.000000,2224.63,2226.74,2206.93,2219.95,17538699200.0,0.001056890453398455
2014-08-07T00:00:00.000000,2212.0,2223.8,2193.19,2217.47,17771171200.0,0.001397711747427738
2014-08-08T00:00:00.000000,2216.66,2220.55,2185.76,2187.67,17523328000.0,0.001114245929926726
2014-08-09T00:00:00.000000,2188.71,2199.58,2180.75,2194.43,13518144000.0,0.0008629629647649646
2014-08-12T00:00:00.000000,2199.43,2225.8,2198.31,2224.65,15058342400.0,0.0008878282210417246
2014-08-13T00:00:00.000000,2222.7,2222.7,2210.2,2221.59,15479904000.0,0.0007379535152656397
2014-08-14T00:00:00.000000,2223.05,2230.99,2202.44,2222.88,17806280000.0,0.001160362735714544
2014-08-15T00:00:00.000000,2221.54,2230.71,2204.44,2206.47,17014912000.0,0.000931368617047487
2014-08-16T00:00:00.000000,2207.23,2230.87,2203.52,2226.73,14997868800.0,0.0009255929078297637
2014-08-19T00:00:00.000000,2229.8,2242.01,2228.21,2239.47,16392862400.0,0.0008961742328884786
2014-08-20T00:00:00.000000,2242.34,2245.83,2228.04,2245.33,17774459200.0,0.0009250002678045952
2014-08-21T00:00:00.000000,2241.66,2248.83,2234.26,2240.21,16765838400.0,0.000909208825121051
2014-08-22T00:00:00.000000,2239.57,2240.08,2211.79,2230.46,16573350400.0,0.000990456145588609
2014-08-23T00:00:00.000000,2228.97,2243.13,2225.5,2240.81,16011168000.0,0.0007161712648117276
2014-08-26T00:00:00.000000,2241.1,2241.52,2222.26,2229.27,16211958400.0,0.0008745846911384225
2014-08-27T00:00:00.000000,2225.29,2232.69,2200.64,2207.11,16350742400.0,0.0011145816923556777
2014-08-28T00:00:00.000000,2207.03,2216.62,2204.22,2209.47,12088588800.0,0.0006917366977327036
2014-08-29T00:00:00.000000,2210.48,2219.47,2194.93,2195.82,12422901600.0,0.0009164882002374539
2014-08-30T00:00:00.000000,2198.95,2218.27,2193.35,2217.2,10520249600.0,0.0007380199105537446
2014-09-02T00:00:00.000000,2220.13,2236.28,2217.68,2235.51,12916658400.0,0.0007460753130235675
2014-09-03T00:00:00.000000,2239.68,2267.33,2234.45,2266.05,19212486400.0,0.0007125310881628988
2014-09-04T00:00:00.000000,2268.39,2290.42,2268.23,2288.63,21247899200.0,0.0010164947819898743
2014-09-05T00:00:00.000000,2290.03,2307.5,2283.36,2306.86,19948998400.0,0.0007430904422863211
2014-09-06T00:00:00.000000,2311.3,2327.56,2307.45,2326.43,21318192000.0,0.0009106490206325212
2014-09-10T00:00:00.000000,2328.43,2331.44,2316.41,2326.53,19699032000.0,0.0008570952386435188
2014-09-11T00:00:00.000000,2318.5,2321.84,2306.56,2318.3,18982899200.0,0.0011687799069052783
2014-09-12T00:00:00.000000,2315.73,2343.39,2304.87,2311.68,22222179200.0,0.0013493217597737495
2014-09-13T00:00:00.000000,2308.35,2331.95,2302.92,2331.95,19347153600.0,0.0008804994595783422
2014-09-16T00:00:00.000000,2330.19,2340.34,2321.77,2339.14,21511241600.0,0.0008706648243777264
2014-09-17T00:00:00.000000,2341.03,2347.55,2294.2,2296.55,30269411200.0,0.001774011066098411
2014-09-18T00:00:00.000000,2298.98,2309.03,2282.92,2307.89,21084244800.0,0.001414614865892109
2014-09-19T00:00:00.000000,2303.85,2319.71,2298.08,2315.93,18908904000.0,0.0011149021176592505
2014-09-20T00:00:00.000000,2312.98,2331.26,2305.71,2329.45,17464848000.0,0.0009257170345120994
2014-09-23T00:00:00.000000,2323.55,2323.55,2284.49,2289.87,17584235200.0,0.0014396038903169944
2014-09-24T00:00:00.000000,2289.09,2311.17,2289.09,2309.72,15685516800.0,0.0009526456984554724
2014-09-25T00:00:00.000000,2302.23,2345.38,2298.12,2343.57,22252572800.0,0.0010938346111750142
2014-09-26T00:00:00.000000,2352.86,2365.12,2336.91,2345.1,22568832000.0,0.001366069038838277
2014-09-27T00:00:00.000000,2339.29,2350.03,2329.96,2347.72,17474828800.0,0.001013864939747332
2014-09-30T00:00:00.000000,2353.71,2362.99,2346.65,2357.71,20011100800.0,0.0010293737623492734
2014-10-01T00:00:00.000000,2361.32,2365.46,2354.27,2363.87,19391868800.0,0.0007251332274196433
2014-10-09T00:00:00.000000,2368.58,2382.79,2354.29,2382.79,20439732800.0,0.0008556411153688131
2014-10-10T00:00:00.000000,2383.86,2391.35,2367.21,2389.37,23592001600.0,0.000995732031888828
2014-10-11T00:00:00.000000,2380.76,2386.28,2365.34,2374.54,22467112000.0,0.0011778911030863324
2014-10-14T00:00:00.000000,2366.43,2366.85,2341.28,2366.01,20089931200.0,0.001382425014506713
2014-10-15T00:00:00.000000,2362.8,2380.52,2349.19,2359.47,19683142400.0,0.0009004326079816166
2014-10-16T00:00:00.000000,2358.23,2374.7,2344.44,2373.67,20280491200.0,0.0010178733150188583
2014-10-17T00:00:00.000000,2361.13,2389.59,2353.41,2356.5,24820116800.0,0.0015164405959630718
2014-10-18T00:00:00.000000,2352.78,2360.57,2313.15,2341.18,21230096000.0,0.0016160824751733488
2014-10-21T00:00:00.000000,2346.05,2357.49,2340.72,2356.73,16002230400.0,0.0009327261369030834
2014-10-22T00:00:00.000000,2355.03,2361.55,2337.62,2339.66,16882828800.0,0.001015922132792154
2014-10-23T00:00:00.000000,2339.22,2352.09,2324.62,2326.55,15269843200.0,0.0009454811557220391
2014-10-24T00:00:00.000000,2322.32,2329.85,2297.42,2302.42,16263630400.0,0.0012820252251439974
2014-10-25T00:00:00.000000,2303.08,2314.84,2297.01,2302.28,13222529600.0,0.0009318275622012852
2014-10-28T00:00:00.000000,2293.57,2293.57,2279.84,2290.44,13026156800.0,0.001325558055357764
2014-10-29T00:00:00.000000,2294.01,2337.96,2294.01,2337.87,17859035200.0,0.0009795265912200498
2014-10-30T00:00:00.000000,2343.72,2381.47,2339.75,2373.03,26558868800.0,0.0011804502251610508
2014-10-31T00:00:00.000000,2371.89,2397.05,2366.04,2391.08,29464595200.0,0.0013364829220225748
2014-11-01T00:00:00.000000,2393.18,2423.54,2384.48,2420.18,32576352000.0,0.0015717170393548406
2014-11-04T00:00:00.000000,2425.22,2436.63,2418.63,2430.03,29882124800.0,0.00124360416361033
2014-11-05T00:00:00.000000,2428.27,2435.1,2417.38,2430.68,30901302400.0,0.001103146812576123
2014-11-06T00:00:00.000000,2432.17,2434.36,2415.81,2419.25,26360665600.0,0.001082930186691872
2014-11-07T00:00:00.000000,2419.62,2426.41,2401.84,2425.86,22200508800.0,0.0009749204719689338
2014-11-08T00:00:00.000000,2427.9,2454.41,2407.44,2418.17,29117228800.0,0.001581712411597104
2014-11-11T00:00:00.000000,2436.63,2473.78,2428.32,2473.67,30062819200.0,0.0017242511539633486
2014-11-12T00:00:00.000000,2483.65,2508.62,2445.96,2469.67,41190406400.0,0.002968843987604991
2014-11-13T00:00:00.000000,2454.6,2494.62,2445.1,2494.48,25293385600.0,0.0015801351881406384
2014-11-14T00:00:00.000000,2495.0,2507.58,2471.41,2485.61,29503705600.0,0.0017059747613305432
2014-11-15T00:00:00.000000,2477.97,2480.97,2457.05,2478.82,22060761600.0,0.001628983912818737
2014-11-18T00:00:00.000000,2506.86,2508.5,2472.45,2474.01,21568780800.0,0.0012546588262112748
2014-11-19T00:00:00.000000,2474.18,2477.0,2449.81,2456.37,20106259200.0,0.0011688142356451024
2014-11-20T00:00:00.000000,2452.15,2461.49,2442.71,2450.99,18623577600.0,0.0008654266566994238
2014-11-21T00:00:00.000000,2443.28,2458.22,2437.7,2452.66,16549521600.0,0.0009322865706248452
2014-11-22T00:00:00.000000,2452.63,2488.2,2446.65,2486.79,21223977600.0,0.001075557443507532
2014-11-25T00:00:00.000000,2505.53,2546.23,2495.52,2532.88,36348582400.0,0.0012835177324532151
2014-11-26T00:00:00.000000,2532.0,2568.04,2527.28,2567.6,31431558400.0,0.0009074268575838795
2014-11-27T00:00:00.000000,2572.65,2604.89,2570.92,2604.34,33712726400.0,0.0015313385481140365
2014-11-28T00:00:00.000000,2615.37,2631.4,2599.64,2630.49,36407571200.0,0.001583037973291276
2014-11-29T00:00:00.000000,2629.63,2683.13,2622.52,2682.84,46588003200.0,0.0020852486500682293
2014-12-02T00:00:00.000000,2691.72,2720.74,2669.27,2680.16,44679174400.0,0.0023535136211967544
2014-12-03T00:00:00.000000,2667.82,2776.99,2665.78,2763.55,43773337600.0,0.0023867020319207686
2014-12-04T00:00:00.000000,2768.68,2823.42,2733.95,2779.53,56212032000.0,0.0036981046113285523
2014-12-05T00:00:00.000000,2783.47,2900.51,2772.7,2899.46,53268771200.0,0.0025017136360708683
2014-12-06T00:00:00.000000,2926.57,2977.77,2813.43,2937.65,64050028800.0,0.007429715345668904
2014-12-09T00:00:00.000000,2907.82,3041.56,2880.42,3020.26,58757088000.0,0.003874701419894309
2014-12-10T00:00:00.000000,2992.49,3091.32,2834.76,2856.27,77199840000.0,0.006308068586024718
2014-12-11T00:00:00.000000,2855.94,2946.55,2808.0,2940.01,51288691200.0,0.0043289707354471655
2014-12-12T00:00:00.000000,2912.35,2965.67,2893.27,2925.74,48263273600.0,0.003474281960767143
2014-12-13T00:00:00.000000,2929.36,2961.97,2914.96,2938.17,40948080000.0,0.0020482033172713548
2014-12-16T00:00:00.000000,2921.45,2960.16,2891.61,2953.42,40037168000.0,0.002369056242492567
2014-12-17T00:00:00.000000,2953.81,3021.61,2943.91,3021.52,45384272000.0,0.002275566340800313
2014-12-18T00:00:00.000000,3031.95,3076.2,2993.33,3061.02,54250316800.0,0.0035455719861474
2014-12-19T00:00:00.000000,3062.8,3089.72,3030.55,3057.52,43590496000.0,0.0027044044664597407
2014-12-20T00:00:00.000000,3053.07,3117.53,3018.42,3108.6,52107350400.0,0.0031230279362370063
2014-12-23T00:00:00.000000,3129.27,3189.35,3091.14,3127.45,67937190400.0,0.004997775526070663
2014-12-24T00:00:00.000000,3085.08,3136.57,3026.01,3032.61,43776240000.0,0.004353856336010131
2014-12-25T00:00:00.000000,3039.21,3049.77,2934.91,2972.53,37680524800.0,0.0032667080159653346
2014-12-26T00:00:00.000000,2992.46,3073.35,2970.47,3072.54,37694777600.0,0.0028031073608559428
2014-12-27T00:00:00.000000,3078.01,3164.11,3064.28,3157.6,46070092800.0,0.0024203070822575246
2014-12-30T00:00:00.000000,3212.56,3223.64,3127.01,3168.02,51011142400.0,0.0039109011704732055
2014-12-31T00:00:00.000000,3160.8,3190.01,3130.48,3165.82,39772531200.0,0.0035261600274456243
2015-01-01T00:00:00.000000,3172.6,3239.16,3157.54,3234.68,40599852800.0,0.0021568995381837184
2015-01-06T00:00:00.000000,3258.63,3369.28,3253.88,3350.52,53135238400.0,0.0026065868337248922
2015-01-07T00:00:00.000000,3330.8,3393.7,3303.6,3351.45,50166169600.0,0.003573098997907633
2015-01-08T00:00:00.000000,3326.65,3374.55,3312.21,3373.95,39191888000.0,0.0026795180165074144
2015-01-09T00:00:00.000000,3371.96,3380.45,3285.33,3293.46,37113116800.0,0.0031234516594670163
2015-01-10T00:00:00.000000,3276.97,3404.62,3267.62,3285.41,41024086400.0,0.003809853385988155
2015-01-13T00:00:00.000000,3258.21,3275.19,3191.72,3229.32,32206467200.0,0.0035563431469867453
2015-01-14T00:00:00.000000,3223.54,3258.93,3214.75,3235.3,23072576000.0,0.0018426827288865243
2015-01-15T00:00:00.000000,3242.34,3268.35,3194.08,3222.44,24019080000.0,0.001905646134004687
2015-01-16T00:00:00.000000,3224.07,3336.6,3207.55,3336.45,28254620800.0,0.002363579077386839
2015-01-17T00:00:00.000000,3343.6,3400.28,3341.02,3376.49,33987680000.0,0.00246428576817365
2015-01-20T00:00:00.000000,3189.73,3262.08,3095.21,3116.35,40109878400.0,0.007643350531771131
2015-01-21T00:00:00.000000,3114.56,3189.88,3100.48,3173.05,35708080000.0,0.0031826003098591954
2015-01-22T00:00:00.000000,3189.09,3336.37,3178.82,3323.61,41095600000.0,0.0025724125695427
2015-01-23T00:00:00.000000,3327.32,3352.38,3294.51,3343.34,35338297600.0,0.002274227247372897
2015-01-24T00:00:00.000000,3357.1,3406.56,3328.57,3351.76,36624924800.0,0.002749496198990264
2015-01-27T00:00:00.000000,3347.26,3384.14,3321.91,3383.18,31754099200.0,0.001986056305629082
2015-01-28T00:00:00.000000,3389.85,3389.85,3290.48,3352.96,37451750400.0,0.0025156160486790686
2015-01-29T00:00:00.000000,3325.72,3354.46,3295.04,3305.74,30192710400.0,0.0023477891289578
2015-01-30T00:00:00.000000,3259.0,3286.79,3234.24,3262.3,27465862400.0,0.0024951530255085696
2015-01-31T00:00:00.000000,3273.75,3288.3,3210.36,3210.36,25831254400.0,0.0023628511881906076
2015-02-03T00:00:00.000000,3148.14,3175.13,3122.57,3128.3,25086160000.0,0.003288968711831152
2015-02-04T00:00:00.000000,3156.09,3207.88,3129.77,3204.91,24819216000.0,0.002214290853281411
2015-02-05T00:00:00.000000,3212.82,3238.98,3171.14,3174.13,24909808000.0,0.001896513527105296
2015-02-06T00:00:00.000000,3251.21,3251.21,3136.38,3136.53,30613929600.0,0.003543589249586129
2015-02-07T00:00:00.000000,3120.09,3129.47,3053.58,3075.91,24674966400.0,0.0023533452658337497
2015-02-10T00:00:00.000000,3063.51,3118.66,3049.43,3095.12,20610838400.0,0.002325039463422263
2015-02-11T00:00:00.000000,3090.49,3141.84,3084.96,3141.59,19381710400.0,0.0016546459058833967
2015-02-12T00:00:00.000000,3145.77,3166.42,3139.32,3157.7,17284009600.0,0.0012551914010550198
2015-02-13T00:00:00.000000,3157.96,3181.64,3134.52,3173.42,19459230400.0,0.0011086987222990066
2015-02-14T00:00:00.000000,3186.81,3237.02,3183.05,3203.83,26129043200.0,0.0016905526664802992
2015-02-17T00:00:00.000000,3206.14,3228.63,3196.09,3222.36,22379742400.0,0.0009458697727051996
2015-02-18T00:00:00.000000,3230.88,3255.44,3230.88,3246.91,22833262400.0,0.001095958477758017
2015-02-26T00:00:00.000000,3256.48,3257.22,3215.62,3228.84,23334809600.0,0.0013592057826152934
2015-02-27T00:00:00.000000,3222.15,3300.55,3202.44,3298.36,30126387200.0,0.001706668614933285
2015-02-28T00:00:00.000000,3296.83,3323.97,3291.49,3310.3,29916371200.0,0.0014013113980766783
2015-03-03T00:00:00.000000,3332.72,3336.7,3299.16,3336.28,34644566400.0,0.0012913584568668558
2015-03-04T00:00:00.000000,3317.69,3317.69,3260.74,3263.05,38204460800.0,0.0018554484382975992
2015-03-05T00:00:00.000000,3264.18,3286.57,3250.56,3279.53,29363952000.0,0.001565336002982013
2015-03-06T00:00:00.000000,3264.08,3266.53,3221.74,3248.48,32066358400.0,0.0017208767242099196
2015-03-07T00:00:00.000000,3248.04,3266.84,3234.79,3241.19,28291577600.0,0.0013230667754707084
2015-03-10T00:00:00.000000,3224.31,3307.17,3198.47,3302.41,32149542400.0,0.002401090427038075
2015-03-11T00:00:00.000000,3289.08,3309.92,3277.29,3286.07,28581756800.0,0.0013118969150246339
2015-03-12T00:00:00.000000,3289.59,3324.41,3278.71,3290.9,28298553600.0,0.0015266735770663872
2015-03-13T00:00:00.000000,3314.81,3359.86,3300.58,3349.32,35729510400.0,0.0018592990395896434
2015-03-14T00:00:00.000000,3359.49,3391.26,3352.34,3372.91,32841014400.0,0.001410673394984769
2015-03-17T00:00:00.000000,3391.16,3449.3,3377.09,3449.3,39913241600.0,0.0012894243207072277
2015-03-18T00:00:00.000000,3469.6,3503.93,3459.69,3502.85,52093952000.0,0.001617557794183308
2015-03-19T00:00:00.000000,3510.5,3577.35,3504.4,3577.3,54521715200.0,0.001627170747546939
2015-03-20T00:00:00.000000,3576.02,3600.68,3546.84,3582.27,53734662400.0,0.0022092893014633718
2015-03-21T00:00:00.000000,3587.08,3632.14,3569.38,3617.32,51666166400.0,0.0019952188407837295
2015-03-24T00:00:00.000000,3640.1,3687.87,3635.54,3687.73,53606284800.0,0.0019589363789763144
2015-03-25T00:00:00.000000,3692.57,3715.87,3600.94,3691.41,63955468800.0,0.0030509425833405257
2015-03-26T00:00:00.000000,3680.95,3692.47,3634.63,3660.73,52188633600.0,0.002311770904860104
2015-03-27T00:00:00.000000,3641.94,3707.15,3615.01,3682.09,48864720000.0,0.003049169716446618
2015-03-28T00:00:00.000000,3686.13,3710.08,3656.88,3691.1,40894515200.0,0.001719217884342628
2015-03-31T00:00:00.000000,3710.61,3795.52,3710.61,3786.57,56470233600.0,0.001632399767536832
2015-04-01T00:00:00.000000,3822.99,3835.01,3737.53,3747.9,56167603200.0,0.002816625723219802
2015-04-02T00:00:00.000000,3748.34,3816.75,3742.21,3810.29,44745830400.0,0.0017795442881058904
2015-04-03T00:00:00.000000,3827.69,3835.1,3775.89,3825.78,47929968000.0,0.0018495372981309113
2015-04-04T00:00:00.000000,3803.38,3863.98,3792.32,3863.93,47303331200.0,0.001831342218144127
2015-04-08T00:00:00.000000,3899.42,3961.38,3892.08,3961.38,57044755200.0,0.001888988003202552
2015-04-09T00:00:00.000000,3976.53,3999.87,3903.8,3994.81,61808544000.0,0.0030739820769697707
2015-04-10T00:00:00.000000,4006.13,4016.31,3900.55,3957.53,58517683200.0,0.003665135470904688
2015-04-11T00:00:00.000000,3947.49,4040.04,3929.32,4034.31,48428361600.0,0.0016538487648748393
2015-04-14T00:00:00.000000,4072.72,4127.87,4058.0,4121.72,58981420800.0,0.0021031693556961117
2015-04-15T00:00:00.000000,4125.78,4168.02,4091.56,4135.56,61068352000.0,0.0026535205892780807
2015-04-16T00:00:00.000000,4135.65,4174.93,4069.61,4084.16,61300582400.0,0.003168986087336079
2015-04-17T00:00:00.000000,4055.92,4195.31,4031.7,4194.82,55124294400.0,0.003046506466124586
2015-04-18T00:00:00.000000,4254.72,4317.02,4239.03,4287.3,70170624000.0,0.0033827077934149743
2015-04-21T00:00:00.000000,4301.35,4355.96,4191.2,4217.08,85713280000.0,0.004348988074990207
2015-04-22T00:00:00.000000,4212.19,4294.31,4188.57,4293.62,63447065600.0,0.002804254638666615
2015-04-23T00:00:00.000000,4304.6,4400.19,4298.1,4398.49,68030508800.0,0.001970974117358823
2015-04-24T00:00:00.000000,4414.48,4444.3,4358.84,4414.51,66734464000.0,0.0029613248572222363
2015-04-25T00:00:00.000000,4355.95,4415.84,4318.12,4393.69,62855500800.0,0.002996907715840169
2015-04-28T00:00:00.000000,4441.93,4529.69,4441.93,4527.4,67108851200.0,0.002658338372818883
2015-04-29T00:00:00.000000,4527.64,4572.39,4433.33,4476.22,76767641600.0,0.004202794051560465
2015-04-30T00:00:00.000000,4446.12,4499.66,4399.79,4476.62,51983420800.0,0.002887924289420288
2015-05-01T00:00:00.000000,4483.01,4506.88,4441.05,4441.65,52672796800.0,0.001974343738094015
2015-05-05T00:00:00.000000,4441.34,4487.42,4387.5,4480.46,49417340800.0,0.0025733139608164067
2015-05-06T00:00:00.000000,4479.85,4488.79,4282.86,4298.71,57285862400.0,0.0028805022838663354
2015-05-07T00:00:00.000000,4311.64,4375.82,4187.64,4229.27,48173299200.0,0.0033733022910143852
2015-05-08T00:00:00.000000,4197.9,4213.33,4108.01,4112.21,39456665600.0,0.0030231600775347304
2015-05-09T00:00:00.000000,4152.98,4206.76,4099.24,4205.92,39742809600.0,0.0028631847949974884
2015-05-12T00:00:00.000000,4231.27,4334.3,4188.2,4333.58,48875052800.0,0.002018880406316888
2015-05-13T00:00:00.000000,4342.37,4401.98,4318.07,4401.22,52186640000.0,0.002517545432495749
2015-05-14T00:00:00.000000,4402.38,4415.6,4342.83,4375.76,51049046400.0,0.0023961058749554865
2015-05-15T00:00:00.000000,4372.82,4397.32,4329.52,4378.31,44907788800.0,0.001985440340628741
2015-05-16T00:00:00.000000,4366.82,4366.82,4278.84,4308.69,43970620800.0,0.0025361426861404707
2015-05-19T00:00:00.000000,4277.89,4324.75,4260.51,4283.49,38005744000.0,0.0019254214127568446
2015-05-20T00:00:00.000000,4285.78,4418.4,4285.78,4417.55,43673523200.0,0.0018993231617241773
2015-05-21T00:00:00.000000,4434.98,4520.06,4432.69,4446.29,51410620800.0,0.002122098356820952
2015-05-22T00:00:00.000000,4456.43,4530.22,4438.26,4529.42,46499651200.0,0.0019112624121723457
2015-05-23T00:00:00.000000,4584.98,4657.95,4563.29,4657.6,65559129600.0,0.0027876842018769183
2015-05-26T00:00:00.000000,4660.08,4814.67,4657.17,4813.8,68246137600.0,0.0021171087671183223
2015-05-27T00:00:00.000000,4854.85,4911.46,4779.08,4910.9,70489280000.0,0.002871746460703643
2015-05-28T00:00:00.000000,4932.85,4958.16,4857.41,4941.71,68116537600.0,0.0027944114022580985
2015-05-29T00:00:00.000000,4943.74,4986.5,4614.24,4620.27,78296460800.0,0.004672591775420098
2015-05-30T00:00:00.000000,4603.47,4698.08,4432.11,4611.74,61126240000.0,0.007722899943551084
2015-06-02T00:00:00.000000,4633.1,4829.47,4615.23,4828.74,59338905600.0,0.002247574090445759
2015-06-03T00:00:00.000000,4844.7,4911.57,4798.09,4910.53,62374809600.0,0.002932747726638358
2015-06-04T00:00:00.000000,4924.38,4941.91,4823.01,4909.98,61145382400.0,0.0036862023791110307
2015-06-05T00:00:00.000000,4912.95,4947.87,4648.3,4947.1,67495238400.0,0.006637084563688795
2015-06-06T00:00:00.000000,5016.09,5051.21,4898.74,5023.1,77224076800.0,0.003939262830255254
2015-06-09T00:00:00.000000,5045.69,5146.81,4997.48,5131.88,85503507200.0,0.0031347392245429585
2015-06-10T00:00:00.000000,5145.98,5147.2,5042.96,5113.53,72989382400.0,0.0026680301573938667
2015-06-11T00:00:00.000000,5049.2,5163.69,5002.19,5106.04,59696902400.0,0.003092513291937023
2015-06-12T00:00:00.000000,5101.44,5122.36,5050.82,5121.59,56399052800.0,0.0023348697826456994
2015-06-13T00:00:00.000000,5143.34,5178.1,5103.69,5166.35,62562777600.0,0.002313469463586736
2015-06-16T00:00:00.000000,5174.42,5176.25,5048.9,5062.99,63780403200.0,0.0029678747519037195
2015-06-17T00:00:00.000000,5004.41,5029.43,4842.9,4887.43,55080140800.0,0.00393338826345797
2015-06-18T00:00:00.000000,4890.55,4983.63,4767.74,4967.9,53710118400.0,0.0031348781857786427
2015-06-19T00:00:00.000000,4942.52,4966.73,4781.06,4785.36,50744089600.0,0.002904397927431356
2015-06-20T00:00:00.000000,4689.93,4744.08,4476.96,4478.36,45268963200.0,0.004555149513621979
2015-06-24T00:00:00.000000,4471.61,4577.16,4264.77,4576.49,47352614400.0,0.0068936266564941584
2015-06-25T00:00:00.000000,4604.58,4691.73,4552.57,4690.15,54300371200.0,0.003387855662491378
2015-06-26T00:00:00.000000,4711.76,4720.33,4484.14,4527.78,57279756800.0,0.0036873490670063704
2015-06-27T00:00:00.000000,4399.93,4456.86,4139.84,4192.87,56521785600.0,0.00635765543973974
2015-06-30T00:00:00.000000,4289.77,4297.23,3875.47,4053.03,67378636800.0,0.008413426427746085
2015-07-01T00:00:00.000000,4006.75,4279.66,3848.46,4277.22,70917664000.0,0.008941556515191665
2015-07-02T00:00:00.000000,4214.15,4316.39,4043.81,4053.7,59876940800.0,0.005205730816901028
2015-07-03T00:00:00.000000,4058.62,4080.23,3795.32,3912.77,58601561600.0,0.009020239655457599
2015-07-04T00:00:00.000000,3793.71,3927.02,3629.91,3686.91,54816307200.0,0.008375034408914179
2015-07-07T00:00:00.000000,3975.21,3975.21,3653.36,3775.91,83113926400.0,0.010660721831215601
2015-07-08T00:00:00.000000,3654.78,3750.29,3586.98,3727.13,69881868800.0,0.005182265720427504
2015-07-09T00:00:00.000000,3467.4,3598.86,3421.53,3507.19,68035692800.0,0.011117972229637275
2015-07-10T00:00:00.000000,3432.45,3748.38,3374.14,3709.33,65691462400.0,0.0076987416536085295
2015-07-11T00:00:00.000000,3707.46,3958.97,3677.84,3877.8,58636428800.0,0.005404876114407413
2015-07-14T00:00:00.000000,3918.99,4029.97,3859.53,3970.39,64348902400.0,0.004858020239335968
2015-07-15T00:00:00.000000,3958.37,4035.01,3855.96,3924.49,67055878400.0,0.005490281431420912
2015-07-16T00:00:00.000000,3874.97,3913.81,3741.31,3805.7,60130131200.0,0.004118492213025682
2015-07-17T00:00:00.000000,3758.5,3877.26,3689.73,3823.18,49225619200.0,0.005509779185469892
2015-07-18T00:00:00.000000,3831.42,3993.67,3814.58,3957.35,48172630400.0,0.0025798408366067187
2015-07-21T00:00:00.000000,3948.42,4021.11,3927.81,3992.11,53910668800.0,0.003356057465017411
2015-07-22T00:00:00.000000,3939.9,4041.66,3913.56,4017.68,50428803200.0,0.0029747246861886495
2015-07-23T00:00:00.000000,3996.43,4042.34,3960.86,4026.05,52073222400.0,0.002120975555242257
2015-07-24T00:00:00.000000,4022.27,4132.38,4019.29,4123.92,56358598400.0,0.0017005300654863189
2015-07-25T00:00:00.000000,4124.75,4184.2,4045.04,4070.91,62742489600.0,0.0032220054398292056
2015-07-28T00:00:00.000000,3985.57,4051.14,3720.66,3725.56,55600326400.0,0.0053796056868639745
2015-07-29T00:00:00.000000,3573.14,3761.86,3537.36,3663.0,56333004800.0,0.009096355714587773
2015-07-30T00:00:00.000000,3689.82,3791.91,3612.35,3789.17,43435209600.0,0.004519473517434606
2015-07-31T00:00:00.000000,3773.79,3844.37,3686.03,3705.77,45794323200.0,0.004641691833406968
2015-08-01T00:00:00.000000,3655.67,3729.51,3620.35,3663.73,35095574400.0,0.0035223069230654338
2015-08-04T00:00:00.000000,3614.99,3648.32,3549.78,3622.91,36396873600.0,0.004031070747011035
2015-08-05T00:00:00.000000,3621.85,3756.65,3601.29,3756.55,36290169600.0,0.0027585648159799353
2015-08-06T00:00:00.000000,3745.65,3782.35,3676.49,3694.57,36642297600.0,0.003441154248432709
2015-08-07T00:00:00.000000,3625.5,3710.01,3615.66,3661.54,27407465600.0,0.003728107225419829
2015-08-08T00:00:00.000000,3692.61,3756.35,3686.3,3744.2,34075718400.0,0.002749477286988823
2015-08-11T00:00:00.000000,3786.03,3943.58,3776.07,3928.41,49730432000.0,0.0026932411156076036
2015-08-12T00:00:00.000000,3928.81,3970.2,3891.24,3927.91,53892352000.0,0.0030452254608416642
2015-08-13T00:00:00.000000,3881.23,3937.57,3871.14,3886.32,44268828800.0,0.0028927456815551937
2015-08-14T00:00:00.000000,3869.91,3955.06,3838.16,3954.56,43007331200.0,0.002744282628792482
2015-08-15T00:00:00.000000,3976.41,4000.68,3939.9,3965.34,46798822400.0,0.0023272423281123127
2015-08-18T00:00:00.000000,3947.84,3994.54,3907.84,3993.67,46043209600.0,0.0023890105990013134
2015-08-19T00:00:00.000000,3999.13,4006.06,3743.56,3748.16,54377081600.0,0.004186667472628229
2015-08-20T00:00:00.000000,3646.8,3811.3,3558.45,3794.11,47539619200.0,0.006498616388926925
2015-08-21T00:00:00.000000,3754.57,3788.01,3663.61,3664.29,39006307200.0,0.003914046038782543
2015-08-22T00:00:00.000000,3609.96,3652.57,3491.51,3507.74,36992048000.0,0.005382022470780598
2015-08-25T00:00:00.000000,3373.48,3387.63,3191.98,3209.91,33467180800.0,0.008446722856040298
2015-08-26T00:00:00.000000,3004.13,3122.36,2948.24,2964.97,35232512000.0,0.010211277309864278
2015-08-27T00:00:00.000000,2980.79,3091.38,2851.23,2927.29,46669964800.0,0.008534605300321308
2015-08-28T00:00:00.000000,2978.03,3085.42,2907.45,3083.59,40030838400.0,0.006737239664676553
2015-08-29T00:00:00.000000,3125.26,3235.83,3103.08,3232.35,44313692800.0,0.004173589538580851
2015-09-01T00:00:00.000000,3203.56,3207.86,3109.53,3205.99,39743139200.0,0.0042833171205504846
2015-09-02T00:00:00.000000,3157.83,3180.15,3054.36,3166.62,43243251200.0,0.005504601637485544
2015-09-03T00:00:00.000000,3027.68,3193.68,3019.09,3160.17,43817014400.0,0.007560032677903691
2015-09-08T00:00:00.000000,3149.38,3217.03,3066.93,3080.42,29646812800.0,0.00401256025640693
2015-09-09T00:00:00.000000,3054.44,3174.67,3011.29,3170.45,25541547200.0,0.003845784588994683
2015-09-10T00:00:00.000000,3182.55,3256.7,3165.92,3243.09,37532796800.0,0.002891626416067081
2015-09-11T00:00:00.000000,3190.55,3243.03,3179.46,3197.89,27326176000.0,0.0035957025858549176
2015-09-12T00:00:00.000000,3189.48,3223.37,3163.45,3200.23,22455782400.0,0.0022008830354898713
2015-09-15T00:00:00.000000,3221.17,3229.0,3049.33,3114.8,34663116800.0,0.004982579714665474
2015-09-16T00:00:00.000000,3043.8,3081.57,2984.0,3005.17,24919444800.0,0.004486758269409036
2015-09-17T00:00:00.000000,2998.04,3182.59,2983.9,3152.26,27752451200.0,0.0038568333033718546
2015-09-18T00:00:00.000000,3131.98,3204.7,3085.71,3086.06,31760288000.0,0.0038813833398498774
2015-09-19T00:00:00.000000,3100.28,3121.9,3070.47,3097.92,20917539200.0,0.003201933621140497
2015-09-22T00:00:00.000000,3072.09,3159.51,3061.04,3156.54,23989740800.0,0.002678118665539748
2015-09-23T00:00:00.000000,3161.32,3213.48,3152.51,3185.62,27478611200.0,0.0023489710881371265
2015-09-24T00:00:00.000000,3137.72,3163.48,3104.98,3115.89,23632267200.0,0.003028546081976813
2015-09-25T00:00:00.000000,3126.49,3151.06,3109.71,3142.69,21288772800.0,0.0017386285695786881
2015-09-26T00:00:00.000000,3130.85,3149.51,3063.0,3092.35,23626387200.0,0.0027597397714992627
2015-09-29T00:00:00.000000,3085.57,3102.53,3042.49,3100.76,15672753600.0,0.001961328983050359
2015-09-30T00:00:00.000000,3055.22,3068.23,3021.21,3038.14,16322267200.0,0.0027247513429517266
2015-10-01T00:00:00.000000,3052.84,3073.11,3039.74,3052.78,14664244800.0,0.0016783587963311202
2015-10-09T00:00:00.000000,3156.07,3172.12,3133.44,3143.36,23427604800.0,0.004602344658423021
2015-10-10T00:00:00.000000,3146.64,3192.68,3138.27,3183.15,23485139200.0,0.0013668592960012181
2015-10-13T00:00:00.000000,3193.54,3318.65,3188.65,3287.66,38629472000.0,0.002262231854061647
2015-10-14T00:00:00.000000,3262.16,3298.52,3253.25,3293.23,29715308800.0,0.001785563351618805
2015-10-15T00:00:00.000000,3280.02,3307.14,3256.37,3262.44,29507769600.0,0.001971484521389741
2015-10-16T00:00:00.000000,3255.03,3338.3,3254.39,3338.07,31628380800.0,0.0017178194011687965
2015-10-17T00:00:00.000000,3358.3,3393.02,3334.92,3391.35,39546060800.0,0.002013426130788095
2015-10-20T00:00:00.000000,3401.63,3423.4,3355.85,3386.7,37811219200.0,0.0021664043896211784
2015-10-21T00:00:00.000000,3377.55,3425.4,3358.25,3425.33,31897376000.0,0.0018185840561935154
2015-10-22T00:00:00.000000,3428.56,3447.09,3265.82,3320.68,45845542400.0,0.004350475522040926
2015-10-23T00:00:00.000000,3292.29,3373.66,3282.99,3368.74,32373932800.0,0.002930633064422207
2015-10-24T00:00:00.000000,3377.55,3421.99,3360.48,3412.43,34737286400.0,0.0019177659638031047
2015-10-27T00:00:00.000000,3448.65,3457.52,3402.01,3429.58,36556086400.0,0.002455229492351004
2015-10-28T00:00:00.000000,3409.14,3441.18,3333.2,3434.34,32817276800.0,0.003232709590993474
2015-10-29T00:00:00.000000,3417.01,3439.72,3367.44,3375.2,29352329600.0,0.0022119523213891277
2015-10-30T00:00:00.000000,3387.77,3411.39,3362.74,3387.32,23567603200.0,0.0018161133798903848
2015-10-31T00:00:00.000000,3380.28,3417.2,3346.84,3382.56,24359510400.0,0.001798458321170945
2015-11-03T00:00:00.000000,3337.58,3390.97,3322.42,3325.09,23095110400.0,0.0024743575340134966
2015-11-04T00:00:00.000000,3330.32,3345.92,3302.56,3316.7,19289742400.0,0.0017739727997542424
2015-11-05T00:00:00.000000,3325.62,3459.3,3325.62,3459.64,33907872000.0,0.0019720397904905798
2015-11-06T00:00:00.000000,3459.22,3585.16,3455.53,3522.82,55325491200.0,0.003144922861100404
2015-11-07T00:00:00.000000,3514.44,3596.06,3508.95,3590.03,42916704000.0,0.001972291289851646
2015-11-10T00:00:00.000000,3588.5,3673.52,3588.5,3646.88,50301667200.0,0.0028178256285048987
2015-11-11T00:00:00.000000,3617.4,3669.34,3608.06,3640.49,42974656000.0,0.002598138020468375
2015-11-12T00:00:00.000000,3635.0,3654.42,3606.0,3650.25,36097260800.0,0.001877724319838817
2015-11-13T00:00:00.000000,3656.82,3659.18,3603.4,3632.9,36171760000.0,0.002096530079086749
2015-11-14T00:00:00.000000,3600.76,3632.56,3564.85,3580.84,34587094400.0,0.002651491270048916
2015-11-17T00:00:00.000000,3522.46,3607.26,3519.53,3606.96,27618707200.0,0.002518353595224385
2015-11-18T00:00:00.000000,3629.98,3678.27,3598.25,3604.8,38357545600.0,0.002232044017224676
2015-11-19T00:00:00.000000,3605.06,3616.65,3558.8,3568.47,29758073600.0,0.002348134029299149
2015-11-20T00:00:00.000000,3573.78,3617.85,3561.13,3617.06,24791558400.0,0.0015856295486485477
2015-11-21T00:00:00.000000,3620.79,3640.32,3608.26,3630.5,31080198400.0,0.0014440256072117583
2015-11-24T00:00:00.000000,3630.87,3654.64,3598.87,3610.32,31599747200.0,0.0015195515556538097
2015-11-25T00:00:00.000000,3602.89,3616.35,3563.31,3616.11,24881049600.0,0.0016287130272938342
2015-11-26T00:00:00.000000,3614.07,3648.18,3607.68,3647.93,27302486400.0,0.0011051488930392409
2015-11-27T00:00:00.000000,3659.57,3668.13,3630.21,3635.55,30676156800.0,0.001430890339231426
2015-11-28T00:00:00.000000,3616.54,3621.56,3412.71,3436.3,35428752000.0,0.0039477138972994485
2015-12-01T00:00:00.000000,3433.86,3470.17,3327.81,3445.41,30419788800.0,0.0038126610585461707
2015-12-02T00:00:00.000000,3442.44,3483.34,3417.66,3456.31,25239075200.0,0.002337192077479074
2015-12-03T00:00:00.000000,3450.28,3538.73,3427.94,3536.91,30149148800.0,0.002765853063316516
2015-12-04T00:00:00.000000,3525.73,3591.73,3517.39,3584.82,28111126400.0,0.001966664960610649
2015-12-05T00:00:00.000000,3558.15,3568.36,3510.56,3524.99,25173641600.0,0.00208488764684153
2015-12-08T00:00:00.000000,3529.806,3543.945,3506.769,3536.93,20561438200.0,0.0014023966579598487
2015-12-09T00:00:00.000000,3518.65,3518.65,3466.92,3470.07,22436729600.0,0.0018037937243047036
2015-12-10T00:00:00.000000,3462.58,3495.32,3455.04,3472.44,19569884800.0,0.001399445169733259
2015-12-11T00:00:00.000000,3469.81,3503.65,3446.27,3455.49,20042752000.0,0.0016730255535412025
2015-12-12T00:00:00.000000,3441.6,3455.5,3411.31,3434.58,18290888000.0,0.0018282521624464621
2015-12-15T00:00:00.000000,3403.51,3521.12,3399.29,3520.67,21537459200.0,0.001992892187476886
2015-12-16T00:00:00.000000,3518.13,3529.49,3496.85,3510.35,20047134400.0,0.0012478272529008068
2015-12-17T00:00:00.000000,3522.09,3538.42,3506.53,3516.19,19348230400.0,0.0012666997219179794
2015-12-18T00:00:00.000000,3533.63,3583.41,3533.63,3580.0,28385648000.0,0.0014152865274292487
2015-12-19T00:00:00.000000,3574.94,3614.7,3568.53,3578.96,27370790400.0,0.001487819439255381
2015-12-22T00:00:00.000000,3568.58,3650.91,3565.81,3642.47,29984931200.0,0.0013230049841306117
2015-12-23T00:00:00.000000,3645.99,3652.24,3617.21,3651.77,26117876800.0,0.001130348344673924
2015-12-24T00:00:00.000000,3653.28,3684.57,3633.04,3636.09,29820179200.0,0.0017590001330248506
2015-12-25T00:00:00.000000,3631.31,3640.19,3572.35,3612.49,22778520000.0,0.0017499503395565317
2015-12-26T00:00:00.000000,3614.05,3635.16,3602.32,3627.91,19845110400.0,0.0012100375033950474
2015-12-29T00:00:00.000000,3635.77,3641.54,3533.78,3533.78,26998326400.0,0.002282574692176682
2015-12-30T00:00:00.000000,3528.4,3564.12,3515.77,3563.74,18255192000.0,0.0015243720160933746
2015-12-31T00:00:00.000000,3566.73,3573.56,3538.33,3572.88,18788961600.0,0.0011288830719981232
2016-01-01T00:00:00.000000,3570.47,3580.52,3539.18,3539.18,17696366400.0,0.001347509238028221
2016-01-05T00:00:00.000000,3536.59,3538.54,3295.74,3296.26,18441841600.0,0.004076789879303165
2016-01-06T00:00:00.000000,3196.65,3328.1,3189.81,3287.71,26688208000.0,0.005232028505488554
2016-01-07T00:00:00.000000,3291.19,3362.97,3289.34,3361.84,23888667200.0,0.0021556430713824547
2016-01-08T00:00:00.000000,3309.66,3309.66,3115.89,3115.89,7056912000.0,0.005554541024007384
2016-01-09T00:00:00.000000,3194.63,3235.45,3057.22,3186.41,28644083200.0,0.005509700691870801
2016-01-12T00:00:00.000000,3131.85,3166.22,3016.7,3016.7,27164368000.0,0.004459285115686069
2016-01-13T00:00:00.000000,3026.16,3047.63,2978.46,3022.86,20765961600.0,0.0035285040065514204
2016-01-14T00:00:00.000000,3041.11,3058.75,2949.56,2949.6,19428211200.0,0.0029583557423699842
2016-01-15T00:00:00.000000,2874.05,3012.29,2868.31,3007.65,21290564800.0,0.005201147975665548
2016-01-16T00:00:00.000000,2988.05,3001.71,2884.09,2900.97,19872169600.0,0.0035544321294405474
2016-01-19T00:00:00.000000,2847.54,2945.42,2845.2,2913.84,16469969600.0,0.0032487921574371153
2016-01-20T00:00:00.000000,2914.41,3011.84,2906.6,3007.74,20527969600.0,0.00247154586581132
2016-01-21T00:00:00.000000,2993.01,3016.07,2952.06,2976.69,21650547200.0,0.0021881300494534252
2016-01-22T00:00:00.000000,2934.39,2998.59,2880.08,2880.48,19167566400.0,0.0038389551004004816
2016-01-23T00:00:00.000000,2911.11,2931.31,2851.74,2916.56,15981073600.0,0.002868617672017481
2016-01-26T00:00:00.000000,2934.08,2955.78,2912.08,2938.51,15303905600.0,0.0019884722222879903
2016-01-27T00:00:00.000000,2907.72,2911.76,2743.84,2749.79,21083604800.0,0.004462660686369349
2016-01-28T00:00:00.000000,2756.08,2768.5,2638.3,2735.56,21572204800.0,0.004919025616684996
2016-01-29T00:00:00.000000,2711.16,2740.33,2647.55,2655.66,17112028800.0,0.0032449789260672705
2016-01-30T00:00:00.000000,2652.85,2755.24,2649.79,2737.6,18667310400.0,0.0024728319238417167
2016-02-02T00:00:00.000000,2730.98,2734.9,2656.02,2688.85,15638374400.0,0.0025058643404012107
2016-02-03T00:00:00.000000,2687.98,2755.16,2687.98,2749.57,15807820800.0,0.0017819645539589118
2016-02-04T00:00:00.000000,2719.57,2746.07,2696.97,2739.25,14839721600.0,0.00270522971292067
2016-02-05T00:00:00.000000,2751.43,2793.3,2751.43,2781.02,17038201600.0,0.0019118019046471973
2016-02-06T00:00:00.000000,2783.08,2789.94,2762.16,2763.49,14118628800.0,0.001385655418557128
2016-02-16T00:00:00.000000,2684.96,2760.36,2682.28,2746.2,12926393600.0,0.004638285369089366
2016-02-17T00:00:00.000000,2758.58,2840.52,2758.58,2836.57,19596161600.0,0.001935099796953497
2016-02-18T00:00:00.000000,2829.76,2868.02,2824.36,2867.34,21690992000.0,0.001809354568919588
2016-02-19T00:00:00.000000,2881.78,2893.21,2857.7,2862.89,21920387200.0,0.001704757636089512
2016-02-20T00:00:00.000000,2854.9,2872.68,2840.74,2860.02,16339140800.0,0.001535519271323407
2016-02-23T00:00:00.000000,2888.6,2933.82,2880.43,2927.18,23217600000.0,0.002083195065134676
2016-02-24T00:00:00.000000,2925.71,2928.05,2872.28,2903.33,19974065600.0,0.00178145647567669
2016-02-25T00:00:00.000000,2889.88,2929.85,2872.72,2928.9,21341038400.0,0.0020073497853134916
2016-02-26T00:00:00.000000,2922.24,2922.24,2730.11,2741.25,27028441600.0,0.0036442553863554787
2016-02-27T00:00:00.000000,2760.06,2784.72,2715.97,2767.21,19111046400.0,0.0028368669622361254
2016-03-01T00:00:00.000000,2754.81,2755.49,2638.96,2687.98,20741070400.0,0.005029531305144923
2016-03-02T00:00:00.000000,2688.38,2747.42,2668.76,2733.17,18720744000.0,0.002301138324510005
2016-03-03T00:00:00.000000,2733.77,2852.7,2732.83,2849.68,27096179200.0,0.0021551308529257317
2016-03-04T00:00:00.000000,2847.33,2878.07,2840.87,2859.76,28747820800.0,0.0020236775113002437
2016-03-05T00:00:00.000000,2848.54,2880.37,2809.53,2874.15,31249516800.0,0.0034650094940376222
2016-03-08T00:00:00.000000,2886.64,2911.84,2871.52,2897.34,21746683200.0,0.002121855321234318
2016-03-09T00:00:00.000000,2895.67,2902.45,2802.56,2901.39,23348265600.0,0.0033922085744109327
2016-03-10T00:00:00.000000,2839.41,2863.01,2811.8,2862.56,18335537600.0,0.004393176012125879
2016-03-11T00:00:00.000000,2847.57,2862.73,2803.48,2804.73,13897945600.0,0.0020718463273722986
2016-03-12T00:00:00.000000,2781.6,2815.51,2772.55,2810.31,12724755200.0,0.0024470663491014924
2016-03-15T00:00:00.000000,2830.08,2889.64,2823.39,2859.5,19481600000.0,0.0019517191908461314
2016-03-16T00:00:00.000000,2853.98,2865.79,2819.96,2864.37,16338667200.0,0.0018630759822751914
2016-03-17T00:00:00.000000,2858.71,2880.69,2854.21,2870.43,18649252800.0,0.0011506233137576535
2016-03-18T00:00:00.000000,2875.41,2920.94,2857.31,2904.83,20029020800.0,0.0014757640120677301
2016-03-19T00:00:00.000000,2915.52,2971.44,2909.03,2955.15,31333273600.0,0.0015877877603184274
2016-03-22T00:00:00.000000,2978.46,3028.26,2973.76,3018.8,35240044800.0,0.002174730284588743
2016-03-23T00:00:00.000000,3001.63,3018.81,2988.43,2999.36,27037731200.0,0.0019458273077675007
2016-03-24T00:00:00.000000,2991.17,3012.37,2980.93,3009.96,21697745600.0,0.00146456276450404
2016-03-25T00:00:00.000000,2986.8,2998.15,2960.69,2960.97,23700640000.0,0.00233824753250833
2016-03-26T00:00:00.000000,2956.2,2981.36,2952.2,2979.43,17507433600.0,0.001308862312609776
2016-03-29T00:00:00.000000,2988.01,3008.05,2948.53,2957.82,20202124800.0,0.0016872023361974614
2016-03-30T00:00:00.000000,2956.71,2962.1,2905.28,2919.83,18296534400.0,0.0021860473150607574
2016-03-31T00:00:00.000000,2941.22,3000.64,2941.22,3000.64,21037145600.0,0.0019138159792812652
2016-04-01T00:00:00.000000,3009.37,3023.25,2993.03,3003.92,22041344000.0,0.0014748723341636764
2016-04-02T00:00:00.000000,2997.09,3009.65,2956.25,3009.53,20654587200.0,0.001718324869725544
2016-04-06T00:00:00.000000,3000.94,3057.33,2993.27,3053.07,25673033600.0,0.0012742904942240941
2016-04-07T00:00:00.000000,3039.74,3059.79,3029.46,3050.59,23226204800.0,0.001268474722115108
2016-04-08T00:00:00.000000,3058.34,3062.36,3007.23,3008.42,22091950400.0,0.00163582207543853
2016-04-09T00:00:00.000000,2988.2,2995.81,2960.61,2984.96,18790464000.0,0.0017879288531366822
2016-04-12T00:00:00.000000,3006.91,3048.82,3006.91,3033.96,22001832000.0,0.0019233204551397105
2016-04-13T00:00:00.000000,3031.3,3036.56,3001.32,3023.65,18271867200.0,0.001360411448997402
2016-04-14T00:00:00.000000,3041.36,3097.16,3041.36,3066.64,31000323200.0,0.0018914864093416252
2016-04-15T00:00:00.000000,3080.09,3086.67,3057.2,3082.36,20823782400.0,0.0013896586192748196
2016-04-16T00:00:00.000000,3085.03,3089.95,3066.87,3078.12,18961305600.0,0.0010047402241838616
2016-04-19T00:00:00.000000,3058.46,3058.46,3023.04,3033.66,18330451200.0,0.0018523247632131993
2016-04-20T00:00:00.000000,3047.13,3054.37,3025.02,3042.82,15653320000.0,0.001380334562101097
2016-04-21T00:00:00.000000,3050.38,3055.45,2905.05,2972.58,28314422400.0,0.003511595384605375
2016-04-22T00:00:00.000000,2954.37,2990.67,2943.65,2952.89,18940684800.0,0.0020519203563134428
2016-04-23T00:00:00.000000,2933.03,2960.21,2927.12,2959.24,13721166400.0,0.001577709328373258
2016-04-26T00:00:00.000000,2949.97,2953.89,2917.17,2946.67,12585624000.0,0.0016819202022140282
2016-04-27T00:00:00.000000,2944.72,2965.43,2933.97,2964.7,11771160000.0,0.0012885632908068976
2016-04-28T00:00:00.000000,2967.19,2975.96,2949.49,2953.67,13086764000.0,0.000797120180222484
2016-04-29T00:00:00.000000,2955.74,2959.21,2916.37,2945.59,13866328000.0,0.0014111229590185793
2016-04-30T00:00:00.000000,2935.38,2950.42,2930.36,2938.32,10931062400.0,0.0010529881138859997
2016-05-04T00:00:00.000000,2940.39,2993.2,2929.81,2992.64,16870364800.0,0.001090972946009935
2016-05-05T00:00:00.000000,2983.03,3004.27,2978.99,2991.27,16540710400.0,0.000944666647891724
2016-05-06T00:00:00.000000,2987.02,2999.11,2977.2,2997.84,14483139200.0,0.0009154244392550754
2016-05-07T00:00:00.000000,2998.4,3003.54,2913.25,2913.25,20679649600.0,0.001894146034573517
2016-05-10T00:00:00.000000,2896.16,2896.16,2821.83,2832.11,18037833600.0,0.0026662636959194404
2016-05-11T00:00:00.000000,2822.33,2845.05,2820.16,2832.59,12082931200.0,0.0013822078625814495
2016-05-12T00:00:00.000000,2843.54,2857.17,2818.91,2837.04,15263420800.0,0.0015667186857415076
2016-05-13T00:00:00.000000,2812.11,2839.18,2781.7,2835.86,13633764800.0,0.0029597499718462313
2016-05-14T00:00:00.000000,2828.46,2850.09,2814.11,2827.11,11431971200.0,0.0011851564260502885
2016-05-17T00:00:00.000000,2816.78,2851.06,2804.99,2850.86,11465359200.0,0.0012700841336643481
2016-05-18T00:00:00.000000,2850.93,2860.27,2832.61,2843.68,12336906400.0,0.0010748307245912537
2016-05-19T00:00:00.000000,2828.18,2828.26,2781.47,2807.51,14048782400.0,0.0021197964312646995
2016-05-20T00:00:00.000000,2802.31,2829.32,2801.78,2806.91,11159507200.0,0.0011894332088456736
2016-05-21T00:00:00.000000,2792.89,2825.94,2785.59,2825.48,10870089600.0,0.0013489959885634557
2016-05-24T00:00:00.000000,2826.31,2848.07,2826.26,2843.64,12047045600.0,0.0009194596756347171
2016-05-25T00:00:00.000000,2839.68,2839.7,2807.19,2821.67,11145244800.0,0.001134311498240164
2016-05-26T00:00:00.000000,2835.03,2843.09,2807.75,2815.09,10352726400.0,0.00114952358983213
2016-05-27T00:00:00.000000,2813.54,2827.0,2780.97,2822.44,11476680000.0,0.0016220385960301214
2016-05-28T00:00:00.000000,2817.97,2832.32,2810.07,2821.05,10984582400.0,0.0010367601332630953
2016-05-31T00:00:00.000000,2814.65,2830.9,2794.68,2822.45,10631959200.0,0.0014472823908089844
2016-06-01T00:00:00.000000,2822.59,2917.04,2822.59,2916.62,21526033600.0,0.001707605874583177
2016-06-02T00:00:00.000000,2916.69,2928.98,2909.57,2913.51,18719169900.0,0.0010743300998689133
2016-06-03T00:00:00.000000,2911.22,2925.43,2906.64,2925.23,15971691200.0,0.0008726899509146268
2016-06-04T00:00:00.000000,2929.79,2945.46,2915.3,2938.68,17202102400.0,0.0009538449752947355
2016-06-07T00:00:00.000000,2940.99,2945.63,2922.38,2934.1,14199374400.0,0.0008351943634274036
2016-06-08T00:00:00.000000,2936.28,2938.21,2923.68,2936.04,13298786400.0,0.0007449492825581594
2016-06-09T00:00:00.000000,2932.38,2937.75,2908.37,2927.16,14304606400.0,0.0009261282721285944
2016-06-14T00:00:00.000000,2897.27,2911.16,2832.51,2833.07,16925544000.0,0.0023465716509201468
2016-06-15T00:00:00.000000,2824.23,2843.46,2822.13,2842.19,11975527200.0,0.0012741265758032833
2016-06-16T00:00:00.000000,2814.69,2894.19,2811.9,2887.21,16667107200.0,0.0015494577406713096
2016-06-17T00:00:00.000000,2878.4,2887.74,2865.64,2872.82,17388276800.0,0.0010498523225414267
2016-06-18T00:00:00.000000,2873.01,2900.05,2872.39,2885.11,17147251200.0,0.001085781781078662
2016-06-21T00:00:00.000000,2887.64,2891.44,2864.17,2888.81,13657105600.0,0.0010310973489947133
2016-06-22T00:00:00.000000,2898.38,2919.1,2869.27,2878.56,16435908800.0,0.0014195009623150078
2016-06-23T00:00:00.000000,2872.73,2905.9,2869.62,2905.55,13059042400.0,0.0009508660210385908
2016-06-24T00:00:00.000000,2902.4,2904.04,2878.66,2891.96,13613737600.0,0.001045668000313004
2016-06-25T00:00:00.000000,2883.76,2899.38,2807.62,2854.29,19084260800.0,0.003286657972003576
2016-06-28T00:00:00.000000,2840.56,2895.73,2840.55,2895.7,15669747200.0,0.0008660902879037184
2016-06-29T00:00:00.000000,2885.01,2913.58,2878.82,2912.56,17387104000.0,0.0011845240492706923
2016-06-30T00:00:00.000000,2918.53,2934.0,2915.09,2931.59,19321558400.0,0.001041641693726607
2016-07-01T00:00:00.000000,2931.48,2937.75,2922.35,2929.61,15446492800.0,0.0008572550659086827
2016-07-02T00:00:00.000000,2931.8,2944.94,2925.89,2932.48,14124622400.0,0.0007914792622363427
2016-07-05T00:00:00.000000,2924.29,2992.5,2922.67,2988.6,22201713600.0,0.0010114089916163334
2016-07-06T00:00:00.000000,2991.75,3010.24,2990.83,3006.39,23520444800.0,0.0008886062792101267
2016-07-07T00:00:00.000000,2998.52,3017.6,2985.17,3017.29,21237091200.0,0.0009861058650676186
2016-07-08T00:00:00.000000,3009.35,3024.11,2994.83,3016.85,22268166400.0,0.0011817896089306324
2016-07-09T00:00:00.000000,3000.33,3001.24,2983.89,2988.09,16898686400.0,0.0010843819342508283
2016-07-12T00:00:00.000000,2993.75,3022.86,2990.97,2994.92,22433822400.0,0.0011061357305316725
2016-07-13T00:00:00.000000,2992.52,3049.68,2984.44,3049.38,25948628800.0,0.0014830299924175625
2016-07-14T00:00:00.000000,3049.51,3068.68,3048.2,3060.69,25365939200.0,0.0010704577600994117
2016-07-15T00:00:00.000000,3054.97,3056.78,3036.58,3054.02,18019480000.0,0.0008015813396825564
2016-07-16T00:00:00.000000,3056.68,3062.67,3044.54,3054.3,17286640000.0,0.0008824354768535392
2016-07-19T00:00:00.000000,3047.64,3058.32,3031.64,3043.56,17749656000.0,0.0009764359735934809
2016-07-20T00:00:00.000000,3040.23,3043.53,3014.57,3036.6,15536147200.0,0.0010365542122763303
2016-07-21T00:00:00.000000,3034.71,3043.0,3022.96,3027.9,13824281600.0,0.0007569640174832839
2016-07-22T00:00:00.000000,3027.6,3053.33,3027.6,3039.01,16376737600.0,0.0008646491232814767
2016-07-23T00:00:00.000000,3038.12,3039.27,3007.46,3012.82,16201017600.0,0.000832918745509006
2016-07-26T00:00:00.000000,3008.09,3027.05,3003.45,3015.83,14420657600.0,0.0007895336790936237
2016-07-27T00:00:00.000000,3014.04,3050.58,3013.8,3050.17,15669451200.0,0.0007456117438635708
2016-07-28T00:00:00.000000,3050.37,3057.42,2939.23,2992.0,28016092800.0,0.0028097718185087998
2016-07-29T00:00:00.000000,2980.5,3003.23,2968.18,2994.32,19056494400.0,0.0015935693358014903
2016-07-30T00:00:00.000000,2992.54,2999.77,2973.04,2979.34,15010153600.0,0.001038089188961635
2016-08-02T00:00:00.000000,2971.95,2972.88,2931.96,2953.39,14740776000.0,0.0017950875628920387
2016-08-03T00:00:00.000000,2950.08,2971.28,2946.75,2971.28,11546889600.0,0.0007260473106188022
2016-08-04T00:00:00.000000,2963.21,2981.15,2957.01,2978.46,14114132800.0,0.0009803879776964573
2016-08-05T00:00:00.000000,2976.41,2982.65,2959.2,2982.43,13393330400.0,0.0007388823082477577
2016-08-06T00:00:00.000000,2978.78,2991.62,2971.64,2976.7,14185710400.0,0.0007770829882439564
2016-08-09T00:00:00.000000,2972.62,3004.72,2959.05,3004.28,15572984000.0,0.0009430104680287693
2016-08-10T00:00:00.000000,3001.31,3025.91,2998.75,3025.68,16999544000.0,0.0006236294389735693
2016-08-11T00:00:00.000000,3023.47,3033.05,3017.11,3018.75,16467516800.0,0.0007657744752268633
2016-08-12T00:00:00.000000,3013.68,3037.92,3001.18,3002.64,16187948800.0,0.0012834134007362172
2016-08-13T00:00:00.000000,3000.27,3051.02,2999.31,3050.67,16817366400.0,0.0010859211449825768
2016-08-16T00:00:00.000000,3056.48,3137.48,3054.12,3125.2,29761651200.0,0.0014725634669298725
2016-08-17T00:00:00.000000,3130.53,3140.44,3102.49,3110.04,27832892800.0,0.001134867076830095
2016-08-18T00:00:00.000000,3106.99,3113.96,3090.28,3109.55,21383963200.0,0.0010614547594627697
2016-08-19T00:00:00.000000,3107.75,3125.58,3093.35,3104.11,22935908800.0,0.0011091875032702473
2016-08-20T00:00:00.000000,3100.39,3113.02,3082.86,3108.1,19434745600.0,0.0008363719564194205
2016-08-23T00:00:00.000000,3107.38,3112.66,3083.69,3084.81,18538792000.0,0.0010012600101417534
2016-08-24T00:00:00.000000,3081.57,3101.11,3073.73,3089.71,16136896000.0,0.0009510050955024464
2016-08-25T00:00:00.000000,3092.02,3097.05,3079.56,3085.88,14570744000.0,0.0006516017666341728
2016-08-26T00:00:00.000000,3073.44,3073.44,3041.51,3068.33,17403297600.0,0.0014972265617023545
2016-08-27T00:00:00.000000,3069.85,3087.39,3064.18,3070.31,14966390400.0,0.0006609016330612408
2016-08-30T00:00:00.000000,3068.46,3074.94,3058.89,3070.03,14450000000.0,0.0006502705541643159
2016-08-31T00:00:00.000000,3071.44,3082.67,3066.02,3074.68,14043481600.0,0.0006398784100079305
2016-09-01T00:00:00.000000,3072.92,3087.64,3063.4,3085.49,14136860800.0,0.0007169674384014528
2016-09-02T00:00:00.000000,3083.96,3088.54,3062.89,3063.31,15519108800.0,0.0007182593030444668
2016-09-03T00:00:00.000000,3057.49,3072.53,3050.49,3067.35,15044691200.0,0.0007782262309227172
2016-09-06T00:00:00.000000,3070.71,3085.38,3065.5,3072.1,14496331200.0,0.000701692477221465
2016-09-07T00:00:00.000000,3071.06,3095.48,3053.23,3090.71,17290852800.0,0.0008642864948945587
2016-09-08T00:00:00.000000,3091.33,3105.68,3087.94,3091.93,18695676800.0,0.0006439289638133608
2016-09-09T00:00:00.000000,3089.95,3096.68,3084.0,3095.95,14588377600.0,0.0006148591648485208
2016-09-10T00:00:00.000000,3095.43,3101.66,3078.27,3078.85,16069292800.0,0.0006278790806600984
2016-09-13T00:00:00.000000,3037.51,3040.76,2999.93,3021.98,20601208000.0,0.002448828353324952
2016-09-14T00:00:00.000000,3025.03,3029.57,3008.87,3023.51,13538758400.0,0.0008128000252402864
2016-09-15T00:00:00.000000,3008.9,3017.87,2995.69,3002.85,13341340000.0,0.0010226496093078683
2016-09-20T00:00:00.000000,3005.32,3026.61,3005.32,3026.05,11922502400.0,0.0007367224703384785
2016-09-21T00:00:00.000000,3027.17,3027.74,3015.88,3023.0,11892412000.0,0.0004605393042063283
2016-09-22T00:00:00.000000,3021.58,3032.45,3017.66,3025.87,11572121600.0,0.0005044054102263147
2016-09-23T00:00:00.000000,3038.42,3054.41,3035.18,3042.31,13930955200.0,0.0008341903220852629
2016-09-24T00:00:00.000000,3044.79,3046.8,3033.03,3033.9,12559097600.0,0.00048599464548938716
2016-09-27T00:00:00.000000,3028.24,3028.24,2980.21,2980.43,14433028800.0,0.001036087231497325
2016-09-28T00:00:00.000000,2974.59,2998.23,2969.16,2998.17,12170144800.0,0.0008695061932234555
2016-09-29T00:00:00.000000,3000.7,3000.7,2984.32,2987.86,10462569600.0,0.0006084553596698902
2016-09-30T00:00:00.000000,2992.17,3009.01,2992.17,2998.48,11321392000.0,0.0006807524108264257
2016-10-01T00:00:00.000000,2994.25,3009.08,2993.47,3004.7,10133356000.0,0.00041116352583678046
2016-10-11T00:00:00.000000,3020.46,3048.24,3014.89,3048.14,16005110400.0,0.001158181228013465
2016-10-12T00:00:00.000000,3051.62,3066.09,3048.11,3065.25,16727350400.0,0.0004399543672582325
2016-10-13T00:00:00.000000,3057.32,3060.47,3049.0,3058.5,14249358400.0,0.0007316339533496707
2016-10-14T00:00:00.000000,3057.97,3064.88,3052.64,3061.35,15475672000.0,0.0005264414322905956
2016-10-15T00:00:00.000000,3056.99,3064.75,3043.32,3063.81,15537371200.0,0.0006904450451596519
2016-10-18T00:00:00.000000,3064.69,3068.81,3033.8,3041.17,16373326400.0,0.0008139704959732774
2016-10-19T00:00:00.000000,3037.4,3083.97,3037.4,3083.88,18204246400.0,0.0007314423938545671
2016-10-20T00:00:00.000000,3085.75,3096.22,3076.85,3084.72,18247014400.0,0.0006385334853271564
2016-10-21T00:00:00.000000,3084.91,3089.68,3076.33,3084.46,16069136000.0,0.0005298858069340988
2016-10-22T00:00:00.000000,3081.39,3101.85,3069.36,3090.94,18738806400.0,0.0010214258465278115
2016-10-25T00:00:00.000000,3092.05,3137.03,3090.82,3128.25,24052235200.0,0.0009101724605132642
2016-10-26T00:00:00.000000,3127.97,3132.43,3121.19,3131.94,20338089600.0,0.0005416469998853877
2016-10-27T00:00:00.000000,3129.84,3129.84,3110.46,3116.31,19166326400.0,0.0008209187863103481
2016-10-28T00:00:00.000000,3112.6,3114.54,3100.52,3112.35,15800878400.0,0.000660459875611839
2016-10-29T00:00:00.000000,3111.7,3128.64,3101.24,3104.27,18177412800.0,0.0008233252181194367
2016-11-01T00:00:00.000000,3097.19,3101.93,3081.15,3100.49,15150676800.0,0.0010364214159398087
2016-11-02T00:00:00.000000,3101.66,3122.54,3097.12,3122.44,16023203200.0,0.0006234573612954471
2016-11-03T00:00:00.000000,3115.73,3118.92,3099.92,3102.73,18272206400.0,0.0007427124246427264
2016-11-04T00:00:00.000000,3096.77,3140.78,3094.14,3128.94,22298625600.0,0.0008712177353360057
2016-11-05T00:00:00.000000,3126.35,3141.31,3119.54,3125.32,19768320000.0,0.0007172020091045275
2016-11-08T00:00:00.000000,3124.89,3138.91,3117.1,3133.33,17941849600.0,0.0006483109621143767
2016-11-09T00:00:00.000000,3140.94,3156.86,3135.0,3147.89,19084697600.0,0.0006756317005522453
2016-11-10T00:00:00.000000,3146.08,3146.76,3096.95,3128.37,24111496000.0,0.0012382369478542731
2016-11-11T00:00:00.000000,3148.544,3172.3085,3148.544,3171.28,24419260200.0,0.0013697036994833678
2016-11-12T00:00:00.000000,3169.4,3202.55,3166.07,3196.04,31085459200.0,0.000860735251197316
2016-11-15T00:00:00.000000,3187.71,3221.45,3186.8,3210.37,32960832000.0,0.0010638153771757657
2016-11-16T00:00:00.000000,3209.95,3214.18,3195.17,3206.99,24088635200.0,0.0007308216734288618
2016-11-17T00:00:00.000000,3208.5,3210.89,3195.55,3205.06,22176700800.0,0.0005613996330143639
2016-11-18T00:00:00.000000,3198.5,3210.89,3187.25,3208.45,21420624000.0,0.000842894920677115
2016-11-19T00:00:00.000000,3207.19,3211.77,3187.58,3192.86,20982664000.0,0.0006207674418192807
2016-11-22T00:00:00.000000,3188.5,3229.71,3188.43,3218.15,23065284800.0,0.0008041136866276744
2016-11-23T00:00:00.000000,3220.98,3249.6,3220.98,3248.35,26163155200.0,0.0007494311880334596
2016-11-24T00:00:00.000000,3247.94,3262.88,3231.74,3241.14,24995958400.0,0.0009146660800053879
2016-11-25T00:00:00.000000,3237.43,3257.72,3232.94,3241.74,23232452800.0,0.0008256652257313973
2016-11-26T00:00:00.000000,3241.24,3262.32,3209.68,3261.94,23392160000.0,0.001383769366333629
2016-11-29T00:00:00.000000,3270.05,3288.34,3267.67,3277.0,28155126400.0,0.000982042573387201
2016-11-30T00:00:00.000000,3269.23,3301.21,3263.4,3282.92,32083628800.0,0.001221674487750533
2016-12-01T00:00:00.000000,3272.14,3277.15,3239.6,3250.03,24357604800.0,0.00122298930986729
2016-12-02T00:00:00.000000,3257.03,3279.22,3256.31,3273.31,23775987200.0,0.0009084032912491055
2016-12-03T00:00:00.000000,3270.12,3279.31,3235.4,3243.84,25956720000.0,0.0012925146829283274
2016-12-06T00:00:00.000000,3203.78,3219.36,3194.91,3204.71,22301040000.0,0.0019579293462984944
2016-12-07T00:00:00.000000,3202.03,3215.31,3196.62,3199.65,15757268800.0,0.0005972615170903946
2016-12-08T00:00:00.000000,3198.47,3222.24,3189.65,3222.24,16907284800.0,0.0006254899832130656
2016-12-09T00:00:00.000000,3225.55,3227.92,3211.47,3215.37,17071017600.0,0.0006822322531384256
2016-12-10T00:00:00.000000,3209.34,3244.79,3207.05,3232.88,20402395200.0,0.0009088056038794872
2016-12-13T00:00:00.000000,3233.67,3244.9,3149.94,3152.97,27470844800.0,0.0016648419359495167
2016-12-14T00:00:00.000000,3138.99,3162.5,3118.75,3155.04,18516449600.0,0.0015126742641348831
2016-12-15T00:00:00.000000,3149.38,3170.02,3136.38,3140.53,20135888000.0,0.0010759629402156052
2016-12-16T00:00:00.000000,3125.76,3138.78,3100.91,3117.68,18999062400.0,0.0012111232006466357
2016-12-17T00:00:00.000000,3111.51,3128.27,3106.54,3122.98,16498870400.0,0.0007585489010002268
2016-12-20T00:00:00.000000,3120.7,3125.06,3110.4,3118.08,15416971200.0,0.0008093590107515863
2016-12-21T00:00:00.000000,3115.9,3116.86,3084.8,3102.88,15742675200.0,0.0009753611745539547
2016-12-22T00:00:00.000000,3107.24,3140.25,3107.24,3137.43,18670660800.0,0.0009797321668171073
2016-12-23T00:00:00.000000,3132.16,3143.13,3127.0,3139.56,16780499200.0,0.0007542947010249572
2016-12-24T00:00:00.000000,3134.93,3138.4,3103.75,3110.15,16617676800.0,0.0009205868618445459
2016-12-27T00:00:00.000000,3095.58,3122.88,3068.42,3122.57,15257188800.0,0.001546868797733269
2016-12-28T00:00:00.000000,3117.39,3127.71,3113.75,3114.66,14152894400.0,0.0006960608568954828
2016-12-29T00:00:00.000000,3113.77,3118.78,3094.55,3102.24,13572708800.0,0.0007470642920394037
2016-12-30T00:00:00.000000,3095.84,3111.8,3087.57,3096.1,13262329600.0,0.0007529396808586465
2016-12-31T00:00:00.000000,3097.35,3108.81,3089.99,3103.64,13326712800.0,0.0007220679622170635
2017-01-04T00:00:00.000000,3105.31,3136.46,3105.31,3135.92,14156718400.0,0.0007556484737349616
2017-01-05T00:00:00.000000,3133.79,3160.02,3130.24,3158.79,16786080000.0,0.0005233052337898632
2017-01-06T00:00:00.000000,3157.91,3168.37,3154.42,3165.41,17472764800.0,0.0005606508516491203
2017-01-07T00:00:00.000000,3163.78,3172.02,3153.07,3154.32,18370896000.0,0.0007032332636819559
2017-01-10T00:00:00.000000,3148.53,3173.09,3147.74,3171.24,17171408000.0,0.000578916942754958
2017-01-11T00:00:00.000000,3167.57,3174.54,3157.33,3161.67,17975921600.0,0.0006263521267525483
2017-01-12T00:00:00.000000,3156.69,3167.01,3136.65,3136.75,17836222400.0,0.0009041199131640137
2017-01-13T00:00:00.000000,3133.6,3144.81,3116.09,3119.29,14888920000.0,0.0008623382900668463
2017-01-14T00:00:00.000000,3116.08,3130.51,3102.52,3112.76,15627420800.0,0.0010785713633033518
2017-01-17T00:00:00.000000,3104.49,3105.14,3044.35,3103.43,25788600000.0,0.002648663133557423
2017-01-18T00:00:00.000000,3087.03,3108.77,3072.34,3108.77,13615785600.0,0.0012656189032778304
2017-01-19T00:00:00.000000,3104.77,3123.64,3098.62,3113.01,13178012800.0,0.0008242325517015431
2017-01-20T00:00:00.000000,3104.97,3115.7,3094.01,3101.3,12385142400.0,0.000943543097302098
2017-01-21T00:00:00.000000,3095.82,3125.5,3095.37,3123.14,12236677600.0,0.0005992924727755851
2017-01-24T00:00:00.000000,3125.42,3145.65,3125.42,3136.77,13266039200.0,0.0006825373493459654
2017-01-25T00:00:00.000000,3134.59,3149.47,3131.29,3142.55,12597388000.0,0.0006572485280951134
2017-01-26T00:00:00.000000,3137.65,3151.47,3133.29,3149.55,11207382400.0,0.0005672319180445894
2017-01-27T00:00:00.000000,3149.22,3162.9,3148.98,3159.17,11387676800.0,0.0004833460475176682
2017-02-04T00:00:00.000000,3160.08,3162.62,3136.01,3140.17,9222473600.0,0.0005694652861439521
2017-02-07T00:00:00.000000,3143.09,3158.65,3135.39,3156.98,12719828000.0,0.0006383765022598078
2017-02-08T00:00:00.000000,3154.4,3159.33,3140.26,3153.09,12833744000.0,0.0004733937313980161
2017-02-09T00:00:00.000000,3148.09,3167.45,3132.21,3166.98,14492019200.0,0.0007505355346967326
2017-02-10T00:00:00.000000,3164.69,3186.74,3162.57,3183.18,19164032000.0,0.0005401123651639169
2017-02-11T00:00:00.000000,3183.01,3204.94,3183.01,3196.7,23934891200.0,0.0006028500657826221
2017-02-14T00:00:00.000000,3198.99,3219.37,3198.99,3216.84,22019150400.0,0.000666512955616017
2017-02-15T00:00:00.000000,3216.14,3219.4,3205.4,3217.93,18879808000.0,0.0005179367380450859
2017-02-16T00:00:00.000000,3215.46,3235.77,3206.74,3212.99,24150771200.0,0.0008216031117998577
2017-02-17T00:00:00.000000,3210.36,3230.28,3207.91,3229.62,21695593600.0,0.0007742742129308689
2017-02-18T00:00:00.000000,3227.71,3238.08,3199.62,3202.08,22622817600.0,0.0009624303945886622
2017-02-21T00:00:00.000000,3198.96,3241.46,3198.96,3239.96,23215209600.0,0.0007941800501688217
2017-02-22T00:00:00.000000,3242.22,3254.3,3240.17,3253.33,21167307200.0,0.0006360266975833359
2017-02-23T00:00:00.000000,3252.69,3261.22,3244.09,3261.22,20745377600.0,0.0006475270821441218
2017-02-24T00:00:00.000000,3258.83,3264.07,3236.42,3251.38,20917980800.0,0.0007952334722545347
2017-02-25T00:00:00.000000,3246.86,3253.96,3233.55,3253.43,18640636800.0,0.0007903304984089352
2017-02-28T00:00:00.000000,3249.19,3251.47,3224.15,3228.66,18258107200.0,0.0007330036869121283
2017-03-01T00:00:00.000000,3225.97,3242.68,3225.97,3241.73,15124432000.0,0.0005398614853589995
2017-03-02T00:00:00.000000,3240.07,3259.95,3238.07,3246.93,19067755200.0,0.0005235664989066935
2017-03-03T00:00:00.000000,3250.52,3256.74,3228.69,3230.03,18121507200.0,0.000674923531084282
2017-03-04T00:00:00.000000,3219.2,3221.03,3206.61,3218.31,15708236800.0,0.0009077980679906102
2017-03-07T00:00:00.000000,3217.33,3234.65,3215.35,3233.87,15609216000.0,0.0005041478930341385
2017-03-08T00:00:00.000000,3233.09,3242.66,3226.87,3242.41,16406424000.0,0.0004984346893688921
2017-03-09T00:00:00.000000,3240.53,3245.23,3230.66,3240.66,16073139200.0,0.0004655674933306976
2017-03-10T00:00:00.000000,3233.7,3233.7,3205.55,3216.75,16737110400.0,0.0009349553387979516
2017-03-11T00:00:00.000000,3213.73,3221.94,3208.58,3212.76,13667273600.0,0.0004487129298211229
2017-03-14T00:00:00.000000,3209.45,3237.04,3193.16,3237.02,16367376000.0,0.0008037621372300376
2017-03-15T00:00:00.000000,3235.25,3246.09,3231.52,3239.33,14694601600.0,0.0004983004646708385
2017-03-16T00:00:00.000000,3235.4,3243.56,3227.74,3241.76,14405568000.0,0.0006762207833191364
2017-03-17T00:00:00.000000,3247.16,3269.56,3247.16,3268.94,18941600000.0,0.0007858660519408184
2017-03-18T00:00:00.000000,3271.87,3274.19,3232.52,3237.45,20058321600.0,0.0006732039898061055
2017-03-21T00:00:00.000000,3241.11,3250.85,3228.15,3250.81,17054843200.0,0.0007056831519066984
2017-03-22T00:00:00.000000,3250.25,3262.22,3246.93,3261.61,16271931200.0,0.000555105104568448
2017-03-23T00:00:00.000000,3246.22,3255.57,3229.13,3245.22,18973164800.0,0.0010507126044853989
2017-03-24T00:00:00.000000,3245.81,3262.05,3222.17,3248.55,19302915200.0,0.0008740887680260906
2017-03-25T00:00:00.000000,3247.35,3275.15,3241.12,3269.45,21977792000.0,0.0006904183158911244
2017-03-28T00:00:00.000000,3268.92,3283.09,3262.12,3266.96,20185267200.0,0.0006917631888084493
2017-03-29T00:00:00.000000,3265.63,3265.63,3246.24,3252.95,16171001600.0,0.0006458456645050817
2017-03-30T00:00:00.000000,3252.87,3262.1,3233.32,3241.31,21610556800.0,0.0009055901077791918
2017-03-31T00:00:00.000000,3235.14,3239.73,3196.25,3210.24,24713547200.0,0.0011763321261020403
2017-04-01T00:00:00.000000,3206.25,3226.12,3205.63,3222.51,19644289600.0,0.0008298323940460908
2017-04-06T00:00:00.000000,3235.66,3270.65,3233.25,3270.31,24832020800.0,0.0009464007486477013
2017-04-07T00:00:00.000000,3272.19,3286.62,3265.8,3281.0,24528800000.0,0.0005574506435384875
2017-04-08T00:00:00.000000,3280.62,3295.08,3275.16,3286.62,23610894400.0,0.0006048294470110553
2017-04-11T00:00:00.000000,3285.46,3285.46,3265.28,3269.39,23269462400.0,0.0008426946770870653
2017-04-12T00:00:00.000000,3266.22,3290.11,3244.44,3288.97,28128124800.0,0.001049595335189104
2017-04-13T00:00:00.000000,3283.84,3284.84,3262.28,3273.83,26938179200.0,0.0011629967362051636
2017-04-14T00:00:00.000000,3265.22,3281.14,3261.49,3275.96,20734688000.0,0.0005572622501506056
2017-04-15T00:00:00.000000,3276.14,3276.71,3238.9,3246.07,21450856000.0,0.0008908164552566862
2017-04-18T00:00:00.000000,3229.95,3229.95,3199.97,3222.17,21273718400.0,0.00142781100633551
2017-04-19T00:00:00.000000,3215.4,3225.02,3196.52,3196.71,18866136000.0,0.0008223498850185631
2017-04-20T00:00:00.000000,3184.67,3189.44,3147.11,3170.69,21323808000.0,0.001361782169741639
2017-04-21T00:00:00.000000,3165.67,3178.18,3148.23,3172.1,19087398400.0,0.0010526247468395937
2017-04-22T00:00:00.000000,3170.29,3180.66,3158.89,3173.15,16476174400.0,0.0008279427203123666
2017-04-25T00:00:00.000000,3164.25,3164.25,3111.56,3129.53,18627744000.0,0.0019027156766410302
2017-04-26T00:00:00.000000,3123.89,3145.27,3117.45,3134.57,15341830400.0,0.0008446254719925339
2017-04-27T00:00:00.000000,3132.92,3152.95,3131.42,3140.85,16987811200.0,0.0007573931801263002
2017-04-28T00:00:00.000000,3131.35,3154.96,3097.57,3152.19,21179307200.0,0.0014148004258765386
2017-04-29T00:00:00.000000,3144.02,3154.73,3136.66,3154.66,16288990400.0,0.0007691949687278936
2017-05-03T00:00:00.000000,3147.23,3154.78,3136.58,3143.71,15422296000.0,0.000623366053658641
2017-05-04T00:00:00.000000,3138.31,3148.07,3123.8,3135.35,16376392000.0,0.000723947170090538
2017-05-05T00:00:00.000000,3127.11,3143.59,3111.69,3127.37,17796748800.0,0.0010603236520675553
2017-05-06T00:00:00.000000,3114.77,3117.61,3092.21,3103.04,17621364800.0,0.0010529699252095816
2017-05-09T00:00:00.000000,3090.07,3093.1,3068.08,3078.61,18052691200.0,0.0011182001025319122
2017-05-10T00:00:00.000000,3064.85,3084.2,3056.79,3080.53,13506667200.0,0.0009847653955359396
2017-05-11T00:00:00.000000,3078.17,3090.82,3051.66,3052.78,16079444800.0,0.001017273067351708
2017-05-12T00:00:00.000000,3036.79,3063.39,3016.81,3061.5,19134190400.0,0.0015693723057959292
2017-05-13T00:00:00.000000,3054.11,3090.41,3052.04,3083.51,15968409600.0,0.0008816912280583758
2017-05-16T00:00:00.000000,3085.93,3098.88,3085.93,3090.23,13566073600.0,0.0007075275259591999
2017-05-17T00:00:00.000000,3082.87,3113.5,3061.03,3112.96,17377556800.0,0.0011497018540558305
2017-05-18T00:00:00.000000,3107.8,3119.58,3101.3,3104.44,16867416000.0,0.0006755131422793688
2017-05-19T00:00:00.000000,3082.33,3103.44,3078.15,3090.14,14862003200.0,0.001088944184388619
2017-05-20T00:00:00.000000,3086.71,3095.48,3081.28,3090.63,12963523200.0,0.0006721929341197809
2017-05-23T00:00:00.000000,3087.17,3103.83,3063.27,3075.68,15368372800.0,0.001126034323478455
2017-05-24T00:00:00.000000,3069.39,3084.2,3051.03,3061.95,17831059200.0,0.0012493040653484332
2017-05-25T00:00:00.000000,3047.57,3064.81,3022.67,3064.08,13981336000.0,0.0015757607677259265
2017-05-26T00:00:00.000000,3055.34,3114.65,3053.14,3107.83,19139184000.0,0.001503217864342691
2017-05-27T00:00:00.000000,3101.29,3120.59,3100.94,3110.06,15592348800.0,0.0008878768785012575
2017-06-01T00:00:00.000000,3125.33,3143.09,3111.61,3117.18,15295043200.0,0.0012266436611921695
2017-06-02T00:00:00.000000,3108.42,3113.46,3097.94,3102.62,16301571200.0,0.001057838328690314
2017-06-03T00:00:00.000000,3094.23,3109.79,3081.92,3105.54,14250492800.0,0.0009938213706942721
2017-06-06T00:00:00.000000,3102.11,3105.51,3084.85,3091.66,13257030400.0,0.0007776815306633242
2017-06-07T00:00:00.000000,3084.54,3102.33,3078.93,3102.13,11343996000.0,0.0008796194967701642
2017-06-08T00:00:00.000000,3101.76,3140.77,3098.99,3140.32,17322900800.0,0.0008659622667747591
2017-06-09T00:00:00.000000,3136.47,3153.24,3132.83,3150.33,15227766400.0,0.0006534741048361839
2017-06-10T00:00:00.000000,3147.45,3165.57,3146.15,3158.4,16013633600.0,0.0007861988916584786
2017-06-13T00:00:00.000000,3149.53,3164.95,3135.37,3139.88,14672942400.0,0.0008651224949150686
2017-06-14T00:00:00.000000,3134.01,3155.75,3131.07,3153.74,12831828000.0,0.0005845258593499487
2017-06-15T00:00:00.000000,3146.75,3149.15,3125.35,3130.67,13834704000.0,0.0007872797220666462
2017-06-16T00:00:00.000000,3125.59,3137.59,3117.27,3132.49,14695424000.0,0.0006579522560153218
2017-06-17T00:00:00.000000,3126.37,3134.1,3118.32,3123.17,12965276000.0,0.00048180839964441567
2017-06-20T00:00:00.000000,3122.16,3146.72,3121.78,3144.37,13489176000.0,0.0006034224903708235
2017-06-21T00:00:00.000000,3148.02,3150.31,3134.61,3140.01,14119180800.0,0.0005269579177289832
2017-06-22T00:00:00.000000,3148.99,3157.03,3132.62,3156.21,13668827200.0,0.0007336766599514124
2017-06-23T00:00:00.000000,3152.24,3186.91,3146.7,3147.45,19134400000.0,0.0010527474783468892
2017-06-24T00:00:00.000000,3138.44,3157.87,3118.21,3157.87,15484364800.0,0.0011889740023249937
2017-06-27T00:00:00.000000,3157.0,3187.89,3157.0,3185.44,17357921600.0,0.0009842959976091596
2017-06-28T00:00:00.000000,3183.42,3193.43,3172.67,3191.2,14820120000.0,0.0007204090667880013
2017-06-29T00:00:00.000000,3183.63,3193.43,3170.79,3173.2,14651672000.0,0.0009535811214680208
2017-06-30T00:00:00.000000,3174.98,3188.66,3174.39,3188.06,12875547200.0,0.0005916312586721529
2017-07-01T00:00:00.000000,3176.95,3193.06,3171.6,3192.43,12146454400.0,0.0007376125196639075
2017-07-04T00:00:00.000000,3192.0,3196.28,3177.02,3195.91,14030571200.0,0.0005652011231008826
2017-07-05T00:00:00.000000,3192.89,3192.93,3174.54,3182.8,14111496000.0,0.0007426929978181246
2017-07-06T00:00:00.000000,3179.22,3207.14,3174.71,3207.13,14829648000.0,0.0006811038876410301
2017-07-07T00:00:00.000000,3203.86,3215.74,3188.86,3212.44,17580928000.0,0.0007858443337559254
2017-07-08T00:00:00.000000,3203.82,3219.52,3195.44,3217.96,17671542400.0,0.0007267638070310596
2017-07-11T00:00:00.000000,3208.46,3222.69,3203.21,3212.63,19892800000.0,0.0009286063036786245
2017-07-12T00:00:00.000000,3201.52,3226.84,3199.24,3203.04,18783726400.0,0.000913241760008299
2017-07-13T00:00:00.000000,3201.93,3215.2,3177.98,3197.54,18690088000.0,0.0012943810105159022
2017-07-14T00:00:00.000000,3192.36,3219.05,3190.37,3218.16,19530361600.0,0.0008935871835460826
2017-07-15T00:00:00.000000,3212.03,3222.76,3204.91,3222.42,16012676800.0,0.0007457937509307444
2017-07-18T00:00:00.000000,3219.79,3230.35,3139.5,3176.46,26620528000.0,0.003100652066422797
2017-07-19T00:00:00.000000,3159.73,3187.57,3150.29,3187.57,19062305600.0,0.001459262219400539
2017-07-20T00:00:00.000000,3181.4,3232.89,3179.91,3230.98,27242073600.0,0.001049133300760425
2017-07-21T00:00:00.000000,3227.51,3246.24,3225.43,3244.86,23210838400.0,0.0007467286247194528
2017-07-22T00:00:00.000000,3236.59,3247.71,3232.07,3237.98,20600324800.0,0.0008576573470286214
2017-07-25T00:00:00.000000,3230.9,3261.1,3230.1,3250.6,23305640000.0,0.0008870163769590728
2017-07-26T00:00:00.000000,3249.14,3261.65,3233.39,3243.69,20557387200.0,0.0010220169607212837
2017-07-27T00:00:00.000000,3244.46,3264.6,3228.36,3247.67,21354200000.0,0.0011727439056370345
2017-07-28T00:00:00.000000,3243.77,3251.93,3220.77,3249.78,22848595200.0,0.001049077382081763
2017-07-29T00:00:00.000000,3240.17,3256.2,3233.06,3253.24,18222689600.0,0.0010083162403833159
2017-08-01T00:00:00.000000,3252.75,3276.95,3251.19,3273.03,24603944000.0,0.000620242136559927
2017-08-02T00:00:00.000000,3274.37,3292.64,3273.66,3292.64,23719459200.0,0.0007452871508259805
2017-08-03T00:00:00.000000,3288.52,3305.06,3282.33,3285.06,26673062400.0,0.0008624323034395629
2017-08-04T00:00:00.000000,3279.99,3293.01,3262.38,3272.93,23327700800.0,0.0009051760141872908
2017-08-05T00:00:00.000000,3269.32,3287.0,3261.32,3262.08,27590633600.0,0.0009124542136404103
2017-08-08T00:00:00.000000,3257.67,3279.77,3243.72,3279.46,23117337600.0,0.000843354818320736
2017-08-09T00:00:00.000000,3277.19,3285.48,3270.2,3281.87,25204353600.0,0.0007258060752274093
2017-08-10T00:00:00.000000,3277.81,3277.93,3264.07,3275.57,23559790400.0,0.0007333406356777085
2017-08-11T00:00:00.000000,3269.73,3281.99,3236.48,3261.75,24068462400.0,0.001088273016779988
2017-08-12T00:00:00.000000,3237.92,3244.94,3200.82,3208.54,26296299200.0,0.001546476758342523
2017-08-15T00:00:00.000000,3206.04,3239.67,3206.04,3237.36,19034680000.0,0.0006038263346227989
2017-08-16T00:00:00.000000,3235.23,3263.57,3235.23,3251.26,18229800000.0,0.0007124973772433432
2017-08-17T00:00:00.000000,3247.85,3248.59,3228.87,3246.45,17685204800.0,0.0007015906456939752
2017-08-18T00:00:00.000000,3253.85,3269.06,3251.52,3268.43,20362254400.0,0.000604147734734124
2017-08-19T00:00:00.000000,3253.24,3275.04,3248.3,3268.72,19112248000.0,0.000886515779553887
2017-08-22T00:00:00.000000,3274.58,3287.34,3270.48,3286.91,18612248000.0,0.0006575069252897967
2017-08-23T00:00:00.000000,3287.61,3293.48,3274.99,3290.23,18653798400.0,0.000675769614054817
2017-08-24T00:00:00.000000,3283.8,3299.11,3274.57,3287.7,17983220800.0,0.0007843918481123012
2017-08-25T00:00:00.000000,3287.96,3297.9,3266.48,3271.51,16346894400.0,0.0008274232691212551
2017-08-26T00:00:00.000000,3271.46,3331.66,3271.46,3331.52,20583948800.0,0.0009396133444025461
2017-08-29T00:00:00.000000,3336.13,3374.65,3336.13,3362.65,25746144000.0,0.0010457072131830692
2017-08-30T00:00:00.000000,3362.06,3374.59,3354.46,3365.23,21950452800.0,0.0008128100248061809
2017-08-31T00:00:00.000000,3361.82,3376.65,3357.25,3363.63,24686331200.0,0.0008382190749142108
2017-09-01T00:00:00.000000,3361.46,3367.36,3340.84,3360.81,23441977600.0,0.0007601540664870569
2017-09-02T00:00:00.000000,3365.99,3381.93,3358.68,3367.12,28249760000.0,0.0007327417034998385
2017-09-05T00:00:00.000000,3369.72,3381.15,3359.13,3379.58,26742785600.0,0.0006408662429171972
2017-09-06T00:00:00.000000,3377.2,3390.79,3371.82,3384.32,21655294400.0,0.0006536611185502564
2017-09-07T00:00:00.000000,3372.43,3390.91,3364.86,3385.39,22909078400.0,0.0007635853610181964
2017-09-08T00:00:00.000000,3383.63,3387.77,3363.2,3365.5,22111868800.0,0.0006398542933474978
2017-09-09T00:00:00.000000,3364.43,3380.67,3353.69,3365.24,19840518400.0,0.000701223465357457
2017-09-12T00:00:00.000000,3365.35,3384.63,3360.08,3376.42,21901102400.0,0.000757582135166562
2017-09-13T00:00:00.000000,3381.49,3391.07,3371.09,3379.49,27291030400.0,0.000694779968992075
2017-09-14T00:00:00.000000,3374.72,3387.06,3366.78,3384.15,19455072000.0,0.0006018133909730871
2017-09-15T00:00:00.000000,3383.47,3391.64,3361.33,3371.43,22130648000.0,0.0006147148564518309
2017-09-16T00:00:00.000000,3365.15,3365.44,3345.33,3353.62,21976582400.0,0.0009161877844105603
2017-09-19T00:00:00.000000,3352.51,3371.75,3352.51,3362.86,19031968000.0,0.0006756111283014531
2017-09-20T00:00:00.000000,3365.53,3370.4,3344.74,3356.84,19112969600.0,0.0006878080301346295
2017-09-21T00:00:00.000000,3352.18,3370.06,3346.54,3366.0,19219670400.0,0.0005545607775670839
2017-09-22T00:00:00.000000,3364.7,3377.71,3357.06,3357.81,19744868800.0,0.0005907508209604652
2017-09-23T00:00:00.000000,3347.16,3356.12,3335.23,3352.53,17923400000.0,0.0008995430302158124
2017-09-26T00:00:00.000000,3344.59,3350.63,3334.96,3341.55,16962129600.0,0.0007946343334917746
2017-09-27T00:00:00.000000,3336.35,3347.08,3332.61,3343.58,13262859200.0,0.0005724107644243005
2017-09-28T00:00:00.000000,3340.82,3349.65,3340.43,3345.27,14308694400.0,0.000401379555045515
2017-09-29T00:00:00.000000,3343.84,3344.54,3336.47,3339.64,14944430400.0,0.00042539193595802187
2017-09-30T00:00:00.000000,3340.31,3356.91,3340.31,3348.94,14486244800.0,0.0005530978024979024
2017-10-10T00:00:00.000000,3403.25,3410.17,3367.47,3374.38,19173609600.0,0.002089071747965753
2017-10-11T00:00:00.000000,3373.34,3383.88,3358.84,3382.99,17942384000.0,0.0007358488247798968
2017-10-12T00:00:00.000000,3381.49,3395.69,3379.23,3388.28,18147670400.0,0.0005359979595873256
2017-10-13T00:00:00.000000,3385.53,3390.2,3372.69,3386.1,16180937600.0,0.0005791939492653962
2017-10-14T00:00:00.000000,3384.49,3395.35,3383.45,3390.52,13995476800.0,0.00040970414392520806
2017-10-17T00:00:00.000000,3393.21,3400.49,3374.84,3378.47,17433062400.0,0.0006285045630349105
2017-10-18T00:00:00.000000,3373.23,3382.36,3365.72,3372.04,12538169600.0,0.0005603515037540375
2017-10-19T00:00:00.000000,3373.53,3382.62,3372.0,3381.79,15722878400.0,0.0004977437530166185
2017-10-20T00:00:00.000000,3374.64,3378.58,3359.76,3370.17,15847649600.0,0.0006201468786417213
2017-10-21T00:00:00.000000,3363.51,3379.5,3360.56,3378.65,12717284800.0,0.0004731813233522609
2017-10-24T00:00:00.000000,3382.28,3384.93,3374.77,3380.7,13084628800.0,0.0003952234258003529
2017-10-25T00:00:00.000000,3376.6,3388.64,3374.2,3388.25,13989750400.0,0.0005079555903259304
2017-10-26T00:00:00.000000,3384.86,3398.3,3382.13,3396.9,12313122400.0,0.0004644335867249154
2017-10-27T00:00:00.000000,3397.52,3414.14,3391.59,3407.57,18376862400.0,0.000673406460586168
2017-10-28T00:00:00.000000,3404.5,3420.78,3402.52,3416.81,17025716800.0,0.000721986403692862
2017-10-31T00:00:00.000000,3413.87,3419.6,3357.52,3390.34,20834928000.0,0.0013775767907343488
2017-11-01T00:00:00.000000,3381.0,3397.1,3376.2,3393.34,15349820800.0,0.0006692541214585772
2017-11-02T00:00:00.000000,3393.97,3410.23,3388.88,3395.91,18056612800.0,0.0007444981155159999
2017-11-03T00:00:00.000000,3391.65,3391.65,3372.4,3383.31,16686427200.0,0.0008130618940843984
2017-11-04T00:00:00.000000,3377.74,3380.1,3347.65,3371.74,17271478400.0,0.0010607372323773133
2017-11-07T00:00:00.000000,3369.69,3389.37,3356.64,3388.17,15463646400.0,0.0006674943211721422
2017-11-08T00:00:00.000000,3389.47,3415.14,3387.97,3413.57,19057174400.0,0.0008769397708536525
2017-11-09T00:00:00.000000,3409.15,3434.28,3404.88,3415.46,18543646400.0,0.0007946756319503437
2017-11-10T00:00:00.000000,3410.67,3428.47,3408.62,3427.79,15865040000.0,0.0006494109506944188
2017-11-11T00:00:00.000000,3423.18,3438.51,3414.33,3432.67,18927649600.0,0.0007234488382362998
2017-11-14T00:00:00.000000,3435.18,3449.16,3435.18,3447.84,20538905600.0,0.0007194170432120564
2017-11-15T00:00:00.000000,3446.55,3450.34,3419.8,3429.55,19647267200.0,0.0008835162957256671
2017-11-16T00:00:00.000000,3416.21,3423.75,3396.38,3402.52,16879208000.0,0.0010832642467274035
2017-11-17T00:00:00.000000,3393.19,3409.43,3390.7,3399.25,15668433600.0,0.0007578409646463932
2017-11-18T00:00:00.000000,3392.68,3403.29,3373.3,3382.91,24945816000.0,0.0010912275896787108
2017-11-21T00:00:00.000000,3361.36,3393.03,3337.12,3392.4,17652468800.0,0.001915179607880657
2017-11-22T00:00:00.000000,3382.36,3419.31,3377.86,3410.5,19687180800.0,0.0011352920066736176
2017-11-23T00:00:00.000000,3417.33,3442.09,3404.62,3430.46,21356708800.0,0.0014323879688326688
2017-11-24T00:00:00.000000,3425.01,3429.19,3342.34,3351.92,21526539200.0,0.0018587657667278224
2017-11-25T00:00:00.000000,3340.38,3360.43,3328.33,3353.82,15956966400.0,0.001396447341095365
2017-11-28T00:00:00.000000,3346.66,3347.0,3315.42,3322.23,16643916800.0,0.0013948888380967443
2017-11-29T00:00:00.000000,3311.23,3333.73,3300.82,3333.66,13824779200.0,0.0008935518937106324
2017-11-30T00:00:00.000000,3335.57,3342.95,3305.61,3337.86,18380593600.0,0.0010214302932340228
2017-12-01T00:00:00.000000,3328.64,3340.85,3306.31,3317.19,15659585600.0,0.0011956206098601974
2017-12-02T00:00:00.000000,3315.11,3324.41,3302.62,3317.62,13919830400.0,0.0009516836754723442
2017-12-05T00:00:00.000000,3310.38,3323.77,3304.1,3309.62,14805328000.0,0.0009930802683073496
2017-12-06T00:00:00.000000,3301.69,3315.49,3300.98,3303.68,20827886400.0,0.0006803523432144368
2017-12-07T00:00:00.000000,3291.31,3296.07,3254.61,3293.96,15160444800.0,0.0012504920689878811
2017-12-08T00:00:00.000000,3283.28,3291.25,3259.31,3272.05,13210590400.0,0.0009386292787762802
2017-12-09T00:00:00.000000,3264.48,3297.13,3258.85,3289.99,13320931200.0,0.000923648265825815
2017-12-12T00:00:00.000000,3290.49,3322.66,3288.59,3322.2,13196598400.0,0.0006645215715094121
2017-12-13T00:00:00.000000,3320.31,3320.31,3280.44,3280.81,12460482400.0,0.0007086174220772326
2017-12-14T00:00:00.000000,3278.4,3303.92,3273.49,3303.04,11199864800.0,0.0008486953991631753
2017-12-15T00:00:00.000000,3302.93,3309.53,3282.57,3292.44,12054423200.0,0.0008392183632399409
2017-12-16T00:00:00.000000,3287.53,3287.53,3259.54,3266.14,13094061600.0,0.0010095486847262478
2017-12-19T00:00:00.000000,3268.03,3280.21,3254.18,3267.92,12070039200.0,0.0009001373333837692
2017-12-20T00:00:00.000000,3266.02,3296.74,3266.02,3296.54,11514013600.0,0.0005707155015284508
2017-12-21T00:00:00.000000,3296.74,3300.09,3276.55,3287.61,13774512000.0,0.000778273688063273
2017-12-22T00:00:00.000000,3281.12,3309.13,3267.4,3300.06,14212792000.0,0.00094533011909322
2017-12-23T00:00:00.000000,3297.69,3307.18,3293.89,3297.06,12404732800.0,0.0005210025910677886
2017-12-26T00:00:00.000000,3296.21,3312.07,3270.73,3280.46,14689363200.0,0.0008497349508459719
2017-12-27T00:00:00.000000,3277.84,3307.3,3274.4,3306.12,14243449600.0,0.0008180435647749323
2017-12-28T00:00:00.000000,3302.46,3306.89,3270.35,3275.78,16267489600.0,0.0009343848607064764
2017-12-29T00:00:00.000000,3272.29,3304.06,3263.79,3296.38,17537166400.0,0.0009180754573644344
2017-12-30T00:00:00.000000,3295.25,3308.11,3292.8,3307.17,14158683200.0,0.0005233752996459934
2018-01-03T00:00:00.000000,3314.03,3349.05,3314.03,3348.33,20227886400.0,0.0011064876992794204
2018-01-04T00:00:00.000000,3347.74,3379.84,3345.32,3369.11,21383614400.0,0.0007598488554921536
2018-01-05T00:00:00.000000,3371.0,3392.8,3365.48,3385.71,20695529600.0,0.0007882872178998489
2018-01-06T00:00:00.000000,3386.46,3401.85,3380.25,3391.75,21306068800.0,0.0008214274160817707
2018-01-09T00:00:00.000000,3391.55,3412.73,3384.56,3409.48,23616510400.0,0.0007452867460734352
2018-01-10T00:00:00.000000,3406.11,3417.2,3403.73,3413.9,19148854400.0,0.0006097817352644366
2018-01-11T00:00:00.000000,3414.11,3430.11,3398.84,3421.83,20909499200.0,0.0009610839665949583
2018-01-12T00:00:00.000000,3415.59,3426.48,3405.69,3425.34,17381212800.0,0.0009594913779391626
2018-01-13T00:00:00.000000,3423.88,3435.29,3417.98,3428.94,17406340800.0,0.0007928573265405028
2018-01-16T00:00:00.000000,3428.95,3442.26,3402.36,3410.49,23200928000.0,0.0013761769995653498
2018-01-17T00:00:00.000000,3403.47,3437.58,3402.21,3436.59,21147547200.0,0.0009318518432904119
2018-01-18T00:00:00.000000,3438.58,3465.01,3430.54,3444.67,26104502400.0,0.0016473680764715135
2018-01-19T00:00:00.000000,3449.88,3475.95,3449.39,3474.75,22003955200.0,0.0013043779432065964
2018-01-20T00:00:00.000000,3481.62,3498.43,3474.34,3487.86,24753673600.0,0.0011231253101294748
2018-01-23T00:00:00.000000,3476.99,3503.39,3475.94,3501.36,21748753600.0,0.000996126457733348
2018-01-24T00:00:00.000000,3504.34,3546.99,3504.34,3546.5,23870590400.0,0.001351559306927301
2018-01-25T00:00:00.000000,3553.48,3569.04,3527.11,3559.47,25295449600.0,0.0010937351775759563
2018-01-26T00:00:00.000000,3555.17,3571.44,3528.2,3548.31,24341342400.0,0.0011051302645944852
2018-01-27T00:00:00.000000,3535.49,3574.72,3534.25,3558.13,22269828800.0,0.0010847227938215129
2018-01-30T00:00:00.000000,3563.64,3586.62,3510.28,3523.0,23602696000.0,0.0014907767578624326
2018-01-31T00:00:00.000000,3511.5,3523.05,3484.73,3488.01,18636996800.0,0.0012763504661928498
2018-02-01T00:00:00.000000,3470.51,3495.17,3454.73,3480.83,20725340800.0,0.001408280687141816
2018-02-02T00:00:00.000000,3478.67,3495.09,3424.5,3446.98,26050470400.0,0.0017352134760278061
2018-02-03T00:00:00.000000,3419.22,3463.16,3388.94,3462.08,20812054400.0,0.002527384234223983
2018-02-06T00:00:00.000000,3411.67,3487.56,3406.6,3487.5,21767376000.0,0.0016536884344670873
2018-02-07T00:00:00.000000,3418.01,3440.12,3364.45,3370.65,28055548800.0,0.0030583515260163598
2018-02-08T00:00:00.000000,3412.74,3425.18,3304.01,3309.26,26093971200.0,0.003088404313669448
2018-02-09T00:00:00.000000,3281.05,3307.03,3225.71,3262.05,20126249600.0,0.0027436103330731546
2018-02-10T00:00:00.000000,3172.85,3179.67,3062.74,3129.85,25638918400.0,0.005860618705858227
2018-02-13T00:00:00.000000,3128.37,3168.13,3113.61,3154.13,15331083200.0,0.0015350189922627817
2018-02-14T00:00:00.000000,3176.11,3219.22,3176.11,3184.96,15152760000.0,0.0018165081618202578
2018-02-15T00:00:00.000000,3188.25,3203.49,3171.38,3199.16,10032282400.0,0.0008667542936662741
2018-02-23T00:00:00.000000,3237.57,3269.88,3234.12,3268.56,13873044800.0,0.0019400547816532019
2018-02-24T00:00:00.000000,3275.43,3293.99,3258.62,3289.02,14579036800.0,0.001062810127471941
2018-02-27T00:00:00.000000,3307.3,3335.8,3281.62,3329.57,18856860800.0,0.001707799137908595
2018-02-28T00:00:00.000000,3328.67,3328.67,3284.69,3292.07,17421936000.0,0.0011935239922542585
2018-03-01T00:00:00.000000,3264.06,3277.72,3240.15,3259.41,15104353600.0,0.0022904407581529744
2018-03-02T00:00:00.000000,3235.09,3279.89,3228.94,3273.75,15909832000.0,0.0013277203808005691
2018-03-03T00:00:00.000000,3248.45,3269.94,3242.27,3254.53,15086105600.0,0.0012726745276330123
2018-03-06T00:00:00.000000,3255.87,3269.2,3236.73,3256.93,14483598400.0,0.0009282563846825567
2018-03-07T00:00:00.000000,3266.49,3290.25,3243.68,3289.64,19535804800.0,0.0010464984128098793
2018-03-08T00:00:00.000000,3288.86,3308.4,3264.76,3271.67,16866502400.0,0.0008652938694683995
2018-03-09T00:00:00.000000,3268.35,3289.5,3261.55,3288.41,14982752000.0,0.0009283948753705123
2018-03-10T00:00:00.000000,3291.43,3309.2,3283.59,3307.17,16842451200.0,0.0007519599526516075
2018-03-13T00:00:00.000000,3319.21,3333.43,3313.69,3326.7,20653243200.0,0.0008342320430228191
2018-03-14T00:00:00.000000,3324.12,3333.87,3307.38,3310.24,17711435200.0,0.0008079856199674367
2018-03-15T00:00:00.000000,3298.67,3304.96,3287.36,3291.38,15749108800.0,0.0008388441561772568
2018-03-16T00:00:00.000000,3277.51,3296.82,3273.25,3291.11,14857360000.0,0.0008919058853829528
2018-03-17T00:00:00.000000,3290.21,3300.54,3269.44,3269.88,14120364800.0,0.0006160792884305516
2018-03-20T00:00:00.000000,3264.93,3280.5,3251.18,3279.25,13795500800.0,0.0009021307522220634
2018-03-21T00:00:00.000000,3257.22,3292.49,3252.54,3290.64,13988108800.0,0.0010642660287107338
2018-03-22T00:00:00.000000,3299.73,3314.21,3268.9,3280.95,16839827200.0,0.0010636301301201077
2018-03-23T00:00:00.000000,3281.27,3288.76,3242.83,3263.48,15043297600.0,0.0009904715601246998
2018-03-24T00:00:00.000000,3172.77,3188.15,3111.09,3152.76,27553200000.0,0.004924882298377947
2018-03-27T00:00:00.000000,3117.32,3134.16,3091.86,3133.72,18636635200.0,0.002465177992340287
2018-03-28T00:00:00.000000,3164.8,3172.66,3143.63,3166.65,18907337600.0,0.001780254508861122
2018-03-29T00:00:00.000000,3130.57,3165.15,3117.6,3122.29,16350048000.0,0.0019022822571550069
2018-03-30T00:00:00.000000,3127.26,3174.39,3098.39,3160.53,17031238400.0,0.0015387398699804884
2018-03-31T00:00:00.000000,3161.79,3177.63,3153.26,3168.9,15464659200.0,0.0008467842281587408
2018-04-03T00:00:00.000000,3169.78,3192.13,3160.11,3163.18,17772777600.0,0.0011358899973948036
2018-04-04T00:00:00.000000,3130.01,3144.33,3119.13,3136.63,15221667200.0,0.0019259474309400548
2018-04-05T00:00:00.000000,3147.05,3163.34,3128.94,3131.11,14697668800.0,0.0011220106768103613
2018-04-10T00:00:00.000000,3125.44,3145.95,3110.3,3138.29,13960862400.0,0.0012350311374117076
2018-04-11T00:00:00.000000,3144.26,3190.65,3139.12,3190.32,16820136000.0,0.0009494853136053387
2018-04-12T00:00:00.000000,3197.37,3220.75,3191.84,3208.08,17586720000.0,0.0010851158840314249
2018-04-13T00:00:00.000000,3203.28,3205.21,3177.21,3180.16,14823131200.0,0.0008047354234111682
2018-04-14T00:00:00.000000,3192.04,3197.81,3155.59,3159.05,12755231200.0,0.0011793304948083069
2018-04-17T00:00:00.000000,3152.89,3153.11,3096.15,3110.65,15441569600.0,0.0011841808914177623
2018-04-18T00:00:00.000000,3112.97,3118.65,3064.03,3066.8,14722284800.0,0.0013480944041866832
2018-04-19T00:00:00.000000,3091.91,3096.89,3041.63,3091.4,15929049600.0,0.0017992390177774755
2018-04-20T00:00:00.000000,3094.27,3127.38,3090.29,3117.38,16005680000.0,0.001002818705168446
2018-04-21T00:00:00.000000,3105.46,3110.91,3065.92,3071.54,15514708800.0,0.0014110920878992164
2018-04-24T00:00:00.000000,3063.44,3085.06,3045.97,3068.01,13168633600.0,0.0014152073748948677
2018-04-25T00:00:00.000000,3069.75,3135.94,3069.75,3128.93,16227480000.0,0.0014056273713845067
2018-04-26T00:00:00.000000,3112.4,3122.72,3107.0,3117.97,12731105600.0,0.001052433001100866
2018-04-27T00:00:00.000000,3119.5,3121.84,3067.99,3075.03,13397273600.0,0.0008909833913750374
2018-04-28T00:00:00.000000,3082.41,3088.03,3049.91,3082.23,13122564000.0,0.0012558606158665148
2018-05-03T00:00:00.000000,3087.41,3097.46,3064.76,3081.18,13418456800.0,0.0008836774585887555
2018-05-04T00:00:00.000000,3074.52,3105.15,3056.38,3100.86,13998561600.0,0.0012189649386021922
2018-05-05T00:00:00.000000,3093.12,3104.09,3087.23,3091.03,11871126400.0,0.0008346208981748577
2018-05-08T00:00:00.000000,3094.9,3136.76,3091.88,3136.64,13894819200.0,0.0008495924543855197
2018-05-09T00:00:00.000000,3135.3,3169.7,3134.1,3161.5,14692705600.0,0.0007665884592296299
2018-05-10T00:00:00.000000,3160.14,3165.33,3145.66,3159.15,12263726400.0,0.0006990809097090854
2018-05-11T00:00:00.000000,3169.05,3175.88,3155.57,3174.41,13300075200.0,0.0009411158384456001
2018-05-12T00:00:00.000000,3179.8,3180.67,3162.35,3163.26,13065975200.0,0.0008502305128017189
2018-05-15T00:00:00.000000,3167.04,3183.71,3163.55,3174.03,12932735200.0,0.0010006041537213497
2018-05-16T00:00:00.000000,3180.42,3192.58,3164.79,3192.12,12454904800.0,0.0007426260171637417
2018-05-17T00:00:00.000000,3180.23,3191.95,3166.98,3169.57,13052496800.0,0.0010569783674710346
2018-05-18T00:00:00.000000,3170.01,3172.75,3148.67,3154.28,11399556800.0,0.0006819128233811202
2018-05-19T00:00:00.000000,3151.08,3193.31,3144.84,3193.3,13651691200.0,0.0009449994402411597
2018-05-22T00:00:00.000000,3206.18,3219.66,3203.53,3213.84,16445940800.0,0.0011168596085599028
2018-05-23T00:00:00.000000,3211.25,3214.55,3192.23,3214.35,14429268800.0,0.0006595718440452968
2018-05-24T00:00:00.000000,3205.44,3205.44,3168.96,3168.96,15780764800.0,0.001031476414601609
2018-05-25T00:00:00.000000,3167.94,3173.53,3152.38,3154.65,12408580000.0,0.00070838385880215
2018-05-26T00:00:00.000000,3148.41,3156.62,3131.09,3141.3,12861084000.0,0.0008832374743765165
2018-05-29T00:00:00.000000,3136.81,3149.56,3116.21,3135.08,12875592000.0,0.0010510391922778405
2018-05-30T00:00:00.000000,3129.62,3143.05,3112.64,3120.46,13571779200.0,0.0009632518659783251
2018-05-31T00:00:00.000000,3081.14,3085.19,3041.27,3041.44,15511512000.0,0.002804884174772974
2018-06-01T00:00:00.000000,3061.83,3098.05,3054.33,3095.47,14047553600.0,0.001656524823999351
2018-06-02T00:00:00.000000,3084.75,3101.91,3059.98,3075.14,12987220000.0,0.0013575178597586733
2018-06-05T00:00:00.000000,3083.43,3098.4,3077.0,3091.19,11459390400.0,0.0010014586822916069
2018-06-06T00:00:00.000000,3088.01,3114.56,3080.27,3114.21,11873559200.0,0.0007882714301100818
2018-06-07T00:00:00.000000,3109.17,3117.52,3103.53,3115.18,12019613600.0,0.0007027700357449337
2018-06-08T00:00:00.000000,3121.18,3128.44,3105.61,3109.5,12778496800.0,0.0007793473428913902
2018-06-09T00:00:00.000000,3100.6,3100.6,3053.46,3067.15,13468822400.0,0.0011452373198806082
2018-06-12T00:00:00.000000,3057.34,3063.61,3038.72,3052.78,10856378400.0,0.0014561304294811543
2018-06-13T00:00:00.000000,3053.03,3081.37,3034.27,3079.8,11327509600.0,0.0011243661027377767
2018-06-14T00:00:00.000000,3071.46,3071.46,3044.26,3049.8,11960788800.0,0.0011362298773093921
2018-06-15T00:00:00.000000,3038.07,3066.0,3032.57,3044.16,11546948800.0,0.0010847405238128204
2018-06-16T00:00:00.000000,3037.45,3048.75,3008.73,3021.9,14453257600.0,0.0013899128942114658
2018-06-20T00:00:00.000000,2982.65,2984.86,2871.48,2907.82,23055006400.0,0.0034268906351707664
2018-06-21T00:00:00.000000,2889.98,2925.56,2872.49,2915.73,14430142400.0,0.0014676271855479444
2018-06-22T00:00:00.000000,2912.0,2940.54,2872.68,2875.81,15437833600.0,0.0015685563742896488
2018-06-23T00:00:00.000000,2855.58,2891.71,2837.2,2889.76,12614312800.0,0.002325982435431483
2018-06-26T00:00:00.000000,2903.45,2908.3,2858.06,2859.34,12191768800.0,0.0011476716494944513
2018-06-27T00:00:00.000000,2829.99,2850.16,2803.83,2844.51,12591846400.0,0.0022673257065834377
2018-06-28T00:00:00.000000,2842.4,2854.26,2799.18,2813.18,12942083200.0,0.001439526654194086
2018-06-29T00:00:00.000000,2799.9,2825.86,2782.68,2786.9,11835790400.0,0.0015226230219644297
2018-06-30T00:00:00.000000,2789.81,2848.31,2782.39,2847.42,12567168800.0,0.0013692508057912365
2018-07-03T00:00:00.000000,2841.58,2845.29,2757.04,2775.56,13703504000.0,0.001636909429865495
2018-07-04T00:00:00.000000,2774.57,2786.89,2722.45,2786.89,14249846400.0,0.002261264691635704
2018-07-05T00:00:00.000000,2776.63,2792.65,2754.2,2759.13,12326218400.0,0.0016252164057876926
2018-07-06T00:00:00.000000,2755.34,2777.52,2728.17,2733.88,12922611200.0,0.0015438503265271409
2018-07-07T00:00:00.000000,2731.35,2768.59,2691.15,2747.23,13629438400.0,0.002425473386078484
2018-07-10T00:00:00.000000,2752.45,2815.79,2752.45,2815.11,12154931200.0,0.0016210242731835365
2018-07-11T00:00:00.000000,2819.71,2828.49,2800.66,2827.63,11706275200.0,0.0010851757323633022
2018-07-12T00:00:00.000000,2780.7,2794.35,2752.8,2777.77,12682115200.0,0.003312131806162861
2018-07-13T00:00:00.000000,2771.04,2843.94,2771.04,2837.66,14698019200.0,0.0012673168783080147
2018-07-14T00:00:00.000000,2831.43,2835.46,2818.85,2831.18,11768934400.0,0.0009668675782113744
2018-07-17T00:00:00.000000,2827.08,2837.48,2804.49,2814.04,10776715200.0,0.0011152556961034617
2018-07-18T00:00:00.000000,2806.89,2806.89,2774.76,2798.13,10540921600.0,0.001157794031803534
2018-07-19T00:00:00.000000,2801.78,2818.27,2786.04,2787.26,12096116800.0,0.001125191802702309
2018-07-20T00:00:00.000000,2791.02,2804.74,2764.54,2772.55,11448649600.0,0.0010866297051675836
2018-07-21T00:00:00.000000,2769.75,2837.77,2753.92,2829.27,14590768000.0,0.0016678642439804212
2018-07-24T00:00:00.000000,2815.2,2863.39,2809.72,2859.54,17338280000.0,0.0013062549204013137
2018-07-25T00:00:00.000000,2862.27,2911.28,2862.27,2905.56,22957830400.0,0.0015837512728748863
2018-07-26T00:00:00.000000,2911.45,2912.31,2894.04,2903.65,16780020800.0,0.0007780781677935184
2018-07-27T00:00:00.000000,2905.79,2915.27,2875.8,2882.23,16842820800.0,0.0011076096689089058
2018-07-28T00:00:00.000000,2879.69,2889.55,2864.17,2873.59,14637160000.0,0.0011248959071513188
2018-07-31T00:00:00.000000,2871.94,2895.73,2850.64,2869.05,15165225600.0,0.0015943664444322075
2018-08-01T00:00:00.000000,2866.9,2884.67,2854.49,2876.4,11893112000.0,0.0011254593718931878
2018-08-02T00:00:00.000000,2882.51,2897.39,2824.18,2824.53,14951435200.0,0.0015133224628782968
2018-08-03T00:00:00.000000,2815.34,2815.34,2726.9,2768.02,17417900800.0,0.0020741381297214576
2018-08-04T00:00:00.000000,2763.4,2777.38,2740.44,2740.44,12700636000.0,0.0014991222571806267
2018-08-07T00:00:00.000000,2736.53,2760.29,2692.54,2705.16,12975310400.0,0.001998491415458829
2018-08-08T00:00:00.000000,2711.74,2779.37,2696.04,2779.37,14957974400.0,0.0018718081347596901
2018-08-09T00:00:00.000000,2771.13,2779.91,2741.14,2744.07,14768872000.0,0.0016617901107058874
2018-08-10T00:00:00.000000,2729.58,2801.43,2726.57,2794.38,15166033600.0,0.00137055237888895
2018-08-11T00:00:00.000000,2791.4,2805.99,2777.81,2795.31,12153223200.0,0.0011633965860560046
2018-08-14T00:00:00.000000,2769.02,2789.77,2742.56,2785.87,12753224000.0,0.001836008114062433
2018-08-15T00:00:00.000000,2780.74,2789.44,2766.79,2780.96,10957108000.0,0.0010858611615936304
2018-08-16T00:00:00.000000,2777.25,2777.7,2721.49,2723.26,11616178400.0,0.0012977289400030567
2018-08-17T00:00:00.000000,2691.43,2732.95,2672.87,2705.19,12027788000.0,0.0033735869181590644
2018-08-18T00:00:00.000000,2723.89,2730.24,2665.79,2668.97,11244529600.0,0.0013704597305214364
2018-08-21T00:00:00.000000,2673.07,2698.47,2653.2,2698.47,11078416000.0,0.0019607162072055326
2018-08-22T00:00:00.000000,2700.34,2739.11,2696.29,2733.83,11358684000.0,0.0010806411004388612
2018-08-23T00:00:00.000000,2731.96,2731.96,2709.25,2714.61,9366464000.0,0.00099519162283007
2018-08-24T00:00:00.000000,2714.87,2736.01,2700.93,2724.62,9844647200.0,0.001620386085427761
2018-08-25T00:00:00.000000,2717.08,2748.82,2705.44,2729.43,10051627200.0,0.0014392331666736398
2018-08-28T00:00:00.000000,2736.32,2780.9,2736.32,2780.9,13276257600.0,0.001249036402051043
2018-08-29T00:00:00.000000,2782.29,2791.39,2769.4,2777.98,11874936800.0,0.0008899096068664421
2018-08-30T00:00:00.000000,2774.86,2778.29,2762.38,2769.29,10015692800.0,0.0008204416384358537
2018-08-31T00:00:00.000000,2769.33,2780.53,2736.57,2737.74,10606094400.0,0.0010406626788809225
2018-09-01T00:00:00.000000,2730.11,2744.63,2710.59,2725.25,10975874400.0,0.001380355703509195
2018-09-04T00:00:00.000000,2716.4,2722.59,2692.54,2720.73,10221300800.0,0.001155588149651838
2018-09-05T00:00:00.000000,2720.65,2756.4,2712.56,2750.58,10901030400.0,0.0012050749023865715
2018-09-06T00:00:00.000000,2741.38,2745.45,2704.34,2704.34,10500227200.0,0.0011585814238171525
2018-09-07T00:00:00.000000,2697.58,2719.21,2684.09,2691.59,9887976800.0,0.0012768592307361515
2018-09-08T00:00:00.000000,2696.68,2728.34,2683.82,2702.3,10752329600.0,0.0015222961502298128
2018-09-11T00:00:00.000000,2698.01,2703.43,2667.39,2669.48,10355916800.0,0.001238648281525613
2018-09-12T00:00:00.000000,2668.49,2680.5,2652.78,2664.8,9986594400.0,0.0012596340754894497
2018-09-13T00:00:00.000000,2659.74,2672.05,2647.29,2656.11,9002676000.0,0.0013240091445750283
2018-09-14T00:00:00.000000,2679.21,2688.89,2653.4,2686.58,10733501600.0,0.0016039601927785067
2018-09-15T00:00:00.000000,2688.78,2694.64,2675.49,2681.64,10000500800.0,0.0011211682444190448
2018-09-18T00:00:00.000000,2671.29,2671.29,2648.57,2651.79,8823888800.0,0.0013264020080981135
2018-09-19T00:00:00.000000,2644.3,2700.09,2644.3,2699.95,11576799200.0,0.0012748057119281416
2018-09-20T00:00:00.000000,2694.8,2746.08,2690.99,2730.85,14155032000.0,0.0012775676942782311
2018-09-21T00:00:00.000000,2732.17,2743.96,2724.18,2729.24,11138750400.0,0.0008761315366099273
2018-09-22T00:00:00.000000,2733.87,2797.49,2722.08,2797.48,15801664000.0,0.0013021089909073852
2018-09-26T00:00:00.000000,2775.07,2790.03,2771.16,2781.14,11198317600.0,0.0011196086987229586
2018-09-27T00:00:00.000000,2785.32,2827.28,2783.55,2806.81,13956771200.0,0.001445387174453371
2018-09-28T00:00:00.000000,2805.79,2810.51,2786.65,2791.77,12399769600.0,0.000999909911368621
2018-09-29T00:00:00.000000,2794.26,2821.62,2791.96,2821.35,13429046400.0,0.0010858889478500607
2018-10-09T00:00:00.000000,2768.21,2771.84,2710.2,2716.51,14950139200.0,0.0035774442683719487
2018-10-10T00:00:00.000000,2713.73,2734.29,2711.29,2721.01,11677189600.0,0.0012368364101907614
2018-10-11T00:00:00.000000,2723.72,2743.48,2703.25,2725.84,11348573600.0,0.0015377951304095393
2018-10-12T00:00:00.000000,2643.07,2661.05,2560.38,2583.46,19715070400.0,0.0046692236446272215
2018-10-13T00:00:00.000000,2574.04,2615.71,2536.72,2606.91,17008163200.0,0.002607945521658597
2018-10-16T00:00:00.000000,2605.91,2611.82,2565.06,2568.1,11857620000.0,0.001657089377329185
2018-10-17T00:00:00.000000,2567.76,2597.71,2536.47,2546.33,11941914400.0,0.0018078490367340306
2018-10-18T00:00:00.000000,2574.31,2582.5,2517.75,2561.61,12995400000.0,0.0024340045050824264
2018-10-19T00:00:00.000000,2544.91,2544.91,2485.64,2486.42,12542851200.0,0.0024833837797805167
2018-10-20T00:00:00.000000,2460.08,2553.2,2449.47,2550.47,14732355200.0,0.0026264331170446353
2018-10-23T00:00:00.000000,2565.64,2675.36,2565.64,2654.88,21188844800.0,0.0028656722073140267
2018-10-24T00:00:00.000000,2652.65,2659.63,2583.39,2594.83,17834353600.0,0.0018125095616594344
2018-10-25T00:00:00.000000,2579.97,2640.39,2578.05,2603.3,16006040000.0,0.0020851266101302142
2018-10-26T00:00:00.000000,2540.93,2605.88,2531.78,2603.8,16203297600.0,0.004324809375844041
2018-10-27T00:00:00.000000,2610.9,2626.03,2580.9,2598.85,15893611200.0,0.001772860060734549
2018-10-30T00:00:00.000000,2593.59,2595.35,2529.19,2542.1,13424192000.0,0.0018081515426529597
2018-10-31T00:00:00.000000,2538.57,2586.92,2521.78,2568.05,16668230400.0,0.0020793513379068836
2018-11-01T00:00:00.000000,2573.01,2612.88,2567.11,2602.78,18055035200.0,0.0013223137791101539
2018-11-02T00:00:00.000000,2617.03,2636.65,2603.69,2606.24,20090393600.0,0.001604632590103235
2018-11-03T00:00:00.000000,2649.25,2676.48,2628.91,2676.48,22502692800.0,0.00270893784563348
2018-11-06T00:00:00.000000,2665.43,2673.09,2639.53,2665.43,19376009600.0,0.0015076227279904278
2018-11-07T00:00:00.000000,2660.72,2660.73,2635.53,2659.36,16366947200.0,0.001445164017116774
2018-11-08T00:00:00.000000,2659.84,2675.57,2639.25,2641.34,17317995100.0,0.0012208055548990364
2018-11-09T00:00:00.000000,2660.09,2661.97,2632.3,2635.63,15963548800.0,0.0011873029067375276
2018-11-10T00:00:00.000000,2621.24,2621.24,2598.2,2598.87,15244630400.0,0.0015166804179288348
2018-11-13T00:00:00.000000,2593.2,2631.17,2590.45,2630.52,17503131200.0,0.0011025450474932098
2018-11-14T00:00:00.000000,2600.5,2666.49,2597.35,2654.88,24928244800.0,0.0019553601919213193
2018-11-15T00:00:00.000000,2648.31,2658.31,2628.06,2632.24,23844934400.0,0.0010824823473662285
2018-11-16T00:00:00.000000,2632.14,2668.17,2631.89,2668.17,20784872000.0,0.0011916162104051837
2018-11-17T00:00:00.000000,2669.78,2695.55,2657.18,2679.11,24219884800.0,0.0012509428769596723
2018-11-20T00:00:00.000000,2681.9,2703.51,2674.26,2703.51,23166283200.0,0.0013746703153157652
2018-11-21T00:00:00.000000,2684.29,2690.83,2643.38,2645.85,21589131200.0,0.0015253006803782065
2018-11-22T00:00:00.000000,2619.82,2653.8,2618.09,2651.51,18259644800.0,0.0013896494683034116
2018-11-23T00:00:00.000000,2655.9,2657.54,2634.52,2645.43,14930905600.0,0.0008555891310437237
2018-11-24T00:00:00.000000,2640.67,2641.85,2577.48,2579.48,19147454400.0,0.0015933926131875727
2018-11-27T00:00:00.000000,2580.84,2594.98,2568.1,2575.81,13431454400.0,0.0012534752564657367
2018-11-28T00:00:00.000000,2585.83,2592.54,2566.17,2574.68,12365843200.0,0.0010758090373489363
2018-11-29T00:00:00.000000,2575.45,2601.74,2561.59,2601.74,14596347200.0,0.0011478819576999852
2018-11-30T00:00:00.000000,2613.78,2617.55,2567.44,2567.44,15716870400.0,0.001245736530734156
2018-12-01T00:00:00.000000,2564.56,2590.16,2555.4,2588.19,13932902400.0,0.001286993254264146
2018-12-04T00:00:00.000000,2647.13,2665.14,2629.23,2654.8,20747896000.0,0.0028707384116959107
2018-12-05T00:00:00.000000,2651.56,2666.03,2645.25,2665.96,16794056000.0,0.0009466969213030199
2018-12-06T00:00:00.000000,2629.83,2660.33,2626.66,2649.81,15450204800.0,0.0018507755018726496
2018-12-07T00:00:00.000000,2629.82,2633.52,2603.13,2605.18,14166164800.0,0.0014902468754711996
2018-12-08T00:00:00.000000,2609.34,2614.18,2599.35,2605.89,10907499200.0,0.0008074393646241621
2018-12-11T00:00:00.000000,2589.19,2599.76,2576.24,2584.58,11319967200.0,0.0010729919011144076
2018-12-12T00:00:00.000000,2587.01,2596.12,2583.21,2594.09,10130436800.0,0.0007418335582101472
2018-12-13T00:00:00.000000,2608.11,2609.93,2595.14,2602.15,10351830400.0,0.0008772451071223207
2018-12-14T00:00:00.000000,2607.14,2645.78,2599.48,2634.05,15073811200.0,0.00116167889704594
2018-12-15T00:00:00.000000,2627.28,2628.89,2593.74,2593.74,14594249600.0,0.0008477810951623222
2018-12-18T00:00:00.000000,2587.26,2598.97,2573.87,2597.97,11736324800.0,0.0010342493255217338
2018-12-19T00:00:00.000000,2583.63,2599.15,2563.57,2576.65,11703336800.0,0.0011404344686700603
2018-12-20T00:00:00.000000,2578.68,2579.87,2547.08,2549.56,10766180000.0,0.0008906614192759465
2018-12-21T00:00:00.000000,2544.51,2554.86,2516.02,2536.27,12056649600.0,0.001549569134385129
2018-12-22T00:00:00.000000,2526.55,2527.24,2498.82,2516.25,11567120000.0,0.0014138673109960027
2018-12-25T00:00:00.000000,2506.74,2529.44,2500.44,2527.01,9733985600.0,0.0012536252446416526
2018-12-26T00:00:00.000000,2503.95,2513.92,2462.84,2504.82,14004828500.0,0.002432852019020047
2018-12-27T00:00:00.000000,2501.12,2513.76,2492.08,2498.29,10879963200.0,0.0010428844733847658
2018-12-28T00:00:00.000000,2527.72,2532.0,2483.09,2483.09,13540684800.0,0.0018835972336998259
2018-12-29T00:00:00.000000,2483.62,2505.11,2478.34,2493.9,11918670200.0,0.0011711423927454607
2019-01-03T00:00:00.000000,2497.88,2500.28,2456.42,2465.29,10992346800.0,0.001074740151019641
2019-01-04T00:00:00.000000,2461.78,2488.48,2456.08,2464.36,12439749600.0,0.0012823521777497614
2019-01-05T00:00:00.000000,2446.02,2515.32,2440.91,2514.87,16878471000.0,0.0019327651041180255
2019-01-08T00:00:00.000000,2528.7,2536.98,2515.51,2533.09,17728747000.0,0.0014212248689052292
2019-01-09T00:00:00.000000,2530.3,2531.3,2520.16,2526.46,15745584100.0,0.0009230151752798621
2019-01-10T00:00:00.000000,2536.42,2574.39,2536.29,2544.34,19188793600.0,0.0013452284068262682
2019-01-11T00:00:00.000000,2543.85,2551.83,2531.97,2535.1,15987432000.0,0.0008582276749155278
2019-01-12T00:00:00.000000,2539.55,2554.71,2533.6,2553.83,14932922200.0,0.0012233740330972742
2019-01-15T00:00:00.000000,2553.33,2556.25,2533.01,2535.77,14475970100.0,0.0006688565299648829
2019-01-16T00:00:00.000000,2537.37,2571.49,2532.62,2570.34,15943909700.0,0.0009203755990577779
2019-01-17T00:00:00.000000,2569.07,2574.24,2563.16,2570.42,14930153600.0,0.0006785623999193334
2019-01-18T00:00:00.000000,2573.58,2582.56,2557.82,2559.64,16246812800.0,0.000971962665280456
2019-01-19T00:00:00.000000,2567.74,2598.88,2565.9,2596.01,19076723200.0,0.0012385154648959392
2019-01-22T00:00:00.000000,2599.06,2618.98,2599.06,2610.51,16342512000.0,0.0008463109652687779
2019-01-23T00:00:00.000000,2609.64,2609.64,2573.12,2579.7,15253777600.0,0.0008331778915754177
2019-01-24T00:00:00.000000,2575.26,2589.51,2572.52,2581.0,13142680000.0,0.0008081490958858816
2019-01-25T00:00:00.000000,2584.65,2597.13,2569.94,2591.69,15404204800.0,0.0008617029821193457
2019-01-26T00:00:00.000000,2596.26,2617.0,2595.63,2601.72,15939403200.0,0.0009636601294796411
2019-01-29T00:00:00.000000,2615.71,2630.32,2591.1,2596.98,14698176000.0,0.001428676504901669
2019-01-30T00:00:00.000000,2592.35,2601.74,2559.98,2594.25,15558112000.0,0.0016964226707147675
2019-01-31T00:00:00.000000,2584.75,2598.82,2575.41,2575.58,12050256800.0,0.0011041866347817324
2019-02-01T00:00:00.000000,2581.33,2606.63,2571.58,2584.57,15430387200.0,0.001273188915964169
2019-02-02T00:00:00.000000,2597.78,2618.48,2590.55,2618.23,13198684800.0,0.001141718148357049
2019-02-12T00:00:00.000000,2613.17,2654.1,2613.17,2653.9,15489886400.0,0.0009923827276364344
2019-02-13T00:00:00.000000,2654.03,2674.48,2648.83,2671.89,18410118400.0,0.0008888847670717123
2019-02-14T00:00:00.000000,2674.52,2727.08,2666.52,2721.07,24379401600.0,0.0010876045622728995
2019-02-15T00:00:00.000000,2715.54,2729.28,2707.83,2719.7,19703734400.0,0.0011336523635821153
2019-02-16T00:00:00.000000,2712.79,2715.4,2679.99,2682.39,19600427200.0,0.0009704278752329824
2019-02-19T00:00:00.000000,2699.82,2754.36,2699.82,2754.36,26043600000.0,0.0017959442266029008
2019-02-20T00:00:00.000000,2759.5,2780.78,2737.59,2755.65,28804627200.0,0.0014912111875593384
2019-02-21T00:00:00.000000,2761.06,2767.41,2740.01,2761.22,24597252800.0,0.0010566861539720294
2019-02-22T00:00:00.000000,2759.94,2793.94,2744.98,2751.8,29864998400.0,0.0015016724915010982
2019-02-23T00:00:00.000000,2749.46,2804.23,2736.33,2804.23,30148140800.0,0.0012726251312051712
2019-02-26T00:00:00.000000,2838.39,2961.68,2838.39,2961.28,52865859200.0,0.003005635694164527
2019-02-27T00:00:00.000000,2969.1,2995.68,2938.62,2941.52,56555795200.0,0.0028421547118419772
2019-02-28T00:00:00.000000,2939.93,2997.49,2924.64,2953.82,47497644800.0,0.0024608047893627857
2019-03-01T00:00:00.000000,2950.05,2965.3,2930.2,2940.95,35020659200.0,0.0019328478941804045
2019-03-02T00:00:00.000000,2954.4,2994.01,2930.83,2994.01,34578620800.0,0.0019041590226701944
2019-03-05T00:00:00.000000,3015.94,3090.8,3006.94,3027.58,52564944000.0,0.0026510017763800033
2019-03-06T00:00:00.000000,3019.88,3054.96,3009.92,3054.25,42414252800.0,0.0017115080594940443
2019-03-07T00:00:00.000000,3060.43,3103.83,3050.11,3102.1,55500633600.0,0.0019942034102937876
2019-03-08T00:00:00.000000,3103.67,3129.94,3074.98,3106.42,58381708800.0,0.002231868647138936
2019-03-09T00:00:00.000000,3038.34,3075.05,2969.58,2969.86,57785548800.0,0.004319022870966183
2019-03-12T00:00:00.000000,2969.08,3027.95,2963.64,3026.99,42621302400.0,0.001763729799419199
2019-03-13T00:00:00.000000,3049.08,3093.03,3029.9,3060.31,51117318400.0,0.002274484227345087
2019-03-14T00:00:00.000000,3062.33,3065.02,3013.93,3026.95,45321462400.0,0.0022663191856209155
2019-03-15T00:00:00.000000,3013.6,3041.16,2968.82,2990.68,37314179200.0,0.0019043782068334156
2019-03-16T00:00:00.000000,3000.88,3048.12,2999.43,3021.75,34120614400.0,0.001906768814253659
2019-03-19T00:00:00.000000,3027.8,3096.42,3009.51,3096.42,39779718400.0,0.0015826771686812953
2019-03-20T00:00:00.000000,3099.9,3113.43,3076.36,3090.97,35090886400.0,0.0013319127041912474
2019-03-21T00:00:00.000000,3084.17,3102.52,3053.5,3090.64,35855750400.0,0.001942158439278656
2019-03-22T00:00:00.000000,3094.12,3125.02,3087.11,3101.45,41425116800.0,0.0015028813514426519
2019-03-23T00:00:00.000000,3100.73,3107.18,3064.93,3104.15,36484835200.0,0.0015689848567706011
2019-03-26T00:00:00.000000,3058.8,3087.0,3042.27,3043.03,38027875200.0,0.0023997194360970593
2019-03-27T00:00:00.000000,3057.56,3062.41,2988.5,2997.1,35349801600.0,0.0017096563335999976
2019-03-28T00:00:00.000000,3012.26,3022.76,2988.34,3022.72,29139036800.0,0.0015000305653795946
2019-03-29T00:00:00.000000,3009.8,3025.78,2991.78,2994.94,28810643200.0,0.0016643770746791525
2019-03-30T00:00:00.000000,3000.68,3093.03,2999.99,3090.76,37508297600.0,0.0016727847371898164
2019-04-02T00:00:00.000000,3111.66,3176.18,3111.66,3170.36,46612470400.0,0.002221985055860212
2019-04-03T00:00:00.000000,3183.27,3192.92,3164.91,3176.82,44706899200.0,0.0013678250816738728
2019-04-04T00:00:00.000000,3159.15,3219.11,3152.33,3216.3,43054864000.0,0.0014964488974038158
2019-04-05T00:00:00.000000,3233.69,3254.14,3216.85,3246.57,46911766400.0,0.0019568117829029032
2019-04-09T00:00:00.000000,3271.27,3288.45,3210.52,3244.81,50451840000.0,0.0022362093099010808
2019-04-10T00:00:00.000000,3240.39,3251.65,3215.7,3239.66,36416998400.0,0.0014937282956447504
2019-04-11T00:00:00.000000,3224.65,3264.58,3205.0,3241.93,38013440000.0,0.0019865082158769393
2019-04-12T00:00:00.000000,3241.55,3254.05,3185.55,3189.96,35303187200.0,0.0018546335447426265
2019-04-13T00:00:00.000000,3184.86,3199.21,3168.14,3188.63,28978899200.0,0.0013309460119540603
2019-04-16T00:00:00.000000,3233.46,3253.98,3177.27,3177.79,34880979200.0,0.0027463749775386405
2019-04-17T00:00:00.000000,3164.4,3253.6,3153.21,3253.6,35791875200.0,0.001958326346863089
2019-04-18T00:00:00.000000,3250.15,3275.27,3239.8,3263.12,35754179200.0,0.001338649752586349
2019-04-19T00:00:00.000000,3261.07,3271.39,3241.83,3250.2,32553993600.0,0.001250710603213391
2019-04-20T00:00:00.000000,3250.15,3274.33,3226.84,3270.8,31519801600.0,0.001512783171106364
2019-04-23T00:00:00.000000,3278.49,3279.49,3206.88,3215.04,35321737600.0,0.0015407689357089516
2019-04-24T00:00:00.000000,3211.87,3231.58,3186.76,3198.59,32836121600.0,0.0017073614778119121
2019-04-25T00:00:00.000000,3203.56,3210.65,3156.61,3201.61,27487216000.0,0.0015850183442127509
2019-04-26T00:00:00.000000,3190.59,3193.75,3123.03,3123.83,32587913600.0,0.001771034464339532
2019-04-27T00:00:00.000000,3108.16,3129.21,3085.8,3086.4,28087385600.0,0.001712693436386993
2019-04-30T00:00:00.000000,3090.63,3107.76,3050.09,3062.5,29211488000.0,0.0022065109175024985
2019-05-01T00:00:00.000000,3052.62,3088.31,3052.62,3078.34,22230251200.0,0.0013496654448429954
2019-05-07T00:00:00.000000,2984.73,2986.54,2876.58,2906.46,32697225600.0,0.0051561695100243035
2019-05-08T00:00:00.000000,2914.29,2937.28,2889.07,2926.39,25328177600.0,0.002144625507172733
2019-05-09T00:00:00.000000,2873.14,2929.43,2866.7,2893.76,23153051200.0,0.0030614535896642406
2019-05-10T00:00:00.000000,2871.2,2888.86,2845.04,2850.95,20004110400.0,0.0018627631003782805
2019-05-11T00:00:00.000000,2878.23,2941.45,2838.39,2939.21,28230681600.0,0.004306925182919491
2019-05-14T00:00:00.000000,2905.07,2921.41,2892.61,2903.71,21202988800.0,0.0026463689935722367
2019-05-15T00:00:00.000000,2872.83,2909.2,2872.83,2883.61,20834536000.0,0.0015458631083943362
2019-05-16T00:00:00.000000,2902.64,2945.39,2902.64,2938.68,23051969600.0,0.001548177074134218
2019-05-17T00:00:00.000000,2933.5,2956.17,2929.06,2955.71,24838569600.0,0.001010487413142554
2019-05-18T00:00:00.000000,2955.77,2956.62,2873.8,2882.3,26630164800.0,0.0014303290235389665
2019-05-21T00:00:00.000000,2874.8,2882.63,2838.45,2870.6,20947244800.0,0.0021358872364738058
2019-05-22T00:00:00.000000,2867.71,2919.24,2862.74,2905.97,21138702400.0,0.00134451612736939
2019-05-23T00:00:00.000000,2905.52,2912.4,2879.64,2891.7,20002691200.0,0.0011582678719840294
2019-05-24T00:00:00.000000,2880.84,2885.14,2846.96,2852.52,19734030400.0,0.0017474609961196912
2019-05-25T00:00:00.000000,2847.84,2871.86,2846.32,2852.99,16720548800.0,0.0012890410172979945
2019-05-28T00:00:00.000000,2851.28,2898.13,2833.04,2892.38,19672089600.0,0.0017162983391741608
2019-05-29T00:00:00.000000,2890.27,2924.04,2887.08,2909.91,22331056000.0,0.0014422632122554652
2019-05-30T00:00:00.000000,2894.83,2934.9,2890.66,2914.7,19895881600.0,0.0013742808025290693
2019-05-31T00:00:00.000000,2903.42,2907.85,2881.52,2905.81,20575878400.0,0.00127074391851045
2019-06-01T00:00:00.000000,2904.5,2922.91,2895.78,2898.7,19523057600.0,0.0009827790866702784
2019-06-04T00:00:00.000000,2901.74,2920.76,2875.9,2890.08,21594355200.0,0.0014371839765697236
2019-06-05T00:00:00.000000,2887.64,2888.39,2851.97,2862.28,18846353600.0,0.0011519409843972208
2019-06-06T00:00:00.000000,2882.94,2888.77,2858.57,2861.42,18156104000.0,0.0012843619548968004
2019-06-07T00:00:00.000000,2862.33,2862.33,2822.19,2827.8,17706441600.0,0.0011606475020268477
2019-06-11T00:00:00.000000,2833.01,2861.13,2824.36,2852.13,16658592000.0,0.00128362117801315
2019-06-12T00:00:00.000000,2854.07,2927.43,2854.07,2925.72,26052579200.0,0.001172094967368644
2019-06-13T00:00:00.000000,2917.22,2924.7,2903.88,2909.38,24025577600.0,0.0008768383757480345
2019-06-14T00:00:00.000000,2905.29,2918.33,2885.95,2910.74,21295779200.0,0.0010968690410021519
2019-06-15T00:00:00.000000,2913.0,2924.2,2879.66,2881.97,21543579200.0,0.0009629822106331553
2019-06-18T00:00:00.000000,2880.42,2902.48,2877.39,2887.62,15396496000.0,0.0009793948996992532
2019-06-19T00:00:00.000000,2891.09,2898.33,2874.49,2890.16,14770531200.0,0.0009017105401291125
2019-06-20T00:00:00.000000,2944.12,2953.33,2916.44,2917.8,23075697600.0,0.0027251853738426914
2019-06-21T00:00:00.000000,2917.33,2997.39,2915.09,2987.12,29101155200.0,0.0014764498497235293
2019-06-22T00:00:00.000000,2990.37,3010.35,2989.44,3001.98,28697382400.0,0.0011306882429367065
2019-06-25T00:00:00.000000,3004.29,3012.83,2994.42,3008.15,21049388800.0,0.0008203559829584293
2019-06-26T00:00:00.000000,3004.91,3004.91,2949.09,2982.07,24369924800.0,0.0015416961703359437
2019-06-27T00:00:00.000000,2964.62,2986.91,2958.46,2976.28,17444953600.0,0.0010329137603549683
2019-06-28T00:00:00.000000,2982.61,3011.54,2981.05,2996.79,19539705600.0,0.001154303003295595
2019-06-29T00:00:00.000000,2992.24,2992.24,2961.22,2978.88,18143152000.0,0.001072638119233926
2019-07-02T00:00:00.000000,3024.62,3045.32,3014.69,3044.9,25084043200.0,0.00229261061883429
2019-07-03T00:00:00.000000,3042.58,3048.4,3033.78,3043.94,21452060800.0,0.0006845800808201357
2019-07-04T00:00:00.000000,3031.83,3031.83,3006.32,3015.26,21229617600.0,0.0013515487115790235
2019-07-05T00:00:00.000000,3015.68,3024.5,2991.93,3005.25,19441513600.0,0.000847356265261453
2019-07-06T00:00:00.000000,3004.74,3014.85,2990.92,3011.06,15675542400.0,0.0007783009570857454
2019-07-09T00:00:00.000000,2997.81,2997.81,2918.72,2933.36,21154126400.0,0.002041747525648408
2019-07-10T00:00:00.000000,2928.82,2937.76,2912.81,2928.23,14511060800.0,0.000817622615036485
2019-07-11T00:00:00.000000,2935.19,2936.75,2908.31,2915.3,13548353600.0,0.000744691619063497
2019-07-12T00:00:00.000000,2928.06,2945.72,2907.9,2917.76,14369252200.0,0.0011618202446403163
2019-07-13T00:00:00.000000,2915.34,2938.53,2905.81,2930.55,13779475900.0,0.0010621444525708086
2019-07-16T00:00:00.000000,2921.55,2955.0,2886.7,2942.19,16764339700.0,0.0021427493754025448
2019-07-17T00:00:00.000000,2938.64,2944.82,2931.29,2937.62,13181175100.0,0.0005862502366797796
2019-07-18T00:00:00.000000,2933.02,2942.07,2924.65,2931.69,14963161600.0,0.0008922076453397565
2019-07-19T00:00:00.000000,2921.74,2921.74,2901.18,2901.18,14988882800.0,0.001043009994520924
2019-07-20T00:00:00.000000,2909.68,2939.55,2909.68,2924.2,14946955300.0,0.0011263983864035325
2019-07-23T00:00:00.000000,2925.79,2927.16,2879.69,2886.97,18067496000.0,0.0014621259580369294
2019-07-24T00:00:00.000000,2886.9,2901.33,2883.37,2899.94,12931050800.0,0.0007730951694155296
2019-07-25T00:00:00.000000,2907.93,2936.24,2907.79,2923.28,15524576200.0,0.0011401901784757315
2019-07-26T00:00:00.000000,2923.19,2937.36,2916.15,2937.36,14568438500.0,0.0006404498764056133
2019-07-27T00:00:00.000000,2928.06,2948.33,2924.45,2944.54,13934338800.0,0.0007192515652283714
2019-07-30T00:00:00.000000,2943.92,2948.38,2932.98,2941.01,12799184600.0,0.0005422375456911296
2019-07-31T00:00:00.000000,2946.26,2965.63,2946.26,2952.34,14831646200.0,0.000797005291493902
2019-08-01T00:00:00.000000,2944.4,2944.4,2926.49,2932.51,14105234800.0,0.0008901023541596425
2019-08-02T00:00:00.000000,2920.85,2927.02,2901.78,2908.77,14238981300.0,0.0007526669449306139
2019-08-03T00:00:00.000000,2861.33,2872.47,2851.7,2867.84,18488844300.0,0.0024570394592718257
2019-08-06T00:00:00.000000,2854.58,2863.69,2821.5,2821.5,16741942300.0,0.0014330436326171374
2019-08-07T00:00:00.000000,2776.99,2787.42,2733.92,2777.56,23112372700.0,0.003237179694978487
2019-08-08T00:00:00.000000,2789.02,2792.69,2768.68,2768.68,15771675200.0,0.0008922550572012345
2019-08-09T00:00:00.000000,2784.18,2799.39,2782.24,2794.55,14953956400.0,0.0013458486498648247
2019-08-10T00:00:00.000000,2805.59,2808.33,2770.5,2774.75,14824029300.0,0.0008650401205018379
2019-08-13T00:00:00.000000,2781.98,2814.99,2776.62,2814.99,13156343300.0,0.000942763662037844
2019-08-14T00:00:00.000000,2798.05,2802.04,2790.91,2797.26,13091650500.0,0.0010823772061532278
2019-08-15T00:00:00.000000,2824.49,2829.89,2807.72,2808.91,14401464100.0,0.0013861702570174175
2019-08-16T00:00:00.000000,2762.34,2815.9,2757.26,2815.8,15277215200.0,0.0024718033848403014
2019-08-17T00:00:00.000000,2817.57,2840.32,2811.8,2823.82,14858234400.0,0.0007449353670091905
2019-08-20T00:00:00.000000,2835.52,2883.1,2829.88,2883.1,21454666800.0,0.0011637641571875335
2019-08-21T00:00:00.000000,2879.08,2891.84,2875.2,2880.0,18967720600.0,0.0008336238073871672
2019-08-22T00:00:00.000000,2875.47,2885.5,2872.75,2880.33,15901966500.0,0.0006019416060032123
2019-08-23T00:00:00.000000,2887.66,2888.31,2867.55,2883.44,14920621500.0,0.0006831525390285138
2019-08-24T00:00:00.000000,2885.15,2902.46,2878.74,2897.43,15915682600.0,0.00107136295291749
2019-08-27T00:00:00.000000,2851.02,2870.49,2849.27,2863.57,16989536300.0,0.0019289262899529244
2019-08-28T00:00:00.000000,2879.52,2919.45,2879.41,2902.19,20814179400.0,0.001470348497785035
2019-08-29T00:00:00.000000,2901.6267,2905.4354,2887.0115,2893.76,18309252900.0,0.0005504683294267123
2019-08-30T00:00:00.000000,2896.0,2898.6,2878.59,2890.92,17861308200.0,0.0006763010928145769
2019-08-31T00:00:00.000000,2907.38,2914.38,2874.11,2886.24,19395995100.0,0.0012036283771528604
2019-09-03T00:00:00.000000,2886.94,2928.39,2883.73,2924.11,20278680700.0,0.0009150912240313242
2019-09-04T00:00:00.000000,2925.94,2930.15,2915.2,2930.15,18900121600.0,0.0006567048435517217
2019-09-05T00:00:00.000000,2927.75,2957.41,2925.88,2957.41,22549590700.0,0.0010700327036086935
2019-09-06T00:00:00.000000,2972.66,3015.82,2972.66,2985.86,30543870600.0,0.001534508674814146
2019-09-07T00:00:00.000000,2996.62,2999.94,2981.6,2999.6,21682603500.0,0.0008360322409129345
2019-09-10T00:00:00.000000,3023.78,3026.24,3005.69,3024.74,24337775200.0,0.0009547495160143442
2019-09-11T00:00:00.000000,3027.41,3027.41,3005.39,3021.2,24001294700.0,0.0007902034113291784
2019-09-12T00:00:00.000000,3029.93,3030.56,3004.22,3008.81,22983736200.0,0.0009062385992256295
2019-09-13T00:00:00.000000,3016.63,3033.47,3005.19,3031.24,19696870100.0,0.0008180604311463033
2019-09-17T00:00:00.000000,3041.92,3042.93,3020.18,3030.75,22187895900.0,0.0007526007376556972
2019-09-18T00:00:00.000000,3023.71,3023.71,2970.58,2978.12,22333806100.0,0.0011529473808663297
2019-09-19T00:00:00.000000,2984.08,2996.4,2982.4,2985.66,16804669900.0,0.0008049756197266681
2019-09-20T00:00:00.000000,2992.92,2999.28,2975.55,2999.28,16269061500.0,0.0006567410416770307
2019-09-21T00:00:00.000000,3004.81,3011.34,2996.19,3006.45,18214530200.0,0.0005773477465523637
2019-09-24T00:00:00.000000,2998.4,2998.4,2960.83,2977.08,16813945000.0,0.0014408598954555383
2019-09-25T00:00:00.000000,2979.48,3002.9,2973.85,2985.34,16390276100.0,0.0008274325001837728
2019-09-26T00:00:00.000000,2977.67,2977.67,2955.43,2955.43,16854313500.0,0.0011483052224939235
2019-09-27T00:00:00.000000,2964.48,2969.96,2928.26,2929.09,18893254100.0,0.0012111646857761687
2019-09-28T00:00:00.000000,2929.49,2939.04,2920.93,2932.17,13290577700.0,0.0007169921215175887
2019-10-01T00:00:00.000000,2927.92,2936.48,2905.19,2905.19,11664681100.0,0.0008779802431800735
2019-10-09T00:00:00.000000,2905.76,2933.02,2905.76,2913.57,12553581200.0,0.0008199310157109324
2019-10-10T00:00:00.000000,2902.08,2924.86,2891.59,2924.86,13042414400.0,0.0011649541620596027
2019-10-11T00:00:00.000000,2923.71,2949.24,2918.23,2947.71,13423975200.0,0.0007169441611551231
2019-10-12T00:00:00.000000,2954.82,2980.66,2943.17,2973.66,16120374600.0,0.0009978511309398576
2019-10-15T00:00:00.000000,2993.96,3026.38,2989.81,3007.88,20861480200.0,0.0013876794779102135
2019-10-16T00:00:00.000000,3005.66,3005.66,2986.3,2991.05,15537690400.0,0.0008776299836886132
2019-10-17T00:00:00.000000,2992.61,3010.42,2975.92,2978.71,14988549600.0,0.0010007840537791372
2019-10-18T00:00:00.000000,2979.99,2986.08,2969.57,2977.33,12252761400.0,0.0005879755962424716
2019-10-19T00:00:00.000000,2982.34,2987.2,2933.6,2938.14,14999067800.0,0.0011494778190852194
2019-10-22T00:00:00.000000,2933.9,2940.08,2917.69,2939.62,13247510700.0,0.001053139461388661
2019-10-23T00:00:00.000000,2945.6,2954.56,2934.39,2954.38,11748204800.0,0.0006961704409604001
2019-10-24T00:00:00.000000,2952.97,2957.3,2934.63,2941.62,12381288100.0,0.0006210907835312899
2019-10-25T00:00:00.000000,2944.01,2953.01,2927.06,2940.92,12654029000.0,0.0007765786568091716
2019-10-26T00:00:00.000000,2940.47,2958.24,2920.54,2954.93,13686070600.0,0.0009755121294907336
2019-10-29T00:00:00.000000,2958.69,2980.1,2956.97,2980.05,17373148100.0,0.0010992733468924666
2019-10-30T00:00:00.000000,2979.04,2979.04,2954.18,2954.18,16611005800.0,0.0006827722036343756
2019-10-31T00:00:00.000000,2949.46,2953.24,2934.98,2939.32,15879811000.0,0.0007783477265879586
2019-11-01T00:00:00.000000,2944.84,2946.46,2923.67,2929.06,16157148300.0,0.0007399866519750349
2019-11-02T00:00:00.000000,2924.34,2959.74,2917.15,2958.2,15990737300.0,0.0009963971063641185
2019-11-05T00:00:00.000000,2964.58,2983.06,2964.58,2975.49,16724836400.0,0.0008290261929272282
2019-11-06T00:00:00.000000,2977.7,3008.31,2968.13,2991.56,17989159300.0,0.0009321207426435037
2019-11-07T00:00:00.000000,2992.04,2995.56,2969.72,2978.6,16526354700.0,0.0006567292311208304
2019-11-08T00:00:00.000000,2978.15,2988.96,2969.35,2978.71,13695267800.0,0.0007189544040023006
2019-11-09T00:00:00.000000,2993.98,2998.24,2962.88,2964.18,14974210700.0,0.0009152302069536638
2019-11-12T00:00:00.000000,2949.96,2949.96,2906.77,2909.97,15791610500.0,0.001628809349172653
2019-11-13T00:00:00.000000,2913.0,2918.09,2891.51,2914.82,12972915400.0,0.0008883374270953492
2019-11-14T00:00:00.000000,2913.02,2913.84,2894.04,2905.24,12976584100.0,0.0009054395976387238
2019-11-15T00:00:00.000000,2907.74,2917.36,2899.78,2909.87,12914544800.0,0.0008156216957970838
2019-11-16T00:00:00.000000,2911.35,2917.83,2891.2,2891.34,13551946300.0,0.0008061901301504506
2019-11-19T00:00:00.000000,2889.55,2911.38,2884.09,2909.2,12443317700.0,0.0008435736389698828
2019-11-20T00:00:00.000000,2904.28,2933.99,2902.97,2933.99,13541760400.0,0.0005634046296693643
2019-11-21T00:00:00.000000,2928.11,2930.49,2907.42,2911.05,13735753000.0,0.0006268801067587657
2019-11-22T00:00:00.000000,2902.55,2910.36,2891.53,2903.64,12345860700.0,0.0009300933863326624
2019-11-23T00:00:00.000000,2906.24,2925.02,2873.99,2885.29,15862336500.0,0.0011745670400091254
2019-11-26T00:00:00.000000,2885.61,2906.61,2880.66,2906.17,17858742900.0,0.0008857463884568773
2019-11-27T00:00:00.000000,2912.52,2915.04,2898.12,2907.06,17000466300.0,0.0006811964864097212
2019-11-28T00:00:00.000000,2905.4,2914.49,2893.42,2903.19,13386220500.0,0.0008422306088208987
2019-11-29T00:00:00.000000,2902.36,2909.84,2883.43,2889.69,11952246800.0,0.000699814358292106
2019-11-30T00:00:00.000000,2885.97,2892.17,2858.58,2871.98,12261296800.0,0.0008286993380992087
2019-12-03T00:00:00.000000,2874.45,2888.89,2870.24,2875.81,12875580600.0,0.0007400365141694243
2019-12-04T00:00:00.000000,2869.88,2884.86,2857.32,2884.7,12377874200.0,0.0008844637261002902
2019-12-05T00:00:00.000000,2876.91,2882.46,2869.82,2878.12,12554365300.0,0.0006979233354701817
2019-12-06T00:00:00.000000,2886.52,2901.98,2885.08,2899.47,14316309600.0,0.0008391729694497952
2019-12-07T00:00:00.000000,2902.28,2912.01,2894.75,2912.01,13412887800.0,0.0005680949100141478
2019-12-10T00:00:00.000000,2914.46,2919.52,2905.51,2914.48,16079652700.0,0.0006286298182564923
2019-12-11T00:00:00.000000,2908.94,2919.2,2903.0,2917.32,17012399800.0,0.0005717977085902093
2019-12-12T00:00:00.000000,2922.6,2928.26,2915.0,2924.42,16554108700.0,0.0005227533438373637
2019-12-13T00:00:00.000000,2926.34,2926.34,2913.67,2915.7,15176080400.0,0.0004156650906914367
2019-12-14T00:00:00.000000,2937.78,2969.98,2935.85,2967.68,21197858500.0,0.0012829983310103123
2019-12-17T00:00:00.000000,2970.97,2984.64,2958.81,2984.39,21186211900.0,0.000608243943954846
2019-12-18T00:00:00.000000,2985.26,3039.29,2982.5,3022.42,29303225400.0,0.0010267468538945187
2019-12-19T00:00:00.000000,3021.47,3032.98,3011.82,3017.04,24408969100.0,0.0007424053339750238
2019-12-20T00:00:00.000000,3017.15,3021.34,3007.99,3017.07,20862426400.0,0.0006742455817537296
2019-12-21T00:00:00.000000,3019.64,3027.41,3002.34,3004.94,21507575500.0,0.0007641251869431031
2019-12-24T00:00:00.000000,2999.04,3009.34,2960.44,2962.75,20571661700.0,0.0011094653507074154
2019-12-25T00:00:00.000000,2965.83,2983.74,2960.77,2982.68,16303025000.0,0.0006383042830370802
2019-12-26T00:00:00.000000,2980.43,2988.29,2970.66,2981.88,17565402800.0,0.0006979921422076171
2019-12-27T00:00:00.000000,2981.25,3007.35,2980.4,3007.35,18244042600.0,0.0007501928497292538
2019-12-28T00:00:00.000000,3006.85,3035.95,3003.86,3005.04,24710277900.0,0.0009495370539800154
2019-12-31T00:00:00.000000,2998.17,3041.4,2983.36,3040.02,24806653000.0,0.0012682244111433655
2020-01-01T00:00:00.000000,3036.39,3051.68,3030.59,3050.12,21742902200.0,0.0007073246318554406
2020-01-03T00:00:00.000000,3066.34,3098.1,3066.34,3085.2,29247020800.0,0.001375164065714362
2020-01-04T00:00:00.000000,3089.02,3093.82,3074.52,3083.79,26149666700.0,0.0007529061529833618
2020-01-07T00:00:00.000000,3070.91,3107.2,3065.31,3083.41,31257584200.0,0.0012330861377021329
2020-01-08T00:00:00.000000,3085.49,3105.33,3084.51,3104.8,27658311100.0,0.0008408624050976754
2020-01-09T00:00:00.000000,3094.24,3094.24,3059.13,3066.89,29787255300.0,0.0010222300807842565
2020-01-10T00:00:00.000000,3082.64,3097.27,3080.13,3094.88,24343564900.0,0.0011076879108631742
2020-01-11T00:00:00.000000,3102.29,3105.22,3081.43,3092.29,21044246200.0,0.0007980630062800723
2020-01-14T00:00:00.000000,3091.49,3115.57,3075.38,3115.57,21062100400.0,0.0009003385234425836
2020-01-15T00:00:00.000000,3120.67,3127.1,3105.72,3106.82,22997376900.0,0.0006405770650744279
2020-01-16T00:00:00.000000,3103.17,3107.81,3082.04,3090.04,20231302300.0,0.0007286464401434941
2020-01-17T00:00:00.000000,3095.73,3096.34,3070.88,3074.08,20337547500.0,0.0005979494832729813
2020-01-18T00:00:00.000000,3081.46,3091.95,3067.25,3075.5,19030429900.0,0.000868709307081306
2020-01-21T00:00:00.000000,3082.11,3096.27,3070.48,3095.79,21049334100.0,0.0006591563600131809
2020-01-22T00:00:00.000000,3085.79,3085.79,3051.3,3052.14,23483073900.0,0.001046799269912186
2020-01-23T00:00:00.000000,3038.49,3069.25,3006.27,3060.75,22385286500.0,0.0016960708856870634
2020-01-24T00:00:00.000000,3037.95,3045.02,2955.42,2976.53,27276323400.0,0.0022706903135287786
2020-02-04T00:00:00.000000,2716.7,2766.58,2716.7,2746.61,21591210300.0,0.01222612471451119
2020-02-05T00:00:00.000000,2685.27,2786.12,2685.27,2783.29,36404620000.0,0.002304976220480712
2020-02-06T00:00:00.000000,2792.37,2842.74,2778.86,2818.09,30976182300.0,0.0016617285014157478
2020-02-07T00:00:00.000000,2826.89,2876.59,2807.61,2866.51,31639214200.0,0.0015204624595482974
2020-02-08T00:00:00.000000,2858.93,2875.96,2838.77,2875.96,30947964200.0,0.0016378125786714914
2020-02-11T00:00:00.000000,2860.5,2891.85,2851.05,2890.49,29492978400.0,0.0015970690758104664
2020-02-12T00:00:00.000000,2894.54,2913.66,2882.28,2901.67,26916833500.0,0.0012794161237510444
2020-02-13T00:00:00.000000,2895.56,2926.9,2892.55,2926.9,24873342900.0,0.0008224769705513074
2020-02-14T00:00:00.000000,2927.14,2935.41,2901.24,2906.07,27480484400.0,0.0011897877950208316
2020-02-15T00:00:00.000000,2899.87,2926.87,2899.57,2917.01,25065062700.0,0.0009493170110216462
2020-02-18T00:00:00.000000,2924.99,2983.64,2924.99,2983.62,31319800700.0,0.001239971712085958
2020-02-19T00:00:00.000000,2981.41,2990.52,2960.78,2984.97,31166591300.0,0.0009689922184783063
2020-02-20T00:00:00.000000,2979.52,2998.27,2971.84,2975.4,31514115100.0,0.001037247457828022
2020-02-21T00:00:00.000000,2981.88,3031.16,2968.45,3030.15,34573288100.0,0.0013166311867954708
2020-02-22T00:00:00.000000,3022.25,3058.9,3020.14,3039.67,36455727600.0,0.0012009994579912193
2020-02-25T00:00:00.000000,3027.89,3042.09,3007.36,3031.23,37043004400.0,0.001373385392083145
2020-02-26T00:00:00.000000,2982.07,3016.95,2943.72,3013.05,44162276200.0,0.002324531240511618
2020-02-27T00:00:00.000000,2978.42,3028.78,2974.94,2987.93,46904955200.0,0.0027016416149516125
2020-02-28T00:00:00.000000,2992.49,3009.46,2980.48,2991.33,35052365800.0,0.001210839022539811
2020-02-29T00:00:00.000000,2924.64,2948.13,2878.54,2880.3,40121691400.0,0.0033133492796176833
2020-03-03T00:00:00.000000,2899.31,2982.5,2899.31,2970.93,36733336900.0,0.002293539815750102
2020-03-04T00:00:00.000000,3006.89,3026.84,2976.62,2992.9,41010804700.0,0.0023063498009984855
2020-03-05T00:00:00.000000,2981.81,3012.0,2974.58,3011.67,35333827800.0,0.0013849634277696282
2020-03-06T00:00:00.000000,3036.15,3074.17,3023.19,3071.68,44542580600.0,0.0015478207473592722
2020-03-07T00:00:00.000000,3039.94,3052.44,3029.46,3034.51,36206153300.0,0.0015200774445930359
2020-03-10T00:00:00.000000,2987.18,2989.21,2940.89,2943.29,41456073600.0,0.0026325035965899892
2020-03-11T00:00:00.000000,2918.93,3000.3,2904.99,2996.76,39329664800.0,0.002679988687714179
2020-03-12T00:00:00.000000,3001.76,3010.03,2968.52,2968.52,35247097000.0,0.001208714781807086
2020-03-13T00:00:00.000000,2936.02,2944.15,2906.28,2923.49,30777845700.0,0.002602773475194235
2020-03-14T00:00:00.000000,2804.23,2910.82,2799.98,2887.43,36645043600.0,0.006723691659431421
2020-03-17T00:00:00.000000,2897.3,2897.3,2784.87,2789.25,35187866500.0,0.0022814309512460703
2020-03-18T00:00:00.000000,2796.28,2826.67,2715.22,2779.64,30614967700.0,0.003642925351457066
2020-03-19T00:00:00.000000,2792.32,2815.87,2728.76,2728.76,29115985200.0,0.0019274916203539738
2020-03-20T00:00:00.000000,2719.41,2736.82,2646.81,2702.13,30230274700.0,0.002614832490463485
2020-03-21T00:00:00.000000,2727.02,2751.74,2702.55,2745.62,25201950700.0,0.0018095340106923667
2020-03-24T00:00:00.000000,2677.59,2703.33,2656.5,2660.17,24982025000.0,0.0034394795264363217
2020-03-25T00:00:00.000000,2703.02,2723.41,2667.13,2722.44,25702193000.0,0.002828342270581965
2020-03-26T00:00:00.000000,2775.3,2788.57,2757.89,2781.59,27314446600.0,0.0026438040988993362
2020-03-27T00:00:00.000000,2761.9,2788.31,2753.43,2764.91,23408402200.0,0.0014700884124303204
2020-03-28T00:00:00.000000,2792.98,2805.55,2771.76,2772.2,24076406600.0,0.0016496746922686654
2020-03-31T00:00:00.000000,2739.72,2759.1,2723.05,2747.21,23970660400.0,0.002426571871428806
2020-04-01T00:00:00.000000,2767.31,2771.17,2743.14,2750.3,21859867400.0,0.0015450145113531392
2020-04-02T00:00:00.000000,2743.54,2773.36,2731.09,2734.52,21725342700.0,0.0011800676471086639
2020-04-03T00:00:00.000000,2720.23,2780.64,2719.9,2780.64,21786460000.0,0.0013610137642557285
2020-04-04T00:00:00.000000,2773.58,2780.59,2754.07,2763.99,20083740400.0,0.0009695155530400654
2020-04-08T00:00:00.000000,2806.97,2823.28,2801.84,2820.76,27019818600.0,0.0021929049277389485
2020-04-09T00:00:00.000000,2805.92,2823.06,2800.3,2815.37,24351530500.0,0.001190860761706707
2020-04-10T00:00:00.000000,2825.84,2832.34,2820.44,2825.9,23818484300.0,0.0007455508742187584
2020-04-11T00:00:00.000000,2827.19,2833.01,2789.98,2796.63,23345476800.0,0.001160727939157938
2020-04-14T00:00:00.000000,2784.6,2792.89,2774.08,2783.05,17712455400.0,0.0013657092757726047
2020-04-15T00:00:00.000000,2794.8,2827.3,2789.44,2827.28,20269656900.0,0.0008573753678008498
2020-04-16T00:00:00.000000,2826.66,2829.75,2808.7,2811.17,20562114600.0,0.00075600936744813
2020-04-17T00:00:00.000000,2798.43,2823.34,2796.84,2819.94,20300377300.0,0.0009464754385379987
2020-04-18T00:00:00.000000,2835.56,2854.79,2830.22,2838.49,24573675000.0,0.0011643871252608638
2020-04-21T00:00:00.000000,2840.41,2852.99,2833.36,2852.55,21184707800.0,0.0006286483697334082
2020-04-22T00:00:00.000000,2842.24,2842.24,2808.08,2827.01,23323587000.0,0.0010969668497476054
2020-04-23T00:00:00.000000,2814.07,2843.98,2808.48,2843.98,21732000000.0,0.0010027927347946307
2020-04-24T00:00:00.000000,2850.51,2853.64,2835.9,2838.5,24877903700.0,0.0007384431770124176
2020-04-25T00:00:00.000000,2834.94,2834.94,2802.72,2808.53,23518507600.0,0.0009156063722308586
2020-04-28T00:00:00.000000,2812.24,2832.67,2802.96,2815.49,21013098100.0,0.0009522971673441637
2020-04-29T00:00:00.000000,2819.99,2821.75,2758.25,2810.02,25387274500.0,0.002102446794133812
2020-04-30T00:00:00.000000,2801.38,2831.76,2800.74,2822.44,20206180700.0,0.000842471637144706
2020-05-01T00:00:00.000000,2832.38,2865.58,2832.38,2860.08,24245527800.0,0.0013064836084181932
2020-05-07T00:00:00.000000,2831.63,2879.26,2830.67,2878.14,24982661600.0,0.001029710679180353
2020-05-08T00:00:00.000000,2876.47,2882.02,2864.58,2871.52,22673695700.0,0.0006802053635931582
2020-05-09T00:00:00.000000,2882.71,2903.8,2879.2,2895.34,22682207500.0,0.0007516597829020752
2020-05-12T00:00:00.000000,2901.57,2914.28,2884.38,2894.8,22512041000.0,0.000946555827919603
2020-05-13T00:00:00.000000,2894.62,2897.9,2871.27,2891.56,19708298500.0,0.0008031323480343382
2020-05-14T00:00:00.000000,2882.96,2900.26,2875.55,2898.05,18506131000.0,0.0008140278409590038
2020-05-15T00:00:00.000000,2887.06,2887.06,2869.18,2870.34,19777620200.0,0.000916628500692779
2020-05-16T00:00:00.000000,2880.71,2884.14,2863.54,2868.46,18898359200.0,0.0007822389446640384
2020-05-19T00:00:00.000000,2872.52,2889.89,2862.27,2875.42,22602288200.0,0.0007608295304411319
2020-05-20T00:00:00.000000,2897.69,2900.22,2887.58,2898.58,19722240500.0,0.0012345233833719088
2020-05-21T00:00:00.000000,2896.47,2896.47,2876.18,2883.74,21051998500.0,0.0006909769708346508
2020-05-22T00:00:00.000000,2890.72,2891.52,2864.21,2867.92,20353203800.0,0.0007862394055601701
2020-05-23T00:00:00.000000,2863.05,2863.05,2808.24,2813.77,20906371200.0,0.0013057233593145815
2020-05-26T00:00:00.000000,2816.24,2821.5,2802.78,2817.97,17288555700.0,0.0009847548868165351
2020-05-27T00:00:00.000000,2827.9,2848.34,2825.9,2846.55,17456236900.0,0.000847587483928014
2020-05-28T00:00:00.000000,2847.32,2848.82,2831.93,2836.8,19814934300.0,0.0006908566885723042
2020-05-29T00:00:00.000000,2838.21,2861.86,2820.15,2846.22,20754601900.0,0.0010388829437315238
2020-05-30T00:00:00.000000,2835.58,2855.38,2829.63,2852.35,20679280400.0,0.0009436594780229601
2020-06-02T00:00:00.000000,2871.96,2917.13,2871.96,2915.43,26019605000.0,0.0016259645837255594
2020-06-03T00:00:00.000000,2916.32,2926.36,2909.13,2921.4,25610804900.0,0.0007940303085029013
2020-06-04T00:00:00.000000,2930.39,2942.67,2922.66,2923.37,25566398000.0,0.0008447862889176166
2020-06-05T00:00:00.000000,2931.84,2932.97,2910.75,2919.25,22660587300.0,0.0007159149350777993
2020-06-06T00:00:00.000000,2923.19,2930.8,2909.22,2930.8,21736067300.0,0.000681028515996521
2020-06-09T00:00:00.000000,2941.98,2949.9,2934.21,2937.77,23112436000.0,0.0009261188262854733
2020-06-10T00:00:00.000000,2939.54,2957.12,2932.94,2956.11,20904858500.0,0.0007191965165442178
2020-06-11T00:00:00.000000,2951.28,2951.33,2934.84,2943.75,20792596900.0,0.000836365103276555
2020-06-12T00:00:00.000000,2939.79,2952.57,2912.24,2920.9,23372294700.0,0.001082468962486861
2020-06-13T00:00:00.000000,2876.8,2930.26,2872.62,2919.74,23600864200.0,0.0018903238359499243
2020-06-16T00:00:00.000000,2908.28,2922.54,2890.03,2890.03,24320504600.0,0.0011154647511604002
2020-06-17T00:00:00.000000,2912.83,2931.77,2909.13,2931.75,22331306500.0,0.0012237791691109483
2020-06-18T00:00:00.000000,2932.67,2936.62,2919.04,2935.87,23465439100.0,0.0007414641046228962
2020-06-19T00:00:00.000000,2929.88,2942.9,2920.34,2939.32,25869137700.0,0.00100221560242642
2020-06-20T00:00:00.000000,2938.79,2973.32,2936.17,2967.63,26431396100.0,0.0006942628476389013
2020-06-23T00:00:00.000000,2966.9,2983.43,2959.04,2965.27,26788383400.0,0.0007467362800695886
2020-06-24T00:00:00.000000,2960.89,2972.4,2949.85,2970.62,22521220800.0,0.0007430003221705196
2020-06-25T00:00:00.000000,2972.98,2982.94,2971.22,2979.55,21320073200.0,0.0007016759972757695
2020-06-30T00:00:00.000000,2973.08,2977.91,2951.79,2961.52,22062272900.0,0.0009397453825679347
2020-07-01T00:00:00.000000,2965.11,2990.74,2965.11,2984.67,21495721400.0,0.0006875881397266797
2020-07-02T00:00:00.000000,2991.18,3026.19,2985.12,3025.98,27331314000.0,0.0010052028702522136
2020-07-03T00:00:00.000000,3023.72,3092.44,3021.67,3090.57,39112799600.0,0.0011063266142559505
2020-07-04T00:00:00.000000,3104.0,3152.81,3104.0,3152.81,45879385100.0,0.0018579351869841146
2020-07-07T00:00:00.000000,3187.84,3337.27,3187.84,3332.88,64387890600.0,0.0033985283391990725
2020-07-08T00:00:00.000000,3380.95,3406.57,3336.55,3345.34,65784015900.0,0.003991380088206375
2020-07-09T00:00:00.000000,3337.55,3421.26,3327.96,3403.44,58708168500.0,0.002188114902392938
2020-07-10T00:00:00.000000,3403.48,3456.97,3394.28,3450.59,62000182300.0,0.002085531355453264
2020-07-11T00:00:00.000000,3418.93,3433.0,3372.51,3383.32,55612001100.0,0.0022606547663003625
2020-07-14T00:00:00.000000,3379.39,3458.79,3369.59,3443.29,55800687500.0,0.0018818003822945527
2020-07-15T00:00:00.000000,3435.02,3451.08,3366.1,3414.62,54321149200.0,0.0020213082079241045
2020-07-16T00:00:00.000000,3422.08,3432.45,3345.75,3361.3,49203054200.0,0.0025787290080435676
2020-07-17T00:00:00.000000,3356.36,3373.53,3209.76,3210.1,49061312300.0,0.003246600015138188
2020-07-18T00:00:00.000000,3214.4,3252.78,3181.27,3214.13,35965241300.0,0.0024817645242254985
2020-07-21T00:00:00.000000,3243.91,3314.15,3220.68,3314.15,41855530600.0,0.0022229569274548246
2020-07-22T00:00:00.000000,3330.55,3336.54,3300.57,3320.89,35925202900.0,0.0014858486170381438
2020-07-23T00:00:00.000000,3315.18,3381.98,3311.79,3333.16,39333533500.0,0.0016803544040110278
2020-07-24T00:00:00.000000,3306.15,3336.3,3257.83,3325.11,40704249900.0,0.002047747494519331
2020-07-25T00:00:00.000000,3310.64,3319.13,3184.96,3196.77,42705402600.0,0.0026678621762270473
2020-07-28T00:00:00.000000,3210.39,3221.89,3175.02,3205.23,29931902100.0,0.002219943366806697
2020-07-29T00:00:00.000000,3226.13,3245.3,3208.57,3227.96,28937786100.0,0.0017417665773778281
2020-07-30T00:00:00.000000,3221.99,3294.55,3210.22,3294.55,32492406200.0,0.001626419424434725
2020-07-31T00:00:00.000000,3299.57,3312.45,3282.16,3286.82,34070412100.0,0.0013525710793761106
2020-08-01T00:00:00.000000,3280.8,3333.79,3261.82,3310.01,35375897900.0,0.0020792865717337086
2020-08-04T00:00:00.000000,3332.18,3368.1,3327.91,3367.97,40746086700.0,0.001498452894878654
2020-08-05T00:00:00.000000,3376.44,3391.07,3352.5,3371.69,44232855100.0,0.0015198602655657322
2020-08-06T00:00:00.000000,3363.33,3383.56,3333.88,3377.56,38582302700.0,0.0015275165183633193
2020-08-07T00:00:00.000000,3380.76,3392.7,3334.33,3386.46,41530251000.0,0.0016012216778900584
2020-08-08T00:00:00.000000,3370.59,3374.13,3307.71,3354.04,40392963300.0,0.0023052252130031127
2020-08-11T00:00:00.000000,3341.53,3399.93,3335.04,3379.25,38137963000.0,0.0016176976924809818
2020-08-12T00:00:00.000000,3379.49,3409.06,3336.09,3340.29,40045270600.0,0.0015793901406720608
2020-08-13T00:00:00.000000,3327.49,3335.53,3263.48,3319.27,37832895900.0,0.0021289346060866915
2020-08-14T00:00:00.000000,3328.18,3338.08,3309.46,3320.73,32429127800.0,0.0011186085997434098
2020-08-15T00:00:00.000000,3315.67,3361.98,3302.78,3360.1,30599837600.0,0.0012397316481589035
2020-08-18T00:00:00.000000,3373.9,3450.9,3369.37,3438.8,43459826000.0,0.0013637424710858759
2020-08-19T00:00:00.000000,3441.93,3456.72,3432.64,3451.09,38072927500.0,0.0011165312082003524
2020-08-20T00:00:00.000000,3444.56,3454.46,3406.16,3408.13,40572221400.0,0.001546331119191637
2020-08-21T00:00:00.000000,3385.96,3394.56,3352.78,3363.9,33560098200.0,0.0015121941101361527
2020-08-22T00:00:00.000000,3380.23,3393.92,3358.09,3380.68,28748834000.0,0.0013181130723952154
2020-08-25T00:00:00.000000,3391.11,3396.27,3368.2,3385.64,26622784100.0,0.0011203488015527785
2020-08-26T00:00:00.000000,3392.88,3408.73,3364.23,3373.58,27711342100.0,0.0010772755267254742
2020-08-27T00:00:00.000000,3371.81,3382.6,3320.28,3329.74,29445103600.0,0.001364976798628228
2020-08-28T00:00:00.000000,3333.49,3351.68,3312.99,3350.11,23709935300.0,0.001023113617519542
2020-08-29T00:00:00.000000,3346.29,3405.82,3339.65,3403.81,27132554900.0,0.0011985993532741754
2020-09-01T00:00:00.000000,3416.55,3442.74,3395.47,3395.68,32347389000.0,0.0013363680123647502
2020-09-02T00:00:00.000000,3389.74,3410.61,3381.71,3410.61,24699924900.0,0.0009721563267554513
2020-09-03T00:00:00.000000,3420.47,3421.4,3377.21,3404.8,26154631900.0,0.0010652641566491834
2020-09-04T00:00:00.000000,3404.03,3425.63,3374.36,3384.98,25534627900.0,0.0012248221141054952
2020-09-05T00:00:00.000000,3336.41,3360.11,3328.55,3355.37,22163655000.0,0.0022234679458623297
2020-09-08T00:00:00.000000,3349.92,3368.23,3285.63,3292.59,26061656700.0,0.001370020419207097
2020-09-09T00:00:00.000000,3301.22,3324.39,3276.61,3316.42,27106627800.0,0.0013914004729468864
2020-09-10T00:00:00.000000,3281.0,3289.53,3238.56,3254.63,35150974700.0,0.0018559443269544297
2020-09-11T00:00:00.000000,3282.23,3285.47,3227.64,3234.82,31247280400.0,0.0016917138748452222
2020-09-12T00:00:00.000000,3225.78,3262.5,3220.54,3260.35,22169883000.0,0.0011161358587149955
2020-09-15T00:00:00.000000,3275.92,3283.53,3261.15,3278.81,21392413700.0,0.0010356359895620116
2020-09-16T00:00:00.000000,3277.13,3297.69,3263.99,3295.68,19768440000.0,0.0009401699798088107
2020-09-17T00:00:00.000000,3293.17,3302.33,3271.11,3283.92,20044336400.0,0.0008037100023748726
2020-09-18T00:00:00.000000,3277.32,3290.41,3248.54,3270.44,20293197200.0,0.0012375854318370286
2020-09-19T00:00:00.000000,3270.91,3338.29,3268.53,3338.09,25626078800.0,0.0012364018131001536
2020-09-22T00:00:00.000000,3348.9,3350.59,3313.12,3316.94,21650309300.0,0.0007872618456333615
2020-09-23T00:00:00.000000,3290.67,3320.23,3265.78,3274.3,21401506500.0,0.0014206668292604148
2020-09-24T00:00:00.000000,3278.84,3289.44,3264.89,3279.71,16917806800.0,0.00098117336461136
2020-09-25T00:00:00.000000,3262.88,3264.99,3221.49,3223.18,20673601100.0,0.001331948466037016
2020-09-26T00:00:00.000000,3234.37,3239.47,3208.03,3219.42,16482241900.0,0.0010763289898477828
2020-09-29T00:00:00.000000,3224.98,3238.18,3210.9,3217.53,15598278300.0,0.0009684466158537911
2020-09-30T00:00:00.000000,3231.86,3242.79,3219.79,3224.36,15134987000.0,0.0009343468894741413
2020-10-01T00:00:00.000000,3232.71,3244.91,3202.34,3218.05,15350445700.0,0.0010347784514443392
2020-10-10T00:00:00.000000,3262.61,3280.51,3260.19,3272.08,18832564800.0,0.0020804224846551938
2020-10-13T00:00:00.000000,3287.33,3359.15,3286.18,3358.47,25962240800.0,0.0014022533778572477
2020-10-14T00:00:00.000000,3353.12,3361.81,3334.5,3359.75,20492610300.0,0.0009202817806268681
2020-10-15T00:00:00.000000,3353.62,3353.62,3332.96,3340.78,19865938200.0,0.0007684240337234291
2020-10-16T00:00:00.000000,3342.92,3354.58,3330.2,3332.18,19103128200.0,0.001010043238071283
2020-10-17T00:00:00.000000,3334.46,3348.91,3319.11,3336.36,19429542100.0,0.0009898117812065755
2020-10-20T00:00:00.000000,3351.1,3370.89,3307.84,3312.67,21230354000.0,0.0015507165819494046
2020-10-21T00:00:00.000000,3307.15,3328.1,3293.77,3328.1,16508476200.0,0.0009513575093211774
2020-10-22T00:00:00.000000,3332.15,3332.15,3304.68,3325.02,17763211500.0,0.000992718080375044
2020-10-23T00:00:00.000000,3315.82,3320.78,3281.37,3312.5,16594998700.0,0.0012934588898675377
2020-10-24T00:00:00.000000,3308.16,3326.05,3276.62,3278.0,17420898200.0,0.0012003125459838183
2020-10-27T00:00:00.000000,3258.7,3264.45,3226.6,3251.12,16773179500.0,0.001906756738749601
2020-10-28T00:00:00.000000,3240.74,3258.34,3235.54,3254.32,14911556600.0,0.0009329300984966872
2020-10-29T00:00:00.000000,3256.22,3275.76,3238.38,3269.24,17318196500.0,0.0008429975511278631
2020-10-30T00:00:00.000000,3235.76,3289.77,3231.39,3272.73,18470358900.0,0.001694948075742217
2020-10-31T00:00:00.000000,3278.63,3279.86,3219.57,3224.53,23018880300.0,0.0011859651925167354
2020-11-03T00:00:00.000000,3228.72,3242.8,3209.91,3225.12,22677913700.0,0.00114807983355641
2020-11-04T00:00:00.000000,3239.81,3278.38,3237.9,3271.07,21529786400.0,0.0012162847789481434
2020-11-05T00:00:00.000000,3273.43,3286.62,3254.17,3277.44,18851412800.0,0.0011973272891070126
2020-11-06T00:00:00.000000,3305.58,3320.41,3291.6,3320.13,22680146200.0,0.0017824709582932832
2020-11-07T00:00:00.000000,3326.46,3326.46,3292.15,3312.16,23486413200.0,0.0010811907241452276
2020-11-10T00:00:00.000000,3329.43,3380.82,3329.43,3373.73,31021977100.0,0.0016105644777689963
2020-11-11T00:00:00.000000,3387.62,3387.62,3346.64,3360.15,27870111300.0,0.0011227917864502224
2020-11-12T00:00:00.000000,3354.02,3365.84,3339.04,3342.2,27120465300.0,0.0008950350390294583
2020-11-13T00:00:00.000000,3344.46,3350.28,3329.51,3338.68,21650130900.0,0.0008512708215000928
2020-11-14T00:00:00.000000,3327.23,3327.23,3291.64,3310.1,22789836400.0,0.0014243848996466975
2020-11-17T00:00:00.000000,3325.62,3346.97,3313.68,3346.97,27959376100.0,0.000830369914686733
2020-11-18T00:00:00.000000,3347.15,3347.62,3323.95,3339.9,28363247900.0,0.0008689392910159568
2020-11-19T00:00:00.000000,3337.33,3358.58,3334.02,3347.3,28753125900.0,0.0007961182658613497
2020-11-20T00:00:00.000000,3339.09,3367.33,3330.45,3363.09,25326299200.0,0.000947425057849466
2020-11-21T00:00:00.000000,3359.6,3380.15,3356.78,3377.73,26127121900.0,0.00048535908710076333
2020-11-24T00:00:00.000000,3384.1,3431.65,3378.32,3414.49,37387204700.0,0.0008697720101281301
2020-11-25T00:00:00.000000,3407.41,3413.93,3396.29,3402.82,30099414400.0,0.000720373418171671
2020-11-26T00:00:00.000000,3417.52,3423.49,3362.33,3362.33,32211020700.0,0.001123478937232909
2020-11-27T00:00:00.000000,3360.06,3371.45,3344.28,3369.73,25588682200.0,0.0009958620733503173
2020-11-28T00:00:00.000000,3373.84,3408.31,3364.49,3408.31,28064989400.0,0.0009777413967075423
2020-12-01T00:00:00.000000,3418.16,3456.49,3391.76,3391.76,38498996800.0,0.0015575434170348968
2020-12-02T00:00:00.000000,3388.99,3457.64,3386.91,3451.94,31618898000.0,0.0010419198566199797
2020-12-03T00:00:00.000000,3453.52,3465.64,3436.05,3449.38,31281111400.0,0.0012693432521336447
2020-12-04T00:00:00.000000,3448.54,3452.16,3428.8,3442.14,29845993000.0,0.0008994533559706601
2020-12-05T00:00:00.000000,3436.73,3448.32,3417.05,3444.58,25627670500.0,0.0009277953190799991
2020-12-08T00:00:00.000000,3446.65,3449.58,3414.32,3416.6,25452250800.0,0.0010547248699036157
2020-12-09T00:00:00.000000,3417.69,3428.66,3403.21,3410.18,22690732800.0,0.0007595901085609735
2020-12-10T00:00:00.000000,3416.08,3422.31,3371.96,3371.96,26074742400.0,0.0010242018572040885
2020-12-11T00:00:00.000000,3365.73,3384.87,3357.85,3373.28,24730830400.0,0.0008320875304460674
2020-12-12T00:00:00.000000,3381.01,3383.18,3325.17,3347.19,29861715800.0,0.001282339253580149
2020-12-15T00:00:00.000000,3349.53,3371.13,3338.63,3369.12,23980792600.0,0.0008918051401346048
2020-12-16T00:00:00.000000,3366.58,3373.56,3348.6,3367.23,22566740200.0,0.0007265750896246681
2020-12-17T00:00:00.000000,3371.26,3378.66,3359.17,3366.98,22081397600.0,0.0007875070298939713
2020-12-18T00:00:00.000000,3367.28,3406.15,3354.01,3404.87,27546363100.0,0.0009664645945274751
2020-12-19T00:00:00.000000,3400.49,3413.59,3382.77,3394.9,28099264100.0,0.0009235324477945958
2020-12-22T00:00:00.000000,3394.39,3423.61,3381.13,3420.57,28375979400.0,0.0010099726591354758
2020-12-23T00:00:00.000000,3410.97,3415.75,3353.86,3356.78,32303765400.0,0.0012187593286100932
2020-12-24T00:00:00.000000,3362.47,3394.21,3360.2,3382.32,29952352700.0,0.0011371410298741547
2020-12-25T00:00:00.000000,3382.19,3393.89,3354.02,3363.11,27504445000.0,0.0011558880907024647
2020-12-26T00:00:00.000000,3351.79,3397.0,3348.35,3396.56,29454689500.0,0.0010336092049374817
2020-12-29T00:00:00.000000,3396.36,3412.52,3384.04,3397.29,31618154200.0,0.0009064583544014492
2020-12-30T00:00:00.000000,3399.29,3407.09,3376.09,3379.04,31176918500.0,0.000931330610175357
2020-12-31T00:00:00.000000,3375.01,3414.45,3375.01,3414.45,29102354300.0,0.0006998269206334594
2021-01-01T00:00:00.000000,3419.73,3474.92,3419.73,3473.07,33567392600.0,0.001467436203019603
2021-01-05T00:00:00.000000,3474.68,3511.66,3457.42,3502.96,38079080000.0,0.0011770153772999927
2021-01-06T00:00:00.000000,3492.19,3528.68,3484.74,3528.68,40799593400.0,0.001254293081261192
2021-01-07T00:00:00.000000,3530.91,3556.8,3513.13,3550.88,37023092600.0,0.001616630601783841
2021-01-08T00:00:00.000000,3552.91,3576.2,3526.85,3576.2,40534822600.0,0.0014714619353191787
2021-01-09T00:00:00.000000,3577.69,3588.06,3544.89,3570.11,34555789600.0,0.001479337372738235
2021-01-12T00:00:00.000000,3571.32,3597.7,3516.99,3531.5,36247915400.0,0.0018456336045669683
2021-01-13T00:00:00.000000,3518.01,3608.34,3517.47,3608.34,32340615300.0,0.001185519253790519
2021-01-14T00:00:00.000000,3613.28,3622.14,3575.59,3598.65,38812779100.0,0.0015375959385988708
2021-01-15T00:00:00.000000,3584.93,3598.98,3559.6,3565.9,34766681900.0,0.0015642737191151658
2021-01-16T00:00:00.000000,3566.28,3588.97,3533.79,3566.38,32461274400.0,0.001731592946117044
2021-01-19T00:00:00.000000,3554.8,3608.77,3544.47,3596.22,30165256500.0,0.001316304835830982
2021-01-20T00:00:00.000000,3596.36,3603.15,3553.02,3566.38,32343954100.0,0.0012447445441915162
2021-01-21T00:00:00.000000,3564.12,3589.78,3556.44,3583.09,27227166100.0,0.0010562017402868504
2021-01-22T00:00:00.000000,3590.92,3636.01,3586.05,3621.26,32746699500.0,0.0011099486898869593
2021-01-23T00:00:00.000000,3616.54,3616.54,3585.03,3606.75,32446308400.0,0.0011040151023756957
2021-01-26T00:00:00.000000,3605.36,3637.1,3591.02,3624.24,32734107000.0,0.0013086707456140794
2021-01-27T00:00:00.000000,3610.97,3610.97,3564.84,3569.43,27813988400.0,0.0014407861360606073
2021-01-28T00:00:00.000000,3567.55,3578.64,3546.49,3573.34,26410716100.0,0.0011312201984890332
2021-01-29T00:00:00.000000,3534.67,3549.54,3496.88,3505.18,27086246100.0,0.002114669263006537
2021-01-30T00:00:00.000000,3521.72,3531.6,3446.55,3483.07,29366266400.0,0.0016268715585690536
2021-02-02T00:00:00.000000,3477.17,3506.39,3469.88,3505.28,27756790100.0,0.0014882690063230618
2021-02-03T00:00:00.000000,3510.81,3535.5,3495.57,3533.68,26454063000.0,0.0007502175752449585
2021-02-04T00:00:00.000000,3531.15,3543.89,3508.51,3517.31,29735171600.0,0.0012736820665634322
2021-02-05T00:00:00.000000,3503.78,3524.56,3465.77,3501.86,29883485400.0,0.001544533263794434
2021-02-06T00:00:00.000000,3509.49,3536.43,3492.96,3496.33,29014617400.0,0.001260805364838098
2021-02-09T00:00:00.000000,3504.56,3542.21,3492.13,3532.45,24979961900.0,0.0009780557286509556
2021-02-10T00:00:00.000000,3539.77,3604.01,3528.68,3603.49,25382176000.0,0.0009472839891497213
2021-02-11T00:00:00.000000,3612.61,3662.77,3612.5,3655.09,25794082400.0,0.0010572832691657034
2021-02-19T00:00:00.000000,3721.09,3731.69,3663.66,3675.36,34030906500.0,0.0025802543879913753
2021-02-20T00:00:00.000000,3661.78,3699.37,3634.1,3696.17,36105980400.0,0.0013914302989548233
2021-02-23T00:00:00.000000,3707.19,3717.27,3642.44,3642.44,48882147800.0,0.001716932673130666
2021-02-24T00:00:00.000000,3617.7,3672.15,3617.7,3636.36,39887317400.0,0.001410899701921301
2021-02-25T00:00:00.000000,3638.94,3645.53,3531.82,3564.08,36215895200.0,0.002185051993818293
2021-02-26T00:00:00.000000,3595.54,3608.5,3568.84,3585.05,36623229900.0,0.0017817130294358187
2021-02-27T00:00:00.000000,3514.56,3550.41,3500.7,3509.08,33328006700.0,0.0028343593966505733
2021-03-02T00:00:00.000000,3531.48,3552.57,3511.99,3551.4,31548752600.0,0.0012386747819999246
2021-03-03T00:00:00.000000,3566.85,3566.85,3485.4,3508.59,33983048600.0,0.0014104965186181313
2021-03-04T00:00:00.000000,3500.16,3577.62,3498.72,3576.9,34765684600.0,0.001169128274857232
2021-03-05T00:00:00.000000,3546.64,3552.2,3487.38,3503.49,39361612000.0,0.0019742207096207763
2021-03-06T00:00:00.000000,3463.31,3523.57,3456.81,3501.99,35640922300.0,0.0026049400891517307
2021-03-09T00:00:00.000000,3524.98,3542.18,3421.22,3421.41,38704795400.0,0.002056800274361903
2021-03-10T00:00:00.000000,3415.34,3429.15,3328.31,3359.29,40765253900.0,0.0030899610447087636
2021-03-11T00:00:00.000000,3389.84,3396.9,3355.13,3357.74,29974916600.0,0.001999205402196112
2021-03-12T00:00:00.000000,3369.9,3436.83,3369.9,3436.83,32211204400.0,0.0017127962625565572
2021-03-13T00:00:00.000000,3447.2,3454.51,3417.24,3453.08,35802703500.0,0.001178277927812667
2021-03-16T00:00:00.000000,3441.88,3457.0,3392.58,3419.95,36781329300.0,0.0016359309065321786
2021-03-17T00:00:00.000000,3424.65,3448.88,3406.42,3446.73,31666874700.0,0.0014966391302742954
2021-03-18T00:00:00.000000,3435.73,3454.06,3410.28,3445.55,28005981800.0,0.001618843983976513
2021-03-19T00:00:00.000000,3449.64,3477.83,3449.38,3463.07,28440389100.0,0.001004484439447442
2021-03-20T00:00:00.000000,3423.87,3439.52,3389.29,3404.66,30916171600.0,0.001894299098769146
2021-03-23T00:00:00.000000,3406.12,3443.66,3404.23,3443.44,31255908400.0,0.0012309856441700595
2021-03-24T00:00:00.000000,3445.34,3445.42,3390.08,3411.51,32638940900.0,0.0013031081106183058
2021-03-25T00:00:00.000000,3394.13,3415.29,3362.35,3367.06,31739869700.0,0.0016281202220797162
2021-03-26T00:00:00.000000,3355.07,3382.23,3344.97,3363.59,27067609700.0,0.0015440975348394723
2021-03-27T00:00:00.000000,3373.32,3423.22,3373.32,3418.33,27461498700.0,0.0012894875476256718
2021-03-30T00:00:00.000000,3429.63,3449.83,3409.93,3435.3,28482424300.0,0.0011361215175274219
2021-03-31T00:00:00.000000,3432.53,3457.61,3423.32,3456.68,28542308100.0,0.0007337690465117559
2021-04-01T00:00:00.000000,3452.21,3452.21,3420.83,3441.91,28304926100.0,0.0010580751441357705
2021-04-02T00:00:00.000000,3444.81,3470.03,3438.9,3466.33,27524429500.0,0.0008204004782978593
2021-04-03T00:00:00.000000,3472.63,3487.59,3462.83,3484.39,26265487300.0,0.0008172475284897345
2021-04-07T00:00:00.000000,3491.63,3493.14,3471.81,3482.97,23474667100.0,0.0006872324677790872
2021-04-08T00:00:00.000000,3483.42,3483.42,3453.27,3479.63,29578697800.0,0.0008533606901770991
2021-04-09T00:00:00.000000,3467.49,3495.91,3459.32,3482.55,33175532900.0,0.0008895176286446451
2021-04-10T00:00:00.000000,3475.44,3475.45,3442.2,3450.68,28008519600.0,0.0008282744129591004
2021-04-13T00:00:00.000000,3445.97,3456.16,3403.9,3412.95,30957723900.0,0.0013289289105816282
2021-04-14T00:00:00.000000,3411.29,3425.39,3387.9,3396.47,27062605400.0,0.0009363291994789124
2021-04-15T00:00:00.000000,3397.02,3420.03,3392.98,3416.72,23324232700.0,0.0008274638882085259
2021-04-16T00:00:00.000000,3409.61,3409.61,3373.09,3398.99,23400505400.0,0.0011127061185096524
2021-04-17T00:00:00.000000,3407.19,3432.63,3394.18,3426.62,25857967200.0,0.0010011116659477443
2021-04-20T00:00:00.000000,3427.55,3479.01,3414.36,3477.55,30273581900.0,0.0008862478736562005
2021-04-21T00:00:00.000000,3467.15,3494.16,3464.17,3472.94,28530008200.0,0.0009162855250585836
2021-04-22T00:00:00.000000,3456.3,3481.17,3450.37,3472.93,25377785900.0,0.0008946613362779064
2021-04-23T00:00:00.000000,3482.83,3485.36,3456.32,3465.11,25111451000.0,0.0006919076491383648
2021-04-24T00:00:00.000000,3462.09,3482.36,3456.33,3474.17,24936043300.0,0.0008571701213411631
2021-04-27T00:00:00.000000,3484.11,3496.97,3438.61,3441.17,27697077100.0,0.0011578155198097586
2021-04-28T00:00:00.000000,3440.09,3443.85,3417.26,3442.61,25303239300.0,0.0009502860083502181
2021-04-29T00:00:00.000000,3432.16,3457.07,3423.33,3457.07,24738112000.0,0.0012104716203821106
2021-04-30T00:00:00.000000,3458.08,3477.95,3447.59,3474.9,27663138700.0,0.0009163522655219261
2021-05-01T00:00:00.000000,3468.3,3469.09,3426.9,3446.86,31266035400.0,0.0010731812231206293
2021-05-07T00:00:00.000000,3446.07,3471.24,3426.9,3441.28,31042419200.0,0.0011796092486710738
2021-05-08T00:00:00.000000,3446.41,3457.89,3416.98,3418.87,35378538900.0,0.0009931759697005577
2021-05-11T00:00:00.000000,3423.59,3429.71,3401.93,3427.99,37417088400.0,0.0012592202125648092
2021-05-12T00:00:00.000000,3406.6,3448.1,3384.7,3441.85,35093411200.0,0.001558681596053989
2021-05-13T00:00:00.000000,3429.75,3466.35,3428.39,3462.75,31144454700.0,0.0010185453644650404
2021-05-14T00:00:00.000000,3432.14,3448.02,3418.38,3429.54,31932532700.0,0.0013697749257831865
2021-05-15T00:00:00.000000,3436.09,3490.64,3422.56,3490.38,33698230900.0,0.0010654109143630921
2021-05-18T00:00:00.000000,3490.41,3530.51,3490.14,3517.62,32213596900.0,0.0010837750936897733
2021-05-19T00:00:00.000000,3520.65,3529.01,3510.86,3529.01,27130855800.0,0.000556492046751736
2021-05-20T00:00:00.000000,3521.11,3521.11,3503.82,3510.96,27832111700.0,0.001061704106724541
2021-05-21T00:00:00.000000,3500.88,3517.74,3486.13,3506.94,32600933300.0,0.0010426536716913067
2021-05-22T00:00:00.000000,3510.84,3518.38,3479.72,3486.56,28382628500.0,0.00084688272438766
2021-05-25T00:00:00.000000,3486.27,3498.24,3469.99,3497.28,28950924200.0,0.000898478694087478
2021-05-26T00:00:00.000000,3502.54,3584.5,3502.54,3581.34,34124112700.0,0.0010926440596704526
2021-05-27T00:00:00.000000,3586.84,3603.49,3585.41,3593.36,34198028800.0,0.0007962325433550128
2021-05-28T00:00:00.000000,3585.73,3626.2,3579.26,3608.85,30955148600.0,0.001135647312450979
2021-05-29T00:00:00.000000,3610.77,3622.18,3582.36,3600.78,34920883000.0,0.0009505482482732878
2021-06-01T00:00:00.000000,3600.07,3615.66,3580.72,3615.48,33152377000.0,0.0008580333549180884
2021-06-02T00:00:00.000000,3608.6,3626.07,3581.91,3624.71,35281141300.0,0.0010638840329551657
2021-06-03T00:00:00.000000,3626.33,3629.29,3584.75,3597.14,34855842000.0,0.0010169340654859159
2021-06-04T00:00:00.000000,3595.42,3618.47,3584.21,3584.21,35423303100.0,0.0008860771426880652
2021-06-05T00:00:00.000000,3565.47,3618.8,3561.89,3591.84,33089303800.0,0.0015319398870108252
2021-06-08T00:00:00.000000,3597.14,3600.2,3581.9,3599.54,30371867700.0,0.0008068337093258431
2021-06-09T00:00:00.000000,3598.75,3621.52,3563.25,3580.11,30449147000.0,0.0012970991258564296
2021-06-10T00:00:00.000000,3576.8,3598.71,3572.91,3591.4,29832329600.0,0.0005737144842518413
2021-06-11T00:00:00.000000,3587.53,3624.34,3584.13,3610.86,31817480800.0,0.0010278493044738378
2021-06-12T00:00:00.000000,3614.11,3614.4,3587.15,3589.75,36055497000.0,0.0007128826642725944
2021-06-16T00:00:00.000000,3587.47,3592.33,3547.34,3556.56,34916856600.0,0.0010823130429897035
2021-06-17T00:00:00.000000,3556.71,3561.09,3513.84,3518.33,31259730600.0,0.0011224459255790517
2021-06-18T00:00:00.000000,3508.32,3534.2,3507.35,3525.6,27722991800.0,0.0008085606919168191
2021-06-19T00:00:00.000000,3520.5,3535.62,3503.18,3525.1,29670858500.0,0.0011002542606834448
2021-06-22T00:00:00.000000,3515.5,3540.3,3504.25,3529.18,28089827700.0,0.0013210912383498064
2021-06-23T00:00:00.000000,3539.79,3560.19,3536.81,3557.41,30753639900.0,0.000765103779342502
2021-06-24T00:00:00.000000,3559.4,3577.47,3549.85,3566.22,31070951800.0,0.0009196486687339088
2021-06-25T00:00:00.000000,3568.58,3570.49,3548.82,3566.65,33544075400.0,0.0009336809040881292
2021-06-26T00:00:00.000000,3567.38,3614.3,3564.52,3607.56,34608783200.0,0.0008718527989827146
2021-06-29T00:00:00.000000,3612.25,3614.36,3594.29,3606.37,32127497400.0,0.0005444835010868821
2021-06-30T00:00:00.000000,3601.68,3601.83,3570.75,3573.18,30607117800.0,0.0008635052571196589
2021-07-01T00:00:00.000000,3572.62,3594.12,3569.5,3591.2,26816281800.0,0.0007009581801283213
2021-07-02T00:00:00.000000,3600.55,3607.7,3573.94,3588.78,29188319200.0,0.0011141191506370445
2021-07-03T00:00:00.000000,3569.89,3569.89,3514.34,3518.76,29194554800.0,0.0015988710781928588
2021-07-06T00:00:00.000000,3516.92,3534.32,3510.79,3534.32,28809483700.0,0.0007386985520732612
2021-07-07T00:00:00.000000,3533.13,3538.35,3496.93,3530.26,31407021100.0,0.0011093788223417193
2021-07-08T00:00:00.000000,3508.59,3557.88,3504.48,3553.72,31883918900.0,0.0009882197085220184
2021-07-09T00:00:00.000000,3557.22,3558.68,3521.31,3525.5,35087785700.0,0.0008431976392128756
2021-07-10T00:00:00.000000,3512.23,3529.31,3485.05,3524.09,34988431700.0,0.0009947499518199278
2021-07-13T00:00:00.000000,3545.2,3565.03,3527.39,3547.84,40363955800.0,0.001188211199116357
2021-07-14T00:00:00.000000,3547.59,3567.36,3542.82,3566.52,36241671100.0,0.000718699849583848
2021-07-15T00:00:00.000000,3560.83,3560.83,3525.64,3528.5,37222172200.0,0.0012763065873379069
2021-07-16T00:00:00.000000,3519.06,3565.93,3514.29,3564.59,36325916400.0,0.0009833848678201572
2021-07-17T00:00:00.000000,3559.53,3566.0,3537.73,3539.3,36601477900.0,0.0008322077833951609
2021-07-20T00:00:00.000000,3530.49,3544.88,3506.4,3539.12,33676094600.0,0.0011785439814711134
2021-07-21T00:00:00.000000,3515.07,3538.55,3509.32,3536.79,29378059400.0,0.0010381787274915412
2021-07-22T00:00:00.000000,3543.05,3569.09,3543.05,3562.66,33897874800.0,0.0007930428485689991
2021-07-23T00:00:00.000000,3563.66,3576.47,3558.29,3574.73,38106705400.0,0.0006603829740535503
2021-07-24T00:00:00.000000,3571.72,3571.85,3541.51,3550.4,44642124600.0,0.00099399131651003
2021-07-27T00:00:00.000000,3538.01,3538.01,3424.74,3467.44,44288220300.0,0.002211309049204221
2021-07-28T00:00:00.000000,3467.45,3483.72,3380.28,3381.18,46907544300.0,0.0020156389806712948
2021-07-29T00:00:00.000000,3355.82,3385.54,3312.72,3361.59,39582541900.0,0.002831527158867597
2021-07-30T00:00:00.000000,3403.84,3416.54,3382.62,3411.72,34456942800.0,0.0017565690722255375
2021-07-31T00:00:00.000000,3398.2,3404.88,3370.46,3397.36,38144095600.0,0.001543008175002663
2021-08-03T00:00:00.000000,3385.69,3464.29,3367.89,3464.29,43292787100.0,0.001753693896725727
2021-08-04T00:00:00.000000,3446.78,3470.66,3435.46,3447.99,40069808100.0,0.0015152893600357319
2021-08-05T00:00:00.000000,3442.94,3477.43,3441.09,3477.22,34874421800.0,0.000875215787086488
2021-08-06T00:00:00.000000,3461.72,3486.16,3449.48,3466.55,34843692200.0,0.0014672217819723403
2021-08-07T00:00:00.000000,3465.48,3466.39,3436.93,3458.23,33682440000.0,0.0009742560467045752
2021-08-10T00:00:00.000000,3441.75,3502.84,3438.7,3494.63,34991009400.0,0.0010955736905534264
2021-08-11T00:00:00.000000,3488.66,3529.93,3477.06,3529.93,34511299200.0,0.0009713104864188406
2021-08-12T00:00:00.000000,3527.11,3544.05,3524.04,3532.62,38378355400.0,0.0008316651892978035
2021-08-13T00:00:00.000000,3522.72,3538.4,3513.85,3524.74,38107459300.0,0.0009367785669364303
2021-08-14T00:00:00.000000,3514.47,3539.73,3500.81,3516.3,37818728200.0,0.001019657120352877
2021-08-17T00:00:00.000000,3514.34,3537.76,3510.91,3517.34,39109972100.0,0.0008963084877355765
2021-08-18T00:00:00.000000,3512.11,3531.72,3438.17,3446.98,42288580400.0,0.0014158459924459028
2021-08-19T00:00:00.000000,3442.35,3487.36,3437.69,3485.29,38920375600.0,0.0012787138475721749
2021-08-20T00:00:00.000000,3475.3,3480.46,3446.01,3465.55,38238303100.0,0.001015958475595032
2021-08-21T00:00:00.000000,3442.51,3453.15,3394.97,3427.33,39113691800.0,0.001960200459010147
2021-08-24T00:00:00.000000,3436.8,3481.25,3436.67,3477.13,38472744000.0,0.0009131582569112763
2021-08-25T00:00:00.000000,3482.27,3522.69,3481.4,3514.47,43023646300.0,0.000911942996854552
2021-08-26T00:00:00.000000,3517.92,3540.39,3510.07,3540.38,45004701900.0,0.0007623780334699291
2021-08-27T00:00:00.000000,3537.31,3537.32,3499.45,3501.66,50290314700.0,0.0012135842391518548
2021-08-28T00:00:00.000000,3494.42,3530.03,3493.79,3522.16,45534590600.0,0.001001826427078935
2021-08-31T00:00:00.000000,3535.07,3539.49,3512.99,3528.15,51278571600.0,0.0012120854807108681
2021-09-01T00:00:00.000000,3519.02,3543.94,3496.44,3543.94,52420505600.0,0.0010210750378631898
2021-09-02T00:00:00.000000,3543.87,3582.25,3515.27,3567.1,66727630500.0,0.0018974610802203538
2021-09-03T00:00:00.000000,3559.9,3597.37,3557.68,3597.04,57268403900.0,0.0007522698390172831
2021-09-04T00:00:00.000000,3602.74,3613.95,3569.49,3581.73,61453235300.0,0.0013086850747786765
2021-09-07T00:00:00.000000,3580.14,3626.29,3580.14,3621.86,52171327600.0,0.001108879816795597
2021-09-08T00:00:00.000000,3621.71,3681.93,3615.49,3676.59,54772187500.0,0.0007629896579449795
2021-09-09T00:00:00.000000,3673.4,3695.32,3661.06,3675.19,58643619300.0,0.001043001459543672
2021-09-10T00:00:00.000000,3666.82,3693.45,3662.25,3693.13,60481033000.0,0.0009344579235418212
2021-09-11T00:00:00.000000,3691.19,3722.7,3681.64,3703.11,63520043300.0,0.0015090632906746859
2021-09-14T00:00:00.000000,3699.25,3716.83,3692.82,3715.37,55748401900.0,0.0010769843958099465
2021-09-15T00:00:00.000000,3709.63,3723.85,3655.63,3662.6,56495238600.0,0.0014982793645211391
2021-09-16T00:00:00.000000,3651.16,3677.53,3638.32,3656.22,47497000100.0,0.0012720438159156953
2021-09-17T00:00:00.000000,3664.84,3677.79,3606.73,3607.09,54674147400.0,0.001650768151215537
2021-09-18T00:00:00.000000,3595.27,3620.96,3569.27,3613.97,51685021000.0,0.0016836608354299212
2021-09-23T00:00:00.000000,3563.21,3629.45,3560.5,3628.49,47229605300.0,0.0019069791745448758
2021-09-24T00:00:00.000000,3651.27,3670.95,3632.28,3642.22,53499548600.0,0.0016060346379815757
2021-09-25T00:00:00.000000,3637.87,3651.01,3607.97,3613.07,50730477200.0,0.0010039146510377808
2021-09-28T00:00:00.000000,3625.96,3640.6,3559.92,3582.83,51080279500.0,0.0018925507636479036
2021-09-29T00:00:00.000000,3577.89,3610.9,3569.37,3602.22,44416880700.0,0.0010030421751846827
2021-09-30T00:00:00.000000,3573.52,3573.52,3518.15,3536.29,45251115100.0,0.0020920848747123313
2021-10-01T00:00:00.000000,3541.93,3572.43,3541.93,3568.17,39562962600.0,0.0010194786950044647
2021-10-09T00:00:00.000000,3609.09,3612.45,3571.73,3592.17,40716114800.0,0.0016778310475785434
2021-10-12T00:00:00.000000,3600.36,3614.7,3586.75,3591.71,39436115900.0,0.0010086086613016996
2021-10-13T00:00:00.000000,3581.3,3583.64,3515.14,3546.94,40539374800.0,0.0013631120460436642
2021-10-14T00:00:00.000000,3543.49,3569.13,3515.68,3561.76,32505066700.0,0.0012391788538296598
2021-10-15T00:00:00.000000,3555.11,3569.67,3547.18,3558.28,29496919600.0,0.000841572375790875
2021-10-16T00:00:00.000000,3551.99,3578.77,3542.69,3572.37,32029298400.0,0.0009275384484151067
2021-10-19T00:00:00.000000,3571.05,3571.05,3539.57,3568.14,34095061600.0,0.0008226114303011328
2021-10-20T00:00:00.000000,3562.3,3596.79,3560.72,3593.15,33419765200.0,0.0007030332373106874
2021-10-21T00:00:00.000000,3583.24,3596.05,3574.3,3587.0,34424500800.0,0.0007063775268006842
2021-10-22T00:00:00.000000,3590.05,3610.96,3576.35,3594.78,35231086700.0,0.0007987996767329264
2021-10-23T00:00:00.000000,3594.75,3607.58,3578.76,3582.6,35315720300.0,0.0007959739208037712
2021-10-26T00:00:00.000000,3574.26,3611.09,3564.21,3609.86,32119681600.0,0.0007973316206994371
2021-10-27T00:00:00.000000,3612.83,3624.74,3589.71,3597.64,33727829100.0,0.0008672268604602971
2021-10-28T00:00:00.000000,3589.86,3589.86,3553.13,3562.31,35062094000.0,0.0010558476733344502
2021-10-29T00:00:00.000000,3548.7,3552.04,3509.49,3518.42,37817166600.0,0.0012715168988879804
2021-10-30T00:00:00.000000,3519.33,3547.34,3502.8,3547.34,35880937700.0,0.0007881469522594003
2021-11-02T00:00:00.000000,3530.4,3556.5,3519.29,3544.48,38225132500.0,0.001050380785348396
2021-11-03T00:00:00.000000,3543.38,3558.62,3477.68,3505.63,41756317300.0,0.0014979207122469507
2021-11-04T00:00:00.000000,3501.11,3512.61,3480.49,3498.54,30660766900.0,0.0010017414092831087
2021-11-05T00:00:00.000000,3505.89,3527.93,3503.1,3526.87,31944082900.0,0.0006454926231395952
2021-11-06T00:00:00.000000,3520.21,3525.87,3491.57,3491.57,35453356500.0,0.0009213861514064906
2021-11-09T00:00:00.000000,3491.97,3507.04,3484.3,3498.63,29818372200.0,0.0006650222566512439
2021-11-10T00:00:00.000000,3507.11,3514.95,3489.04,3507.0,28731598900.0,0.0009061704695934842
2021-11-11T00:00:00.000000,3498.94,3498.94,3448.44,3492.46,30703070800.0,0.0012181091929933151
2021-11-12T00:00:00.000000,3486.45,3534.2,3482.83,3532.79,32208795700.0,0.0006815419138817757
2021-11-13T00:00:00.000000,3534.15,3543.65,3527.5,3539.1,30868335400.0,0.0006364867855755424
2021-11-16T00:00:00.000000,3542.9,3550.29,3521.53,3533.3,31301761200.0,0.0007067685802249408
2021-11-17T00:00:00.000000,3530.46,3549.77,3517.98,3521.79,31039990900.0,0.0007827719997088017
2021-11-18T00:00:00.000000,3518.56,3537.51,3513.57,3537.37,27673567100.0,0.0005518009475935593
2021-11-19T00:00:00.000000,3531.49,3537.86,3513.11,3520.71,31242692700.0,0.0007228969969741662
2021-11-20T00:00:00.000000,3519.28,3561.79,3517.93,3560.37,31798997600.0,0.000724641311248051
2021-11-23T00:00:00.000000,3562.76,3585.1,3562.76,3582.08,33000938500.0,0.0005678787640635464
2021-11-24T00:00:00.000000,3580.51,3598.37,3577.36,3589.09,36001159300.0,0.0006286022310750956
2021-11-25T00:00:00.000000,3590.02,3602.65,3575.29,3592.7,33677524600.0,0.0006626255410119131
2021-11-26T00:00:00.000000,3593.39,3597.15,3579.61,3584.18,30645151800.0,0.0005285212218614026
2021-11-27T00:00:00.000000,3576.11,3576.11,3554.88,3564.09,30100006600.0,0.0008977906839355419
2021-11-30T00:00:00.000000,3528.67,3563.68,3526.36,3562.7,33361833100.0,0.0013011933060743679
2021-12-01T00:00:00.000000,3570.75,3582.12,3546.44,3563.89,34918793800.0,0.0008378156382433869
2021-12-02T00:00:00.000000,3561.89,3576.89,3558.69,3576.89,32987351700.0,0.0005119321416629127
2021-12-03T00:00:00.000000,3573.25,3586.87,3567.14,3573.84,35404152400.0,0.0007281048550662712
2021-12-04T00:00:00.000000,3576.45,3608.47,3573.21,3607.43,37755104800.0,0.000690454630248641
2021-12-07T00:00:00.000000,3615.24,3626.07,3586.81,3589.31,41867674300.0,0.0007131683031102764
2021-12-08T00:00:00.000000,3611.22,3614.22,3572.62,3595.09,40384259400.0,0.0013210511624027568
2021-12-09T00:00:00.000000,3602.82,3637.72,3591.99,3637.57,36103665700.0,0.0005708151012678361
2021-12-10T00:00:00.000000,3641.16,3688.33,3638.78,3673.04,43191815700.0,0.0009581925669762711
2021-12-11T00:00:00.000000,3654.37,3667.85,3651.35,3666.35,41998880100.0,0.0008940053520698087
2021-12-14T00:00:00.000000,3686.94,3708.94,3678.06,3681.08,42409200900.0,0.0011325800078053885
2021-12-15T00:00:00.000000,3669.81,3671.6,3654.68,3661.53,36217193400.0,0.0006824119631835605
2021-12-16T00:00:00.000000,3655.05,3668.22,3645.24,3647.63,37747766700.0,0.000624536910236791
2021-12-17T00:00:00.000000,3648.93,3675.02,3644.66,3675.02,38132950700.0,0.0007219283303689451
2021-12-18T00:00:00.000000,3670.26,3673.5,3631.73,3632.36,40848783700.0,0.0007533072420904424
2021-12-21T00:00:00.000000,3620.04,3643.95,3589.54,3593.6,42385141000.0,0.0012116627158224728
2021-12-22T00:00:00.000000,3591.45,3627.09,3591.45,3625.13,40818434800.0,0.000802564395699366
2021-12-23T00:00:00.000000,3632.68,3635.9,3616.68,3622.62,39482517700.0,0.0006792823950993367
2021-12-24T00:00:00.000000,3625.47,3643.44,3618.05,3643.34,38292573400.0,0.0007070258459245519
2021-12-25T00:00:00.000000,3645.39,3648.96,3612.07,3618.05,39034762500.0,0.0009555616265447594
2021-12-28T00:00:00.000000,3613.05,3632.16,3601.97,3615.97,32923529300.0,0.000683641303134669
2021-12-29T00:00:00.000000,3619.64,3631.08,3607.41,3630.11,31620224200.0,0.0007018430598107602
2021-12-30T00:00:00.000000,3630.92,3630.92,3596.32,3597.0,30513176600.0,0.0006568470725141933
2021-12-31T00:00:00.000000,3596.49,3628.91,3595.5,3619.19,30783929100.0,0.000632807848510345
2022-01-01T00:00:00.000000,3626.24,3642.84,3624.94,3639.78,32968193200.0,0.0006885639446689555
2022-01-05T00:00:00.000000,3649.15,3651.89,3610.09,3632.33,40502776900.0,0.0007700796738250124
2022-01-06T00:00:00.000000,3628.26,3628.26,3583.47,3595.18,42390202800.0,0.0011441854855437433
2022-01-07T00:00:00.000000,3581.22,3594.47,3559.88,3586.08,37154054300.0,0.0009420516169632325
2022-01-08T00:00:00.000000,3588.99,3607.23,3577.18,3579.54,43630696100.0,0.0009935805996555136
2022-01-11T00:00:00.000000,3572.74,3593.52,3555.13,3593.52,35622261000.0,0.0010774444714359978
2022-01-12T00:00:00.000000,3589.9,3602.15,3562.75,3567.44,35976186300.0,0.0007915813228459575
2022-01-13T00:00:00.000000,3578.16,3599.5,3572.1,3597.43,34313295600.0,0.0008125571889024864
2022-01-14T00:00:00.000000,3601.03,3601.07,3555.16,3555.26,36936836500.0,0.0008634078394782633
2022-01-15T00:00:00.000000,3544.07,3547.93,3519.32,3521.26,37693702400.0,0.0012972914096925196
2022-01-18T00:00:00.000000,3522.09,3546.09,3519.43,3541.67,31288673300.0,0.0006781717287285413
2022-01-19T00:00:00.000000,3541.89,3579.31,3531.36,3569.91,37714643500.0,0.0007115402129985511
2022-01-20T00:00:00.000000,3567.63,3578.37,3541.99,3558.18,33323526900.0,0.0008583265692439854
2022-01-21T00:00:00.000000,3556.23,3576.04,3540.55,3555.06,37950984600.0,0.001003192756039934
2022-01-22T00:00:00.000000,3546.75,3546.83,3514.91,3522.57,32653488000.0,0.0013300462697279478
2022-01-25T00:00:00.000000,3508.24,3531.61,3500.14,3524.11,28026834200.0,0.0009012572101561115
2022-01-26T00:00:00.000000,3509.28,3519.83,3433.06,3433.06,32735381300.0,0.0012308739967223125
2022-01-27T00:00:00.000000,3442.69,3461.87,3417.76,3455.67,27512282800.0,0.001798047262470979
2022-01-28T00:00:00.000000,3456.1,3456.22,3392.02,3394.25,28060653400.0,0.0013347727026390595
2022-01-29T00:00:00.000000,3407.59,3417.05,3356.56,3361.44,29085525700.0,0.0020148539652077736
2022-02-08T00:00:00.000000,3407.76,3433.96,3407.76,3429.58,32048521100.0,0.002679227358190131
2022-02-09T00:00:00.000000,3428.54,3453.19,3390.46,3452.63,36609386500.0,0.0013062585988037735
2022-02-10T00:00:00.000000,3450.82,3484.7,3444.08,3479.95,35024993600.0,0.0009458432519023038
2022-02-11T00:00:00.000000,3481.91,3488.63,3464.22,3485.91,35566626700.0,0.0009915514856574843
2022-02-12T00:00:00.000000,3472.28,3500.15,3459.49,3462.95,36135609000.0,0.0010646075763003878
2022-02-15T00:00:00.000000,3451.85,3457.26,3415.45,3428.88,31527444800.0,0.0011456677923641844
2022-02-16T00:00:00.000000,3428.04,3447.49,3421.64,3446.09,27555932200.0,0.0008080801251886126
2022-02-17T00:00:00.000000,3457.07,3474.8,3453.8,3465.83,27499391300.0,0.0007849473491121853
2022-02-18T00:00:00.000000,3464.21,3480.95,3454.36,3468.04,29726268200.0,0.000899156423577571
2022-02-19T00:00:00.000000,3451.63,3490.76,3447.03,3490.76,29514996300.0,0.0009018822748995696
2022-02-22T00:00:00.000000,3488.41,3492.18,3471.98,3490.61,30154174000.0,0.0006355591674392037
2022-02-23T00:00:00.000000,3473.29,3473.29,3437.67,3457.15,32627948400.0,0.0015420261508189749
2022-02-24T00:00:00.000000,3458.51,3490.76,3458.18,3489.15,32560489500.0,0.0007817968771060629
2022-02-25T00:00:00.000000,3474.37,3486.98,3400.21,3429.96,48835490100.0,0.001729804248710513
2022-02-26T00:00:00.000000,3445.34,3480.16,3440.94,3451.41,37754255600.0,0.001574826075327833
2022-03-01T00:00:00.000000,3450.32,3462.31,3425.52,3462.31,34583838800.0,0.0010876323532350758
2022-03-02T00:00:00.000000,3471.36,3491.13,3465.72,3488.83,32600166200.0,0.0011458438464750868
2022-03-03T00:00:00.000000,3478.29,3486.62,3467.0,3484.19,32936768400.0,0.000868194580634035
2022-03-04T00:00:00.000000,3495.93,3500.18,3473.34,3481.11,41259428900.0,0.0008497433273659392
2022-03-05T00:00:00.000000,3459.98,3474.82,3437.7,3447.65,39352658100.0,0.0017880503762833322
2022-03-08T00:00:00.000000,3438.56,3438.56,3360.74,3372.86,39358899900.0,0.0015268204743864003
2022-03-09T00:00:00.000000,3372.55,3383.63,3287.48,3293.53,41592676600.0,0.002346187692937097
2022-03-10T00:00:00.000000,3303.71,3321.38,3147.68,3256.39,46628556900.0,0.003519946482299037
2022-03-11T00:00:00.000000,3312.18,3326.48,3291.24,3296.09,37833637600.0,0.0022695705646089896
2022-03-12T00:00:00.000000,3259.32,3315.66,3217.42,3309.75,38406712700.0,0.003481771369924861
2022-03-15T00:00:00.000000,3271.89,3297.8,3223.53,3223.53,33796868700.0,0.002846701074983679
2022-03-16T00:00:00.000000,3192.36,3196.69,3063.97,3063.97,46503716400.0,0.004303403764752724
2022-03-17T00:00:00.000000,3107.67,3177.79,3023.3,3170.71,44466718900.0,0.0035611121381675308
2022-03-18T00:00:00.000000,3215.01,3259.96,3202.93,3215.04,42081345800.0,0.0030245197469315906
2022-03-19T00:00:00.000000,3207.15,3260.73,3197.47,3251.07,37303561100.0,0.0014357957006113401
2022-03-22T00:00:00.000000,3255.62,3267.4,3223.39,3253.69,35422848800.0,0.0014377208118217034
2022-03-23T00:00:00.000000,3249.54,3279.11,3239.53,3259.86,36119615800.0,0.001192760423736677
2022-03-24T00:00:00.000000,3264.79,3279.8,3252.03,3271.03,34987537000.0,0.000958813644315564
2022-03-25T00:00:00.000000,3256.06,3266.89,3236.66,3250.26,32900665400.0,0.001612675958112275
2022-03-26T00:00:00.000000,3247.16,3257.11,3211.64,3212.24,34002000600.0,0.001129390139395885
2022-03-29T00:00:00.000000,3185.17,3230.14,3159.83,3214.5,34499487300.0,0.002055767668959485
2022-03-30T00:00:00.000000,3216.01,3229.18,3196.46,3203.94,31627364900.0,0.0012788762165193489
2022-03-31T00:00:00.000000,3217.59,3266.6,3216.3,3266.6,36675367700.0,0.0012118252685466716
2022-04-01T00:00:00.000000,3256.14,3272.03,3246.06,3252.2,39843993400.0,0.0009360413850103682
2022-04-02T00:00:00.000000,3234.67,3287.23,3226.3,3282.72,37821046000.0,0.0012459839670235038
2022-04-07T00:00:00.000000,3269.43,3288.11,3255.69,3283.43,42964277900.0,0.0011614586339989282
2022-04-08T00:00:00.000000,3267.81,3290.26,3236.48,3236.7,40262666000.0,0.001375231328771472
2022-04-09T00:00:00.000000,3239.88,3257.07,3208.35,3251.85,41382679900.0,0.001510453921414637
2022-04-12T00:00:00.000000,3239.86,3239.86,3156.51,3167.13,42416018500.0,0.0019303263479198767
2022-04-13T00:00:00.000000,3165.12,3214.54,3141.06,3213.33,41832192300.0,0.0019554924868472466
2022-04-14T00:00:00.000000,3199.8,3225.47,3183.67,3186.82,39115692500.0,0.0014192983699128363
2022-04-15T00:00:00.000000,3203.63,3239.87,3200.23,3225.64,37124234400.0,0.0014644794608804404
2022-04-16T00:00:00.000000,3210.7,3229.82,3200.15,3211.24,40784208200.0,0.0015140783404230076
2022-04-19T00:00:00.000000,3185.94,3204.03,3167.25,3195.52,34736512300.0,0.0020439902746443315
2022-04-20T00:00:00.000000,3192.09,3207.65,3174.71,3194.03,33994410400.0,0.0010608700966963233
2022-04-21T00:00:00.000000,3189.89,3191.83,3142.05,3151.05,36204703700.0,0.0013911448273688184
2022-04-22T00:00:00.000000,3138.43,3160.9,3069.68,3079.81,39193469400.0,0.002070075208960469
2022-04-23T00:00:00.000000,3058.4,3105.66,3049.36,3086.92,34200056300.0,0.0020848834953438116
2022-04-26T00:00:00.000000,3034.27,3043.82,2928.51,2928.51,43360610800.0,0.0035738039138491855
2022-04-27T00:00:00.000000,2930.45,2957.57,2878.26,2886.43,40161515400.0,0.0024510440439679225
2022-04-28T00:00:00.000000,2866.82,2959.18,2863.65,2958.28,42306019100.0,0.0029617916645149154
2022-04-29T00:00:00.000000,2945.81,2991.5,2936.84,2975.48,37537177500.0,0.0017395886400735925
2022-04-30T00:00:00.000000,2986.06,3048.49,2968.33,3047.06,42393279400.0,0.0026219248217648683
2022-05-06T00:00:00.000000,3044.85,3082.23,3042.12,3067.76,38307287500.0,0.001253624718126242
2022-05-07T00:00:00.000000,3011.32,3030.69,2992.99,3001.56,34326421800.0,0.0030844604822772397
2022-05-10T00:00:00.000000,2990.2,3015.94,2983.61,3004.14,29206155600.0,0.0011892629179389885
2022-05-11T00:00:00.000000,2965.78,3043.78,2957.4,3035.84,37066098000.0,0.00259126836341856
2022-05-12T00:00:00.000000,3035.39,3100.9,3035.13,3058.7,42399191200.0,0.0012973960075170962
2022-05-13T00:00:00.000000,3044.8,3072.16,3033.03,3054.99,34444047700.0,0.0013067165257822364
2022-05-14T00:00:00.000000,3068.03,3085.86,3059.27,3084.28,33173785200.0,0.0014200028460736804
2022-05-17T00:00:00.000000,3100.55,3102.58,3063.4,3073.75,33810849200.0,0.001292315534290199
2022-05-18T00:00:00.000000,3076.5,3093.7,3057.64,3093.7,33035653700.0,0.0012469554135165451
2022-05-19T00:00:00.000000,3095.89,3105.84,3071.31,3085.98,31503792300.0,0.0011444234326664444
2022-05-20T00:00:00.000000,3046.71,3096.96,3042.67,3096.96,33660074900.0,0.0017270162327965766
2022-05-21T00:00:00.000000,3107.09,3146.57,3107.09,3146.57,37233663600.0,0.0015354638188520874
2022-05-24T00:00:00.000000,3150.49,3150.51,3127.9,3146.86,35337632500.0,0.0008301323978091961
2022-05-25T00:00:00.000000,3149.06,3153.13,3070.93,3070.93,41631215800.0,0.0013460125166359354
2022-05-26T00:00:00.000000,3070.17,3107.63,3069.95,3107.46,34225922700.0,0.001327900236073524
2022-05-27T00:00:00.000000,3111.48,3133.28,3079.48,3123.11,37030551800.0,0.0016618393787360495
2022-05-28T00:00:00.000000,3135.03,3151.05,3112.54,3130.24,35946386600.0,0.001390178079779819
2022-05-31T00:00:00.000000,3141.96,3150.89,3123.15,3149.06,34936228500.0,0.0010556056831553156
2022-06-01T00:00:00.000000,3149.94,3188.6,3142.0,3186.43,37452326500.0,0.0011602885655704498
2022-06-02T00:00:00.000000,3179.69,3190.61,3160.04,3182.16,36566443200.0,0.0011301992358095465
2022-06-03T00:00:00.000000,3170.31,3197.28,3163.76,3195.46,36177063200.0,0.0010223313921661455
2022-06-07T00:00:00.000000,3196.96,3237.07,3181.65,3236.37,42202783500.0,0.0011406862300905507
2022-06-08T00:00:00.000000,3235.42,3253.09,3222.64,3241.76,40220322000.0,0.001240994145710016
2022-06-09T00:00:00.000000,3245.02,3266.63,3216.01,3263.79,43418327000.0,0.001338856522370229
2022-06-10T00:00:00.000000,3259.49,3270.56,3223.48,3238.95,42272837200.0,0.001269576548244857
2022-06-11T00:00:00.000000,3214.18,3286.62,3210.81,3284.83,43986573000.0,0.0012997443010169538
2022-06-14T00:00:00.000000,3256.28,3272.99,3229.31,3255.55,43857831200.0,0.00149774141214757
2022-06-15T00:00:00.000000,3224.21,3289.13,3195.82,3288.91,45038818700.0,0.0019867662365934827
2022-06-16T00:00:00.000000,3289.1,3358.55,3288.85,3305.41,55058413100.0,0.0019537668529912423
2022-06-17T00:00:00.000000,3306.84,3319.69,3277.53,3285.38,43322086800.0,0.0011930400538828336
2022-06-18T00:00:00.000000,3265.51,3323.28,3262.89,3316.79,39530070000.0,0.0015458593134472904
2022-06-21T00:00:00.000000,3315.78,3333.9,3292.93,3315.43,41346041000.0,0.0017066086959285312
2022-06-22T00:00:00.000000,3313.79,3329.39,3279.83,3306.72,39445689100.0,0.0014611803821673265
2022-06-23T00:00:00.000000,3309.12,3311.02,3266.54,3267.2,37552978200.0,0.0011481283392363755
2022-06-24T00:00:00.000000,3269.05,3320.15,3262.29,3320.15,40061421100.0,0.0011220990303179455
2022-06-25T00:00:00.000000,3324.74,3356.71,3322.95,3349.75,39081973400.0,0.0011148808799459617
2022-06-28T00:00:00.000000,3364.0,3393.31,3364.0,3379.19,41411773800.0,0.0013560776035986852
2022-06-29T00:00:00.000000,3377.68,3412.1,3358.87,3409.21,41205651600.0,0.0010008652393553566
2022-06-30T00:00:00.000000,3399.68,3414.65,3358.47,3361.52,44057355900.0,0.0013932741018062786
2022-07-01T00:00:00.000000,3358.93,3417.01,3358.93,3398.62,38124317800.0,0.0012517718530935275
2022-07-02T00:00:00.000000,3400.26,3404.05,3378.36,3387.64,35048929900.0,0.0009331321818446102
2022-07-05T00:00:00.000000,3381.82,3405.62,3364.09,3405.43,35773791900.0,0.0013328940755910643
2022-07-06T00:00:00.000000,3411.13,3424.84,3372.06,3404.03,41169967200.0,0.0014363725256583103
2022-07-07T00:00:00.000000,3391.03,3391.03,3333.1,3355.35,38463004700.0,0.0014013965781363097
2022-07-08T00:00:00.000000,3353.13,3375.86,3332.31,3364.4,33440020200.0,0.0010959641448525517
2022-07-09T00:00:00.000000,3380.37,3386.31,3354.12,3356.08,32292107200.0,0.0012198297296074185
2022-07-12T00:00:00.000000,3341.1,3341.1,3297.01,3313.58,34266919300.0,0.0017509274581364385
2022-07-13T00:00:00.000000,3307.22,3319.25,3277.08,3281.47,33460053900.0,0.0012419263654301687
2022-07-14T00:00:00.000000,3279.6,3297.02,3266.48,3284.29,33184566900.0,0.0009710763987759601
2022-07-15T00:00:00.000000,3277.45,3299.25,3261.49,3281.74,35592643200.0,0.0011663011549898847
2022-07-16T00:00:00.000000,3261.38,3288.92,3228.06,3228.06,38015637100.0,0.0014889833401754062
2022-07-19T00:00:00.000000,3235.09,3278.47,3226.23,3278.1,34834602200.0,0.0012258969247074712
2022-07-20T00:00:00.000000,3278.72,3283.93,3256.02,3279.43,31565191800.0,0.0010724213371154476
2022-07-21T00:00:00.000000,3291.55,3308.35,3287.74,3304.72,30151512300.0,0.0008120180583535261
2022-07-22T00:00:00.000000,3297.66,3300.53,3272.0,3272.0,33235870700.0,0.0010840865657762914
2022-07-23T00:00:00.000000,3276.2,3293.64,3246.73,3269.97,30069006600.0,0.0012065797506905559
2022-07-26T00:00:00.000000,3269.71,3273.18,3243.03,3250.39,27124574400.0,0.001047209347272394
2022-07-27T00:00:00.000000,3254.19,3282.41,3246.04,3277.44,25946867600.0,0.0008045893718570013
2022-07-28T00:00:00.000000,3271.78,3282.57,3265.73,3275.76,24913148500.0,0.0006826837989455636
2022-07-29T00:00:00.000000,3287.5,3305.71,3277.11,3282.58,28805505600.0,0.0010186697428639809
2022-07-30T00:00:00.000000,3282.81,3294.8,3246.37,3253.24,30733104700.0,0.0009870662123614685
2022-08-02T00:00:00.000000,3246.62,3264.3,3225.55,3259.96,29220480500.0,0.0014913597318425968
2022-08-03T00:00:00.000000,3231.26,3231.26,3155.19,3186.27,39417616800.0,0.003090909425716707
2022-08-04T00:00:00.000000,3188.89,3217.55,3159.46,3163.67,32488567300.0,0.0017608278629203168
2022-08-05T00:00:00.000000,3179.43,3191.0,3155.7,3189.04,26089894300.0,0.0012995541111831459
2022-08-06T00:00:00.000000,3195.23,3228.89,3184.45,3227.03,27468372900.0,0.00112959398269572
2022-08-09T00:00:00.000000,3218.85,3237.97,3214.08,3236.93,25426805000.0,0.0007871634932392535
2022-08-10T00:00:00.000000,3235.74,3248.77,3227.54,3247.43,25960546700.0,0.0005931560195447889
2022-08-11T00:00:00.000000,3242.36,3253.16,3217.81,3230.02,25758359200.0,0.0008127171848620256
2022-08-12T00:00:00.000000,3243.47,3281.67,3237.9,3281.67,30060537600.0,0.0008219049489255232
2022-08-13T00:00:00.000000,3275.77,3288.22,3272.84,3276.89,29993292800.0,0.0008236641331052134
2022-08-16T00:00:00.000000,3268.37,3286.89,3261.82,3276.09,28710677300.0,0.0008617028054275843
2022-08-17T00:00:00.000000,3278.68,3295.02,3271.57,3277.88,30359227400.0,0.0008321694407380503
2022-08-18T00:00:00.000000,3282.1,3296.0,3263.35,3292.53,32612475900.0,0.0009343675443189984
2022-08-19T00:00:00.000000,3286.37,3289.12,3270.56,3277.54,30169477800.0,0.000724904046485762
2022-08-20T00:00:00.000000,3275.62,3286.49,3258.06,3258.08,33353547100.0,0.0008233214449599978
2022-08-23T00:00:00.000000,3249.7,3278.17,3247.19,3277.79,31453786900.0,0.000768737905817787
2022-08-24T00:00:00.000000,3274.43,3284.6,3262.63,3276.22,31656635600.0,0.0007321844108043787
2022-08-25T00:00:00.000000,3279.17,3281.88,3212.39,3215.2,36614057700.0,0.0012923354308659962
2022-08-26T00:00:00.000000,3223.46,3248.35,3199.12,3246.25,33619616500.0,0.0015406227184486256
2022-08-27T00:00:00.000000,3250.63,3266.27,3232.28,3236.22,30992755400.0,0.0008072599924483893
2022-08-30T00:00:00.000000,3203.1,3240.73,3199.0,3240.73,29701509700.0,0.0014266156127003596
2022-08-31T00:00:00.000000,3240.18,3243.75,3212.63,3227.22,29431891400.0,0.0009300801637135335
2022-09-01T00:00:00.000000,3216.53,3232.02,3184.39,3202.14,34440882900.0,0.0014115007233696352
2022-09-02T00:00:00.000000,3196.54,3214.56,3181.63,3184.98,27466054100.0,0.0010141128462233303
2022-09-03T00:00:00.000000,3189.64,3198.28,3173.79,3186.48,25045691100.0,0.0009429415493606965
2022-09-06T00:00:00.000000,3183.95,3199.91,3172.04,3199.91,28067563300.0,0.001023552081056773
2022-09-07T00:00:00.000000,3207.93,3244.64,3203.82,3243.45,31886968900.0,0.0008324685602185629
2022-09-08T00:00:00.000000,3232.14,3253.77,3227.82,3246.29,30101446600.0,0.000801714555322712
2022-09-09T00:00:00.000000,3245.56,3253.7,3233.8,3235.59,28168035800.0,0.0007552434855959464
2022-09-10T00:00:00.000000,3241.18,3266.2,3236.51,3262.05,28382766500.0,0.0008524324864602893
2022-09-14T00:00:00.000000,3272.05,3278.17,3259.66,3263.8,27618982300.0,0.0007320948518287048
2022-09-15T00:00:00.000000,3224.68,3250.8,3221.96,3237.54,25519336500.0,0.00143421020008973
2022-09-16T00:00:00.000000,3248.97,3254.18,3174.39,3199.92,32520612100.0,0.001416692469872314
2022-09-17T00:00:00.000000,3189.83,3191.83,3126.4,3126.4,31647589300.0,0.0014526560946593824
2022-09-20T00:00:00.000000,3122.75,3135.56,3101.22,3115.6,24911366200.0,0.0013269765338292762
2022-09-21T00:00:00.000000,3127.84,3140.03,3114.04,3122.41,21994253400.0,0.0011459721985115326
2022-09-22T00:00:00.000000,3116.01,3129.82,3091.3,3117.18,23297249600.0,0.0015764260146190962
2022-09-23T00:00:00.000000,3098.77,3125.68,3092.82,3108.91,22114068900.0,0.0015084435765127205
2022-09-24T00:00:00.000000,3106.81,3124.66,3072.24,3088.37,24305771900.0,0.0015425962809209404
2022-09-27T00:00:00.000000,3067.57,3102.65,3048.51,3051.23,26269862800.0,0.0017298190210245038
2022-09-28T00:00:00.000000,3056.39,3094.04,3048.37,3093.86,23273530300.0,0.0013709697852964011
2022-09-29T00:00:00.000000,3089.1,3089.1,3044.86,3045.07,23009865000.0,0.001274396337610892
2022-09-30T00:00:00.000000,3067.47,3076.76,3026.08,3041.2,23003041600.0,0.0015806421647158488
2022-10-01T00:00:00.000000,3042.17,3054.61,3021.93,3024.39,20411533600.0,0.001299751838587895
2022-10-11T00:00:00.000000,3026.94,3029.45,2968.28,2974.15,24340482800.0,0.00156573054326296
2022-10-12T00:00:00.000000,2978.06,2986.91,2953.5,2979.79,20863595000.0,0.0014366502470013118
2022-10-13T00:00:00.000000,2976.72,3025.51,2934.09,3025.51,24801355700.0,0.001813777595719922
2022-10-14T00:00:00.000000,3008.3,3036.25,3004.5,3016.36,24968328100.0,0.0013443022773510357
2022-10-15T00:00:00.000000,3035.03,3084.27,3035.03,3071.99,27730406100.0,0.0014637207246191676
2022-10-18T00:00:00.000000,3060.52,3087.19,3052.71,3084.94,26260861800.0,0.0010398260559845367
2022-10-19T00:00:00.000000,3094.93,3099.92,3074.22,3080.96,24563475700.0,0.0009269520394695056
2022-10-20T00:00:00.000000,3073.26,3081.39,3044.38,3044.38,23089531000.0,0.0010582172960292178
2022-10-21T00:00:00.000000,3029.3,3070.26,3013.69,3035.05,24473614500.0,0.0017298891462877927
2022-10-22T00:00:00.000000,3038.04,3055.42,3026.96,3038.93,24525412200.0,0.0010849650200092363
2022-10-25T00:00:00.000000,3034.75,3064.42,2965.17,2977.56,29808535600.0,0.0021381322842848522
2022-10-26T00:00:00.000000,2969.16,3001.72,2944.26,2976.28,25555416000.0,0.002528490612646389
2022-10-27T00:00:00.000000,2977.56,3028.35,2977.56,2999.5,26868949200.0,0.001232365985671259
2022-10-28T00:00:00.000000,3005.04,3017.26,2981.69,2982.9,26560825400.0,0.0013848983008155405
2022-10-29T00:00:00.000000,2967.02,2974.24,2908.98,2915.93,29253130800.0,0.0019015346585230307
2022-11-01T00:00:00.000000,2893.2,2926.02,2885.09,2893.48,30199420300.0,0.0018693075157383491
2022-11-02T00:00:00.000000,2899.5,2969.2,2896.76,2969.2,31980957800.0,0.0017921544403483273
2022-11-03T00:00:00.000000,2960.65,3019.05,2954.95,3003.37,32507824800.0,0.0013174573575354697
2022-11-04T00:00:00.000000,2981.2,3003.72,2977.72,2997.81,25934856700.0,0.001266930040317491
2022-11-05T00:00:00.000000,2997.0,3081.59,2997.0,3070.8,32980674000.0,0.0015248790116617276
2022-11-08T00:00:00.000000,3062.86,3088.19,3054.46,3077.82,32056709700.0,0.0013502149358031272
2022-11-09T00:00:00.000000,3077.31,3078.28,3047.46,3064.49,25652200700.0,0.0009391580003527477
2022-11-10T00:00:00.000000,3064.46,3073.92,3046.19,3048.17,23563732400.0,0.0008962870924525501
2022-11-11T00:00:00.000000,3031.69,3047.98,3022.85,3036.13,27037179800.0,0.0014868211353597969
2022-11-12T00:00:00.000000,3099.65,3117.74,3070.3,3087.29,40960453400.0,0.0029749851039786624
2022-11-15T00:00:00.000000,3100.87,3121.41,3075.22,3083.4,36178821600.0,0.001664548147123391
2022-11-16T00:00:00.000000,3081.13,3135.59,3074.5,3134.08,33147057700.0,0.00110740575361384
2022-11-17T00:00:00.000000,3133.65,3145.75,3115.35,3119.98,30342984400.0,0.0009375565509924287
2022-11-18T00:00:00.000000,3110.96,3115.44,3087.17,3115.43,28702840700.0,0.0011988384204294782
2022-11-19T00:00:00.000000,3116.73,3126.71,3096.89,3097.24,29995427600.0,0.0010968602875704506
2022-11-22T00:00:00.000000,3078.06,3085.24,3056.17,3085.04,25604554900.0,0.00172449456397864
2022-11-23T00:00:00.000000,3084.23,3118.12,3076.32,3088.94,32756592700.0,0.0012508896136382201
2022-11-24T00:00:00.000000,3084.74,3108.24,3075.33,3096.91,32615544900.0,0.001465941119156421
2022-11-25T00:00:00.000000,3104.1,3113.24,3084.86,3089.31,26748292800.0,0.0009942278349987918
2022-11-26T00:00:00.000000,3085.46,3111.42,3077.97,3101.69,31143197900.0,0.0010648287687313586
2022-11-29T00:00:00.000000,3055.29,3080.18,3034.7,3078.55,30581128400.0,0.002419356659370319
2022-11-30T00:00:00.000000,3096.11,3152.0,3096.11,3149.75,39144974800.0,0.0015485341607511705
2022-12-01T00:00:00.000000,3141.4,3158.57,3137.37,3151.34,37271832100.0,0.0008801790241198169
2022-12-02T00:00:00.000000,3187.99,3198.41,3164.53,3165.47,38701305600.0,0.0017982867768257709
2022-12-03T00:00:00.000000,3160.58,3170.9,3149.84,3156.14,30781248400.0,0.0006755011181530497
2022-12-06T00:00:00.000000,3181.92,3213.44,3177.06,3211.81,44739843700.0,0.0013561943175050338
2022-12-07T00:00:00.000000,3200.28,3224.82,3195.08,3212.53,37359029600.0,0.0010562258173587144
2022-12-08T00:00:00.000000,3204.94,3226.08,3188.67,3199.62,35411307800.0,0.0011550699938724317
2022-12-09T00:00:00.000000,3196.02,3206.72,3187.26,3197.35,32096929400.0,0.00104823183740885
2022-12-10T00:00:00.000000,3197.12,3212.11,3182.91,3206.95,37334320900.0,0.0008517874979589898
2022-12-13T00:00:00.000000,3195.87,3196.72,3176.58,3179.04,33338179200.0,0.0007852574921688326
2022-12-14T00:00:00.000000,3179.44,3187.2,3171.48,3176.33,28582120000.0,0.000700434832917017
2022-12-15T00:00:00.000000,3178.55,3189.84,3168.59,3176.53,26562356900.0,0.0008830441692048287
2022-12-16T00:00:00.000000,3177.2,3179.1,3158.45,3168.65,24302333300.0,0.0007571944381601379
2022-12-17T00:00:00.000000,3156.13,3175.35,3151.61,3167.86,25977179500.0,0.0008450667205044218
2022-12-20T00:00:00.000000,3165.31,3170.26,3096.1,3107.12,27851354100.0,0.0010245372013632484
2022-12-21T00:00:00.000000,3098.95,3100.75,3061.51,3073.77,21883676600.0,0.0011351051843605288
2022-12-22T00:00:00.000000,3078.33,3085.8,3060.55,3068.41,18906792000.0,0.0008561930466168367
2022-12-23T00:00:00.000000,3085.8,3096.24,3044.6,3054.43,22363953700.0,0.0010830130175533425
2022-12-24T00:00:00.000000,3038.84,3061.87,3031.54,3045.87,19202030500.0,0.0012354797545091028
2022-12-27T00:00:00.000000,3048.2,3071.84,3047.35,3065.56,20650389300.0,0.0007558384050927836
2022-12-28T00:00:00.000000,3077.75,3098.08,3074.31,3095.57,22221832200.0,0.0008716721913542278
2022-12-29T00:00:00.000000,3088.62,3098.65,3079.43,3087.4,22455415100.0,0.000682217484680251
2022-12-30T00:00:00.000000,3076.73,3086.0,3064.46,3073.7,21557067600.0,0.000878402598919443
2022-12-31T00:00:00.000000,3084.52,3096.31,3082.2,3089.26,21754534400.0,0.0008836508919955652
2023-01-04T00:00:00.000000,3087.51,3119.86,3073.05,3116.51,28137036200.0,0.000774863659033112
2023-01-05T00:00:00.000000,3117.57,3129.09,3109.45,3123.52,27331362600.0,0.0005988599535014259
2023-01-06T00:00:00.000000,3132.76,3159.43,3130.23,3155.22,25700301800.0,0.0008253311821009982
2023-01-07T00:00:00.000000,3155.07,3170.74,3151.84,3157.64,25738025500.0,0.0005553078653559378
2023-01-10T00:00:00.000000,3169.37,3183.58,3165.43,3176.08,25811521800.0,0.0007856718220230794
2023-01-11T00:00:00.000000,3178.02,3178.16,3165.14,3169.51,23298417500.0,0.0006109700435207917
2023-01-12T00:00:00.000000,3172.38,3184.76,3160.89,3161.84,23774286900.0,0.0006867923759345454
2023-01-13T00:00:00.000000,3167.27,3171.59,3153.43,3163.45,21667130500.0,0.0005899698999405401
2023-01-14T00:00:00.000000,3170.35,3195.31,3167.51,3195.31,22022689700.0,0.0006721836315812959
2023-01-17T00:00:00.000000,3198.52,3251.37,3197.32,3227.59,30674954900.0,0.0010781492349153366
2023-01-18T00:00:00.000000,3229.44,3231.26,3211.76,3224.24,22659223000.0,0.0005967846984136282
2023-01-19T00:00:00.000000,3227.59,3234.82,3220.37,3224.41,21210973000.0,0.000598505831941787
2023-01-20T00:00:00.000000,3221.52,3240.28,3210.38,3240.28,22646503000.0,0.0007022791503376558
2023-01-21T00:00:00.000000,3247.2,3267.06,3247.2,3264.81,27321918200.0,0.0007580440736942423
2023-01-31T00:00:00.000000,3308.87,3310.49,3266.76,3269.32,35332582900.0,0.001742656310099935
2023-02-01T00:00:00.000000,3266.14,3277.25,3252.01,3255.67,30016295700.0,0.000703162148014479
2023-02-02T00:00:00.000000,3262.2,3284.92,3245.41,3284.92,33950941000.0,0.0007973489826779987
2023-02-03T00:00:00.000000,3291.78,3295.76,3272.42,3285.67,33341313300.0,0.0008520525119805758
2023-02-04T00:00:00.000000,3275.66,3275.66,3235.35,3263.41,29334281400.0,0.00118285289161821
2023-02-07T00:00:00.000000,3244.7,3250.35,3226.21,3238.7,26705310700.0,0.0014486519257677036
2023-02-08T00:00:00.000000,3245.23,3250.03,3233.83,3248.09,25094645000.0,0.0007635264062984
2023-02-09T00:00:00.000000,3251.5,3257.11,3230.44,3232.11,23453048100.0,0.0006188300631090002
2023-02-10T00:00:00.000000,3227.73,3270.38,3225.77,3270.38,25475452900.0,0.0007495500274659858
2023-02-11T00:00:00.000000,3266.44,3269.99,3247.23,3260.67,26062692600.0,0.0006695416503311771
2023-02-14T00:00:00.000000,3256.99,3285.09,3252.63,3284.16,29721318800.0,0.0006917323213725391
2023-02-15T00:00:00.000000,3288.97,3293.73,3279.19,3293.28,27097416800.0,0.0004311502352575401
2023-02-16T00:00:00.000000,3294.02,3296.2,3274.55,3280.49,26993912300.0,0.000537351044909587
2023-02-17T00:00:00.000000,3281.74,3308.83,3231.34,3249.03,38086354500.0,0.0015930637479138247
2023-02-18T00:00:00.000000,3244.73,3262.47,3223.26,3224.02,27845123700.0,0.0012183941080355376
2023-02-21T00:00:00.000000,3230.47,3291.04,3225.84,3290.34,32500773300.0,0.0010174082963503536
2023-02-22T00:00:00.000000,3291.63,3308.79,3282.44,3306.52,32440944900.0,0.0010782935519151565
2023-02-23T00:00:00.000000,3292.05,3307.03,3286.72,3291.15,25540398500.0,0.0009004781640502993
2023-02-24T00:00:00.000000,3293.52,3307.44,3275.36,3287.48,26232430400.0,0.0009280018180765408
2023-02-25T00:00:00.000000,3287.26,3288.39,3253.97,3267.16,23420630600.0,0.0008254023206152653
2023-02-28T00:00:00.000000,3257.0,3276.58,3251.72,3258.03,24285534400.0,0.0010108906525181415
2023-03-01T00:00:00.000000,3265.74,3280.42,3246.14,3279.61,25162503200.0,0.0009402584524060178
2023-03-02T00:00:00.000000,3279.14,3315.16,3272.04,3312.35,31839870400.0,0.0008855291816218238
2023-03-03T00:00:00.000000,3308.01,3320.74,3306.46,3310.65,32852001600.0,0.0007319267857352965
2023-03-04T00:00:00.000000,3314.77,3330.6,3302.62,3328.39,34399691900.0,0.0008291376755642666
2023-03-07T00:00:00.000000,3332.02,3333.06,3308.73,3322.03,34053044600.0,0.0007658299051251339
2023-03-08T00:00:00.000000,3320.21,3342.86,3284.41,3285.1,38995795600.0,0.0010573832433763536
2023-03-09T00:00:00.000000,3271.88,3283.25,3263.69,3283.25,26044354700.0,0.0010631935161612707
2023-03-10T00:00:00.000000,3285.94,3289.06,3260.0,3276.09,26402185900.0,0.000912640059038072
2023-03-11T00:00:00.000000,3255.51,3262.15,3229.5,3230.08,28113541000.0,0.0011930054681913373
2023-03-14T00:00:00.000000,3228.12,3268.7,3228.12,3268.7,29492808700.0,0.001188328005660766
2023-03-15T00:00:00.000000,3261.92,3262.0,3216.99,3245.31,31990603300.0,0.0013076829941971746
2023-03-16T00:00:00.000000,3261.03,3273.12,3256.86,3263.31,30516879800.0,0.0009638595006927037
2023-03-17T00:00:00.000000,3244.47,3257.43,3224.72,3226.89,32738963200.0,0.0014175199186185722
2023-03-18T00:00:00.000000,3245.26,3279.92,3240.16,3250.55,34300102200.0,0.0014444978707023838
2023-03-21T00:00:00.000000,3253.93,3267.99,3231.65,3234.91,39251739100.0,0.0009406993419821646
2023-03-22T00:00:00.000000,3240.84,3256.0,3237.89,3255.65,30181077900.0,0.0010038236260679063
2023-03-23T00:00:00.000000,3263.41,3279.39,3255.74,3265.75,29084046200.0,0.0007517690556409196
2023-03-24T00:00:00.000000,3258.78,3286.65,3252.99,3286.65,30611839300.0,0.000817207832783692
2023-03-25T00:00:00.000000,3282.74,3282.74,3260.84,3265.65,32451333700.0,0.0008007814997026903
2023-03-28T00:00:00.000000,3261.82,3261.82,3229.7,3251.4,33786120600.0,0.0009580228006329998
2023-03-29T00:00:00.000000,3256.6,3264.1,3241.74,3245.38,29568266000.0,0.0007090255725989436
2023-03-30T00:00:00.000000,3253.62,3254.56,3229.58,3240.06,29690050800.0,0.0007901694135367205
2023-03-31T00:00:00.000000,3243.07,3263.74,3220.98,3261.25,29989829500.0,0.0010154617045311737
2023-04-01T00:00:00.000000,3263.41,3278.42,3260.04,3272.86,28361374600.0,0.0006673514161939249
2023-04-04T00:00:00.000000,3277.34,3299.73,3276.42,3296.4,35767677500.0,0.0006796105019419775
2023-04-05T00:00:00.000000,3297.18,3312.56,3290.99,3312.56,38587161700.0,0.0007472745299016546
2023-04-07T00:00:00.000000,3302.75,3314.53,3296.06,3312.63,32715542400.0,0.0007650778805643243
2023-04-08T00:00:00.000000,3312.48,3328.85,3308.06,3327.65,28303224700.0,0.0004878342596616695
2023-04-11T00:00:00.000000,3331.51,3332.72,3309.92,3315.36,34081984500.0,0.0007513582637871114
2023-04-12T00:00:00.000000,3317.08,3317.45,3298.25,3313.57,32056605500.0,0.000678217623677587
2023-04-13T00:00:00.000000,3316.86,3330.71,3315.4,3327.18,34302531500.0,0.0005817104497447731
2023-04-14T00:00:00.000000,3321.27,3334.47,3309.25,3318.36,34786210600.0,0.0009019555921836794
2023-04-15T00:00:00.000000,3326.37,3340.08,3316.81,3338.15,33829927500.0,0.000816467117176656
2023-04-18T00:00:00.000000,3337.06,3385.61,3336.39,3385.61,40280992600.0,0.0006826329667170441
2023-04-19T00:00:00.000000,3379.23,3396.17,3375.78,3393.33,34839948600.0,0.0007000157642199055
2023-04-20T00:00:00.000000,3391.35,3394.96,3364.64,3370.13,34612344300.0,0.0006049840892480354
2023-04-21T00:00:00.000000,3367.05,3371.37,3344.02,3367.03,35035496500.0,0.0007592033890414133
2023-04-22T00:00:00.000000,3364.0,3367.61,3301.26,3301.26,38739509800.0,0.0012596066618319685
2023-04-25T00:00:00.000000,3300.81,3303.09,3264.94,3275.41,35425562600.0,0.0009095337183658754
2023-04-26T00:00:00.000000,3276.4,3288.57,3229.45,3264.87,38089572900.0,0.0015787764903076515
2023-04-27T00:00:00.000000,3255.22,3277.98,3239.99,3264.1,35791784200.0,0.001231721884576909
2023-04-28T00:00:00.000000,3256.23,3299.3,3253.11,3285.88,34159053400.0,0.0008462834928170382
2023-04-29T00:00:00.000000,3283.12,3324.88,3283.12,3323.27,40155478500.0,0.0007765411675682072
2023-05-05T00:00:00.000000,3306.48,3352.75,3302.03,3350.46,48336491600.0,0.0011914067222540267
2023-05-06T00:00:00.000000,3350.65,3364.14,3321.19,3334.5,43650449400.0,0.0009987681431884996
2023-05-09T00:00:00.000000,3340.99,3400.18,3340.99,3395.0,53410365900.0,0.0012072788052204593
2023-05-10T00:00:00.000000,3402.39,3418.95,3356.12,3357.67,57301330900.0,0.0015146537831013521
2023-05-11T00:00:00.000000,3347.7,3349.72,3305.25,3319.15,45173973100.0,0.0013241824676706935
2023-05-12T00:00:00.000000,3323.66,3333.25,3307.29,3309.55,35425827100.0,0.0008289486248402438
2023-05-13T00:00:00.000000,3304.46,3319.13,3271.43,3272.36,34731498300.0,0.0011879664746675476
2023-05-16T00:00:00.000000,3269.88,3310.74,3235.87,3310.74,38804588700.0,0.001418121965126156
2023-05-17T00:00:00.000000,3310.16,3317.9,3282.49,3290.99,32247941000.0,0.0009295869567721535
2023-05-18T00:00:00.000000,3281.97,3298.52,3269.89,3284.23,28574405000.0,0.001238131060315307
2023-05-19T00:00:00.000000,3288.41,3313.86,3284.17,3297.32,30996747200.0,0.0011638154204287037
2023-05-20T00:00:00.000000,3288.89,3302.34,3268.22,3283.54,28540406400.0,0.0013036739188661893
2023-05-23T00:00:00.000000,3278.6,3308.53,3276.54,3296.47,27388999800.0,0.0010080709428199998
2023-05-24T00:00:00.000000,3294.79,3298.23,3246.24,3246.24,27527908300.0,0.0008802306750792296
2023-05-25T00:00:00.000000,3237.7,3237.7,3204.38,3204.75,28872025700.0,0.0015145787689691476
2023-05-26T00:00:00.000000,3197.36,3207.02,3168.57,3201.26,28358892500.0,0.0014278255232495769
2023-05-27T00:00:00.000000,3198.88,3220.77,3179.82,3212.5,26170047900.0,0.001132941448911331
2023-05-30T00:00:00.000000,3219.76,3230.97,3208.96,3221.45,29738948700.0,0.0010076981847366522
2023-05-31T00:00:00.000000,3214.67,3230.63,3186.63,3224.21,30353246000.0,0.0013314355204608044
2023-06-01T00:00:00.000000,3214.66,3216.36,3190.27,3204.56,29457333800.0,0.0011325814266606679
2023-06-02T00:00:00.000000,3196.15,3225.09,3189.52,3204.63,31233075900.0,0.0010845450482392669
2023-06-03T00:00:00.000000,3212.45,3233.99,3211.74,3230.07,29466709800.0,0.001053418334627892
2023-06-06T00:00:00.000000,3231.81,3244.18,3221.63,3232.44,27806020300.0,0.0006730690151399248
2023-06-07T00:00:00.000000,3228.41,3247.35,3189.27,3195.34,30828587200.0,0.0010518320048779565
2023-06-08T00:00:00.000000,3197.47,3210.33,3188.01,3197.76,25806340000.0,0.0011211700714691471
2023-06-09T00:00:00.000000,3194.83,3225.53,3180.54,3213.59,29353074100.0,0.0012687410966694785
2023-06-10T00:00:00.000000,3213.03,3231.41,3206.1,3231.41,31415550100.0,0.0006682119845617396
2023-06-13T00:00:00.000000,3225.3,3239.44,3210.71,3228.83,31378444400.0,0.0010563336937186906
2023-06-14T00:00:00.000000,3223.9,3235.09,3215.5,3233.67,28062845400.0,0.0005566937847600919
2023-06-15T00:00:00.000000,3238.12,3248.46,3226.77,3228.99,30353726000.0,0.0007630024778406283
2023-06-16T00:00:00.000000,3230.45,3252.98,3229.15,3252.98,31325575200.0,0.0006879174459022132
2023-06-17T00:00:00.000000,3256.3,3276.55,3255.5,3273.33,32628184600.0,0.0006474956793875198
2023-06-20T00:00:00.000000,3271.16,3271.16,3251.78,3255.81,32775304700.0,0.0006815586778559527
2023-06-21T00:00:00.000000,3252.54,3252.84,3237.79,3240.36,29826059600.0,0.000599706643088323
2023-06-22T00:00:00.000000,3230.11,3236.36,3197.9,3197.9,29437737200.0,0.0009156896780123266
2023-06-27T00:00:00.000000,3177.23,3181.08,3144.25,3150.62,30812981100.0,0.0017206319111113366
2023-06-28T00:00:00.000000,3153.31,3194.41,3148.27,3189.44,28760432700.0,0.0008427365854215172
2023-06-29T00:00:00.000000,3183.49,3192.66,3157.12,3189.38,27623194800.0,0.001173842415850529
2023-06-30T00:00:00.000000,3185.42,3196.5,3179.53,3182.38,25034007400.0,0.0007494474620384971
2023-07-01T00:00:00.000000,3178.92,3212.99,3177.99,3202.06,26537987300.0,0.0007996300679285272
2023-07-04T00:00:00.000000,3209.16,3246.86,3209.16,3243.98,31237139500.0,0.0010278712213586947
2023-07-05T00:00:00.000000,3241.23,3246.96,3233.99,3245.35,27924872100.0,0.0006552661998998376
2023-07-06T00:00:00.000000,3240.05,3241.84,3218.6,3222.95,26401642600.0,0.000671176828408991
2023-07-07T00:00:00.000000,3215.86,3229.48,3199.72,3205.57,24611903200.0,0.0007162825588272075
2023-07-08T00:00:00.000000,3197.47,3212.05,3189.21,3196.61,25568846900.0,0.0008692046225867426
2023-07-11T00:00:00.000000,3208.73,3216.53,3192.66,3203.7,23656036700.0,0.0008417369949923663
2023-07-12T00:00:00.000000,3211.12,3221.68,3200.39,3221.37,22760046700.0,0.0005129154339682161
2023-07-13T00:00:00.000000,3220.38,3224.33,3193.44,3196.13,27142338600.0,0.0007411110104464238
2023-07-14T00:00:00.000000,3202.7,3238.47,3202.7,3236.48,27662050800.0,0.0009487327903008374
2023-07-15T00:00:00.000000,3240.97,3248.38,3234.0,3237.7,27332749400.0,0.0005228390995804725
2023-07-18T00:00:00.000000,3219.02,3219.02,3195.89,3209.63,25020837600.0,0.0015814537869957765
2023-07-19T00:00:00.000000,3206.79,3210.25,3190.0,3197.82,23503025900.0,0.0006971778875770866
2023-07-20T00:00:00.000000,3195.01,3204.36,3181.56,3198.84,21735586000.0,0.0007543162925848704
2023-07-21T00:00:00.000000,3201.91,3209.06,3165.67,3169.52,23893289100.0,0.0007763743776145955
2023-07-22T00:00:00.000000,3163.42,3185.64,3157.33,3167.75,22533136300.0,0.0008294120460738706
2023-07-25T00:00:00.000000,3157.47,3178.73,3151.13,3164.16,21659521100.0,0.0008064427812067477
2023-07-26T00:00:00.000000,3201.46,3231.75,3201.46,3231.52,34861771400.0,0.002107755102949457
2023-07-27T00:00:00.000000,3228.09,3229.89,3212.88,3223.03,31720605100.0,0.0005496446060141944
2023-07-28T00:00:00.000000,3225.48,3245.6,3210.47,3216.67,32711886700.0,0.0007098663596834687
2023-07-29T00:00:00.000000,3206.74,3280.28,3200.99,3275.93,41106843400.0,0.0011762602827835136
2023-08-01T00:00:00.000000,3287.21,3322.13,3281.01,3291.04,45903099400.0,0.00175896761107626
2023-08-02T00:00:00.000000,3288.76,3305.34,3279.62,3290.95,45989083300.0,0.0007542521116474812
2023-08-03T00:00:00.000000,3281.86,3290.82,3252.3,3261.69,40534149900.0,0.001029260174534479
2023-08-04T00:00:00.000000,3254.57,3280.86,3247.27,3280.46,38469131700.0,0.001007939215339298
2023-08-05T00:00:00.000000,3296.09,3315.05,3281.73,3288.08,47092769700.0,0.0015700950191261278
2023-08-08T00:00:00.000000,3276.78,3276.78,3258.54,3268.83,36034148400.0,0.0011111312837182375
2023-08-09T00:00:00.000000,3260.72,3274.52,3246.67,3260.62,31652073300.0,0.0010579762542722282
2023-08-10T00:00:00.000000,3251.15,3257.08,3240.29,3244.49,27121853800.0,0.0007563346484046539
2023-08-11T00:00:00.000000,3242.21,3257.03,3234.12,3254.56,28741214200.0,0.0008301121226836709
2023-08-12T00:00:00.000000,3254.48,3254.48,3189.25,3189.25,33013775000.0,0.0010122105608827091
2023-08-15T00:00:00.000000,3159.71,3180.51,3141.66,3178.43,29984032700.0,0.0018171704869865968
2023-08-16T00:00:00.000000,3180.56,3186.23,3147.35,3176.18,27325192200.0,0.0011253083181918884
2023-08-17T00:00:00.000000,3164.7,3176.63,3149.72,3150.13,28172829200.0,0.0011170984789165726
2023-08-18T00:00:00.000000,3137.35,3167.45,3123.25,3163.74,29469258600.0,0.0015093048536691457
2023-08-19T00:00:00.000000,3165.1,3179.12,3131.95,3131.95,29439035200.0,0.0009908166150768595
2023-08-22T00:00:00.000000,3125.99,3134.96,3092.98,3092.98,26575342300.0,0.001245584624858332
2023-08-23T00:00:00.000000,3103.78,3126.78,3074.53,3120.33,30931633500.0,0.0017308751426880406
2023-08-24T00:00:00.000000,3116.27,3116.38,3077.61,3078.4,27224412400.0,0.0013310914273351373
2023-08-25T00:00:00.000000,3085.91,3106.18,3072.95,3082.24,30002463700.0,0.001320226106918559
2023-08-26T00:00:00.000000,3068.62,3085.05,3053.04,3064.07,29334768600.0,0.0016793681855937217
2023-08-29T00:00:00.000000,3219.04,3219.04,3089.12,3098.64,48560776400.0,0.004815999966092921
2023-08-30T00:00:00.000000,3091.94,3145.76,3090.44,3135.89,39887578000.0,0.001216957067933334
2023-08-31T00:00:00.000000,3144.41,3153.69,3126.9,3137.14,34751186700.0,0.0008216716837576639
2023-09-01T00:00:00.000000,3134.55,3139.98,3113.95,3119.88,31344824200.0,0.000784091507921462
2023-09-02T00:00:00.000000,3126.02,3143.85,3123.19,3133.25,29231099200.0,0.0010072211516691982
2023-09-05T00:00:00.000000,3145.94,3177.06,3143.38,3177.06,36639114000.0,0.001161487007431731
2023-09-06T00:00:00.000000,3169.74,3169.74,3150.08,3154.37,29406184900.0,0.0008861898828499479
2023-09-07T00:00:00.000000,3147.14,3162.15,3136.9,3158.08,26700223000.0,0.0008682766023274421
2023-09-08T00:00:00.000000,3152.2,3152.27,3120.82,3122.35,26926473300.0,0.0008862843890450332
2023-09-09T00:00:00.000000,3114.23,3126.04,3104.67,3116.72,22812506400.0,0.0008071788827631308
2023-09-12T00:00:00.000000,3119.61,3155.1,3113.82,3142.78,29044291700.0,0.0008690977458067539
2023-09-13T00:00:00.000000,3140.34,3147.51,3134.32,3137.06,23467205100.0,0.0005085550568647921
2023-09-14T00:00:00.000000,3137.77,3143.76,3106.97,3123.07,24970103800.0,0.0007982025119903235
2023-09-15T00:00:00.000000,3124.85,3135.03,3111.86,3126.55,26399013800.0,0.0008641849709948909
2023-09-16T00:00:00.000000,3133.59,3141.96,3107.45,3117.74,29202636500.0,0.0009336930309291474
2023-09-19T00:00:00.000000,3110.44,3128.7,3098.5,3125.93,25944425700.0,0.0009824149344272645
2023-09-20T00:00:00.000000,3123.99,3131.13,3113.53,3124.96,25365276100.0,0.0007651844309761015
2023-09-21T00:00:00.000000,3118.67,3122.13,3108.16,3108.57,22812446200.0,0.0007901487920616325
2023-09-22T00:00:00.000000,3103.18,3113.49,3084.7,3084.7,22865910000.0,0.0008056258889780779
2023-09-23T00:00:00.000000,3084.76,3132.56,3078.8,3132.43,28597835100.0,0.0008010910054558369
2023-09-26T00:00:00.000000,3131.21,3131.21,3112.15,3115.61,25807188500.0,0.0005271488701768035
2023-09-27T00:00:00.000000,3114.02,3120.29,3102.27,3102.27,22264431300.0,0.000517387069631001
2023-09-28T00:00:00.000000,3104.04,3125.45,3103.84,3107.32,24049583000.0,0.0007745877282813287
2023-09-29T00:00:00.000000,3117.75,3121.84,3105.94,3110.48,23632998100.0,0.0006807238822556118
2023-10-10T00:00:00.000000,3100.0,3103.36,3072.64,3096.92,26442220500.0,0.0015146394255938437
2023-10-11T00:00:00.000000,3104.37,3109.98,3073.19,3075.24,25532737900.0,0.000738771534439382
2023-10-12T00:00:00.000000,3085.7,3095.66,3071.94,3078.96,25991869200.0,0.0007775260725289379
2023-10-13T00:00:00.000000,3101.71,3109.99,3092.18,3107.9,27482799800.0,0.0012993736251819615
2023-10-14T00:00:00.000000,3092.0,3094.92,3080.55,3088.1,25508523500.0,0.001122724282083294
2023-10-17T00:00:00.000000,3091.06,3091.13,3063.69,3073.81,26388236300.0,0.0007706442320731529
2023-10-18T00:00:00.000000,3076.43,3084.07,3064.89,3083.5,25901958800.0,0.0007087219931638951
2023-10-19T00:00:00.000000,3076.58,3076.58,3057.06,3058.71,26864715500.0,0.0008696645120869514
2023-10-20T00:00:00.000000,3043.2,3043.2,3004.77,3005.39,30403891000.0,0.0013359677125996284
2023-10-21T00:00:00.000000,2995.36,3006.27,2977.17,2983.06,26711359400.0,0.0010326396813556554
2023-10-24T00:00:00.000000,2969.79,2973.66,2923.51,2939.29,27890412800.0,0.0012860755747691663
2023-10-25T00:00:00.000000,2944.31,2964.76,2929.09,2962.24,31098538900.0,0.001275561728980107
2023-10-26T00:00:00.000000,2986.41,2993.3,2972.42,2974.11,33239200400.0,0.0014945166321302422
2023-10-27T00:00:00.000000,2960.1,2990.33,2956.01,2988.3,29181451100.0,0.0008025161733974115
2023-10-28T00:00:00.000000,2978.4,3029.21,2974.88,3017.78,32180371700.0,0.001060538425258303
2023-10-31T00:00:00.000000,3009.61,3028.26,3002.35,3021.55,36060423800.0,0.0008222107575284646
2023-11-01T00:00:00.000000,3019.65,3023.0,3006.61,3018.77,31985996700.0,0.0006921365658432059
2023-11-02T00:00:00.000000,3038.18,3038.33,3013.93,3023.08,28011044500.0,0.0006987980967628652
2023-11-03T00:00:00.000000,3028.66,3038.64,3009.12,3009.41,26879458100.0,0.0007982863587348197
2023-11-04T00:00:00.000000,3012.47,3040.98,3012.47,3030.8,26848634700.0,0.0008078706418590575
2023-11-07T00:00:00.000000,3047.13,3058.99,3037.69,3058.41,37294963000.0,0.001155468909239109
2023-11-08T00:00:00.000000,3052.92,3064.58,3042.47,3057.27,32685345500.0,0.000768696604638881
2023-11-09T00:00:00.000000,3051.15,3062.99,3037.29,3052.37,33567783400.0,0.0008364251503116379
2023-11-10T00:00:00.000000,3047.65,3063.47,3045.83,3053.28,31562176400.0,0.0008449022429412027
2023-11-11T00:00:00.000000,3043.56,3044.0,3027.09,3038.97,28554649700.0,0.0009370207170069431
2023-11-14T00:00:00.000000,3044.03,3048.62,3028.17,3046.53,29043058800.0,0.0005868547629088196
2023-11-15T00:00:00.000000,3046.82,3059.53,3044.43,3056.07,29484473300.0,0.000670505569857139
2023-11-16T00:00:00.000000,3077.03,3080.13,3064.35,3072.83,30425010700.0,0.0009282127755489102
2023-11-17T00:00:00.000000,3066.86,3071.45,3050.93,3050.93,27107946000.0,0.0005646403998044102
2023-11-18T00:00:00.000000,3043.62,3055.86,3033.75,3054.37,26760639300.0,0.0006643170664908972
2023-11-21T00:00:00.000000,3056.93,3072.51,3043.51,3068.32,28755699800.0,0.0006323811261541699
2023-11-22T00:00:00.000000,3074.83,3089.77,3063.34,3067.93,33073310200.0,0.0008942348020263563
2023-11-23T00:00:00.000000,3060.5,3067.96,3043.61,3043.61,28905649000.0,0.0005729468270236405
2023-11-24T00:00:00.000000,3041.68,3062.87,3034.3,3061.86,27659205900.0,0.0007007367344807553
2023-11-25T00:00:00.000000,3060.33,3060.33,3037.2,3040.97,28778841300.0,0.0006667800094220105
2023-11-28T00:00:00.000000,3038.19,3038.36,3015.01,3031.7,31051786800.0,0.0008672487681003857
2023-11-29T00:00:00.000000,3028.6,3039.69,3020.23,3038.55,26892074600.0,0.0007614398287460751
2023-11-30T00:00:00.000000,3038.46,3038.98,3017.66,3021.69,27795644800.0,0.0005878785363686064
2023-12-01T00:00:00.000000,3021.1,3030.91,3013.77,3029.67,28294535700.0,0.0007899630794131585
2023-12-02T00:00:00.000000,3027.35,3035.76,3010.23,3031.64,28608970000.0,0.0009332425846027865
2023-12-05T00:00:00.000000,3033.3,3038.98,3022.35,3022.91,28816205300.0,0.0006243270965750443
2023-12-06T00:00:00.000000,3017.01,3017.01,2972.3,2972.3,29394327800.0,0.0010870634880623487
2023-12-07T00:00:00.000000,2966.95,2985.31,2959.6,2968.93,29410418700.0,0.0010823946580471686
2023-12-08T00:00:00.000000,2965.65,2976.01,2949.14,2966.21,29624368700.0,0.0009009022606301368
2023-12-09T00:00:00.000000,2965.39,2980.83,2962.33,2969.56,36913870500.0,0.0007032817661364679
2023-12-12T00:00:00.000000,2956.29,2995.67,2930.42,2991.44,36021634400.0,0.00190729733533641
2023-12-13T00:00:00.000000,2986.33,3003.75,2980.45,3003.44,28763876200.0,0.0007695658108468014
2023-12-14T00:00:00.000000,2997.34,2997.34,2968.76,2968.76,28275409800.0,0.0008476372426587928
2023-12-15T00:00:00.000000,2979.7,2986.18,2958.07,2958.99,27145765000.0,0.001010127104345789
2023-12-16T00:00:00.000000,2966.3,2976.31,2940.03,2942.56,28932764200.0,0.0010688679005430542
2023-12-19T00:00:00.000000,2936.58,2951.15,2924.33,2930.8,29308699900.0,0.0007583013056035841
2023-12-20T00:00:00.000000,2928.76,2940.5,2914.13,2932.39,26592698000.0,0.0009944968833565436
2023-12-21T00:00:00.000000,2932.12,2937.1,2902.04,2902.11,26556245400.0,0.0008022496895584622
2023-12-22T00:00:00.000000,2892.02,2924.26,2882.02,2918.71,28254182700.0,0.0011820960928357884
2023-12-23T00:00:00.000000,2919.29,2935.7,2906.51,2914.78,29662836700.0,0.001189582658473636
2023-12-26T00:00:00.000000,2909.88,2920.63,2903.99,2918.81,22981417800.0,0.0007094229136838873
2023-12-27T00:00:00.000000,2917.97,2917.97,2892.84,2898.88,22814085500.0,0.0007530540147684515
2023-12-28T00:00:00.000000,2900.15,2917.96,2890.17,2914.61,24790088200.0,0.0008420777105637498
2023-12-29T00:00:00.000000,2913.11,2961.65,2909.39,2954.7,33921311600.0,0.0010541746397404693
2023-12-30T00:00:00.000000,2950.84,2975.03,2950.02,2974.93,29067268700.0,0.0006773503202956439
2024-01-03T00:00:00.000000,2972.78,2976.27,2962.28,2962.28,30414179300.0,0.0006234015504830998
2024-01-04T00:00:00.000000,2957.11,2971.28,2953.29,2967.25,28545594500.0,0.0006252650268981488
2024-01-05T00:00:00.000000,2965.51,2966.68,2936.63,2954.35,26498092400.0,0.0008097051175004499
2024-01-06T00:00:00.000000,2949.82,2967.97,2916.72,2929.18,30104023900.0,0.0008717543971980886
2024-01-09T00:00:00.000000,2923.46,2924.46,2887.54,2887.54,27027505500.0,0.0011148701990034097
2024-01-10T00:00:00.000000,2887.11,2900.73,2878.41,2893.25,26295597500.0,0.0010735179819301773
2024-01-11T00:00:00.000000,2886.98,2903.16,2870.42,2877.7,24404652600.0,0.0013535477524196282
2024-01-12T00:00:00.000000,2873.8,2896.18,2867.72,2886.65,26705076400.0,0.0008991707673449334
2024-01-13T00:00:00.000000,2880.04,2904.17,2878.88,2881.98,26160293100.0,0.0007519815177496608
2024-01-16T00:00:00.000000,2872.56,2904.46,2869.22,2886.29,24461123600.0,0.0010401053857283724
2024-01-17T00:00:00.000000,2881.56,2896.68,2861.13,2893.99,28628671400.0,0.0012047502720907953
2024-01-18T00:00:00.000000,2887.29,2887.49,2833.62,2833.62,26125130800.0,0.0011699907235317403
2024-01-19T00:00:00.000000,2822.67,2849.26,2760.98,2845.78,39039685500.0,0.002874376365892448
2024-01-20T00:00:00.000000,2836.97,2849.88,2822.84,2832.28,26666438800.0,0.0014865091148870454
2024-01-23T00:00:00.000000,2826.5,2828.32,2735.37,2756.34,35016575800.0,0.002334231495463093
2024-01-24T00:00:00.000000,2746.89,2784.84,2724.16,2770.98,30874941700.0,0.0024534372906821612
2024-01-25T00:00:00.000000,2782.14,2823.7,2743.4,2820.77,36907060000.0,0.0021663637319168693
2024-01-26T00:00:00.000000,2823.83,2906.79,2821.71,2906.11,44200904500.0,0.0015601506236773515
2024-01-27T00:00:00.000000,2897.91,2924.31,2890.48,2910.22,42110908400.0,0.0013600730254556897
2024-01-30T00:00:00.000000,2910.61,2923.9,2883.36,2883.36,41058131100.0,0.0018635089195287871
2024-01-31T00:00:00.000000,2866.28,2881.35,2829.25,2830.53,33566122600.0,0.0019174329460608464
2024-02-01T00:00:00.000000,2815.5,2834.01,2782.59,2788.55,37710396500.0,0.0020074321889602094
2024-02-02T00:00:00.000000,2773.42,2805.01,2752.78,2770.74,35288918500.0,0.0019543781963411127
2024-02-03T00:00:00.000000,2773.29,2791.68,2666.33,2730.15,42623019900.0,0.0034961780448273306
2024-02-06T00:00:00.000000,2716.08,2739.74,2635.09,2702.19,47899029200.0,0.0036435167560072653
2024-02-07T00:00:00.000000,2680.48,2802.93,2669.67,2789.49,50284931300.0,0.0028060975346466525
2024-02-08T00:00:00.000000,2791.51,2829.7,2770.53,2829.7,54711743900.0,0.0016533903552031408
2024-02-09T00:00:00.000000,2832.49,2867.47,2827.9,2865.9,53110889300.0,0.002120743978976852
2024-02-20T00:00:00.000000,2886.59,2910.54,2867.71,2910.54,45896770400.0,0.0012484169843528427
2024-02-21T00:00:00.000000,2902.88,2927.31,2887.47,2922.73,35013873500.0,0.0014625638772948204
2024-02-22T00:00:00.000000,2906.02,2994.61,2898.05,2950.96,44424546300.0,0.001575751472356046
2024-02-23T00:00:00.000000,2945.45,2988.36,2944.5,2988.36,35413253600.0,0.0012378697455401261
2024-02-24T00:00:00.000000,2992.91,3009.14,2979.97,3004.88,38008327000.0,0.0011465026602844965
2024-02-27T00:00:00.000000,3002.12,3009.48,2967.06,2977.02,40902655800.0,0.001287448825593103
2024-02-28T00:00:00.000000,2966.42,3015.48,2961.15,3015.48,37298468700.0,0.0009677138406309853
2024-02-29T00:00:00.000000,3016.26,3031.49,2957.85,2957.85,54410909300.0,0.001959597980186776
2024-03-01T00:00:00.000000,2943.62,3015.17,2943.62,3015.17,40969637400.0,0.0015178306962798066
2024-03-02T00:00:00.000000,3013.82,3032.23,3003.76,3027.02,37913218400.0,0.0011293994112933452
2024-03-05T00:00:00.000000,3026.61,3040.34,3007.68,3039.31,38776000200.0,0.0012831914830763317
2024-03-06T00:00:00.000000,3027.1,3052.54,3022.18,3047.79,38350995500.0,0.0013486482320102361
2024-03-07T00:00:00.000000,3041.75,3060.56,3034.35,3039.93,34098273900.0,0.0010106542807382709
2024-03-08T00:00:00.000000,3040.21,3063.69,3023.12,3027.4,37715439100.0,0.0011414547804736337
2024-03-09T00:00:00.000000,3026.17,3049.19,3016.9,3046.02,31920439200.0,0.0008794807785129731
2024-03-12T00:00:00.000000,3042.62,3068.46,3035.45,3068.46,36160882100.0,0.0009843446537802524
2024-03-13T00:00:00.000000,3068.18,3075.13,3044.86,3055.94,41574391400.0,0.0011295537120257627
2024-03-14T00:00:00.000000,3053.34,3061.95,3031.9,3043.83,36504745300.0,0.0010283953034533194
2024-03-15T00:00:00.000000,3042.41,3060.0,3020.64,3038.23,36407229000.0,0.0011697642788978237
2024-03-16T00:00:00.000000,3031.52,3056.45,3023.22,3054.64,36026846300.0,0.000956370293458559
2024-03-19T00:00:00.000000,3057.21,3085.31,3055.92,3084.93,40665350800.0,0.000768386112240707
2024-03-20T00:00:00.000000,3077.98,3090.05,3062.63,3062.76,38412368000.0,0.0009822791485373048
2024-03-21T00:00:00.000000,3058.65,3081.75,3056.65,3079.69,34918772900.0,0.0009213659020388202
2024-03-22T00:00:00.000000,3084.41,3090.05,3069.27,3077.11,36687796800.0,0.0007838764055308554
2024-03-23T00:00:00.000000,3070.55,3073.21,3027.76,3048.03,39474048600.0,0.0011549342980472358
2024-03-26T00:00:00.000000,3040.5,3065.26,3026.31,3026.31,38748538900.0,0.0011752526125149768
2024-03-27T00:00:00.000000,3026.92,3036.49,3006.26,3031.48,34592878700.0,0.0013065486064474622
2024-03-28T00:00:00.000000,3026.81,3030.45,2993.14,2993.14,34319801000.0,0.0012813841564871392
2024-03-29T00:00:00.000000,2988.59,3033.36,2984.12,3010.66,35320002600.0,0.0014059082234593886
2024-03-30T00:00:00.000000,3008.38,3041.3,3008.17,3041.17,33482278500.0,0.0012735942432025476
2024-04-02T00:00:00.000000,3049.02,3078.49,3049.02,3077.38,37539364000.0,0.0012667506829769691
2024-04-03T00:00:00.000000,3076.88,3085.54,3063.98,3074.96,36730426200.0,0.0008995603386523809
2024-04-04T00:00:00.000000,3074.89,3079.02,3057.4,3069.3,36321138000.0,0.0006662196603796624
2024-04-09T00:00:00.000000,3057.33,3077.35,3045.47,3047.05,40293674000.0,0.001143624700220192
2024-04-10T00:00:00.000000,3044.61,3051.59,3033.21,3048.54,33348996500.0,0.0007801603436461501
2024-04-11T00:00:00.000000,3045.96,3049.61,3013.59,3027.33,34899172100.0,0.0009443366821244276
2024-04-12T00:00:00.000000,3013.57,3050.34,3009.9,3034.25,34089439200.0,0.0009645220382814618
2024-04-13T00:00:00.000000,3035.58,3043.56,3014.83,3019.47,33422977100.0,0.0008760454380294878
2024-04-16T00:00:00.000000,3013.67,3066.94,2995.54,3057.38,46123924400.0,0.0020885324594532573
2024-04-17T00:00:00.000000,3043.55,3052.43,3005.34,3007.07,44807047300.0,0.0015071980713444832
2024-04-18T00:00:00.000000,3008.06,3071.38,3002.06,3071.38,41335836800.0,0.0010196587121994363
2024-04-19T00:00:00.000000,3060.03,3102.55,3057.76,3074.22,41632134900.0,0.0013100341906327915
2024-04-20T00:00:00.000000,3060.3,3080.32,3055.06,3065.26,37554385500.0,0.0011555205439567498
2024-04-23T00:00:00.000000,3059.06,3078.42,3042.54,3044.6,35721639900.0,0.0010596818059437185
2024-04-24T00:00:00.000000,3038.61,3044.94,3016.52,3021.98,32559512800.0,0.001066584005329561
2024-04-25T00:00:00.000000,3029.4,3045.64,3019.12,3044.82,30526409300.0,0.000713162254788998
2024-04-26T00:00:00.000000,3037.93,3060.26,3034.65,3052.9,29228014800.0,0.0009306019191824127
2024-04-27T00:00:00.000000,3054.98,3092.43,3054.98,3088.64,43938256300.0,0.0010824447365409752
2024-04-30T00:00:00.000000,3086.68,3119.69,3080.59,3113.04,50692544500.0,0.0008702568040851955
2024-05-01T00:00:00.000000,3110.16,3123.29,3104.29,3104.82,44021321300.0,0.0006875933400569008
2024-05-07T00:00:00.000000,3132.51,3142.38,3126.77,3140.72,45065689900.0,0.0012940683471128892
2024-05-08T00:00:00.000000,3139.66,3151.22,3133.69,3147.74,37910256400.0,0.0008005087315720789
2024-05-09T00:00:00.000000,3141.49,3144.99,3126.17,3128.48,33400032000.0,0.0007198611770862434
2024-05-10T00:00:00.000000,3128.16,3158.46,3128.16,3154.32,36088146200.0,0.000662293679158319
2024-05-11T00:00:00.000000,3158.59,3163.14,3137.15,3154.55,38428749500.0,0.0007589724164023337
2024-05-14T00:00:00.000000,3139.48,3157.37,3126.17,3148.02,39703056500.0,0.0012653414353349676
2024-05-15T00:00:00.000000,3148.85,3155.81,3137.61,3145.77,34352619400.0,0.0006800977392522745
2024-05-16T00:00:00.000000,3141.25,3142.97,3117.93,3119.9,32102796200.0,0.000792729378262538
2024-05-17T00:00:00.000000,3127.18,3137.88,3116.16,3122.4,36741736100.0,0.0006290699248825036
2024-05-18T00:00:00.000000,3121.71,3154.03,3116.78,3154.03,38391524400.0,0.0008454900583316974
2024-05-21T00:00:00.000000,3156.15,3174.27,3155.99,3171.15,42686728000.0,0.0008371992470979155
2024-05-22T00:00:00.000000,3164.68,3165.22,3148.34,3157.97,33578357200.0,0.000729444194121205
2024-05-23T00:00:00.000000,3157.19,3166.92,3152.46,3158.54,35409808200.0,0.000592737864646245
2024-05-24T00:00:00.000000,3149.88,3150.63,3110.28,3116.39,35394372700.0,0.0012161645412867704
2024-05-25T00:00:00.000000,3110.75,3130.42,3087.79,3088.87,30653227900.0,0.000776290864935137
2024-05-28T00:00:00.000000,3094.14,3125.51,3091.99,3124.04,31939676500.0,0.0009010195497434288
2024-05-29T00:00:00.000000,3122.39,3130.31,3106.36,3109.57,31006697400.0,0.0006802567169806118
2024-05-30T00:00:00.000000,3108.03,3128.14,3100.98,3111.02,28997034600.0,0.0007546596503515266
2024-05-31T00:00:00.000000,3103.71,3121.22,3085.38,3091.68,30238076200.0,0.0009790735319675202
2024-06-01T00:00:00.000000,3094.76,3107.6,3086.81,3086.81,27607281600.0,0.0007411392550620659
2024-06-04T00:00:00.000000,3085.98,3097.2,3061.28,3078.49,35756336200.0,0.0010105586055298194
2024-06-05T00:00:00.000000,3071.32,3095.32,3063.59,3091.2,30928759800.0,0.0009233826414895274
2024-06-06T00:00:00.000000,3086.05,3092.35,3064.74,3065.4,29054234400.0,0.0006845791491842892
2024-06-07T00:00:00.000000,3069.44,3077.67,3040.83,3048.79,36986710400.0,0.0013042919466565192
2024-06-08T00:00:00.000000,3053.92,3065.02,3031.04,3051.28,31634248400.0,0.0010488319330066698
2024-06-12T00:00:00.000000,3042.13,3043.2,3013.86,3028.05,31048194200.0,0.0011777015850658286
2024-06-13T00:00:00.000000,3025.3,3042.04,3021.31,3037.47,27945210600.0,0.0007208193633169271
2024-06-14T00:00:00.000000,3038.09,3040.4,3022.82,3028.92,29786246300.0,0.0006481123848933562
2024-06-15T00:00:00.000000,3020.96,3037.9,3011.58,3032.63,34874675300.0,0.001069371342576207
2024-06-18T00:00:00.000000,3017.72,3026.62,3012.05,3015.89,29576344800.0,0.0008573225905303378
2024-06-19T00:00:00.000000,3015.07,3031.98,3012.52,3030.25,27362599900.0,0.0005714488324612311
2024-06-20T00:00:00.000000,3029.1,3030.23,3015.33,3018.05,26129624800.0,0.0006313068359648594
2024-06-21T00:00:00.000000,3015.72,3028.51,3001.77,3005.44,29551590700.0,0.0009841702144986922
2024-06-22T00:00:00.000000,2998.24,3011.91,2985.93,2998.14,25500125100.0,0.00115877438526607
2024-06-25T00:00:00.000000,2982.83,2990.64,2960.13,2963.1,29865388400.0,0.0012328728538092504
2024-06-26T00:00:00.000000,2962.77,2971.65,2935.54,2950.0,27320993800.0,0.0010766014655765673
2024-06-27T00:00:00.000000,2943.45,2976.67,2933.33,2972.53,28238840900.0,0.0011366088651998316
2024-06-28T00:00:00.000000,2962.7,2963.06,2944.9,2945.85,27054851900.0,0.0011003396908425733
2024-06-29T00:00:00.000000,2940.3,2985.47,2939.98,2967.4,31520143200.0,0.0010491460016942027
2024-07-02T00:00:00.000000,2965.25,2996.41,2961.86,2994.73,29778223500.0,0.0008647136095585171
2024-07-03T00:00:00.000000,2992.86,3004.99,2989.47,2997.01,28136468300.0,0.0006965862522635407
2024-07-04T00:00:00.000000,2995.66,2998.54,2978.07,2982.38,24628464200.0,0.0005554804530898376
2024-07-05T00:00:00.000000,2984.83,2995.57,2955.29,2957.57,27426878900.0,0.000996360637333661
2024-07-06T00:00:00.000000,2954.37,2957.11,2920.2,2949.93,27232455600.0,0.0011016480600833007
2024-07-09T00:00:00.000000,2939.84,2947.61,2917.23,2922.45,27753342400.0,0.0010167717711450945
2024-07-10T00:00:00.000000,2919.57,2963.78,2904.04,2959.37,31506203100.0,0.0015850910476521048
2024-07-11T00:00:00.000000,2949.03,2958.86,2935.33,2939.36,30154945600.0,0.0007669068160653242
2024-07-12T00:00:00.000000,2957.25,2971.36,2947.4,2970.39,32837242400.0,0.0009463969183502373
2024-07-13T00:00:00.000000,2965.61,2977.14,2963.3,2971.3,30371301400.0,0.0005916158843273233
2024-07-16T00:00:00.000000,2963.85,2977.31,2959.13,2974.01,26899259700.0,0.0007320715004427803
2024-07-17T00:00:00.000000,2963.9,2977.36,2959.67,2976.3,26078363000.0,0.0007451568597251127
2024-07-18T00:00:00.000000,2970.81,2972.79,2957.97,2962.85,28230799100.0,0.0009232375596999525
2024-07-19T00:00:00.000000,2951.14,2978.09,2937.9,2977.13,27802266500.0,0.0014823241560363786
2024-07-20T00:00:00.000000,2963.51,2986.24,2955.12,2982.31,28093241300.0,0.0013076392468331069
2024-07-23T00:00:00.000000,2978.19,2978.6,2946.56,2964.22,27874955900.0,0.0009768023147758164
2024-07-24T00:00:00.000000,2960.5,2960.5,2915.37,2915.37,29629599400.0,0.0007408614096150609
2024-07-25T00:00:00.000000,2909.15,2922.03,2894.29,2901.95,30611885300.0,0.0012817426879604035
2024-07-26T00:00:00.000000,2891.89,2897.77,2872.85,2886.74,27463950000.0,0.0014209909434476813
2024-07-27T00:00:00.000000,2886.0,2899.12,2875.4,2890.9,27838753600.0,0.0010732771858513403
2024-07-30T00:00:00.000000,2889.47,2898.95,2878.58,2891.85,25689972700.0,0.0007542164125974987
2024-07-31T00:00:00.000000,2885.22,2885.22,2865.15,2879.3,26247883700.0,0.0011663612530850847
2024-08-01T00:00:00.000000,2877.54,2940.59,2876.3,2938.75,41272341700.0,0.0012095597076607425
2024-08-02T00:00:00.000000,2940.12,2947.88,2928.83,2932.39,34662113700.0,0.0007996431766864822
2024-08-03T00:00:00.000000,2913.02,2931.26,2902.72,2905.34,31220503900.0,0.001046451583092782
2024-08-06T00:00:00.000000,2889.36,2919.03,2860.7,2860.7,35554057200.0,0.0014891033759204277
2024-08-07T00:00:00.000000,2878.65,2888.2,2845.34,2867.28,29730080300.0,0.0013241300087807203
2024-08-08T00:00:00.000000,2864.01,2886.94,2857.72,2869.83,26309715000.0,0.0009739674030362364
2024-08-09T00:00:00.000000,2864.76,2886.4,2850.87,2869.9,28912863200.0,0.0009865145596528158
2024-08-10T00:00:00.000000,2879.87,2887.85,2862.19,2862.19,28425391600.0,0.0009229716196603288
2024-08-13T00:00:00.000000,2858.89,2869.27,2851.3,2858.2,24424137100.0,0.0007330317933580427
2024-08-14T00:00:00.000000,2860.41,2867.95,2845.31,2867.95,23167460100.0,0.0009757504147371221
2024-08-15T00:00:00.000000,2866.24,2866.24,2850.45,2850.65,21788517000.0,0.0006298274267768445
2024-08-16T00:00:00.000000,2844.2,2889.09,2839.39,2877.36,27190000000.0,0.0011509793188477899
2024-08-17T00:00:00.000000,2877.94,2888.68,2873.06,2879.43,26365344100.0,0.0009055830150260451
2024-08-20T00:00:00.000000,2877.95,2905.15,2877.77,2893.67,26168773000.0,0.0009615805636896672
2024-08-21T00:00:00.000000,2895.55,2896.52,2855.33,2866.66,26365800200.0,0.0008941118867909058
2024-08-22T00:00:00.000000,2858.94,2863.89,2848.15,2856.58,22920002700.0,0.0010216493439076813
2024-08-23T00:00:00.000000,2856.2,2861.61,2845.5,2848.77,24539941500.0,0.0008459060796044467
2024-08-24T00:00:00.000000,2844.77,2860.73,2839.34,2854.37,22669256500.0,0.000896791237962765
2024-08-27T00:00:00.000000,2855.47,2860.65,2844.38,2855.52,22735152300.0,0.0006441992056136484
2024-08-28T00:00:00.000000,2850.88,2853.78,2843.16,2848.73,23069300600.0,0.0006399126725428642
2024-08-29T00:00:00.000000,2844.33,2852.56,2830.96,2837.43,22873062300.0,0.0007549575956469872
2024-08-30T00:00:00.000000,2829.45,2831.43,2815.38,2823.11,27751053400.0,0.0008504574335695337
2024-08-31T00:00:00.000000,2819.65,2867.96,2817.01,2842.21,39751697500.0,0.001176464693893886
2024-09-03T00:00:00.000000,2832.35,2839.28,2810.37,2811.04,34071419300.0,0.0008177053374058635
2024-09-04T00:00:00.000000,2809.17,2814.9,2794.91,2802.98,27573613900.0,0.0006678209741763362
2024-09-05T00:00:00.000000,2786.5,2800.61,2781.94,2784.28,25745350000.0,0.0010499400422819217
2024-09-06T00:00:00.000000,2785.26,2796.02,2777.47,2788.31,24204094800.0,0.0008548807369776948
2024-09-07T00:00:00.000000,2791.76,2804.09,2765.64,2765.81,25364537500.0,0.000729152036385109
2024-09-10T00:00:00.000000,2754.72,2756.56,2726.97,2736.49,26146884700.0,0.0011900653990998807
2024-09-11T00:00:00.000000,2737.88,2750.12,2718.63,2744.19,26215901500.0,0.0010727987733313265
2024-09-12T00:00:00.000000,2732.73,2732.73,2710.62,2721.8,24226490000.0,0.0013726485591924213
2024-09-13T00:00:00.000000,2722.14,2734.68,2716.56,2717.12,24008431500.0,0.0009338691830569674
2024-09-14T00:00:00.000000,2718.99,2728.78,2703.37,2704.09,25127003800.0,0.0006635272721710787
2024-09-19T00:00:00.000000,2705.35,2724.11,2689.7,2717.28,24781713200.0,0.0011239365166775895
2024-09-20T00:00:00.000000,2723.21,2747.74,2697.78,2736.02,31520838900.0,0.0014627086596259128
2024-09-21T00:00:00.000000,2734.23,2741.16,2717.95,2736.81,28564462700.0,0.0007905326868519506
2024-09-24T00:00:00.000000,2735.39,2760.48,2731.36,2748.92,25764215400.0,0.0009964508534668639
2024-09-25T00:00:00.000000,2770.75,2863.15,2761.37,2863.13,47761954500.0,0.0024067149217363603
2024-09-26T00:00:00.000000,2901.42,2952.45,2889.05,2896.31,56825981600.0,0.003616617910859857
2024-09-27T00:00:00.000000,2893.75,3000.95,2889.01,3000.95,57631926100.0,0.0021350101890653256
2024-09-28T00:00:00.000000,3049.1,3087.53,3017.45,3087.53,49228716300.0,0.003029819223161357
2024-10-01T00:00:00.000000,3194.72,3358.59,3153.71,3336.5,110233791700.0,0.009077797486397397
2024-10-09T00:00:00.000000,3674.4,3674.4,3372.19,3489.78,131346019500.0,0.013851896950147975
2024-10-10T00:00:00.000000,3427.22,3437.16,3249.16,3258.86,99275725600.0,0.006976353338017589
2024-10-11T00:00:00.000000,3277.69,3379.81,3228.12,3301.93,83450025700.0,0.0042205698390649846
2024-10-12T00:00:00.000000,3287.87,3297.75,3187.99,3217.74,60602743300.0,0.0031520469172378425
2024-10-15T00:00:00.000000,3241.43,3294.62,3203.9,3284.32,63146685900.0,0.002794522782811709
2024-10-16T00:00:00.000000,3265.75,3285.21,3201.29,3201.29,56605455800.0,0.002163409030173849
2024-10-17T00:00:00.000000,3169.17,3236.85,3167.74,3202.95,51581399700.0,0.0025335278167425484
2024-10-18T00:00:00.000000,3220.73,3241.57,3169.38,3169.38,52861177200.0,0.001947010579497729
2024-10-19T00:00:00.000000,3165.97,3313.98,3152.82,3261.56,69301462300.0,0.002981447992234559
2024-10-22T00:00:00.000000,3276.06,3300.66,3239.1,3268.11,66815029900.0,0.0023959557391560484
2024-10-23T00:00:00.000000,3263.82,3294.96,3255.14,3285.87,57491378100.0,0.0014507054185892005
2024-10-24T00:00:00.000000,3285.25,3331.08,3277.07,3302.8,65044412800.0,0.0013654670483969887
2024-10-25T00:00:00.000000,3287.82,3292.94,3266.88,3280.26,51982707400.0,0.0010696497986125253
2024-10-26T00:00:00.000000,3280.76,3319.36,3276.13,3299.7,59565170700.0,0.0011527628572517467
2024-10-29T00:00:00.000000,3300.46,3322.2,3279.72,3322.2,67237313100.0,0.0011224111267789398
2024-10-30T00:00:00.000000,3328.09,3340.46,3284.21,3286.41,72532615400.0,0.00119571123690577
2024-10-31T00:00:00.000000,3273.64,3291.68,3244.81,3266.24,66901809000.0,0.001293204350682535
2024-11-01T00:00:00.000000,3267.98,3295.74,3252.39,3279.82,78464909400.0,0.001596213741699812
2024-11-02T00:00:00.000000,3275.58,3305.32,3258.73,3272.01,85205532000.0,0.0019821289316589857
2024-11-05T00:00:00.000000,3275.68,3310.21,3263.84,3310.21,66507745400.0,0.0010652576317631717
2024-11-06T00:00:00.000000,3306.81,3386.99,3302.05,3386.99,82112490200.0,0.0015680691479656387
2024-11-07T00:00:00.000000,3395.22,3421.0,3367.08,3383.81,89585593000.0,0.0018785440727635346
2024-11-08T00:00:00.000000,3359.99,3470.66,3356.26,3470.66,95955668000.0,0.0014581357534880087
2024-11-09T00:00:00.000000,3502.13,3509.82,3443.19,3452.3,96403456200.0,0.0021703026826214067
2024-11-12T00:00:00.000000,3432.37,3471.12,3416.73,3470.07,81802543600.0,0.0015655766183460954
2024-11-13T00:00:00.000000,3469.89,3489.42,3402.04,3421.97,81792652400.0,0.0018299303226813027
2024-11-14T00:00:00.000000,3406.92,3442.3,3404.53,3439.28,67366234800.0,0.001539265366110598
2024-11-15T00:00:00.000000,3429.51,3441.77,3376.15,3379.84,63155669000.0,0.0013778720899088796
2024-11-16T00:00:00.000000,3369.81,3391.32,3330.73,3330.73,63028558300.0,0.0013914190765893582
2024-11-19T00:00:00.000000,3344.69,3386.9,3309.01,3323.85,74395069200.0,0.0022243084947045537
2024-11-20T00:00:00.000000,3324.88,3346.76,3284.13,3346.01,62502415100.0,0.0016441693549152565
2024-11-21T00:00:00.000000,3337.68,3375.25,3333.0,3367.99,56615428900.0,0.0011910254218695407
2024-11-22T00:00:00.000000,3362.94,3378.52,3348.86,3370.4,53033183000.0,0.0008803582361680768
2024-11-23T00:00:00.000000,3368.04,3372.0,3267.19,3267.19,63068779000.0,0.0016695004023946438
2024-11-26T00:00:00.000000,3274.88,3285.46,3232.92,3263.76,53889739000.0,0.0018069255952184358
2024-11-27T00:00:00.000000,3256.86,3285.33,3252.87,3259.76,47221930400.0,0.0013766367121587758
2024-11-28T00:00:00.000000,3250.59,3309.88,3227.36,3309.78,51120230300.0,0.0016527170060033063
2024-11-29T00:00:00.000000,3308.28,3319.26,3290.36,3295.7,51195304700.0,0.0010673525997709318
2024-11-30T00:00:00.000000,3295.21,3357.5,3293.69,3326.46,58022710200.0,0.0014863138107613079
