timestamp,open,high,low,close,volume,rv
2010-01-05T00:00:00.000000,13782.81,13782.81,13534.72,13533.54,670948000.0,0.0014458844443902398
2010-01-06T00:00:00.000000,13539.83,13595.89,13324.56,13517.38,80599000.0,0.0018172450764812923
2010-01-07T00:00:00.000000,13509.39,13677.11,13460.28,13505.18,78819200.0,0.0017633131494739188
2010-01-08T00:00:00.000000,13517.17,13570.43,13149.72,13235.48,1027862000.0,0.002353271476042936
2010-01-09T00:00:00.000000,13180.9,13270.63,13041.39,13267.44,67231500.0,0.002397417582148063
2010-01-12T00:00:00.000000,13606.23,13606.23,13091.22,13161.09,1059653100.0,0.002906970111670241
2010-01-13T00:00:00.000000,13162.3,13376.17,12994.45,13381.25,1169553200.0,0.0020256232601810137
2010-01-14T00:00:00.000000,13031.55,13227.17,12937.84,13016.56,1438365000.0,0.003885761591715751
2010-01-15T00:00:00.000000,13076.3,13221.32,12968.21,13204.19,1042478600.0,0.0017918344534082638
2010-01-16T00:00:00.000000,13256.37,13319.73,13119.45,13264.37,885287300.0,0.0016460278399493557
2010-01-19T00:00:00.000000,13209.69,13370.88,13177.84,13361.52,901598400.0,0.0012758618206889353
2010-01-20T00:00:00.000000,13402.48,13433.06,13318.46,13350.67,818189000.0,0.001183691499682593
2010-01-21T00:00:00.000000,13389.93,13389.93,12871.58,12916.15,1070890800.0,0.0020874186363030174
2010-01-22T00:00:00.000000,12967.36,12982.38,12733.54,12917.15,801475700.0,0.0025435710950784695
2010-01-23T00:00:00.000000,12706.91,12748.65,12397.03,12595.93,959410000.0,0.0036910416671891095
2010-01-26T00:00:00.000000,12477.22,12639.44,12458.83,12470.19,858687100.0,0.0021802134639539394
2010-01-27T00:00:00.000000,12526.91,12536.47,12094.52,12162.56,904941300.0,0.0028032991193638456
2010-01-28T00:00:00.000000,12191.95,12232.22,11946.49,12046.78,779422100.0,0.0027803793411382183
2010-01-29T00:00:00.000000,11994.6,12165.22,11906.48,12120.48,720113700.0,0.0025358889636899694
2010-01-30T00:00:00.000000,12010.95,12338.57,12001.41,12137.2,705855500.0,0.0025609201785978673
2010-02-02T00:00:00.000000,12111.89,12122.73,11844.2,11989.11,722867700.0,0.002970341495550409
2010-02-03T00:00:00.000000,12067.35,12172.63,11914.15,11912.93,627667600.0,0.0020574380850889363
2010-02-04T00:00:00.000000,11991.06,12257.53,11718.72,12262.57,872423000.0,0.0031638142825574766
2010-02-05T00:00:00.000000,12144.93,12282.76,12113.4,12169.48,701039900.0,0.0021487673095675337
2010-02-06T00:00:00.000000,11841.92,12014.96,11823.71,11917.14,721224400.0,0.00391952271213491
2010-02-09T00:00:00.000000,11911.52,11995.65,11847.02,11947.34,453301000.0,0.001792465327109425
2010-02-10T00:00:00.000000,11921.56,12034.95,11902.07,11970.44,408124900.0,0.0014092787013779782
2010-02-11T00:00:00.000000,12122.65,12182.28,12054.08,12185.38,442878400.0,0.0017789344582696317
2010-02-12T00:00:00.000000,12175.65,12297.41,12152.35,12224.6,496693600.0,0.00118544612889027
2010-02-13T00:00:00.000000,12274.12,12327.05,12243.17,12304.78,395758700.0,0.0007336570168706096
2010-02-23T00:00:00.000000,12284.59,12336.0,12215.08,12213.54,424202600.0,0.0015177512945437498
2010-02-24T00:00:00.000000,12166.78,12166.78,11922.73,12069.21,520931700.0,0.002178770435564777
2010-02-25T00:00:00.000000,11958.52,12272.75,11937.14,12282.09,553684500.0,0.0019827725184810904
2010-02-26T00:00:00.000000,12350.96,12495.55,12328.22,12494.27,777942500.0,0.0016147144535639322
2010-02-27T00:00:00.000000,12433.31,12526.41,12418.02,12436.66,644927400.0,0.0012376855892550613
2010-03-02T00:00:00.000000,12490.74,12598.0,12455.22,12588.26,757903100.0,0.0010103620495877797
2010-03-03T00:00:00.000000,12604.58,12690.14,12517.78,12548.91,787176800.0,0.001404203920139207
2010-03-04T00:00:00.000000,12539.91,12610.33,12445.25,12612.69,658291500.0,0.0012729433766535427
2010-03-05T00:00:00.000000,12656.04,12720.02,12292.28,12312.89,811681600.0,0.0020037052566609
2010-03-06T00:00:00.000000,12359.07,12431.59,12268.56,12341.74,559943800.0,0.0016136606425855011
2010-03-09T00:00:00.000000,12406.35,12470.58,12330.46,12437.57,548539900.0,0.0012299477866870546
2010-03-10T00:00:00.000000,12427.94,12567.81,12292.75,12507.66,791204500.0,0.001576687557147745
2010-03-11T00:00:00.000000,12481.98,12553.43,12364.05,12391.65,582966800.0,0.0013413700848749395
2010-03-12T00:00:00.000000,12410.34,12467.33,12279.61,12367.69,488640000.0,0.001633966407973898
2010-03-13T00:00:00.000000,12361.58,12376.12,12168.29,12169.11,480764700.0,0.0015577892081004507
2010-03-16T00:00:00.000000,12144.13,12155.73,11867.19,11903.33,456154700.0,0.0018145243187089766
2010-03-17T00:00:00.000000,11947.38,11985.03,11835.62,11948.76,318196600.0,0.0015488256420382845
2010-03-18T00:00:00.000000,12020.83,12230.38,11975.58,12233.77,467165000.0,0.0014254645031302644
2010-03-19T00:00:00.000000,12258.97,12353.97,12199.66,12236.73,557715500.0,0.0012644986147163292
2010-03-20T00:00:00.000000,12287.49,12361.15,12186.43,12352.92,558015900.0,0.001335274057764007
2010-03-23T00:00:00.000000,12367.52,12410.85,12305.25,12352.45,451453700.0,0.0011150882196005803
2010-03-24T00:00:00.000000,12361.84,12400.25,12281.67,12304.98,479710300.0,0.001144392298311462
2010-03-25T00:00:00.000000,12333.74,12359.22,12262.81,12290.04,490696200.0,0.00089415803411248
2010-03-26T00:00:00.000000,12244.95,12244.95,12079.24,12086.9,466293300.0,0.0014522746102550441
2010-03-27T00:00:00.000000,12088.4,12281.89,12030.94,12240.36,435898400.0,0.0013102307526906634
2010-03-30T00:00:00.000000,12331.84,12574.22,12309.39,12552.45,832637000.0,0.0016665521034360644
2010-03-31T00:00:00.000000,12567.39,12617.66,12528.14,12593.03,612068800.0,0.0010348210802623395
2010-04-01T00:00:00.000000,12606.35,12606.35,12470.54,12494.35,554249100.0,0.0009624146489575295
2010-04-02T00:00:00.000000,12540.51,12688.74,12540.51,12686.06,846911600.0,0.0011165965842333742
2010-04-03T00:00:00.000000,12731.41,12793.71,12707.2,12767.86,954822800.0,0.0012217677406783328
2010-04-07T00:00:00.000000,12824.15,12849.71,12652.39,12702.83,83848100.0,0.001239360295396752
2010-04-08T00:00:00.000000,12687.02,12694.5,12562.37,12631.97,737709000.0,0.0012872017851768042
2010-04-09T00:00:00.000000,12576.11,12589.46,12381.49,12427.0,885487200.0,0.0014311865834590587
2010-04-10T00:00:00.000000,12472.23,12549.93,12394.07,12555.12,661896300.0,0.0013887260657097333
2010-04-13T00:00:00.000000,12617.92,12625.23,12339.52,12399.2,1004893700.0,0.0011942346465382244
2010-04-14T00:00:00.000000,12393.42,12550.35,12262.38,12511.89,1013841600.0,0.002548772955327783
2010-04-15T00:00:00.000000,12516.56,12557.55,12449.38,12557.69,860917100.0,0.0014051232723551834
2010-04-16T00:00:00.000000,12568.61,12582.3,12422.79,12513.29,805497600.0,0.001459954744070607
2010-04-17T00:00:00.000000,12490.0,12508.52,12364.86,12416.86,649712700.0,0.0015884478568561156
2010-04-20T00:00:00.000000,12206.58,12206.58,11641.72,11644.58,1286898500.0,0.003787669247889546
2010-04-21T00:00:00.000000,11681.48,11711.85,11395.74,11538.98,1005647500.0,0.003356853817003163
2010-04-22T00:00:00.000000,11571.74,11779.13,11503.6,11766.82,955864300.0,0.0017109086537919025
2010-04-23T00:00:00.000000,11707.56,11821.0,11575.74,11703.96,910753200.0,0.0021957823086778704
2010-04-24T00:00:00.000000,11674.8,11807.88,11639.45,11702.87,850357800.0,0.002093787985501652
2010-04-27T00:00:00.000000,11737.79,11766.73,11594.24,11602.63,712893600.0,0.0015326341078285978
2010-04-28T00:00:00.000000,11537.86,11537.86,11180.96,11355.37,805366500.0,0.002957939097765285
2010-04-29T00:00:00.000000,11196.74,11443.09,11175.8,11333.85,629404000.0,0.002971727151123789
2010-04-30T00:00:00.000000,11429.33,11450.36,11195.69,11196.35,612082000.0,0.0019302375063468605
2010-05-01T00:00:00.000000,11171.26,11184.43,10976.57,11162.54,786406400.0,0.0030135989734986286
2010-05-05T00:00:00.000000,10913.65,11137.32,10913.65,10960.77,592212800.0,0.00303817938971874
2010-05-06T00:00:00.000000,10825.65,11005.76,10672.74,11003.73,820534200.0,0.0027221833538114168
2010-05-07T00:00:00.000000,10896.99,10926.76,10421.89,10422.56,846525400.0,0.0028494038509528363
2010-05-08T00:00:00.000000,10131.88,10345.41,10091.32,10146.42,820616900.0,0.005049519917274161
2010-05-11T00:00:00.000000,10249.88,10312.41,10046.35,10264.05,639271900.0,0.0028827852167657027
2010-05-12T00:00:00.000000,10506.18,10506.18,10083.92,10091.2,772158800.0,0.003483301261208493
2010-05-13T00:00:00.000000,9964.64,10202.56,9910.46,10146.63,691754600.0,0.00405331396607492
2010-05-14T00:00:00.000000,10167.07,10417.61,10115.53,10417.81,688397200.0,0.00258146925522128
2010-05-15T00:00:00.000000,10310.93,10400.28,10259.5,10330.14,524010300.0,0.002476749431631291
2010-05-18T00:00:00.000000,10138.31,10176.59,9728.67,9731.72,658401200.0,0.0033874089709448932
2010-05-19T00:00:00.000000,9797.6,10053.91,9630.77,10003.81,796894700.0,0.0036876949984107213
2010-05-20T00:00:00.000000,9890.82,10138.18,9819.06,9991.4,623359800.0,0.003000578090727404
2010-05-21T00:00:00.000000,9914.16,10214.33,9914.16,9945.55,682339800.0,0.0030510762854552217
2010-05-22T00:00:00.000000,9672.98,10208.67,9666.47,10209.07,856256900.0,0.004361710017536517
2010-05-25T00:00:00.000000,10334.85,10710.12,10334.85,10620.13,1085311300.0,0.003299910402732312
2010-05-26T00:00:00.000000,10496.9,10542.97,10305.11,10365.23,759930500.0,0.002681559879705507
2010-05-27T00:00:00.000000,10412.13,10464.22,10286.38,10361.7,579925100.0,0.0025635865456577287
2010-05-28T00:00:00.000000,10308.44,10575.74,10200.31,10543.33,746259300.0,0.002732289169689594
2010-05-29T00:00:00.000000,10669.17,10669.17,10447.16,10495.65,680897600.0,0.00246181903482753
2010-06-01T00:00:00.000000,10417.9,10551.08,10205.98,10204.17,623126400.0,0.0026845342419660073
2010-06-02T00:00:00.000000,10105.91,10245.8,9970.96,10098.45,583413300.0,0.003418410245636721
2010-06-03T00:00:00.000000,10059.84,10180.33,9951.85,10188.14,475099400.0,0.0027450413039443494
2010-06-04T00:00:00.000000,10264.56,10317.73,10120.87,10118.04,555885300.0,0.002311513142276034
2010-06-05T00:00:00.000000,10062.43,10202.0,10056.34,10187.2,483588900.0,0.001898663143918335
2010-06-08T00:00:00.000000,9948.55,10083.27,9922.99,9992.67,570144600.0,0.0035021115095550124
2010-06-09T00:00:00.000000,10003.99,10103.21,9944.47,10038.78,423119200.0,0.0017250355221897693
2010-06-10T00:00:00.000000,10107.4,10358.59,10039.96,10346.27,805954300.0,0.0027495118521919312
2010-06-11T00:00:00.000000,10238.54,10336.02,10217.46,10222.22,592104000.0,0.0021210135135331346
2010-06-12T00:00:00.000000,10309.8,10355.73,10222.69,10239.33,586562800.0,0.0019152990515318312
2010-06-18T00:00:00.000000,10327.89,10327.89,10163.28,10162.36,404423100.0,0.0013773770117917541
2010-06-19T00:00:00.000000,10168.02,10231.03,9936.69,9966.54,583184700.0,0.0020493557589064885
2010-06-22T00:00:00.000000,9984.09,10321.82,9874.43,10309.6,777990600.0,0.002387462602350793
2010-06-23T00:00:00.000000,10245.09,10405.18,10245.09,10345.55,584954300.0,0.001554869371296597
2010-06-24T00:00:00.000000,10256.62,10372.15,10158.63,10256.27,513017000.0,0.0019071353726729742
2010-06-25T00:00:00.000000,10242.02,10341.06,10173.39,10250.9,365919200.0,0.001883543053934687
2010-06-26T00:00:00.000000,10187.83,10219.01,10040.7,10104.83,348192400.0,0.002105057912107189
2010-06-29T00:00:00.000000,10116.62,10165.29,9984.09,10012.06,353025400.0,0.0018601954520416808
2010-06-30T00:00:00.000000,10043.61,10061.03,9510.33,9508.91,637388400.0,0.0032390974825356783
2010-07-01T00:00:00.000000,9408.52,9442.39,9335.62,9386.94,455089000.0,0.002203609642132501
2010-07-02T00:00:00.000000,9385.36,9437.94,9206.77,9203.91,371990300.0,0.0016289764010962123
2010-07-03T00:00:00.000000,9213.42,9271.6,8945.2,9227.89,535301900.0,0.0031152755913376046
2010-07-06T00:00:00.000000,9064.96,9235.02,8983.69,9171.03,425474800.0,0.0037515048747581636
2010-07-07T00:00:00.000000,9127.16,9401.59,9122.02,9363.02,475369900.0,0.0020416385621546884
2010-07-08T00:00:00.000000,9413.81,9481.25,9363.44,9485.43,504794800.0,0.001650244918707015
2010-07-09T00:00:00.000000,9543.24,9582.73,9438.64,9465.8,466966600.0,0.0015906576747800895
2010-07-10T00:00:00.000000,9490.7,9867.45,9401.31,9816.85,852424000.0,0.002100530676321934
2010-07-13T00:00:00.000000,9830.79,9998.93,9796.8,9959.22,831904100.0,0.0017650611282766363
2010-07-14T00:00:00.000000,9816.15,9856.25,9733.7,9801.76,582723900.0,0.002633925582813161
2010-07-15T00:00:00.000000,9841.75,9955.88,9759.73,9803.72,600444800.0,0.0018524795190795285
2010-07-16T00:00:00.000000,9792.07,9954.13,9711.35,9718.73,610775400.0,0.0024479043992151886
2010-07-17T00:00:00.000000,9675.24,9841.77,9601.44,9806.64,518431000.0,0.002215735282867395
2010-07-20T00:00:00.000000,9702.99,10152.58,9702.41,10097.1,875761800.0,0.0020969817465084873
2010-07-21T00:00:00.000000,10129.16,10371.42,10119.44,10339.43,1032494200.0,0.0019193377531516254
2010-07-22T00:00:00.000000,10334.6,10432.31,10295.54,10324.13,865907700.0,0.0019684269773906863
2010-07-23T00:00:00.000000,10284.66,10482.34,10284.66,10471.77,707902800.0,0.0014376571924465836
2010-07-24T00:00:00.000000,10531.82,10585.35,10433.14,10527.94,807919900.0,0.0019412299905644571
2010-07-27T00:00:00.000000,10573.36,10611.98,10451.1,10591.13,695875200.0,0.001691872194635214
2010-07-28T00:00:00.000000,10541.55,10631.12,10512.35,10566.21,623526100.0,0.0017264730964162498
2010-07-29T00:00:00.000000,10554.55,10832.31,10527.81,10825.17,938461100.0,0.0015830741927743545
2010-07-30T00:00:00.000000,10864.14,10898.42,10752.44,10838.91,972873900.0,0.0020032637412419627
2010-07-31T00:00:00.000000,10778.39,10834.35,10694.14,10785.35,693057700.0,0.0016809943864676982
2010-08-03T00:00:00.000000,10794.64,11040.65,10794.64,11004.74,780002400.0,0.001633613646330523
2010-08-04T00:00:00.000000,11045.11,11091.18,10837.17,10830.7,898253800.0,0.0022274905617122994
2010-08-05T00:00:00.000000,10796.45,10866.44,10625.89,10870.38,834593500.0,0.0024150413190400055
2010-08-06T00:00:00.000000,10842.72,10874.27,10703.44,10768.08,854870100.0,0.002110310372182864
2010-08-07T00:00:00.000000,10747.36,10947.92,10630.88,10942.93,959754100.0,0.0018143699541417892
2010-08-10T00:00:00.000000,10913.32,11031.52,10908.62,11017.41,816897900.0,0.0017555291391711705
2010-08-11T00:00:00.000000,11019.95,11048.98,10716.64,10715.39,878441100.0,0.0021416519303436854
2010-08-12T00:00:00.000000,10666.29,10859.12,10666.29,10806.63,796362200.0,0.0024218148402115653
2010-08-13T00:00:00.000000,10659.01,10897.73,10645.22,10680.02,853810900.0,0.002637846837164153
2010-08-14T00:00:00.000000,10727.98,10885.66,10614.34,10886.57,777467700.0,0.0021050819391839207
2010-08-17T00:00:00.000000,10843.93,11199.98,10832.49,11164.79,1024242100.0,0.001927549540193588
2010-08-18T00:00:00.000000,11189.81,11319.95,11174.07,11281.97,944264100.0,0.0016883890897346565
2010-08-19T00:00:00.000000,11314.02,11364.33,11220.97,11282.33,860204700.0,0.0016958722001333523
2010-08-20T00:00:00.000000,11295.37,11421.74,11218.63,11321.17,1070425800.0,0.0018101372225439933
2010-08-21T00:00:00.000000,11252.88,11303.87,11061.89,11090.46,889346900.0,0.0020525131078187415
2010-08-24T00:00:00.000000,11108.39,11175.51,11051.49,11078.85,661369100.0,0.0015594112279411485
2010-08-25T00:00:00.000000,11059.81,11310.95,10987.78,11214.24,879751300.0,0.001979660298096039
2010-08-26T00:00:00.000000,11113.3,11198.16,10953.47,10963.99,828904900.0,0.002000267198801624
2010-08-27T00:00:00.000000,11042.33,11104.34,10959.61,11009.49,632384400.0,0.0023629836472835375
2010-08-28T00:00:00.000000,10986.42,11052.54,10930.2,11034.73,610262000.0,0.0015432935218997659
2010-08-31T00:00:00.000000,11154.63,11348.75,11100.5,11303.33,923679200.0,0.002091604961975658
2010-09-01T00:00:00.000000,11243.84,11377.22,11237.1,11338.71,1078433400.0,0.001547848989221317
2010-09-02T00:00:00.000000,11386.32,11475.17,11170.34,11318.74,1281956000.0,0.002430005990723307
2010-09-03T00:00:00.000000,11493.99,11535.67,11392.9,11465.15,1205651100.0,0.002100032617677011
2010-09-04T00:00:00.000000,11503.86,11539.14,11362.6,11467.09,1023824700.0,0.0020131914286603257
2010-09-07T00:00:00.000000,11597.69,11703.2,11579.95,11656.08,1504380400.0,0.002351671488109521
2010-09-08T00:00:00.000000,11678.99,11731.47,11594.07,11682.7,1117108200.0,0.0018998890629918375
2010-09-09T00:00:00.000000,11594.24,11728.89,11580.41,11722.78,1130844900.0,0.001617145084027495
2010-09-10T00:00:00.000000,11731.28,11731.28,11447.86,11465.35,1208670200.0,0.0019172925927582202
2010-09-11T00:00:00.000000,11511.9,11546.28,11303.87,11530.99,995855700.0,0.0019588121603230507
2010-09-14T00:00:00.000000,11542.2,11749.3,11493.26,11690.35,989631300.0,0.0016185381348907202
2010-09-15T00:00:00.000000,11737.16,11759.01,11630.9,11665.41,886418000.0,0.0016050534586499758
2010-09-16T00:00:00.000000,11638.0,11638.0,11379.54,11412.1,878315500.0,0.0017084697635172713
2010-09-17T00:00:00.000000,11389.3,11430.51,11061.7,11164.02,883775200.0,0.0022504643408975712
2010-09-18T00:00:00.000000,11218.49,11288.84,11113.4,11208.25,612185300.0,0.001675644842808521
2010-09-21T00:00:00.000000,11233.8,11245.95,11073.15,11150.33,565410700.0,0.002391820656960448
2010-09-22T00:00:00.000000,11216.37,11261.62,11155.8,11210.74,518768700.0,0.0015477213209729504
2010-09-28T00:00:00.000000,11294.53,11437.98,11234.79,11409.81,717283000.0,0.0015752889437798266
2010-09-29T00:00:00.000000,11342.64,11396.38,11258.85,11274.49,745026000.0,0.0013351166554299917
2010-09-30T00:00:00.000000,11272.03,11379.96,11192.22,11223.86,707983500.0,0.0016510393847868937
2010-10-01T00:00:00.000000,11126.86,11463.37,11126.86,11468.54,873757800.0,0.0014001684676253684
2010-10-09T00:00:00.000000,11606.73,11960.57,11579.62,11911.37,1377277600.0,0.0022614904714626026
2010-10-12T00:00:00.000000,12053.61,12290.24,12053.61,12237.65,2186636900.0,0.0034258950062607016
2010-10-13T00:00:00.000000,12177.79,12382.14,12173.97,12373.28,1958317300.0,0.00174541768564358
2010-10-14T00:00:00.000000,12378.55,12632.6,12348.73,12603.0,2328491800.0,0.002773394910525175
2010-10-15T00:00:00.000000,12719.61,12749.53,12479.19,12507.71,2149354200.0,0.0028540681866351387
2010-10-16T00:00:00.000000,12393.56,12833.52,12393.56,12765.5,2336841000.0,0.0027171826287653187
2010-10-19T00:00:00.000000,12801.69,12880.43,12538.38,12649.27,2594949600.0,0.0038549335947904856
2010-10-20T00:00:00.000000,12639.75,12962.75,12567.13,12970.2,1691632600.0,0.0027795133432442585
2010-10-21T00:00:00.000000,12615.01,13289.08,12615.01,13130.01,2604602000.0,0.004437023236060439
2010-10-22T00:00:00.000000,13193.14,13280.68,13003.23,13111.52,1663616100.0,0.0027673935987487324
2010-10-23T00:00:00.000000,13082.48,13344.5,13039.11,13224.98,1645755700.0,0.0021925639762018848
2010-10-26T00:00:00.000000,13312.21,13737.68,13294.6,13734.2,2022020100.0,0.0021596024035228385
2010-10-27T00:00:00.000000,13774.51,13815.94,13592.31,13729.96,1890823200.0,0.0023637393496459724
2010-10-28T00:00:00.000000,13642.36,13863.43,13449.36,13452.17,1709931600.0,0.0026783200867384056
2010-10-29T00:00:00.000000,13426.32,13581.85,13346.72,13445.02,1370636600.0,0.00292975259087678
2010-10-30T00:00:00.000000,13445.5,13499.53,13262.92,13367.24,1279656900.0,0.0023060193387337297
2010-11-02T00:00:00.000000,13448.51,13759.0,13428.66,13743.77,1624651500.0,0.0019635445547531672
2010-11-03T00:00:00.000000,13769.79,13930.33,13646.45,13646.46,2103414800.0,0.0025865476746586703
2010-11-04T00:00:00.000000,13649.23,13688.42,13390.28,13392.7,1576917400.0,0.0027941082746087884
2010-11-05T00:00:00.000000,13447.26,13592.64,13367.57,13595.73,1304381400.0,0.002179706395222848
2010-11-06T00:00:00.000000,13873.59,13882.02,13656.41,13733.36,1581663300.0,0.0025064627321640296
2010-11-09T00:00:00.000000,13802.16,13802.69,13630.52,13807.3,1588193000.0,0.0017175151655406643
2010-11-10T00:00:00.000000,13759.79,13790.49,13622.81,13714.29,1528341400.0,0.0018740933714587558
2010-11-11T00:00:00.000000,13631.6,13760.75,13548.68,13705.68,1659487600.0,0.0019092591041108538
2010-11-12T00:00:00.000000,13692.35,13935.96,13637.0,13684.94,1859854400.0,0.0021644132898167886
2010-11-13T00:00:00.000000,13594.88,13684.94,12705.19,12726.54,172750500.0,0.004444155932443042
2010-11-16T00:00:00.000000,12852.6,12874.18,12558.46,12808.09,1260368700.0,0.0033973691961721574
2010-11-17T00:00:00.000000,12768.94,12768.94,12146.66,12217.27,1370882600.0,0.003588663624001099
2010-11-18T00:00:00.000000,12020.15,12195.64,11849.9,11917.49,1137366700.0,0.003733000740095991
2010-11-19T00:00:00.000000,12120.06,12181.0,11926.15,12146.15,819971400.0,0.003059202987193137
2010-11-20T00:00:00.000000,12261.08,12294.46,11868.7,12295.85,1081635200.0,0.0037060031235496512
2010-11-23T00:00:00.000000,12145.75,12416.75,12145.0,12303.55,1059440100.0,0.002394309716860925
2010-11-24T00:00:00.000000,12220.75,12223.79,11864.43,12062.41,1069972100.0,0.0036632128133451754
2010-11-25T00:00:00.000000,12071.83,12411.63,12071.83,12407.66,1031722000.0,0.0029775256649077764
2010-11-26T00:00:00.000000,12498.85,12629.53,12416.2,12604.08,1227886600.0,0.00224527845743809
2010-11-27T00:00:00.000000,12531.61,12672.0,12445.07,12539.01,943175800.0,0.002487858845303425
2010-11-30T00:00:00.000000,12499.22,12590.73,12363.74,12536.55,776466800.0,0.0021064970212538604
2010-12-01T00:00:00.000000,12508.05,12575.95,11979.3,12336.29,1095525700.0,0.003720410009656239
2010-12-02T00:00:00.000000,12284.43,12374.23,12213.92,12310.38,640612500.0,0.002333191327260585
2010-12-03T00:00:00.000000,12584.1,12584.1,12410.65,12409.02,821958000.0,0.003501131568013281
2010-12-04T00:00:00.000000,12452.58,12531.56,12351.13,12443.0,706416200.0,0.002077686379972482
2010-12-07T00:00:00.000000,12493.09,12531.29,12368.71,12422.78,772462600.0,0.0021156132157830647
2010-12-08T00:00:00.000000,12322.82,12720.66,12250.39,12657.0,868067300.0,0.002623087210997134
2010-12-09T00:00:00.000000,12668.27,12822.74,12589.61,12615.41,912377600.0,0.002302397935234281
2010-12-10T00:00:00.000000,12539.22,12585.26,12353.02,12353.27,821029900.0,0.002019087734666768
2010-12-11T00:00:00.000000,12248.22,12517.97,12248.22,12460.46,716147600.0,0.0021000058834408698
2010-12-14T00:00:00.000000,12580.45,12900.69,12547.25,12905.02,1165035700.0,0.0019491288049098073
2010-12-15T00:00:00.000000,12938.22,12975.29,12860.86,12926.61,1041232000.0,0.0015372394889413225
2010-12-16T00:00:00.000000,12932.96,12985.73,12817.58,12829.36,909188700.0,0.0017467512603573535
2010-12-17T00:00:00.000000,12848.03,12909.49,12777.99,12795.68,747695600.0,0.0015058757390788609
2010-12-18T00:00:00.000000,12801.39,12807.07,12718.88,12759.6,559477000.0,0.001078013727304265
2010-12-21T00:00:00.000000,12853.44,12874.82,12336.39,12557.55,997441200.0,0.0030830655934494166
2010-12-22T00:00:00.000000,12615.46,12870.61,12525.62,12872.45,1392129700.0,0.0019592251344818555
2010-12-23T00:00:00.000000,12895.49,12973.69,12715.47,12766.95,1164071400.0,0.0018954888880961935
2010-12-24T00:00:00.000000,12748.43,12837.8,12631.49,12644.58,899596400.0,0.002061132265358863
2010-12-25T00:00:00.000000,12559.5,12687.14,12474.02,12556.84,805947800.0,0.0024942834236851763
2010-12-28T00:00:00.000000,12629.07,12805.64,12272.24,12303.19,1025258800.0,0.0023318344337011155
2010-12-29T00:00:00.000000,12216.22,12288.17,12017.56,12063.8,801925500.0,0.0024473825071297047
2010-12-30T00:00:00.000000,12106.08,12121.6,11967.77,12114.56,662416800.0,0.0017733124829861495
2010-12-31T00:00:00.000000,12091.0,12208.43,11972.8,12138.9,740269100.0,0.0021375880519991708
2011-01-01T00:00:00.000000,12179.58,12475.98,12160.85,12458.55,917382800.0,0.00181752492833867
2011-01-05T00:00:00.000000,12600.22,12740.12,12539.17,12714.51,1365180700.0,0.002067155560499143
2011-01-06T00:00:00.000000,12573.9,12741.47,12573.9,12647.63,1135032500.0,0.0019109917466874648
2011-01-07T00:00:00.000000,12703.86,12787.81,12571.02,12599.66,805183400.0,0.0017430607558549802
2011-01-08T00:00:00.000000,12582.11,12783.68,12502.78,12573.94,1140200900.0,0.002284883944513711
2011-01-11T00:00:00.000000,12562.69,12642.53,12293.92,12331.16,821800200.0,0.0019284093212148233
2011-01-12T00:00:00.000000,12260.57,12419.3,12215.94,12385.17,765142700.0,0.0020604011089157496
2011-01-13T00:00:00.000000,12445.64,12510.77,12252.75,12409.98,844730500.0,0.0019158058355908392
2011-01-14T00:00:00.000000,12472.74,12486.23,12360.48,12423.34,616615500.0,0.0017966616873663643
2011-01-15T00:00:00.000000,12360.22,12377.38,12214.36,12294.17,653002500.0,0.00200582973787404
2011-01-18T00:00:00.000000,12193.54,12229.56,11712.68,11734.62,864963200.0,0.00253707327437824
2011-01-19T00:00:00.000000,11703.01,11791.93,11637.27,11771.59,582143500.0,0.0018321894205998155
2011-01-20T00:00:00.000000,11781.32,12073.69,11731.36,12066.55,689761000.0,0.001727475018853245
2011-01-21T00:00:00.000000,11998.3,11998.3,11566.59,11566.74,693738100.0,0.002377605922126922
2011-01-22T00:00:00.000000,11585.04,11859.96,11492.65,11639.96,720486500.0,0.003282408194342212
2011-01-25T00:00:00.000000,11671.81,11684.98,11419.86,11488.92,588196700.0,0.0025392643326768044
2011-01-26T00:00:00.000000,11456.31,11523.04,11378.25,11446.37,489676400.0,0.0021289271484791037
2011-01-27T00:00:00.000000,11483.38,11629.11,11482.76,11599.67,436511200.0,0.0017497575142030625
2011-01-28T00:00:00.000000,11426.28,11831.49,11395.88,11795.33,870372400.0,0.002950265575931944
2011-01-29T00:00:00.000000,11781.75,11933.07,11770.27,11894.23,759394100.0,0.001478554831535501
2011-02-01T00:00:00.000000,11892.49,12017.6,11821.58,11994.68,619894100.0,0.0012951866549618118
2011-02-02T00:00:00.000000,12048.93,12052.39,11930.49,11991.51,521325100.0,0.0011218556789111052
2011-02-10T00:00:00.000000,11902.41,12041.96,11774.3,11807.93,661762800.0,0.0019392213227017827
2011-02-11T00:00:00.000000,11771.5,12175.17,11764.23,12170.51,823303500.0,0.001994800438745345
2011-02-12T00:00:00.000000,12150.05,12373.76,12132.82,12292.49,998677100.0,0.0017819231258359661
2011-02-15T00:00:00.000000,12364.04,12766.05,12364.04,12737.8,1538875800.0,0.002224029258140145
2011-02-16T00:00:00.000000,12815.45,12864.13,12707.21,12711.58,1177393400.0,0.0017488165142810705
2011-02-17T00:00:00.000000,12683.86,12878.97,12621.55,12884.87,1195796500.0,0.0017977069938521402
2011-02-18T00:00:00.000000,12915.31,12935.13,12668.64,12788.33,1119708500.0,0.002143600117790697
2011-02-19T00:00:00.000000,12704.14,12750.35,12586.68,12613.11,928372600.0,0.002168007584539785
2011-02-22T00:00:00.000000,12521.07,12871.28,12521.07,12872.47,1018976200.0,0.0017745769931924804
2011-02-23T00:00:00.000000,12913.86,12913.86,12467.2,12473.33,1296742000.0,0.0025628173486623687
2011-02-24T00:00:00.000000,12436.63,12554.98,12397.44,12492.7,729456700.0,0.0017554681583471562
2011-02-25T00:00:00.000000,12407.62,12601.43,12387.91,12578.43,764956400.0,0.0019830693501025195
2011-02-26T00:00:00.000000,12567.61,12733.38,12464.4,12633.88,805094200.0,0.002143256359372305
2011-03-01T00:00:00.000000,12689.3,12905.92,12562.95,12902.43,1092343100.0,0.0018423322072012016
2011-03-02T00:00:00.000000,12909.73,13022.23,12867.6,12948.72,1316316700.0,0.0016801563808455282
2011-03-03T00:00:00.000000,12834.14,12911.42,12685.87,12880.27,1014441700.0,0.0025289823468101122
2011-03-04T00:00:00.000000,12904.19,12964.77,12710.68,12698.16,1135592600.0,0.0021055370382295395
2011-03-05T00:00:00.000000,12729.17,12904.64,12671.87,12893.84,1018020300.0,0.0019172506171439058
2011-03-08T00:00:00.000000,12997.85,13162.42,12981.76,13140.88,1559898000.0,0.001772879896547463
2011-03-09T00:00:00.000000,13130.56,13154.08,13041.21,13144.18,1138032400.0,0.0013923318417646319
2011-03-10T00:00:00.000000,13229.93,13229.93,13102.26,13158.22,1082928000.0,0.0014643613283812154
2011-03-11T00:00:00.000000,13067.76,13099.16,12994.89,13004.85,1046718400.0,0.0019026959360180255
2011-03-12T00:00:00.000000,12945.15,13037.92,12822.56,12848.02,876562500.0,0.0017904098740664023
2011-03-15T00:00:00.000000,12856.17,12952.52,12782.03,12958.29,794476300.0,0.0017892977940138842
2011-03-16T00:00:00.000000,12868.83,12883.76,12448.63,12705.32,1161024600.0,0.003064484372090224
2011-03-17T00:00:00.000000,12729.27,12875.99,12668.99,12865.75,1042342300.0,0.0012874133174433059
2011-03-18T00:00:00.000000,12697.18,12849.78,12613.83,12650.67,925934000.0,0.002799188077001768
2011-03-19T00:00:00.000000,12837.44,12837.44,12675.49,12721.99,744340400.0,0.0019000069979957465
2011-03-22T00:00:00.000000,12787.29,12806.51,12594.13,12643.73,733244500.0,0.0015502560460862378
2011-03-23T00:00:00.000000,12701.36,12704.16,12474.16,12667.26,663377100.0,0.001795010762642318
2011-03-24T00:00:00.000000,12677.52,12853.15,12649.03,12845.53,908535000.0,0.0011443660154090776
2011-03-25T00:00:00.000000,12875.95,12891.94,12769.44,12771.45,717793700.0,0.0012314508540306622
2011-03-26T00:00:00.000000,12795.66,12979.47,12783.0,12942.07,1057855600.0,0.0012998075117457138
2011-03-29T00:00:00.000000,13034.37,13075.23,12858.45,12875.52,1281999400.0,0.001702074278157382
2011-03-30T00:00:00.000000,12841.41,12894.38,12672.09,12677.61,1146712400.0,0.001986019804749972
2011-03-31T00:00:00.000000,12697.93,12774.42,12569.18,12661.22,856418300.0,0.001988341016146478
2011-04-01T00:00:00.000000,12663.08,12706.54,12501.86,12562.9,690523800.0,0.0016502809991733212
2011-04-02T00:00:00.000000,12607.44,12693.5,12499.69,12699.42,710904500.0,0.0011967506049646067
2011-04-07T00:00:00.000000,12636.84,12764.68,12571.33,12740.87,1394016100.0,0.0015126803655894534
2011-04-08T00:00:00.000000,12731.13,12908.7,12718.96,12890.66,1398355200.0,0.0012499270885083773
2011-04-09T00:00:00.000000,12864.37,13037.71,12842.32,13036.23,1119108800.0,0.001151528697398297
2011-04-12T00:00:00.000000,13121.4,13142.43,12918.93,12925.05,1761972800.0,0.0016010318378005615
2011-04-13T00:00:00.000000,12907.91,13042.25,12840.1,12902.22,1727894100.0,0.0015997011766668856
2011-04-14T00:00:00.000000,12822.92,13096.03,12772.34,13102.08,1428435500.0,0.001574481144587679
2011-04-15T00:00:00.000000,13100.11,13110.15,12965.52,12991.92,1350073600.0,0.0014037172016800549
2011-04-16T00:00:00.000000,12927.56,13054.2,12828.39,12965.75,1300922000.0,0.0017298540805013554
2011-04-19T00:00:00.000000,12890.66,13044.12,12885.6,13001.33,1411828600.0,0.0016353774897691791
2011-04-20T00:00:00.000000,12841.26,12909.07,12727.31,12799.24,1399089100.0,0.0025093089660320855
2011-04-21T00:00:00.000000,12817.53,12847.81,12723.07,12753.85,1075536000.0,0.001150554175345781
2011-04-22T00:00:00.000000,12811.13,12861.47,12760.74,12798.75,1140959300.0,0.001047697547408122
2011-04-23T00:00:00.000000,12783.36,12817.9,12688.02,12708.42,947847500.0,0.001219025185157754
2011-04-26T00:00:00.000000,12632.4,12650.47,12488.06,12508.01,1073603400.0,0.0018031293091842907
2011-04-27T00:00:00.000000,12489.6,12547.07,12364.29,12448.48,784572700.0,0.001546667713421713
2011-04-28T00:00:00.000000,12534.3,12573.3,12281.0,12358.88,777184800.0,0.001647873213335157
2011-04-29T00:00:00.000000,12436.28,12446.41,12149.13,12149.25,868392000.0,0.0016341787746753033
2011-04-30T00:00:00.000000,12177.8,12311.43,12143.49,12312.99,666450800.0,0.001490814639535104
2011-05-04T00:00:00.000000,12280.06,12416.42,12199.58,12423.46,705323000.0,0.001307651296198872
2011-05-05T00:00:00.000000,12305.15,12333.54,12016.57,12070.41,808337500.0,0.001987191386832922
2011-05-06T00:00:00.000000,12017.52,12129.54,12008.29,12085.99,744079100.0,0.0014384962672342296
2011-05-07T00:00:00.000000,11918.89,12149.23,11899.74,12067.61,705232500.0,0.002501978200716537
2011-05-10T00:00:00.000000,12109.32,12212.66,12087.73,12125.01,555923100.0,0.0012382146251485593
2011-05-11T00:00:00.000000,12158.56,12214.67,12102.79,12216.94,490301100.0,0.00113949645454024
2011-05-12T00:00:00.000000,12218.0,12282.88,12117.67,12202.62,559493300.0,0.0011599289077254195
2011-05-13T00:00:00.000000,12075.74,12249.34,12072.61,12072.21,668841800.0,0.001814191744960653
2011-05-14T00:00:00.000000,12135.43,12163.15,11959.48,12156.6,582777600.0,0.0015529576950933377
2011-05-17T00:00:00.000000,12106.2,12215.25,12048.19,12051.24,566907500.0,0.0011339441503188774
2011-05-18T00:00:00.000000,12029.44,12212.15,11985.3,12128.5,643878800.0,0.0019077253860516903
2011-05-19T00:00:00.000000,12095.01,12262.3,12092.06,12230.69,493238700.0,0.001106630303677349
2011-05-20T00:00:00.000000,12298.21,12335.77,12154.1,12158.11,531238000.0,0.0013820757812729914
2011-05-21T00:00:00.000000,12163.78,12221.81,12130.15,12161.03,408322000.0,0.0013498116634313604
2011-05-24T00:00:00.000000,12141.35,12141.35,11745.64,11742.19,637078600.0,0.0018476574359563825
2011-05-25T00:00:00.000000,11716.94,11767.94,11644.87,11749.92,495407900.0,0.0013162006443184526
2011-05-26T00:00:00.000000,11664.15,11795.73,11602.37,11615.42,432528900.0,0.0016347800428570228
2011-05-27T00:00:00.000000,11733.12,11751.46,11535.64,11530.7,403377200.0,0.0018302175860473106
2011-05-28T00:00:00.000000,11581.28,11645.11,11484.22,11492.71,479541800.0,0.0016941722311851792
2011-05-31T00:00:00.000000,11440.1,11592.27,11405.06,11478.21,416775400.0,0.0019231688988273893
2011-06-01T00:00:00.000000,11532.95,11659.95,11421.21,11665.14,560383300.0,0.0019177361486636668
2011-06-02T00:00:00.000000,11594.52,11716.93,11594.52,11699.83,499038600.0,0.001199955974863033
2011-06-03T00:00:00.000000,11556.47,11613.06,11370.47,11506.52,625418500.0,0.0024483764082750686
2011-06-04T00:00:00.000000,11489.53,11686.87,11489.53,11642.4,469102600.0,0.0012134862589617804
2011-06-08T00:00:00.000000,11606.53,11754.6,11606.53,11741.26,453708100.0,0.0012432479968247539
2011-06-09T00:00:00.000000,11716.12,11787.12,11583.91,11761.1,487376200.0,0.0017293365037886262
2011-06-10T00:00:00.000000,11708.82,11733.38,11509.46,11513.2,437092700.0,0.0013531349915324334
2011-06-11T00:00:00.000000,11571.25,11596.08,11456.05,11593.38,490939400.0,0.0015933131421226512
2011-06-14T00:00:00.000000,11467.32,11556.83,11428.54,11521.98,390383500.0,0.0019045113431471862
2011-06-15T00:00:00.000000,11495.84,11763.69,11495.84,11732.04,677332100.0,0.0013169098419143262
2011-06-16T00:00:00.000000,11729.25,11791.53,11615.28,11615.97,578332600.0,0.001235719711468316
2011-06-17T00:00:00.000000,11503.02,11549.86,11417.58,11435.99,432563500.0,0.0019630017650028807
2011-06-18T00:00:00.000000,11479.53,11565.27,11411.01,11409.16,511482700.0,0.001490595646295766
2011-06-21T00:00:00.000000,11413.01,11444.37,11290.03,11328.67,495260500.0,0.001637839810209974
2011-06-22T00:00:00.000000,11399.62,11513.2,11378.54,11509.98,568767200.0,0.001451009419133343
2011-06-23T00:00:00.000000,11526.25,11598.75,11486.36,11543.65,521179300.0,0.0011750530460619816
2011-06-24T00:00:00.000000,11500.49,11815.87,11476.16,11775.32,639918800.0,0.0014505665341412151
2011-06-25T00:00:00.000000,11745.77,12091.6,11745.77,11996.08,971263700.0,0.0016754696647309462
2011-06-28T00:00:00.000000,12001.92,12106.65,11947.49,12026.29,818884200.0,0.0016192190853445692
2011-06-29T00:00:00.000000,12056.53,12067.09,11929.0,12047.09,610327000.0,0.00128534929317751
2011-06-30T00:00:00.000000,12048.86,12102.35,11911.83,11913.2,569248400.0,0.0013499021284322813
2011-07-01T00:00:00.000000,11935.83,12157.56,11930.35,12110.93,828504000.0,0.001888278659022776
2011-07-02T00:00:00.000000,12148.97,12267.81,12087.92,12178.08,872656600.0,0.001392737354806199
2011-07-05T00:00:00.000000,12241.66,12475.39,12241.66,12441.17,1155841600.0,0.0018885979493528954
2011-07-06T00:00:00.000000,12432.97,12486.71,12382.82,12440.37,966657300.0,0.0011557864018849002
2011-07-07T00:00:00.000000,12420.63,12446.78,12311.15,12425.68,756377500.0,0.0014952321259926638
2011-07-08T00:00:00.000000,12440.86,12548.98,12375.23,12392.93,879281800.0,0.0017842583718353181
2011-07-09T00:00:00.000000,12389.58,12478.84,12343.66,12404.34,643513100.0,0.0013656202103654795
2011-07-12T00:00:00.000000,12357.58,12494.24,12302.24,12438.56,638151500.0,0.0012016221579750678
2011-07-13T00:00:00.000000,12344.06,12381.11,12232.22,12268.19,936301300.0,0.0020714630369015794
2011-07-14T00:00:00.000000,12285.88,12491.38,12285.88,12479.15,754842500.0,0.0012546945068391418
2011-07-15T00:00:00.000000,12515.69,12546.51,12355.22,12440.83,836800400.0,0.0011602012886514196
2011-07-16T00:00:00.000000,12389.78,12511.39,12355.58,12506.94,1067631300.0,0.0013761680772561543
2011-07-19T00:00:00.000000,12511.69,12537.79,12461.06,12490.55,691859500.0,0.000957644899297846
2011-07-20T00:00:00.000000,12429.23,12448.03,12358.55,12381.46,678570500.0,0.0014620890911903408
2011-07-21T00:00:00.000000,12446.98,12470.0,12277.39,12393.99,748542500.0,0.0012525102402915825
2011-07-22T00:00:00.000000,12392.77,12425.49,12296.25,12301.41,679458700.0,0.0012610999722810262
2011-07-23T00:00:00.000000,12331.14,12432.03,12307.75,12352.5,556814400.0,0.001017777937959177
2011-07-26T00:00:00.000000,12257.05,12289.51,11919.85,11966.24,860134400.0,0.002122743600908195
2011-07-27T00:00:00.000000,11951.94,12010.86,11909.7,12008.53,588938700.0,0.0011711714017565798
2011-07-28T00:00:00.000000,11906.12,12143.69,11885.9,12116.86,608883800.0,0.001817765530108318
2011-07-29T00:00:00.000000,12013.45,12093.97,11952.34,12085.92,640626200.0,0.001635290322342355
2011-07-30T00:00:00.000000,12067.79,12116.38,11915.22,11990.43,589493200.0,0.0020763869993060333
2011-08-02T00:00:00.000000,11975.28,12074.95,11940.89,12002.42,470437400.0,0.0013106624432175325
2011-08-03T00:00:00.000000,11927.46,11930.4,11752.6,11932.04,579067200.0,0.0018980395850002841
2011-08-04T00:00:00.000000,11813.38,12011.86,11809.98,11922.37,591668200.0,0.0019283795173445474
2011-08-05T00:00:00.000000,11954.45,12047.87,11901.46,11934.41,459468600.0,0.001206343120916897
2011-08-06T00:00:00.000000,11585.94,11769.68,11547.15,11701.76,717045400.0,0.004141367676847339
2011-08-09T00:00:00.000000,11576.08,11693.98,11107.11,11312.63,871406400.0,0.0035550912427940243
2011-08-10T00:00:00.000000,11007.21,11380.07,10926.47,11315.08,906985600.0,0.0052303364952203946
2011-08-11T00:00:00.000000,11519.31,11574.75,11441.91,11449.58,789618000.0,0.0026671488497920183
2011-08-12T00:00:00.000000,11260.42,11626.82,11260.42,11627.49,817099300.0,0.0025629214214001133
2011-08-13T00:00:00.000000,11683.62,11738.87,11630.29,11651.29,667740900.0,0.0013185274428572787
2011-08-16T00:00:00.000000,11686.43,11763.93,11611.23,11767.74,633691800.0,0.0011639962014209622
2011-08-17T00:00:00.000000,11775.39,11797.42,11628.35,11665.41,572733800.0,0.0011229973318469765
2011-08-18T00:00:00.000000,11648.01,11726.16,11577.8,11598.28,455640200.0,0.0014646572163103425
2011-08-19T00:00:00.000000,11607.24,11618.52,11399.67,11414.16,451928700.0,0.0013081998797277237
2011-08-20T00:00:00.000000,11218.66,11337.57,11191.55,11301.53,560305700.0,0.002229536895629502
2011-08-23T00:00:00.000000,11316.49,11377.45,11083.94,11112.64,488054900.0,0.0016958454006586578
2011-08-24T00:00:00.000000,11146.64,11242.71,11120.59,11243.42,388210900.0,0.001349934667414581
2011-08-25T00:00:00.000000,11313.98,11369.98,11225.52,11238.95,432894800.0,0.0014275703267689688
2011-08-26T00:00:00.000000,11272.82,11605.07,11229.4,11598.93,812698400.0,0.0017915335094179949
2011-08-27T00:00:00.000000,11544.48,11599.88,11472.28,11568.17,512885600.0,0.0013735670548188715
2011-08-30T00:00:00.000000,11464.88,11484.46,11356.57,11372.38,525150800.0,0.0017416651329265774
2011-08-31T00:00:00.000000,11457.93,11573.28,11328.99,11344.45,530352200.0,0.0017868018343595111
2011-09-01T00:00:00.000000,11371.25,11436.12,11306.28,11397.48,425560100.0,0.0019575563764000895
2011-09-02T00:00:00.000000,11425.11,11491.35,11308.95,11352.86,372715400.0,0.001375824732146132
2011-09-03T00:00:00.000000,11324.01,11353.97,11176.04,11228.3,332149100.0,0.0013991744561911244
2011-09-06T00:00:00.000000,11128.74,11131.78,10955.28,10954.9,425342100.0,0.0020218909485555953
2011-09-07T00:00:00.000000,10887.59,10966.73,10736.33,10778.43,433142800.0,0.0017417992468201052
2011-09-08T00:00:00.000000,10852.09,11011.04,10810.91,11011.18,447573800.0,0.0017114905386788185
2011-09-09T00:00:00.000000,11063.01,11069.41,10933.85,10933.31,357107400.0,0.0012506288878267164
2011-09-10T00:00:00.000000,11013.14,11101.71,10850.5,10892.39,331092500.0,0.00207282727514849
2011-09-14T00:00:00.000000,10738.6,10806.37,10669.47,10775.3,333805000.0,0.0025837686821560315
2011-09-15T00:00:00.000000,10807.62,10847.19,10604.64,10822.4,358159400.0,0.0020183782772820137
2011-09-16T00:00:00.000000,10839.58,10938.82,10813.2,10848.02,412457400.0,0.0011915579649694988
2011-09-17T00:00:00.000000,10905.6,10955.63,10860.05,10878.23,411105600.0,0.001608606492303794
2011-09-20T00:00:00.000000,10815.8,10815.8,10646.49,10657.63,403034700.0,0.0018684519539696235
2011-09-21T00:00:00.000000,10640.12,10740.94,10569.19,10679.3,404417000.0,0.0014945700585584092
2011-09-22T00:00:00.000000,10688.04,11035.24,10639.42,10991.85,730391900.0,0.0022364757392142358
2011-09-23T00:00:00.000000,10891.73,10941.8,10660.77,10660.47,585669100.0,0.0020869609524250786
2011-09-24T00:00:00.000000,10458.94,10618.12,10392.91,10538.4,557476000.0,0.003933228194695333
2011-09-27T00:00:00.000000,10433.11,10602.09,10299.35,10328.47,462184000.0,0.0020996986828520445
2011-09-28T00:00:00.000000,10417.26,10513.94,10314.53,10448.66,464376400.0,0.0021580612640782603
2011-09-29T00:00:00.000000,10524.88,10549.9,10327.53,10369.93,446034900.0,0.0018587021319603795
2011-09-30T00:00:00.000000,10289.96,10411.7,10224.73,10287.9,487566900.0,0.002489185841502403
2011-10-01T00:00:00.000000,10348.11,10383.52,10249.78,10292.33,409889500.0,0.0016216843690224267
2011-10-11T00:00:00.000000,10315.96,10343.66,10158.41,10170.75,347111000.0,0.0013526315001502016
2011-10-12T00:00:00.000000,10416.61,10452.33,9953.13,10065.47,577055300.0,0.003951464902040153
2011-10-13T00:00:00.000000,9990.26,10444.02,9949.14,10425.93,811963200.0,0.003048387690806357
2011-10-14T00:00:00.000000,10399.39,10564.55,10362.35,10481.84,713698400.0,0.0015324294186932564
2011-10-15T00:00:00.000000,10459.45,10500.11,10352.26,10438.26,469379000.0,0.00156316913535572
2011-10-18T00:00:00.000000,10458.61,10588.13,10450.51,10513.49,469213500.0,0.0015164514744175272
2011-10-19T00:00:00.000000,10442.57,10469.18,10215.94,10226.93,535097100.0,0.0017483375601512123
2011-10-20T00:00:00.000000,10263.15,10304.32,10094.33,10105.74,513264800.0,0.0020611651572816337
2011-10-21T00:00:00.000000,10042.63,10047.43,9721.11,9796.23,569358500.0,0.0025832050767441686
2011-10-22T00:00:00.000000,9799.96,9857.97,9691.6,9697.21,398577100.0,0.001858426355320246
2011-10-25T00:00:00.000000,9735.34,9977.6,9653.51,9957.62,623777700.0,0.002325463842857389
2011-10-26T00:00:00.000000,9954.23,10241.1,9916.35,10203.4,878862600.0,0.002449216898612848
2011-10-27T00:00:00.000000,10144.43,10418.35,10144.43,10315.75,973316500.0,0.0018076282900578592
2011-10-28T00:00:00.000000,10342.99,10400.47,10293.2,10323.29,592851100.0,0.0014115742561678901
2011-10-29T00:00:00.000000,10478.77,10637.1,10474.55,10561.99,1008242600.0,0.0030283710687080685
2011-11-01T00:00:00.000000,10527.61,10539.81,10415.55,10480.91,772119200.0,0.0014217930372540063
2011-11-02T00:00:00.000000,10389.02,10563.47,10364.71,10441.7,692327700.0,0.0021603573455161976
2011-11-03T00:00:00.000000,10291.62,10574.96,10233.63,10581.75,849006000.0,0.002604532953319336
2011-11-04T00:00:00.000000,10618.46,10777.77,10618.46,10624.12,1148551600.0,0.0020115389252362433
2011-11-05T00:00:00.000000,10721.48,10791.39,10642.51,10699.49,797496900.0,0.0021669895816457266
2011-11-08T00:00:00.000000,10660.67,10717.21,10579.42,10591.66,596651800.0,0.00126569101742873
2011-11-09T00:00:00.000000,10619.41,10663.66,10519.26,10541.1,536273100.0,0.0015329142181961272
2011-11-10T00:00:00.000000,10575.18,10636.5,10455.69,10625.88,534681800.0,0.0019479648571527981
2011-11-11T00:00:00.000000,10508.72,10567.48,10464.37,10477.55,706445000.0,0.0023327814233043732
2011-11-12T00:00:00.000000,10500.57,10531.14,10375.38,10418.93,601315200.0,0.0011608300079539733
2011-11-15T00:00:00.000000,10501.73,10642.04,10495.7,10645.68,699999200.0,0.0015541279231638498
2011-11-16T00:00:00.000000,10631.05,10640.32,10545.01,10583.0,575644400.0,0.001043034201312451
2011-11-17T00:00:00.000000,10594.65,10595.88,10282.26,10313.33,675133700.0,0.0014461107288849214
2011-11-18T00:00:00.000000,10317.32,10408.61,10296.52,10303.16,506348100.0,0.0011202395674977785
2011-11-19T00:00:00.000000,10234.35,10242.07,10002.77,10025.17,723339600.0,0.0019447482673222705
2011-11-22T00:00:00.000000,10032.47,10063.85,9953.57,10033.79,416468200.0,0.001025509675053431
2011-11-23T00:00:00.000000,9971.68,10052.44,9922.3,10028.2,442047300.0,0.0016359275507626752
2011-11-24T00:00:00.000000,10043.02,10076.68,9933.21,9957.32,371834000.0,0.0013614041182822385
2011-11-25T00:00:00.000000,9889.55,10023.07,9837.85,9966.74,475211000.0,0.001914620426184772
2011-11-26T00:00:00.000000,9935.71,9999.55,9866.28,9886.25,355435200.0,0.0011700756244687495
2011-11-29T00:00:00.000000,9908.12,9961.66,9833.44,9884.7,412692200.0,0.0016034445820623038
2011-11-30T00:00:00.000000,9970.92,10012.53,9903.18,10012.94,478488400.0,0.0012977371611121793
2011-12-01T00:00:00.000000,9991.95,9991.95,9626.76,9693.39,603347900.0,0.0019390784139787516
2011-12-02T00:00:00.000000,9976.52,10102.35,9902.82,9917.86,963280100.0,0.004775507035622941
2011-12-03T00:00:00.000000,9868.41,9898.09,9757.95,9808.23,487588800.0,0.0016108004671853853
2011-12-06T00:00:00.000000,9807.37,9807.69,9572.02,9586.08,488842900.0,0.001992138260595006
2011-12-07T00:00:00.000000,9566.21,9618.41,9505.23,9586.94,358110400.0,0.0014499965655140605
2011-12-08T00:00:00.000000,9579.32,9656.23,9551.21,9606.25,326096800.0,0.0011958329801014366
2011-12-09T00:00:00.000000,9601.73,9712.14,9477.13,9580.52,433010300.0,0.001969987033147512
2011-12-10T00:00:00.000000,9516.25,9583.15,9439.84,9480.27,431947700.0,0.0017037336213578274
2011-12-13T00:00:00.000000,9457.83,9467.04,9365.38,9376.28,342897000.0,0.0013611296060391056
2011-12-14T00:00:00.000000,9343.09,9367.76,9175.18,9190.88,505432900.0,0.001335617159668843
2011-12-15T00:00:00.000000,9164.21,9234.68,9064.63,9093.02,333367800.0,0.0013608605453533486
2011-12-16T00:00:00.000000,9029.58,9040.92,8850.47,8871.09,568718900.0,0.0025906471841589027
2011-12-17T00:00:00.000000,8877.5,9081.16,8849.8,9081.94,557623600.0,0.002238536128196819
2011-12-20T00:00:00.000000,9002.68,9089.87,8808.66,9054.08,545160500.0,0.003489910898480475
2011-12-21T00:00:00.000000,9020.97,9166.66,9013.35,9031.67,486596900.0,0.00205938696945533
2011-12-22T00:00:00.000000,9113.0,9147.22,8885.92,8884.25,423391800.0,0.0022429317001873145
2011-12-23T00:00:00.000000,8824.95,8992.02,8710.57,8909.35,474313300.0,0.0030662969123914606
2011-12-24T00:00:00.000000,8899.22,9100.29,8866.64,8976.52,486696900.0,0.002006797982552785
2011-12-27T00:00:00.000000,8929.3,9038.14,8875.1,8876.19,328979900.0,0.0017200434051780314
2011-12-28T00:00:00.000000,8874.0,8904.95,8692.38,8711.55,499852100.0,0.0020191103331382246
2011-12-29T00:00:00.000000,8667.33,8746.54,8555.12,8739.73,499686500.0,0.0021466669848946066
2011-12-30T00:00:00.000000,8692.12,8831.8,8682.61,8781.32,455712400.0,0.0013634793895226113
2011-12-31T00:00:00.000000,8805.41,8942.86,8805.41,8918.82,531913300.0,0.0015740286352792397
2012-01-05T00:00:00.000000,8980.76,9025.66,8696.11,8695.99,535299600.0,0.0019208154918031023
2012-01-06T00:00:00.000000,8646.33,8744.22,8566.06,8600.26,535915200.0,0.0022913038148522948
2012-01-07T00:00:00.000000,8597.37,8643.29,8486.58,8634.42,498828700.0,0.0019755524811009293
2012-01-10T00:00:00.000000,8638.53,8946.88,8532.67,8946.08,781779900.0,0.0029410906351846895
2012-01-11T00:00:00.000000,8930.56,9291.31,8909.25,9281.25,1122908000.0,0.002176663376517384
2012-01-12T00:00:00.000000,9269.93,9312.06,9186.16,9239.21,854651200.0,0.002080010988939909
2012-01-13T00:00:00.000000,9191.54,9344.74,9177.59,9200.93,671228100.0,0.002032292884026545
2012-01-14T00:00:00.000000,9225.96,9258.31,8951.72,9030.59,613782400.0,0.0022984982374394487
2012-01-17T00:00:00.000000,8951.18,9024.42,8823.8,8827.47,499638600.0,0.0024460291757846635
2012-01-18T00:00:00.000000,8835.88,9305.42,8762.57,9264.09,938288900.0,0.0029573796426810334
2012-01-19T00:00:00.000000,9326.44,9399.02,9085.04,9115.27,985091400.0,0.0028439867926334916
2012-01-20T00:00:00.000000,9119.88,9363.05,9078.98,9300.22,909145300.0,0.002928655225512744
2012-01-21T00:00:00.000000,9348.45,9503.37,9259.02,9466.14,955616100.0,0.0020436587037015205
2012-01-31T00:00:00.000000,9482.21,9482.21,9275.17,9274.85,624344200.0,0.0022887245600420035
2012-02-01T00:00:00.000000,9288.86,9324.81,9213.14,9303.65,406447900.0,0.0014642898604880676
2012-02-02T00:00:00.000000,9277.79,9403.37,9173.07,9193.39,501157600.0,0.0019512113027934095
2012-02-03T00:00:00.000000,9222.24,9381.03,9174.72,9382.13,553275400.0,0.002030195854066916
2012-02-04T00:00:00.000000,9349.28,9472.02,9292.78,9436.99,614190500.0,0.0016315150035490227
2012-02-07T00:00:00.000000,9451.17,9526.79,9404.49,9448.64,601658800.0,0.0015304867459400304
2012-02-08T00:00:00.000000,9393.76,9393.76,9206.86,9266.71,534429500.0,0.002026190945465264
2012-02-09T00:00:00.000000,9259.64,9605.2,9236.16,9557.58,769884000.0,0.0022653589764491514
2012-02-10T00:00:00.000000,9545.4,9630.35,9493.93,9560.73,849195100.0,0.0016966415131591745
2012-02-11T00:00:00.000000,9544.93,9699.3,9542.22,9590.95,908652300.0,0.0017714263826994299
2012-02-14T00:00:00.000000,9448.72,9670.78,9420.4,9585.08,678934900.0,0.0028150301769110427
2012-02-15T00:00:00.000000,9574.87,9597.08,9478.59,9543.77,522686400.0,0.0018763376482980128
2012-02-16T00:00:00.000000,9523.65,9725.22,9515.79,9673.44,776998600.0,0.0015706372727133865
2012-02-17T00:00:00.000000,9647.15,9727.03,9557.94,9622.83,826466400.0,0.0015176722670820612
2012-02-18T00:00:00.000000,9686.87,9719.53,9553.59,9615.34,576392000.0,0.0017750692182661866
2012-02-21T00:00:00.000000,9742.52,9755.76,9617.82,9616.65,759544200.0,0.0017635865231085252
2012-02-22T00:00:00.000000,9632.44,9693.24,9539.83,9695.87,581383200.0,0.0018794315594878484
2012-02-23T00:00:00.000000,9709.93,9865.77,9701.56,9862.53,1064054600.0,0.0014978035303843979
2012-02-24T00:00:00.000000,9859.43,9958.75,9840.05,9918.94,1035068900.0,0.0012815996916381977
2012-02-25T00:00:00.000000,9922.16,10131.13,9907.08,10124.15,1232512500.0,0.0016088551513607772
2012-02-28T00:00:00.000000,10163.01,10333.92,10163.01,10177.33,1371031200.0,0.002102615049218386
2012-02-29T00:00:00.000000,10155.37,10233.07,10087.06,10161.86,978758600.0,0.001607809834040116
2012-03-01T00:00:00.000000,10126.68,10214.63,10048.79,10054.84,820196800.0,0.001558769828353718
2012-03-02T00:00:00.000000,10011.12,10125.67,10011.12,10060.96,558466600.0,0.0012330931019324616
2012-03-03T00:00:00.000000,10078.82,10301.64,10078.82,10299.93,887431500.0,0.001501027430852406
2012-03-06T00:00:00.000000,10338.0,10379.46,10217.53,10226.44,928795800.0,0.0015448097107717846
2012-03-07T00:00:00.000000,10186.4,10225.05,10070.49,10093.81,831017500.0,0.0014406303966537854
2012-03-08T00:00:00.000000,9997.89,10173.66,9991.33,10054.86,923169300.0,0.0018716077248417619
2012-03-09T00:00:00.000000,10092.13,10228.24,10084.52,10171.13,810237300.0,0.0017948160218781257
2012-03-10T00:00:00.000000,10202.95,10332.53,10161.72,10334.38,846438400.0,0.0014672055039498197
2012-03-13T00:00:00.000000,10320.4,10373.92,10228.39,10300.5,852895500.0,0.0013251248364475339
2012-03-14T00:00:00.000000,10308.64,10423.22,10292.05,10427.24,776378700.0,0.001317067008340812
2012-03-15T00:00:00.000000,10487.3,10529.0,10063.79,10094.89,1452315700.0,0.0028578535321764085
2012-03-16T00:00:00.000000,10114.97,10173.1,10013.43,10086.56,994120700.0,0.002129931323548586
2012-03-17T00:00:00.000000,10115.31,10284.08,10071.58,10279.3,786079000.0,0.00240125674014541
2012-03-20T00:00:00.000000,10256.51,10306.46,10186.08,10296.17,754754300.0,0.0017216448667787148
2012-03-21T00:00:00.000000,10247.28,10247.28,10110.38,10116.39,708115500.0,0.0020636465832028312
2012-03-22T00:00:00.000000,10165.4,10225.54,10006.92,10090.44,751025900.0,0.002140450481098281
2012-03-23T00:00:00.000000,10082.25,10116.95,10008.88,10038.95,525941400.0,0.0015540329670731524
2012-03-24T00:00:00.000000,10002.9,10029.44,9858.37,9885.25,562890500.0,0.0015328270512646178
2012-03-27T00:00:00.000000,9873.96,9956.36,9872.2,9946.14,580082000.0,0.0013291402633706173
2012-03-28T00:00:00.000000,9959.44,10008.68,9830.51,9841.38,512076500.0,0.0011229638280120002
2012-03-29T00:00:00.000000,9800.29,9824.62,9515.98,9531.15,664898700.0,0.001668187792527285
2012-03-30T00:00:00.000000,9478.12,9565.01,9352.17,9418.23,673022100.0,0.002606914066753667
2012-03-31T00:00:00.000000,9426.64,9505.14,9365.53,9410.26,456539700.0,0.001681476562335184
2012-04-06T00:00:00.000000,9410.97,9737.9,9388.78,9709.03,703409700.0,0.0019902884628945888
2012-04-07T00:00:00.000000,9704.88,9811.68,9684.37,9786.19,627120100.0,0.0013853927321565021
2012-04-10T00:00:00.000000,9739.07,9802.23,9650.57,9710.91,660726700.0,0.0022513383133921146
2012-04-11T00:00:00.000000,9682.83,9791.39,9516.89,9795.97,664888100.0,0.002098711326895899
2012-04-12T00:00:00.000000,9683.11,9920.34,9666.54,9802.32,606998000.0,0.0029145033064323232
2012-04-13T00:00:00.000000,9822.04,10013.2,9780.46,10007.65,871240500.0,0.0018753928189028653
2012-04-14T00:00:00.000000,10043.26,10116.12,10008.67,10043.72,949106700.0,0.0015305337371831
2012-04-17T00:00:00.000000,9959.94,10063.68,9954.89,10000.31,588152800.0,0.0016701802065620284
2012-04-18T00:00:00.000000,9998.68,10022.55,9837.78,9839.92,571767500.0,0.0015395006707255628
2012-04-19T00:00:00.000000,9897.05,10082.82,9842.07,10069.53,822588600.0,0.0019059599330751341
2012-04-20T00:00:00.000000,10049.77,10080.0,9971.62,10015.41,613215400.0,0.0010969146494875085
2012-04-21T00:00:00.000000,9999.34,10144.54,9996.72,10131.03,824647200.0,0.0013786260888358592
2012-04-24T00:00:00.000000,10142.0,10154.51,10034.25,10076.05,747387200.0,0.0015004015691469372
2012-04-25T00:00:00.000000,10003.22,10180.08,9841.44,10041.89,919377300.0,0.002667738275196476
2012-04-26T00:00:00.000000,10008.68,10182.09,9993.69,10162.01,875774800.0,0.0015211840710614378
2012-04-27T00:00:00.000000,10187.94,10258.57,10152.05,10201.65,783163300.0,0.0014373236379582744
2012-04-28T00:00:00.000000,10190.96,10244.98,10172.52,10180.39,846066800.0,0.0012324642969740796
2012-05-03T00:00:00.000000,10319.48,10500.15,10253.04,10424.94,1236573900.0,0.0023006463567778294
2012-05-04T00:00:00.000000,10415.46,10479.6,10400.32,10468.38,994883500.0,0.0010753643859217437
2012-05-05T00:00:00.000000,10464.59,10576.21,10410.94,10573.6,859971500.0,0.001488633500692586
2012-05-08T00:00:00.000000,10518.59,10616.28,10509.76,10612.89,987477200.0,0.0016788788864680966
2012-05-09T00:00:00.000000,10604.96,10605.35,10413.45,10524.68,813489300.0,0.001602976363133833
2012-05-10T00:00:00.000000,10410.84,10410.84,10282.82,10294.58,770970700.0,0.0026200672839094925
2012-05-11T00:00:00.000000,10287.76,10342.34,10255.89,10277.62,611885600.0,0.0012059705405749368
2012-05-12T00:00:00.000000,10257.9,10342.8,10210.73,10211.41,530499700.0,0.0014217456777997563
2012-05-15T00:00:00.000000,10283.06,10284.9,10091.0,10093.38,677465700.0,0.0018713322529077313
2012-05-16T00:00:00.000000,10027.4,10139.25,10009.52,10131.81,660973600.0,0.0012398399134706058
2012-05-17T00:00:00.000000,10099.81,10099.81,9919.11,9916.47,578585200.0,0.0015656457269997348
2012-05-18T00:00:00.000000,9942.18,10105.95,9915.81,10079.48,610027900.0,0.0014065333828069404
2012-05-19T00:00:00.000000,9986.91,10049.92,9880.04,9903.09,574249400.0,0.0017626058035913135
2012-05-22T00:00:00.000000,9893.77,10060.08,9870.35,9977.56,546079200.0,0.00185664296789896
2012-05-23T00:00:00.000000,10030.54,10179.91,10022.73,10180.27,679496400.0,0.0013833762757724903
2012-05-24T00:00:00.000000,10142.91,10218.33,10055.93,10143.2,642341600.0,0.001584755835010935
2012-05-25T00:00:00.000000,10122.57,10187.14,9951.27,9984.58,750414700.0,0.0015892650568006934
2012-05-26T00:00:00.000000,9984.93,10003.83,9848.92,9884.96,608150200.0,0.0013743515553732613
2012-05-29T00:00:00.000000,9816.78,10108.37,9755.59,10104.1,941885300.0,0.0020574343108959257
2012-05-30T00:00:00.000000,10101.4,10271.37,10087.48,10214.74,1102270800.0,0.0012659862832045152
2012-05-31T00:00:00.000000,10196.53,10241.31,10135.38,10162.34,872528600.0,0.001087700998345523
2012-06-01T00:00:00.000000,10081.33,10194.58,10050.08,10141.41,689368400.0,0.0016576272813387685
2012-06-02T00:00:00.000000,10142.12,10262.05,10095.33,10145.8,651303100.0,0.0014851378696953054
2012-06-05T00:00:00.000000,9988.53,10085.4,9871.04,9874.52,671027500.0,0.002701521945215558
2012-06-06T00:00:00.000000,9916.56,9941.54,9816.76,9847.12,525398300.0,0.0014873265724915901
2012-06-07T00:00:00.000000,9863.7,9897.74,9772.47,9812.98,477468100.0,0.0014618041715926768
2012-06-08T00:00:00.000000,9921.31,9937.11,9730.58,9755.64,485995400.0,0.0019189109664369962
2012-06-09T00:00:00.000000,9836.43,9843.9,9685.34,9707.18,621807000.0,0.0016421208672798497
2012-06-12T00:00:00.000000,9731.8,9895.59,9704.44,9849.77,693829000.0,0.001707288704755876
2012-06-13T00:00:00.000000,9788.59,9875.25,9773.66,9790.2,635130100.0,0.0015061212514149945
2012-06-14T00:00:00.000000,9843.39,9949.02,9795.06,9950.05,659608700.0,0.001647460433745181
2012-06-15T00:00:00.000000,9937.35,10002.5,9881.15,9885.29,583744900.0,0.00118975458937498
2012-06-16T00:00:00.000000,9906.58,9951.37,9760.05,9885.65,674988400.0,0.0018078439751788398
2012-06-19T00:00:00.000000,9921.23,10020.07,9916.3,9979.06,511950000.0,0.0010524314320057703
2012-06-20T00:00:00.000000,9954.0,9954.0,9829.66,9848.16,436473900.0,0.0011276416931544852
2012-06-21T00:00:00.000000,9877.19,9906.11,9800.57,9821.79,387120800.0,0.0011714257899530728
2012-06-22T00:00:00.000000,9787.58,9787.58,9621.77,9682.69,467905000.0,0.0015657896313832221
2012-06-26T00:00:00.000000,9635.7,9635.7,9402.23,9414.21,625514300.0,0.0017037646727996612
2012-06-27T00:00:00.000000,9373.14,9489.26,9351.8,9446.59,493748200.0,0.0013357625911884978
2012-06-28T00:00:00.000000,9444.27,9540.89,9406.39,9416.5,453328500.0,0.0012731970106888417
2012-06-29T00:00:00.000000,9449.71,9495.62,9385.86,9383.27,399274400.0,0.0016177215144576324
2012-06-30T00:00:00.000000,9374.36,9512.06,9363.97,9500.32,498438600.0,0.0014432009069577651
2012-07-03T00:00:00.000000,9573.13,9624.27,9510.68,9566.45,565194100.0,0.0013053234561872914
2012-07-04T00:00:00.000000,9566.57,9698.47,9533.36,9607.33,619634300.0,0.001506777495045971
2012-07-05T00:00:00.000000,9637.11,9665.03,9543.28,9569.16,486950600.0,0.0012786246864627553
2012-07-06T00:00:00.000000,9511.0,9511.0,9366.89,9412.64,552632200.0,0.001656020698462314
2012-07-07T00:00:00.000000,9463.07,9716.55,9431.13,9690.16,904979600.0,0.002150020770827124
2012-07-10T00:00:00.000000,9636.22,9727.52,9491.45,9496.68,896326400.0,0.001779684220103264
2012-07-11T00:00:00.000000,9467.75,9557.44,9445.95,9476.72,563819000.0,0.0019976991308960352
2012-07-12T00:00:00.000000,9456.12,9614.2,9453.63,9588.29,625650100.0,0.0018075354573873661
2012-07-13T00:00:00.000000,9575.53,9800.35,9541.09,9753.49,885094600.0,0.0021583305230332005
2012-07-14T00:00:00.000000,9720.46,9853.73,9708.62,9792.49,715147700.0,0.0018808866317294244
2012-07-17T00:00:00.000000,9768.6,9771.04,9541.79,9540.89,731296300.0,0.0020425801428974595
2012-07-18T00:00:00.000000,9503.45,9602.99,9476.9,9560.03,579456200.0,0.0016473006883211908
2012-07-19T00:00:00.000000,9545.37,9588.04,9328.9,9514.17,689476500.0,0.0023785818139011173
2012-07-20T00:00:00.000000,9488.89,9609.45,9432.96,9509.49,637920700.0,0.0017710988835468917
2012-07-21T00:00:00.000000,9471.96,9509.41,9325.26,9333.21,665647200.0,0.0016202923279985339
2012-07-24T00:00:00.000000,9255.94,9255.94,9152.98,9186.02,561245000.0,0.0022682005021939598
2012-07-25T00:00:00.000000,9133.92,9340.52,9130.18,9262.77,508034600.0,0.0016500131444174618
2012-07-26T00:00:00.000000,9225.56,9248.44,9146.14,9155.34,451821900.0,0.001412740656830195
2012-07-27T00:00:00.000000,9148.78,9218.12,9069.97,9081.9,624477400.0,0.0017075029192776456
2012-07-28T00:00:00.000000,9099.42,9157.98,9054.87,9087.13,476323300.0,0.0015276880936184313
2012-07-31T00:00:00.000000,9098.37,9183.5,9055.59,9071.06,474903000.0,0.0013715665583773878
2012-08-01T00:00:00.000000,9080.8,9152.09,9033.92,9059.22,498395000.0,0.0018130940295733114
2012-08-02T00:00:00.000000,9047.59,9234.74,9045.43,9165.97,477712600.0,0.0014880491890827126
2012-08-03T00:00:00.000000,9150.95,9164.08,8959.17,8995.62,550907600.0,0.001887503731843632
2012-08-04T00:00:00.000000,9016.53,9069.24,8957.28,9076.62,502452800.0,0.0015198009589545917
2012-08-07T00:00:00.000000,9044.75,9229.35,9036.76,9212.2,563546600.0,0.0010250140917216267
2012-08-08T00:00:00.000000,9217.79,9243.09,9175.67,9229.27,515551400.0,0.0009558468726585362
2012-08-09T00:00:00.000000,9231.89,9303.88,9191.3,9210.67,548565600.0,0.0010500296764033206
2012-08-10T00:00:00.000000,9200.01,9344.09,9176.78,9337.54,542092700.0,0.0015204752165881
2012-08-11T00:00:00.000000,9335.56,9335.56,9224.3,9238.2,438179100.0,0.001180450213573682
2012-08-14T00:00:00.000000,9226.46,9226.46,9035.41,9039.22,829518600.0,0.0011236848679668128
2012-08-15T00:00:00.000000,9039.45,9101.26,8929.0,9089.61,754141100.0,0.001823132838365128
2012-08-16T00:00:00.000000,9052.79,9084.88,8994.38,9048.61,705199800.0,0.0016457986223243645
2012-08-17T00:00:00.000000,9013.99,9046.43,8963.87,8973.38,569086900.0,0.0011934334556009953
2012-08-18T00:00:00.000000,8963.4,8983.73,8801.97,8883.6,480106500.0,0.001287498456073747
2012-08-21T00:00:00.000000,8805.35,8867.97,8737.63,8838.63,552087500.0,0.002313257740817739
2012-08-22T00:00:00.000000,8831.52,8935.24,8799.24,8849.49,583932100.0,0.001747167803437907
2012-08-23T00:00:00.000000,8859.46,8864.82,8690.13,8726.02,537814200.0,0.0011030325920746201
2012-08-24T00:00:00.000000,8737.67,8785.8,8655.61,8730.55,493821400.0,0.001552111672570893
2012-08-25T00:00:00.000000,8697.24,8718.53,8578.56,8579.28,537890100.0,0.001370638371249111
2012-08-28T00:00:00.000000,8562.34,8562.34,8401.09,8402.15,560529700.0,0.0019102663202451037
2012-08-29T00:00:00.000000,8389.17,8454.21,8358.64,8400.36,526046400.0,0.001299223352203647
2012-08-30T00:00:00.000000,8361.92,8396.84,8270.02,8270.91,382133900.0,0.0016657091972209232
2012-08-31T00:00:00.000000,8218.72,8290.17,8132.36,8220.08,503149100.0,0.0019023180061414483
2012-09-01T00:00:00.000000,8218.9,8275.2,8212.56,8210.99,384486300.0,0.0014307882684337348
2012-09-04T00:00:00.000000,8220.31,8399.6,8215.34,8361.67,614354100.0,0.0014945135983701963
2012-09-05T00:00:00.000000,8374.24,8393.16,8223.35,8243.83,610668300.0,0.0012837172851962052
2012-09-06T00:00:00.000000,8223.1,8282.22,8182.05,8242.59,538824800.0,0.0014058429368312608
2012-09-07T00:00:00.000000,8255.68,8332.97,8230.35,8288.26,440358400.0,0.0014992072135562521
2012-09-08T00:00:00.000000,8364.03,8822.26,8364.03,8709.07,1410482500.0,0.0028023668351669505
2012-09-11T00:00:00.000000,8738.45,8817.62,8716.58,8769.54,1151270700.0,0.001701714561777947
2012-09-12T00:00:00.000000,8727.08,8732.82,8638.76,8739.47,746682000.0,0.0019396416006979362
2012-09-13T00:00:00.000000,8788.01,8865.65,8695.15,8786.73,879284800.0,0.0023676019230963003
2012-09-14T00:00:00.000000,8778.61,8821.65,8692.91,8691.0,616029200.0,0.0015339547047966997
2012-09-15T00:00:00.000000,8802.34,8832.53,8670.55,8740.05,852681700.0,0.0028133579436288685
2012-09-18T00:00:00.000000,8717.32,8738.32,8483.52,8483.69,734438000.0,0.0018940028525407842
2012-09-19T00:00:00.000000,8449.99,8473.05,8367.0,8390.15,501699200.0,0.001597955584071522
2012-09-20T00:00:00.000000,8407.49,8445.92,8351.6,8431.74,516167900.0,0.0014150775541410165
2012-09-21T00:00:00.000000,8393.01,8393.01,8200.91,8202.2,636928000.0,0.0020509697142158806
2012-09-22T00:00:00.000000,8187.16,8291.26,8156.63,8201.53,551092000.0,0.0015956837628597004
2012-09-25T00:00:00.000000,8148.37,8364.31,8095.52,8310.94,591091200.0,0.0028573752001549643
2012-09-26T00:00:00.000000,8286.05,8364.69,8256.62,8284.25,373375400.0,0.0014940593151804963
2012-09-27T00:00:00.000000,8290.86,8335.14,8178.67,8193.37,406130600.0,0.0014869478342458987
2012-09-28T00:00:00.000000,8198.56,8520.19,8198.56,8486.27,798319800.0,0.0032247136874510355
2012-09-29T00:00:00.000000,8422.29,8690.24,8415.04,8679.22,914748200.0,0.0018769218044815607
2012-10-09T00:00:00.000000,8677.99,8715.63,8495.35,8540.08,568038800.0,0.0017144066056510464
2012-10-10T00:00:00.000000,8583.58,8774.36,8583.58,8743.86,757295800.0,0.002732946085520949
2012-10-11T00:00:00.000000,8727.75,8779.41,8684.12,8773.68,681661200.0,0.0011387687082785047
2012-10-12T00:00:00.000000,8741.94,8765.5,8658.94,8665.09,547374400.0,0.0015169086818332198
2012-10-13T00:00:00.000000,8695.29,8782.45,8579.59,8650.19,520715600.0,0.0020694959050633482
2012-10-16T00:00:00.000000,8660.18,8671.22,8551.1,8621.97,431826700.0,0.001394173643503291
2012-10-17T00:00:00.000000,8618.43,8724.57,8597.33,8645.54,511297500.0,0.0015795820611366738
2012-10-18T00:00:00.000000,8684.86,8699.2,8563.55,8641.18,449451300.0,0.0017506489084713347
2012-10-19T00:00:00.000000,8673.73,8821.34,8663.43,8798.2,776500300.0,0.0014959432097100176
2012-10-20T00:00:00.000000,8817.42,8861.04,8779.45,8796.42,555355900.0,0.001196776064439217
2012-10-23T00:00:00.000000,8749.03,8859.51,8725.8,8829.44,540667600.0,0.0012110143710605645
2012-10-24T00:00:00.000000,8824.96,8836.09,8680.96,8686.48,505809300.0,0.0013348205794254725
2012-10-25T00:00:00.000000,8662.74,8726.37,8640.09,8653.91,484693400.0,0.0010340039067119238
2012-10-26T00:00:00.000000,8653.99,8725.34,8587.77,8602.81,578008400.0,0.001076087046977945
2012-10-27T00:00:00.000000,8597.07,8609.57,8369.05,8414.85,563464500.0,0.0014421155993742268
2012-10-30T00:00:00.000000,8394.72,8423.58,8339.66,8376.56,354190700.0,0.0012596640901447412
2012-10-31T00:00:00.000000,8391.88,8478.01,8366.34,8394.24,443484300.0,0.001618508620535626
2012-11-01T00:00:00.000000,8422.26,8481.66,8386.9,8469.8,464483300.0,0.0010685860494012477
2012-11-02T00:00:00.000000,8473.03,8682.81,8473.03,8663.15,728426900.0,0.0016136327002467645
2012-11-03T00:00:00.000000,8668.72,8697.32,8616.92,8679.68,501109000.0,0.0010777796485000209
2012-11-06T00:00:00.000000,8674.26,8739.83,8607.14,8654.74,447440300.0,0.0013613108836296138
2012-11-07T00:00:00.000000,8649.8,8661.4,8483.7,8589.86,464557800.0,0.00150367352951051
2012-11-08T00:00:00.000000,8580.01,8626.61,8534.67,8561.2,375739800.0,0.0015180282955497939
2012-11-09T00:00:00.000000,8489.29,8523.13,8400.68,8399.38,452189000.0,0.0017709858450259115
2012-11-10T00:00:00.000000,8384.07,8421.04,8339.55,8356.67,327962300.0,0.001097877555287766
2012-11-13T00:00:00.000000,8371.24,8437.94,8313.0,8391.9,401960600.0,0.0013172337908806111
2012-11-14T00:00:00.000000,8382.91,8382.91,8222.5,8234.6,412187900.0,0.0015004919511291898
2012-11-15T00:00:00.000000,8241.12,8293.68,8205.74,8283.56,324245200.0,0.0012610505653310978
2012-11-16T00:00:00.000000,8231.11,8285.02,8173.77,8186.06,320696600.0,0.001962170852177221
2012-11-17T00:00:00.000000,8164.91,8177.35,8043.75,8118.15,388680600.0,0.0015369355009749715
2012-11-20T00:00:00.000000,8109.78,8109.78,7954.07,8060.54,377679800.0,0.001997077559481132
2012-11-21T00:00:00.000000,8074.66,8150.13,8043.88,8052.79,333278400.0,0.001127264117042597
2012-11-22T00:00:00.000000,8055.64,8153.23,7988.85,8150.84,406032900.0,0.0022723678472363028
2012-11-23T00:00:00.000000,8079.94,8101.87,8027.76,8047.52,306677800.0,0.0018059336533511976
2012-11-24T00:00:00.000000,8083.43,8157.84,8054.09,8114.74,326818400.0,0.0012537987008441338
2012-11-27T00:00:00.000000,8096.71,8114.91,8003.34,8016.07,298949500.0,0.0011788548113857334
2012-11-28T00:00:00.000000,7985.3,8027.93,7931.74,7936.74,374857400.0,0.0011699491428080206
2012-11-29T00:00:00.000000,7907.76,7917.4,7844.49,7854.06,349628500.0,0.0010684316227527481
2012-11-30T00:00:00.000000,7853.92,7919.35,7820.67,7808.96,377049000.0,0.0012490853353653963
2012-12-01T00:00:00.000000,7808.54,7960.98,7786.84,7903.25,519384300.0,0.001559322147742978
2012-12-04T00:00:00.000000,7903.25,7951.65,7698.86,7710.88,547962700.0,0.0017550187245472385
2012-12-05T00:00:00.000000,7684.49,7828.12,7660.45,7801.75,483829600.0,0.0014899864301298655
2012-12-06T00:00:00.000000,7783.03,8150.4,7782.68,8091.68,1022495700.0,0.0034620162638889507
2012-12-07T00:00:00.000000,8081.82,8135.14,8010.21,8071.49,607082400.0,0.001623695281940724
2012-12-08T00:00:00.000000,8046.48,8211.64,8007.4,8189.68,1070715900.0,0.002239793246658912
2012-12-11T00:00:00.000000,8199.18,8285.65,8150.03,8265.79,932370600.0,0.0015546130815045777
2012-12-12T00:00:00.000000,8230.03,8285.82,8201.25,8220.54,623200800.0,0.0013552186301520293
2012-12-13T00:00:00.000000,8221.38,8278.46,8168.64,8246.06,550685500.0,0.0017626192660107236
2012-12-14T00:00:00.000000,8222.57,8259.91,8174.88,8171.35,580494400.0,0.001591827206998506
2012-12-15T00:00:00.000000,8183.72,8536.54,8183.72,8530.9,1402766700.0,0.0021591879522934003
2012-12-18T00:00:00.000000,8545.03,8659.02,8545.03,8600.33,1336970600.0,0.0018696868410506499
2012-12-19T00:00:00.000000,8576.27,8711.78,8511.4,8592.63,1172962800.0,0.002367489054627911
2012-12-20T00:00:00.000000,8579.68,8686.12,8558.25,8639.56,1034152200.0,0.0015467214436312958
2012-12-21T00:00:00.000000,8604.2,8719.88,8532.72,8693.23,953306400.0,0.002029567902158651
2012-12-22T00:00:00.000000,8702.74,8815.03,8630.67,8658.35,971721000.0,0.002233794929116074
2012-12-25T00:00:00.000000,8647.19,8702.02,8605.95,8631.37,684266800.0,0.0015422294666667972
2012-12-26T00:00:00.000000,8605.55,8941.15,8571.7,8891.57,1407184800.0,0.002347394457072816
2012-12-27T00:00:00.000000,8884.81,8941.11,8872.5,8940.68,984691600.0,0.001104554040613933
2012-12-28T00:00:00.000000,8976.63,9036.94,8910.75,8939.85,1036078000.0,0.0019758942705710974
2012-12-29T00:00:00.000000,8953.34,9038.62,8927.81,9026.99,873093600.0,0.001284517209396094
2013-01-01T00:00:00.000000,9042.98,9119.2,9007.11,9116.48,1091238600.0,0.0014583019113159725
2013-01-05T00:00:00.000000,9208.25,9217.01,8991.74,9096.07,1181297400.0,0.0023399750961543443
2013-01-08T00:00:00.000000,9073.97,9132.79,9033.95,9108.47,915394000.0,0.0013673322367962675
2013-01-09T00:00:00.000000,9102.03,9143.39,9010.16,9110.45,857794100.0,0.0014853185485398496
2013-01-10T00:00:00.000000,9077.5,9178.83,9066.82,9154.87,962368600.0,0.0016410671486111266
2013-01-11T00:00:00.000000,9151.81,9262.67,9121.59,9170.06,843806800.0,0.0014362789900109832
2013-01-12T00:00:00.000000,9185.17,9219.18,8988.3,9017.73,871179800.0,0.0016459003900153655
2013-01-15T00:00:00.000000,8981.74,9330.59,8976.02,9316.27,1120941900.0,0.0018734211688183505
2013-01-16T00:00:00.000000,9332.9,9432.84,9312.87,9381.69,1238158900.0,0.0014066892566599657
2013-01-17T00:00:00.000000,9359.2,9438.13,9232.33,9355.48,1037391900.0,0.001855308621377919
2013-01-18T00:00:00.000000,9335.05,9373.41,9258.58,9309.23,808666700.0,0.0017695992086281455
2013-01-19T00:00:00.000000,9358.4,9475.47,9286.05,9432.3,873021000.0,0.0019783357320876317
2013-01-22T00:00:00.000000,9542.85,9560.06,9465.89,9562.85,1088134800.0,0.00206644070010784
2013-01-23T00:00:00.000000,9591.82,9623.02,9456.21,9536.36,1604491400.0,0.0021341543752309523
2013-01-24T00:00:00.000000,9495.73,9566.53,9434.02,9548.31,1004049900.0,0.001757847228240089
2013-01-25T00:00:00.000000,9539.8,9736.12,9385.46,9444.08,1505341700.0,0.0030267356940186785
2013-01-26T00:00:00.000000,9432.61,9446.0,9353.39,9357.13,817520900.0,0.0014756159933719678
2013-01-29T00:00:00.000000,9361.31,9615.2,9361.31,9618.92,1278316700.0,0.0019606929977135394
2013-01-30T00:00:00.000000,9636.33,9735.22,9627.66,9704.66,1502447300.0,0.0018299289114596564
2013-01-31T00:00:00.000000,9695.84,9788.47,9667.68,9783.84,1251065900.0,0.0018402626321650463
2013-02-01T00:00:00.000000,9788.26,9804.73,9637.58,9667.67,1250522200.0,0.001636782884969696
2013-02-02T00:00:00.000000,9648.92,9820.83,9609.84,9820.29,1457413600.0,0.0027225896943252896
2013-02-05T00:00:00.000000,9830.9,9858.57,9693.62,9760.83,1754682600.0,0.002162959571247417
2013-02-06T00:00:00.000000,9717.56,9971.64,9709.6,9945.98,1459743600.0,0.001641030853840485
2013-02-07T00:00:00.000000,9942.04,9973.54,9884.13,9922.72,1048848300.0,0.001443118334260058
2013-02-08T00:00:00.000000,9896.23,9934.3,9782.5,9904.77,1045384000.0,0.001773609656165876
2013-02-09T00:00:00.000000,9880.26,10057.97,9880.26,9989.09,865751200.0,0.0015415036058943625
2013-02-19T00:00:00.000000,10036.38,10049.53,9765.91,9795.91,971331500.0,0.00235621919447868
2013-02-20T00:00:00.000000,9782.26,9782.26,9519.74,9550.93,1043885400.0,0.0017549445765403242
2013-02-21T00:00:00.000000,9548.18,9646.6,9510.76,9645.87,870293900.0,0.0014848472924383121
2013-02-22T00:00:00.000000,9553.76,9553.76,9290.19,9396.11,1316181100.0,0.0032128309894261546
2013-02-23T00:00:00.000000,9386.47,9454.15,9353.87,9364.54,758161300.0,0.0012652600202305543
2013-02-26T00:00:00.000000,9399.45,9449.32,9305.06,9342.37,681646700.0,0.0017988866612762314
2013-02-27T00:00:00.000000,9287.38,9428.78,9193.93,9208.03,1017795700.0,0.002056061380904091
2013-02-28T00:00:00.000000,9258.12,9375.72,9232.88,9333.24,813005300.0,0.002962864037751991
2013-03-01T00:00:00.000000,9393.33,9640.41,9350.65,9641.44,1178813700.0,0.0023835556681891493
2013-03-02T00:00:00.000000,9630.87,9679.45,9497.71,9650.14,949419400.0,0.0018329143502964775
2013-03-05T00:00:00.000000,9393.73,9397.82,9081.44,9139.75,1792675200.0,0.005239586552618306
2013-03-06T00:00:00.000000,9138.5,9353.26,9085.36,9341.35,1182019600.0,0.002200009655297673
2013-03-07T00:00:00.000000,9396.75,9444.99,9342.38,9431.17,1210743800.0,0.002203234267889761
2013-03-08T00:00:00.000000,9396.81,9506.29,9268.48,9393.69,1207686500.0,0.002192096395734745
2013-03-09T00:00:00.000000,9403.02,9417.3,9282.53,9285.83,748662500.0,0.0016893374265874528
2013-03-12T00:00:00.000000,9256.96,9340.91,9155.94,9277.16,660119700.0,0.002286265716259064
2013-03-13T00:00:00.000000,9268.07,9396.41,9082.58,9163.64,851908900.0,0.0024761518645938685
2013-03-14T00:00:00.000000,9150.95,9159.14,9028.76,9073.22,759552600.0,0.0018540977205595797
2013-03-15T00:00:00.000000,9029.84,9137.55,9009.01,9087.25,586806100.0,0.0018893178913731944
2013-03-16T00:00:00.000000,9087.37,9312.13,8937.07,9099.29,1016827600.0,0.0033105544096134532
2013-03-19T00:00:00.000000,9048.36,9152.3,8975.63,8999.02,752086200.0,0.0021863473656013412
2013-03-20T00:00:00.000000,9013.29,9081.03,8930.06,9034.04,684266800.0,0.0022734101337214038
2013-03-21T00:00:00.000000,9035.65,9329.72,9027.82,9317.97,1126682100.0,0.0020616891194188973
2013-03-22T00:00:00.000000,9315.86,9382.91,9263.52,9326.29,810515300.0,0.0015092276844958473
2013-03-23T00:00:00.000000,9318.06,9371.9,9285.85,9343.41,742964000.0,0.001181635166973549
2013-03-26T00:00:00.000000,9376.21,9393.48,9279.95,9313.13,693305400.0,0.001453954487316086
2013-03-27T00:00:00.000000,9282.6,9339.35,9149.14,9226.64,736296600.0,0.001953898088130522
2013-03-28T00:00:00.000000,9220.35,9357.52,9168.63,9225.13,633155200.0,0.0016476161725904623
2013-03-29T00:00:00.000000,9099.48,9099.48,8946.17,8959.26,908806200.0,0.003950107405983021
2013-03-30T00:00:00.000000,8976.08,8996.43,8879.29,8889.77,508913600.0,0.0013285780716478766
2013-04-02T00:00:00.000000,8901.64,9000.21,8884.18,8937.75,566600800.0,0.0018109811961438153
2013-04-03T00:00:00.000000,8984.43,9112.93,8928.32,8960.46,638858900.0,0.002034118934701266
2013-04-04T00:00:00.000000,9007.65,9062.11,8930.99,8964.47,507379400.0,0.002326114258372968
2013-04-09T00:00:00.000000,8828.07,8960.98,8748.74,8953.84,854578100.0,0.0038292600180458527
2013-04-10T00:00:00.000000,8965.62,9067.25,8961.88,8993.11,702826000.0,0.0016024482346171636
2013-04-11T00:00:00.000000,8994.44,9006.92,8891.14,8962.3,724448500.0,0.0015671476430353913
2013-04-12T00:00:00.000000,9017.61,9036.95,8915.71,8920.71,547387400.0,0.0015640665715899937
2013-04-13T00:00:00.000000,8911.38,8975.44,8823.83,8835.15,585244100.0,0.0012042996762666755
2013-04-16T00:00:00.000000,8795.33,8818.18,8694.17,8733.44,673924000.0,0.0015883555457216591
2013-04-17T00:00:00.000000,8645.19,8861.21,8645.19,8852.42,768777700.0,0.0020902719254230233
2013-04-18T00:00:00.000000,8854.08,8917.69,8819.96,8894.37,666363300.0,0.001445798894877092
2013-04-19T00:00:00.000000,8837.25,8996.63,8813.05,8888.02,646559800.0,0.0025974701384098384
2013-04-20T00:00:00.000000,8910.43,9142.9,8903.7,9111.19,949275400.0,0.0017649386191818481
2013-04-23T00:00:00.000000,9095.73,9140.45,9012.72,9057.62,843162400.0,0.0013704410966087917
2013-04-24T00:00:00.000000,9055.47,9055.47,8783.77,8793.13,834220100.0,0.002240399469474872
2013-04-25T00:00:00.000000,8786.42,8985.02,8742.19,8911.65,858859500.0,0.0021823269672080112
2013-04-26T00:00:00.000000,8870.69,8941.27,8758.28,8772.58,776964700.0,0.0026974575241790204
2013-04-27T00:00:00.000000,8816.11,8857.89,8667.58,8691.39,549189700.0,0.0017973037386855783
2013-05-03T00:00:00.000000,8643.9,8726.14,8597.71,8718.2,681801900.0,0.0019438729809774118
2013-05-04T00:00:00.000000,8746.14,8967.09,8745.0,8847.67,805422400.0,0.0019652280072994014
2013-05-07T00:00:00.000000,8888.28,9016.42,8868.53,8997.08,765686100.0,0.0016751838543499957
2013-05-08T00:00:00.000000,8974.17,9072.71,8940.71,9022.9,756093900.0,0.0014949629753088335
2013-05-09T00:00:00.000000,9081.13,9170.83,9039.07,9074.84,716544000.0,0.002597952485455677
2013-05-10T00:00:00.000000,9071.97,9101.58,8959.81,9050.08,833782200.0,0.0013000778311748626
2013-05-11T00:00:00.000000,9011.33,9117.3,8994.44,9071.16,553437400.0,0.0017089422457841094
2013-05-14T00:00:00.000000,9080.88,9110.45,8975.7,9014.28,569610100.0,0.0015345625026826513
2013-05-15T00:00:00.000000,9003.47,9007.22,8773.8,8809.08,637744900.0,0.0015277379409089215
2013-05-16T00:00:00.000000,8823.84,8888.67,8808.35,8869.85,637961400.0,0.0013877994422054126
2013-05-17T00:00:00.000000,8838.94,9060.62,8791.35,9061.33,892848900.0,0.002278508595599093
2013-05-18T00:00:00.000000,9063.17,9264.21,9059.25,9246.28,1084168700.0,0.0016211568165868501
2013-05-21T00:00:00.000000,9274.02,9396.27,9255.69,9307.15,1104765400.0,0.0016127175717781024
2013-05-22T00:00:00.000000,9314.19,9401.76,9292.42,9403.53,903997400.0,0.0015262127871220534
2013-05-23T00:00:00.000000,9400.79,9462.02,9347.93,9405.06,908478500.0,0.0015186124510677358
2013-05-24T00:00:00.000000,9362.73,9445.4,9242.46,9265.68,932385900.0,0.00184633443870871
2013-05-25T00:00:00.000000,9288.05,9365.3,9206.83,9304.86,703691500.0,0.0019974217675891
2013-05-28T00:00:00.000000,9278.22,9323.21,9223.72,9260.63,637644200.0,0.0013664230012173768
2013-05-29T00:00:00.000000,9265.57,9439.28,9199.41,9441.69,954749000.0,0.0019146342865657183
2013-05-30T00:00:00.000000,9456.21,9511.18,9398.67,9404.4,1075052400.0,0.0012032695877048718
2013-05-31T00:00:00.000000,9389.19,9427.75,9340.12,9379.19,734943500.0,0.0011933846630396623
2013-06-01T00:00:00.000000,9402.52,9429.54,9257.99,9257.95,719655600.0,0.0013018294647267458
2013-06-04T00:00:00.000000,9263.47,9345.66,9227.22,9251.24,625998400.0,0.0013842675111366875
2013-06-05T00:00:00.000000,9242.17,9250.68,9091.62,9124.27,701568100.0,0.0014564946432668081
2013-06-06T00:00:00.000000,9135.1,9147.36,9066.28,9143.44,564890200.0,0.0009756993077016915
2013-06-07T00:00:00.000000,9105.43,9147.63,8995.71,9001.09,695195400.0,0.0013221675368559522
2013-06-08T00:00:00.000000,8992.27,9012.16,8728.49,8763.61,852585800.0,0.0017354668230826404
2013-06-14T00:00:00.000000,8642.32,8642.32,8362.02,8432.42,854157900.0,0.0043604871482389816
2013-06-15T00:00:00.000000,8459.05,8501.72,8433.28,8479.46,634205800.0,0.0011380744880788907
2013-06-18T00:00:00.000000,8500.04,8521.03,8357.62,8404.5,682331300.0,0.0017138234180669016
2013-06-19T00:00:00.000000,8433.51,8497.65,8369.2,8470.86,661905400.0,0.0014763641753006223
2013-06-20T00:00:00.000000,8428.65,8431.97,8257.42,8421.24,837915600.0,0.0029887997803233392
2013-06-21T00:00:00.000000,8369.04,8388.43,8138.57,8147.48,694827000.0,0.0017490600531907367
2013-06-22T00:00:00.000000,8012.92,8189.7,7969.96,8136.05,816414300.0,0.0036805956512914865
2013-06-25T00:00:00.000000,8115.84,8115.84,7558.03,7588.52,1253942000.0,0.003921991307512856
2013-06-26T00:00:00.000000,7486.83,7582.37,7045.6,7495.1,1450733900.0,0.006634672848377704
2013-06-27T00:00:00.000000,7543.57,7591.1,7409.25,7566.4,1079987100.0,0.0029058360232105582
2013-06-28T00:00:00.000000,7598.93,7712.4,7552.17,7544.33,1018947100.0,0.002746482572064273
2013-06-29T00:00:00.000000,7508.35,7841.75,7479.9,7694.47,1167118300.0,0.0029492734806968934
2013-07-02T00:00:00.000000,7649.3,7725.92,7544.78,7718.48,1113473500.0,0.002068275319478125
2013-07-03T00:00:00.000000,7724.39,7796.56,7652.66,7768.84,1211419500.0,0.002103208975954455
2013-07-04T00:00:00.000000,7748.59,7748.59,7591.58,7703.74,1199914500.0,0.002325406858893482
2013-07-05T00:00:00.000000,7641.45,7901.91,7597.26,7804.11,1483257900.0,0.0026476917938062063
2013-07-06T00:00:00.000000,7852.63,7968.87,7852.63,7856.59,1226126600.0,0.002916491852243931
2013-07-09T00:00:00.000000,7741.41,7811.0,7634.29,7637.63,1045593100.0,0.0036074262972763923
2013-07-10T00:00:00.000000,7627.44,7684.22,7570.54,7600.47,712300300.0,0.002058627910359408
2013-07-11T00:00:00.000000,7609.4,7846.32,7584.12,7851.25,1185869300.0,0.002174626630496004
2013-07-12T00:00:00.000000,7858.07,8281.55,7849.49,8184.77,2384340500.0,0.0028173668209392263
2013-07-13T00:00:00.000000,8171.01,8218.19,7999.44,8012.84,1686257200.0,0.0025815497852339714
2013-07-16T00:00:00.000000,8072.75,8247.67,8003.99,8137.77,1440669100.0,0.0033560284812387685
2013-07-17T00:00:00.000000,8107.23,8201.08,8050.15,8186.68,1423632100.0,0.002041987113280215
2013-07-18T00:00:00.000000,8161.37,8215.61,8055.99,8063.8,1295555400.0,0.0027489745434349944
2013-07-19T00:00:00.000000,8021.41,8064.02,7887.36,7904.27,1006883200.0,0.0020822366538855185
2013-07-20T00:00:00.000000,7915.14,7937.63,7671.4,7663.99,1426702900.0,0.002584510388500207
2013-07-23T00:00:00.000000,7595.28,7717.72,7566.75,7684.23,894265200.0,0.0024687456098138427
2013-07-24T00:00:00.000000,7737.03,7998.41,7726.06,7963.7,1362268700.0,0.0027724777429335478
2013-07-25T00:00:00.000000,7945.14,7995.32,7817.91,7935.85,1257897300.0,0.0023140417596391486
2013-07-26T00:00:00.000000,7948.95,7996.63,7849.13,7894.6,1472213700.0,0.002729560070987246
2013-07-27T00:00:00.000000,7845.22,7905.4,7787.39,7843.36,1167628600.0,0.002138226245928315
2013-07-30T00:00:00.000000,7772.16,7772.16,7639.16,7668.53,1154389200.0,0.003021853312803643
2013-07-31T00:00:00.000000,7690.45,7858.54,7619.36,7730.17,1136891000.0,0.002684827155422846
2013-08-01T00:00:00.000000,7849.55,7956.41,7748.3,7765.4,1114646500.0,0.003548818655409449
2013-08-02T00:00:00.000000,7817.9,7967.03,7789.93,7931.79,1148475300.0,0.0021203403706570845
2013-08-03T00:00:00.000000,8025.24,8084.9,7957.17,7961.47,1174867100.0,0.0030659353527730296
2013-08-06T00:00:00.000000,7955.38,8060.03,7930.46,8060.39,1054294200.0,0.0014531420414313307
2013-08-07T00:00:00.000000,8033.14,8170.5,7980.4,8143.13,1608096500.0,0.0018870043957790465
2013-08-08T00:00:00.000000,8167.11,8250.87,8084.05,8096.09,1551040900.0,0.0019818677093032446
2013-08-09T00:00:00.000000,8090.66,8170.72,8065.63,8114.87,1125802000.0,0.0014421459939106972
2013-08-10T00:00:00.000000,8159.51,8214.68,8061.61,8145.97,1210717000.0,0.0022498731242614122
2013-08-13T00:00:00.000000,8181.95,8357.82,8173.76,8356.73,1729984800.0,0.002053709927388736
2013-08-14T00:00:00.000000,8353.26,8366.67,8290.22,8362.65,1411668800.0,0.0012640134535921357
2013-08-15T00:00:00.000000,8375.33,8467.78,8303.41,8336.81,1562234100.0,0.0015653757274850485
2013-08-16T00:00:00.000000,8342.63,8383.59,8225.79,8228.87,1075145200.0,0.0013773735977317134
2013-08-17T00:00:00.000000,8204.72,8476.05,8152.69,8168.09,2071038200.0,0.0038760808040416606
2013-08-20T00:00:00.000000,8110.8,8319.53,8104.41,8285.72,1413475000.0,0.0017782576075721466
2013-08-21T00:00:00.000000,8269.82,8357.73,8192.85,8234.56,1334888900.0,0.0018336976667618914
2013-08-22T00:00:00.000000,8264.72,8268.65,8174.22,8236.09,1320213500.0,0.001817765047948939
2013-08-23T00:00:00.000000,8223.16,8325.77,8202.05,8245.04,1092490300.0,0.0014007290125381505
2013-08-24T00:00:00.000000,8281.19,8307.02,8045.8,8166.28,1384900800.0,0.0023485648034231713
2013-08-27T00:00:00.000000,8200.16,8346.7,8180.28,8334.57,1198806400.0,0.0013846685851448817
2013-08-28T00:00:00.000000,8326.61,8352.4,8280.72,8341.77,1033461800.0,0.0013377019340131047
2013-08-29T00:00:00.000000,8286.89,8338.29,8197.4,8259.38,1330737700.0,0.002292949086430777
2013-08-30T00:00:00.000000,8287.24,8306.32,8177.29,8214.49,988331600.0,0.0015128336146355008
2013-08-31T00:00:00.000000,8192.82,8290.39,8163.11,8202.48,1319285300.0,0.001695834064463921
2013-09-03T00:00:00.000000,8214.95,8269.82,8148.17,8243.58,1365427600.0,0.0017151086275780287
2013-09-04T00:00:00.000000,8258.42,8374.31,8245.01,8368.04,1423334600.0,0.001300317314918327
2013-09-05T00:00:00.000000,8354.49,8400.81,8330.52,8344.96,1419517400.0,0.0009223556840168879
2013-09-06T00:00:00.000000,8352.0,8364.07,8274.19,8286.06,1070295700.0,0.001028517950856176
2013-09-07T00:00:00.000000,8277.14,8354.31,8256.12,8280.33,1025930100.0,0.0012035344220158375
2013-09-10T00:00:00.000000,8334.42,8537.92,8319.1,8504.74,2276555600.0,0.0018701998781892866
2013-09-11T00:00:00.000000,8535.54,8634.44,8498.38,8636.63,2343929600.0,0.0014051835187524537
2013-09-12T00:00:00.000000,8636.71,8722.39,8622.26,8675.63,3088703500.0,0.0019238320169550633
2013-09-13T00:00:00.000000,8648.66,8766.35,8627.81,8714.88,2136640400.0,0.0015829572850854698
2013-09-14T00:00:00.000000,8709.05,8766.7,8676.59,8687.54,1551063100.0,0.001451544610400247
2013-09-17T00:00:00.000000,8706.38,8722.49,8627.32,8659.0,1471890500.0,0.0013902300972753695
2013-09-18T00:00:00.000000,8652.5,8652.5,8494.01,8493.78,1510410900.0,0.0017263561027997239
2013-09-19T00:00:00.000000,8463.02,8524.34,8405.23,8480.74,1050167300.0,0.0015899089883196162
2013-09-24T00:00:00.000000,8503.92,8722.59,8503.92,8719.29,1318072300.0,0.0015162858159833217
2013-09-25T00:00:00.000000,8718.27,8718.27,8564.83,8664.8,1597508200.0,0.0017439042559582113
2013-09-26T00:00:00.000000,8638.85,8707.5,8587.37,8613.71,1505755900.0,0.0013851276523690371
2013-09-27T00:00:00.000000,8581.08,8612.33,8415.44,8439.47,1369343000.0,0.0017371325651493936
2013-09-28T00:00:00.000000,8442.14,8515.14,8425.62,8472.29,1123789400.0,0.0012388857667376444
2013-10-01T00:00:00.000000,8485.65,8544.74,8461.66,8514.57,1070437900.0,0.0012918207692912932
2013-10-09T00:00:00.000000,8505.11,8707.05,8461.57,8681.53,1552815600.0,0.0017000266822566666
2013-10-10T00:00:00.000000,8645.63,8675.59,8601.97,8667.77,1173736000.0,0.0014033518674310007
2013-10-11T00:00:00.000000,8686.25,8727.14,8605.42,8685.79,1705138300.0,0.0018805165018609287
2013-10-12T00:00:00.000000,8722.43,8773.18,8661.4,8737.97,1672693600.0,0.0016581737560071108
2013-10-15T00:00:00.000000,8736.76,8815.75,8707.32,8760.1,1529564200.0,0.001274116021001277
2013-10-16T00:00:00.000000,8756.82,8765.55,8627.09,8700.34,1371598500.0,0.001560655395393337
2013-10-17T00:00:00.000000,8664.32,8690.38,8499.59,8542.87,1452856100.0,0.0018061532125542663
2013-10-18T00:00:00.000000,8583.93,8614.95,8503.85,8521.2,1131357500.0,0.0016523418023376417
2013-10-19T00:00:00.000000,8529.56,8629.55,8493.94,8584.87,1017248000.0,0.0014923882911529677
2013-10-22T00:00:00.000000,8611.09,8742.04,8571.79,8739.52,1578871600.0,0.0014788922060192313
2013-10-23T00:00:00.000000,8727.67,8744.8,8596.02,8619.64,1832894700.0,0.001386054798835309
2013-10-24T00:00:00.000000,8640.52,8719.63,8492.69,8512.96,1794777800.0,0.0019487177259468762
2013-10-25T00:00:00.000000,8486.11,8550.86,8423.95,8486.52,1237756300.0,0.002201799770027987
2013-10-26T00:00:00.000000,8488.34,8570.28,8325.87,8379.61,1552657000.0,0.0020678837089885015
2013-10-29T00:00:00.000000,8397.96,8411.81,8297.66,8336.68,1454613300.0,0.0015968892445179504
2013-10-30T00:00:00.000000,8352.17,8504.57,8214.54,8398.92,2263482300.0,0.002698318062724007
2013-10-31T00:00:00.000000,8402.65,8559.77,8377.96,8553.37,1785078600.0,0.0018890623177169926
2013-11-01T00:00:00.000000,8516.15,8549.76,8428.36,8444.41,1827624100.0,0.0017278113440758014
2013-11-02T00:00:00.000000,8433.76,8493.38,8370.87,8451.72,1191715300.0,0.001641167065317032
2013-11-05T00:00:00.000000,8493.31,8524.48,8395.3,8416.93,904210500.0,0.001565631506602546
2013-11-06T00:00:00.000000,8356.07,8460.18,8269.73,8451.73,1044893200.0,0.0022790103791650775
2013-11-07T00:00:00.000000,8408.47,8434.95,8285.85,8287.86,1068287300.0,0.001585232608087148
2013-11-08T00:00:00.000000,8277.89,8300.76,8187.05,8240.25,949308000.0,0.0017666301131916485
2013-11-09T00:00:00.000000,8186.24,8250.04,8126.8,8155.4,930954600.0,0.0017120825888901606
2013-11-12T00:00:00.000000,8142.39,8208.91,8082.24,8168.67,795264300.0,0.0016192831476638094
2013-11-13T00:00:00.000000,8179.04,8298.67,8167.47,8279.31,984229900.0,0.0016176036515591794
2013-11-14T00:00:00.000000,8220.87,8227.99,8103.49,8110.99,877368500.0,0.002060465958359129
2013-11-15T00:00:00.000000,8134.48,8162.62,8054.96,8156.53,918023600.0,0.0015306075603774406
2013-11-16T00:00:00.000000,8163.95,8418.73,8162.78,8305.91,1358069000.0,0.002006667315116988
2013-11-19T00:00:00.000000,8356.91,8526.7,8328.86,8523.75,1537613900.0,0.0015996972410945278
2013-11-20T00:00:00.000000,8517.12,8521.25,8430.73,8461.21,1128082400.0,0.0013852068320375217
2013-11-21T00:00:00.000000,8544.89,8564.21,8435.78,8510.68,1181067200.0,0.0017412592285873728
2013-11-22T00:00:00.000000,8469.53,8501.65,8353.67,8472.02,1505794700.0,0.002066006271716016
2013-11-23T00:00:00.000000,8496.48,8508.6,8405.46,8413.34,1373133100.0,0.0014092673716220808
2013-11-26T00:00:00.000000,8351.83,8479.57,8340.33,8379.55,1089774400.0,0.0016976472591319434
2013-11-27T00:00:00.000000,8364.88,8408.61,8337.19,8365.35,850358000.0,0.0012001485331930711
2013-11-28T00:00:00.000000,8353.08,8478.31,8347.81,8447.46,1075218300.0,0.0016563831023320922
2013-11-29T00:00:00.000000,8471.27,8630.38,8463.89,8548.37,1504600300.0,0.0012910919199531849
2013-11-30T00:00:00.000000,8555.95,8573.35,8520.11,8542.61,981838200.0,0.0009063071823130867
2013-12-03T00:00:00.000000,8459.89,8593.99,8355.99,8376.64,1705473400.0,0.0027826695723651724
2013-12-04T00:00:00.000000,8353.79,8514.92,8340.21,8492.52,1048629800.0,0.001303288627428608
2013-12-05T00:00:00.000000,8482.4,8648.01,8460.06,8600.82,1469728100.0,0.001345166762416172
2013-12-06T00:00:00.000000,8598.42,8629.2,8545.04,8560.79,1306669100.0,0.001290953166234343
2013-12-07T00:00:00.000000,8555.39,8586.15,8491.62,8526.68,946580000.0,0.0010892129604414356
2013-12-10T00:00:00.000000,8562.34,8593.67,8487.89,8519.67,872135100.0,0.0013909788394394274
2013-12-11T00:00:00.000000,8534.35,8597.19,8510.0,8554.17,1351991900.0,0.001303744257315037
2013-12-12T00:00:00.000000,8496.44,8497.86,8365.63,8409.8,1039903300.0,0.0015092248852373237
2013-12-13T00:00:00.000000,8392.81,8443.79,8360.78,8400.65,705457600.0,0.0010159935421325495
2013-12-14T00:00:00.000000,8323.4,8467.28,8317.34,8429.82,729338700.0,0.001339077104138202
2013-12-17T00:00:00.000000,8441.11,8446.34,8271.86,8272.67,1007453000.0,0.001278727442729581
2013-12-18T00:00:00.000000,8282.48,8292.59,8207.32,8213.43,662947000.0,0.000995887457081174
2013-12-19T00:00:00.000000,8220.33,8259.08,8194.0,8236.95,612887900.0,0.001141852973064579
2013-12-20T00:00:00.000000,8263.69,8276.94,8143.78,8147.7,707770500.0,0.0015060282231706347
2013-12-21T00:00:00.000000,8167.46,8175.4,7975.71,7966.72,1068750900.0,0.0019050099603579664
2013-12-24T00:00:00.000000,8005.01,8023.16,7903.08,7989.51,709147300.0,0.0017012895877452847
2013-12-25T00:00:00.000000,8017.25,8125.49,7958.37,8027.43,708322700.0,0.001666120640917029
2013-12-26T00:00:00.000000,8036.84,8119.95,7997.36,8096.37,979332400.0,0.0016543520748750773
2013-12-27T00:00:00.000000,8067.29,8071.73,7887.37,7897.32,862550600.0,0.0017902849403421287
2013-12-28T00:00:00.000000,7911.01,8092.77,7893.76,8048.85,914241800.0,0.0016801853974486546
2013-12-31T00:00:00.000000,8074.69,8080.7,7988.9,7999.3,804612200.0,0.0011432241662305094
2014-01-01T00:00:00.000000,7968.45,8129.26,7959.28,8121.79,832016200.0,0.001727686397636897
2014-01-03T00:00:00.000000,8083.77,8124.56,8048.27,8114.39,720057800.0,0.0012398213649374348
2014-01-04T00:00:00.000000,8077.48,8094.96,7995.59,8028.33,907098400.0,0.0015108290826617357
2014-01-07T00:00:00.000000,8013.37,8013.37,7790.9,7818.46,1000569000.0,0.002498799291495943
2014-01-08T00:00:00.000000,7760.96,7848.36,7752.56,7806.31,649378500.0,0.0013760577091758172
2014-01-09T00:00:00.000000,7816.98,7901.22,7770.38,7802.14,814103900.0,0.0015972799623679445
2014-01-10T00:00:00.000000,7774.33,7875.59,7740.85,7746.74,1050584600.0,0.0013034562026142818
2014-01-11T00:00:00.000000,7721.11,7732.04,7644.92,7648.04,805513600.0,0.0018646620112267565
2014-01-14T00:00:00.000000,7646.46,7697.52,7521.19,7572.56,817835300.0,0.0015011698925629965
2014-01-15T00:00:00.000000,7568.6,7666.11,7543.37,7665.77,1010704100.0,0.0014263979528667031
2014-01-16T00:00:00.000000,7660.66,7697.04,7614.52,7668.8,825065000.0,0.0011726314798021537
2014-01-17T00:00:00.000000,7677.98,7724.4,7647.28,7667.22,859321500.0,0.0011866085726196837
2014-01-18T00:00:00.000000,7637.68,7659.57,7541.27,7544.56,712488300.0,0.001367268278849107
2014-01-21T00:00:00.000000,7526.7,7573.8,7477.79,7524.33,663239900.0,0.00145498317316784
2014-01-22T00:00:00.000000,7528.79,7641.6,7528.79,7593.43,625523100.0,0.0014053987904045324
2014-01-23T00:00:00.000000,7614.08,7820.93,7597.44,7820.45,1216546200.0,0.0017220665887583292
2014-01-24T00:00:00.000000,7818.76,7855.23,7764.48,7788.47,892793600.0,0.0010893228250361123
2014-01-25T00:00:00.000000,7768.68,7908.89,7760.2,7855.14,1055932700.0,0.0013024733991951962
2014-01-28T00:00:00.000000,7810.23,7815.72,7723.6,7752.54,2126963100.0,0.0017001502486257375
2014-01-29T00:00:00.000000,7773.47,7810.8,7679.81,7740.75,1399449000.0,0.0015244805850045293
2014-01-30T00:00:00.000000,7754.49,7790.02,7695.27,7707.59,1033541900.0,0.0009896943656013898
2014-01-31T00:00:00.000000,7704.08,7705.63,7560.54,7572.63,943913100.0,0.0010770299979128773
2014-02-08T00:00:00.000000,7516.89,7615.78,7479.56,7616.57,1156142900.0,0.001564272005692573
2014-02-11T00:00:00.000000,7655.57,7827.39,7651.49,7812.16,1583949400.0,0.0014927375207183626
2014-02-12T00:00:00.000000,7814.07,7877.09,7781.25,7838.12,1691718100.0,0.0013477356864013365
2014-02-13T00:00:00.000000,7835.06,7904.83,7809.94,7902.08,1251656200.0,0.0012573648670596474
2014-02-14T00:00:00.000000,7895.23,7936.75,7846.99,7857.11,1487166300.0,0.0012556990737338785
2014-02-15T00:00:00.000000,7840.96,7895.39,7821.63,7883.75,1068325800.0,0.0010753708994652408
2014-02-18T00:00:00.000000,7924.16,7947.73,7866.3,7943.96,1591424000.0,0.0011476389836250045
2014-02-19T00:00:00.000000,7947.42,7947.42,7808.15,7832.47,1398479500.0,0.0013451744913071998
2014-02-20T00:00:00.000000,7837.41,7967.07,7816.06,7953.94,1913555900.0,0.001311703523749548
2014-02-21T00:00:00.000000,7956.87,7997.02,7836.27,7842.12,2026458600.0,0.0019402820066464401
2014-02-22T00:00:00.000000,7825.54,7859.2,7718.53,7750.56,1327558900.0,0.0012098149676861524
2014-02-25T00:00:00.000000,7697.1,7697.1,7465.91,7542.53,1977338400.0,0.0030323380991926527
2014-02-26T00:00:00.000000,7551.0,7559.8,7272.34,7303.94,2091165100.0,0.0018842559237451687
2014-02-27T00:00:00.000000,7271.19,7349.17,7226.18,7319.61,1884475100.0,0.0020953111921953836
2014-02-28T00:00:00.000000,7353.51,7361.15,7179.17,7188.74,1433310100.0,0.001954211579549584
2014-03-01T00:00:00.000000,7180.53,7366.69,7174.33,7365.93,1224202700.0,0.00201824210308604
2014-03-04T00:00:00.000000,7349.9,7410.66,7335.43,7391.91,1148910200.0,0.0012825590861463235
2014-03-05T00:00:00.000000,7390.67,7390.67,7272.64,7347.11,1300949800.0,0.001738385150973931
2014-03-06T00:00:00.000000,7352.72,7370.63,7279.3,7298.13,947710500.0,0.0012959113356100717
2014-03-07T00:00:00.000000,7282.74,7374.84,7186.7,7352.03,1251348500.0,0.002301288419115023
2014-03-08T00:00:00.000000,7338.75,7382.14,7306.05,7328.48,1048275700.0,0.001453335927275341
2014-03-11T00:00:00.000000,7269.49,7269.49,7114.8,7118.44,1238137500.0,0.002166873572209985
2014-03-12T00:00:00.000000,7103.3,7258.69,7091.3,7212.57,1151380700.0,0.0020042802955063713
2014-03-13T00:00:00.000000,7187.88,7291.55,7139.35,7217.02,1477851800.0,0.0020551118907910244
2014-03-14T00:00:00.000000,7226.23,7335.1,7217.84,7319.29,1177473100.0,0.0016045334999153784
2014-03-15T00:00:00.000000,7287.34,7317.45,7205.18,7239.06,1086163300.0,0.0014292936222534385
2014-03-18T00:00:00.000000,7266.95,7342.34,7257.02,7340.62,857294900.0,0.0011887782138005156
2014-03-19T00:00:00.000000,7347.04,7357.06,7266.58,7273.95,764922100.0,0.0010483972772203883
2014-03-20T00:00:00.000000,7244.39,7244.39,7098.7,7150.12,1187954000.0,0.0017927928930199974
2014-03-21T00:00:00.000000,7134.88,7187.31,6997.63,6998.19,1088576500.0,0.001691006750691843
2014-03-22T00:00:00.000000,6973.09,7261.27,6959.25,7241.57,1593714500.0,0.002530948529388227
2014-03-25T00:00:00.000000,7237.26,7308.15,7180.12,7273.76,1414598200.0,0.0015414888558855794
2014-03-26T00:00:00.000000,7247.11,7318.75,7220.72,7252.35,1289398700.0,0.0018023472597811813
2014-03-27T00:00:00.000000,7270.02,7292.56,7228.91,7244.19,793745500.0,0.0013106833212505184
2014-03-28T00:00:00.000000,7230.63,7276.87,7154.65,7173.02,1017873800.0,0.0017096866381619722
2014-03-29T00:00:00.000000,7165.47,7234.45,7144.07,7165.57,1033601100.0,0.0015485339811140174
2014-04-01T00:00:00.000000,7219.21,7279.57,7146.15,7189.58,762082800.0,0.002766989771422652
2014-04-02T00:00:00.000000,7184.07,7302.74,7177.85,7281.11,729099200.0,0.0012897998550567688
2014-04-03T00:00:00.000000,7292.79,7358.36,7284.12,7333.59,1012739300.0,0.0012159941725309216
2014-04-04T00:00:00.000000,7355.21,7396.85,7280.44,7298.0,992709600.0,0.0015681498368802851
2014-04-05T00:00:00.000000,7281.34,7366.95,7260.13,7367.8,804599000.0,0.0011424002472655668
2014-04-09T00:00:00.000000,7332.41,7526.47,7323.41,7508.66,1300833100.0,0.0013421228374801287
2014-04-10T00:00:00.000000,7510.32,7556.04,7479.62,7511.25,951603300.0,0.00111845094146507
2014-04-11T00:00:00.000000,7534.02,7607.48,7467.19,7563.2,1560859100.0,0.0013275825527109808
2014-04-12T00:00:00.000000,7543.71,7611.15,7528.66,7586.82,1277911200.0,0.0015150348892364611
2014-04-15T00:00:00.000000,7585.13,7618.57,7553.5,7583.28,849553100.0,0.0011022569961815299
2014-04-16T00:00:00.000000,7568.17,7568.17,7438.96,7449.7,1204398800.0,0.001254967378906091
2014-04-17T00:00:00.000000,7430.61,7511.0,7430.24,7468.46,739194900.0,0.0011572748091268454
2014-04-18T00:00:00.000000,7484.16,7512.27,7441.08,7451.04,688538500.0,0.0012498190729695782
2014-04-19T00:00:00.000000,7423.44,7475.72,7380.73,7455.74,620209800.0,0.0016648556955506152
2014-04-22T00:00:00.000000,7412.34,7493.41,7351.19,7353.6,891534900.0,0.0012259651347137242
2014-04-23T00:00:00.000000,7355.63,7392.88,7276.72,7391.22,895603900.0,0.0015632360313052726
2014-04-24T00:00:00.000000,7388.26,7470.15,7379.89,7434.73,757683500.0,0.0012778797052714064
2014-04-25T00:00:00.000000,7426.28,7472.04,7392.16,7419.44,763994400.0,0.0011681430224611763
2014-04-26T00:00:00.000000,7423.59,7459.01,7323.92,7323.65,1128111200.0,0.0012864577612228013
2014-04-29T00:00:00.000000,7324.87,7353.34,7233.71,7240.46,1350446900.0,0.0015636023569998582
2014-04-30T00:00:00.000000,7232.8,7353.02,7215.12,7339.86,797994700.0,0.001649337243716074
2014-05-01T00:00:00.000000,7320.79,7335.47,7279.34,7312.86,616124600.0,0.001094082855594509
2014-05-06T00:00:00.000000,7289.24,7334.39,7214.06,7309.56,660831000.0,0.0017932916158324846
2014-05-07T00:00:00.000000,7282.92,7381.22,7282.92,7311.89,940167700.0,0.0013495113202705831
2014-05-08T00:00:00.000000,7292.01,7292.01,7232.48,7234.69,829283200.0,0.0012990206691875505
2014-05-09T00:00:00.000000,7185.2,7306.79,7157.26,7169.98,801142500.0,0.001995360557472101
2014-05-10T00:00:00.000000,7175.24,7182.42,7093.22,7162.44,853157300.0,0.001405177641598732
2014-05-13T00:00:00.000000,7208.04,7334.47,7175.22,7318.14,1404394100.0,0.0016867011240887901
2014-05-14T00:00:00.000000,7321.66,7362.87,7290.73,7310.31,1086870800.0,0.001159112595138
2014-05-15T00:00:00.000000,7323.86,7369.17,7303.63,7325.52,1009684400.0,0.0010396013527237543
2014-05-16T00:00:00.000000,7309.88,7309.88,7205.71,7213.77,769067900.0,0.0010595227383737513
2014-05-17T00:00:00.000000,7203.82,7261.35,7187.8,7242.17,801162800.0,0.0012665589364894104
2014-05-20T00:00:00.000000,7210.85,7210.85,7105.02,7151.49,688043200.0,0.001819762923589862
2014-05-21T00:00:00.000000,7180.32,7220.33,7130.06,7151.18,644040400.0,0.001234768938378509
2014-05-22T00:00:00.000000,7121.36,7205.24,7075.32,7204.65,649936400.0,0.0019041807529036634
2014-05-23T00:00:00.000000,7201.72,7295.04,7181.04,7183.68,852730800.0,0.0013657178010058682
2014-05-24T00:00:00.000000,7188.56,7246.95,7161.75,7240.92,793331200.0,0.0011587780578284118
2014-05-27T00:00:00.000000,7289.63,7306.61,7233.17,7275.11,741148800.0,0.001596089673333429
2014-05-28T00:00:00.000000,7265.24,7305.96,7253.9,7260.12,575594800.0,0.0007851607937313742
2014-05-29T00:00:00.000000,7263.31,7381.47,7246.09,7380.69,1058828000.0,0.0011527999657962138
2014-05-30T00:00:00.000000,7395.58,7432.35,7340.98,7341.56,947472600.0,0.0010976009954417304
2014-05-31T00:00:00.000000,7344.83,7393.38,7309.02,7364.83,796227400.0,0.0011070806559107052
2014-06-04T00:00:00.000000,7365.61,7399.46,7319.78,7321.52,703963800.0,0.001053248035120508
2014-06-05T00:00:00.000000,7314.97,7314.97,7177.66,7223.13,672207500.0,0.0011733783752572377
2014-06-06T00:00:00.000000,7215.95,7306.76,7205.1,7303.64,593059500.0,0.0010918719461841182
2014-06-07T00:00:00.000000,7270.32,7283.65,7195.13,7235.39,674913700.0,0.0014435018401209514
2014-06-10T00:00:00.000000,7212.47,7301.34,7205.34,7227.24,908281500.0,0.0015361614582440803
2014-06-11T00:00:00.000000,7229.97,7345.54,7229.62,7341.66,940930100.0,0.001661474262181745
2014-06-12T00:00:00.000000,7323.04,7354.49,7307.36,7340.69,779679700.0,0.000956849552103106
2014-06-13T00:00:00.000000,7313.83,7318.75,7280.01,7299.81,798162900.0,0.0008791768913276666
2014-06-14T00:00:00.000000,7293.43,7429.96,7290.14,7401.35,983182300.0,0.0011863476824645661
2014-06-17T00:00:00.000000,7397.05,7433.54,7372.93,7416.99,1099611800.0,0.0009437384431669226
2014-06-18T00:00:00.000000,7400.08,7400.08,7320.72,7331.37,813755300.0,0.0010269649113749122
2014-06-19T00:00:00.000000,7329.94,7351.97,7291.74,7297.4,958924300.0,0.0006565109284668966
2014-06-20T00:00:00.000000,7301.39,7324.64,7148.02,7180.32,948735000.0,0.0013156588410769983
2014-06-21T00:00:00.000000,7181.15,7207.63,7134.54,7195.69,963129600.0,0.0011564640244299499
2014-06-24T00:00:00.000000,7205.89,7253.98,7184.16,7192.87,728106500.0,0.0009774218484886405
2014-06-25T00:00:00.000000,7200.66,7243.32,7185.41,7240.85,601641500.0,0.0007768285513094754
2014-06-26T00:00:00.000000,7238.82,7238.82,7174.6,7217.65,596538600.0,0.0008915333671744421
2014-06-27T00:00:00.000000,7219.17,7306.73,7219.17,7291.88,671736500.0,0.0009146350891710038
2014-06-28T00:00:00.000000,7291.18,7344.79,7270.52,7312.62,776664100.0,0.0007740077249466915
2014-07-01T00:00:00.000000,7312.68,7362.43,7312.68,7343.27,861449100.0,0.0009167869459586978
2014-07-02T00:00:00.000000,7340.59,7350.87,7277.41,7297.49,853045300.0,0.0007533590551202015
2014-07-03T00:00:00.000000,7298.02,7319.35,7258.31,7310.38,1000590800.0,0.0008826932497071655
2014-07-04T00:00:00.000000,7300.25,7362.39,7286.18,7335.54,843025600.0,0.0009482864833906823
2014-07-05T00:00:00.000000,7346.69,7363.16,7318.57,7333.91,812729500.0,0.0009648311618954779
2014-07-08T00:00:00.000000,7336.63,7373.23,7301.57,7321.52,806214900.0,0.0008350527125974638
2014-07-09T00:00:00.000000,7319.29,7358.33,7277.46,7358.33,893354700.0,0.0009026181235846444
2014-07-10T00:00:00.000000,7341.17,7342.32,7192.71,7192.71,1081870800.0,0.0011728085525454966
2014-07-11T00:00:00.000000,7193.22,7218.1,7149.38,7159.63,1129116900.0,0.0009326538829981279
2014-07-12T00:00:00.000000,7158.58,7232.72,7146.45,7206.97,1103499700.0,0.0008855430444755221
2014-07-15T00:00:00.000000,7206.13,7279.15,7180.21,7278.86,999903500.0,0.0007939890958245808
2014-07-16T00:00:00.000000,7278.44,7314.18,7270.12,7304.41,1189676900.0,0.0007539601527041302
2014-07-17T00:00:00.000000,7289.19,7324.68,7251.57,7261.91,1027407400.0,0.0009681825637034139
2014-07-18T00:00:00.000000,7251.15,7251.15,7151.43,7194.74,826989300.0,0.0010072987449491106
2014-07-19T00:00:00.000000,7166.65,7312.83,7159.84,7259.45,933882500.0,0.0012128554457358305
2014-07-22T00:00:00.000000,7264.54,7301.15,7251.35,7274.51,803724600.0,0.0008613892214109502
2014-07-23T00:00:00.000000,7261.37,7384.87,7258.58,7372.65,1092062800.0,0.0009773115059621988
2014-07-24T00:00:00.000000,7362.74,7412.84,7341.56,7375.31,1150279600.0,0.0010302416156353952
2014-07-25T00:00:00.000000,7384.92,7510.42,7384.92,7503.4,2017874700.0,0.001881512670390632
2014-07-26T00:00:00.000000,7528.34,7578.12,7503.62,7578.12,1700543100.0,0.0011453258947838976
2014-07-29T00:00:00.000000,7630.36,7826.79,7630.36,7808.66,2693447500.0,0.0024685548551504075
2014-07-30T00:00:00.000000,7828.35,7895.73,7799.14,7867.04,2259594900.0,0.0011955113486340366
2014-07-31T00:00:00.000000,7867.93,7920.97,7820.8,7853.23,1919825500.0,0.0014177673216916537
2014-08-01T00:00:00.000000,7845.8,7957.46,7821.71,7956.91,1920991400.0,0.0011578757851061397
2014-08-02T00:00:00.000000,7919.78,8021.15,7880.42,7880.98,1970757400.0,0.002094066003388931
2014-08-05T00:00:00.000000,7896.97,8006.91,7892.55,8006.91,1640738300.0,0.0014767136999351497
2014-08-06T00:00:00.000000,8007.47,8032.28,7950.52,8007.76,1759281800.0,0.0015540729284154794
2014-08-07T00:00:00.000000,7962.56,8022.54,7883.08,7995.5,2038228300.0,0.0017960683671521189
2014-08-08T00:00:00.000000,7990.0,8027.51,7869.88,7872.95,1904274500.0,0.0017109022436360799
2014-08-09T00:00:00.000000,7890.88,7929.12,7845.26,7885.33,1503175600.0,0.0012485504862909844
2014-08-12T00:00:00.000000,7902.24,8017.13,7902.24,8009.73,1366957200.0,0.0012025836223753968
2014-08-13T00:00:00.000000,8000.92,8000.92,7933.51,7966.89,1266968800.0,0.001061329538130913
2014-08-14T00:00:00.000000,7967.91,8029.73,7897.8,7980.49,1680441500.0,0.0015751706052306756
2014-08-15T00:00:00.000000,7977.33,7998.91,7887.95,7893.9,1499182800.0,0.0012541244856044814
2014-08-16T00:00:00.000000,7901.19,8012.14,7891.06,7982.07,1683599300.0,0.0011874994104904076
2014-08-19T00:00:00.000000,8018.18,8058.55,7985.89,8045.86,2352190000.0,0.0013748214832215828
2014-08-20T00:00:00.000000,8064.62,8073.22,7994.5,8043.25,1916461100.0,0.0010311067828321129
2014-08-21T00:00:00.000000,8029.51,8060.51,8000.21,8023.07,1787299800.0,0.0010785200369328105
2014-08-22T00:00:00.000000,8021.15,8024.65,7904.07,8010.71,1828346400.0,0.001172016150295381
2014-08-23T00:00:00.000000,8003.53,8074.42,7997.59,8059.4,1412938500.0,0.001111031342363485
2014-08-26T00:00:00.000000,8054.88,8056.21,7925.22,7934.81,1394025800.0,0.0014426634077479847
2014-08-27T00:00:00.000000,7915.33,7946.39,7786.23,7813.98,1314248900.0,0.0015913813590162022
2014-08-28T00:00:00.000000,7809.52,7881.25,7809.52,7841.07,998033800.0,0.0010640481314814162
2014-08-29T00:00:00.000000,7840.39,7854.28,7735.68,7743.54,1085687900.0,0.0012117486235781296
2014-08-30T00:00:00.000000,7758.36,7841.7,7755.47,7841.7,862479000.0,0.0009891133879990216
2014-09-02T00:00:00.000000,7852.91,7944.15,7852.87,7941.16,1321165800.0,0.000834998133612804
2014-09-03T00:00:00.000000,7958.85,8046.71,7923.98,8043.31,1772938600.0,0.0009178519152632998
2014-09-04T00:00:00.000000,8051.09,8136.56,8051.09,8115.87,1789113100.0,0.0013168895112349891
2014-09-05T00:00:00.000000,8141.39,8180.42,8103.2,8176.57,1607249300.0,0.0010069763948807853
2014-09-06T00:00:00.000000,8202.66,8237.42,8158.83,8214.53,2001847200.0,0.001161307676185224
2014-09-10T00:00:00.000000,8220.96,8225.1,8155.83,8201.51,1896255000.0,0.0009216707225866305
2014-09-11T00:00:00.000000,8164.41,8172.12,8109.45,8158.6,1626374000.0,0.0014051835384350801
2014-09-12T00:00:00.000000,8153.52,8251.06,8095.86,8117.92,2064858200.0,0.0015703386738829361
2014-09-13T00:00:00.000000,8104.42,8147.2,8069.68,8146.99,1833862700.0,0.0010049232299847038
2014-09-16T00:00:00.000000,8124.73,8125.23,8051.53,8112.65,1908603500.0,0.0011420182552326337
2014-09-17T00:00:00.000000,8130.22,8143.91,7918.6,7921.07,3046976300.0,0.0018164648091524888
2014-09-18T00:00:00.000000,7951.42,7986.49,7893.1,7981.82,2079515400.0,0.0016238205791971358
2014-09-19T00:00:00.000000,7964.47,8020.36,7942.85,8004.57,1947517200.0,0.001318451208844024
2014-09-20T00:00:00.000000,8006.06,8060.74,7971.22,8047.25,1556667100.0,0.0010665752886619112
2014-09-23T00:00:00.000000,8036.87,8036.87,7886.88,7895.87,1688510600.0,0.0015796917754921976
2014-09-24T00:00:00.000000,7906.47,7974.82,7906.47,7965.89,1335282300.0,0.0012024772237283498
2014-09-25T00:00:00.000000,7944.32,8103.3,7925.38,8100.22,2010591400.0,0.001217511635227119
2014-09-26T00:00:00.000000,8137.33,8167.03,8058.7,8076.51,2187683000.0,0.0016166391057184392
2014-09-27T00:00:00.000000,8050.64,8078.07,8021.27,8072.88,1626338900.0,0.0010955991889461927
2014-09-30T00:00:00.000000,8084.27,8107.15,8045.89,8082.85,1716805100.0,0.0009546999256125996
2014-10-01T00:00:00.000000,8095.27,8100.29,8060.35,8080.35,1448037400.0,0.0006763215981011912
2014-10-09T00:00:00.000000,8134.37,8183.65,8073.72,8183.65,1791187600.0,0.0011562428316927215
2014-10-10T00:00:00.000000,8199.68,8234.92,8131.17,8204.01,2083420400.0,0.0011982047259047645
2014-10-11T00:00:00.000000,8186.33,8260.23,8158.34,8211.54,3155125400.0,0.001255302018786446
2014-10-14T00:00:00.000000,8179.49,8193.36,8092.49,8164.07,2662430100.0,0.001483874315007029
2014-10-15T00:00:00.000000,8150.86,8200.35,8105.54,8139.96,2587438900.0,0.0010376729361371599
2014-10-16T00:00:00.000000,8141.14,8209.9,8086.63,8198.12,2465607500.0,0.001316487439868544
2014-10-17T00:00:00.000000,8156.79,8227.14,8110.69,8110.69,2154747700.0,0.0015266624750331441
2014-10-18T00:00:00.000000,8116.82,8182.83,8015.62,8151.52,1940977000.0,0.0018060427824856406
2014-10-21T00:00:00.000000,8175.68,8219.8,8153.1,8204.2,1417135900.0,0.0011824870669035175
2014-10-22T00:00:00.000000,8197.17,8206.89,8101.6,8106.92,1346025100.0,0.0010876151903711209
2014-10-23T00:00:00.000000,8114.89,8162.84,8059.56,8063.2,1307381200.0,0.0011985387117424936
2014-10-24T00:00:00.000000,8044.71,8077.78,7957.03,7969.16,1878833100.0,0.0013831616332182447
2014-10-25T00:00:00.000000,7982.31,8003.79,7899.54,7921.13,1222229800.0,0.0012685304205921938
2014-10-28T00:00:00.000000,7881.01,7881.01,7803.46,7829.33,1227301000.0,0.0017787999633690525
2014-10-29T00:00:00.000000,7846.87,7988.34,7846.87,7988.34,1518953600.0,0.0010778028955975693
2014-10-30T00:00:00.000000,8010.41,8109.64,7962.03,8090.68,2258360600.0,0.0013599203366031663
2014-10-31T00:00:00.000000,8088.98,8105.72,8034.08,8090.55,2255859800.0,0.001427307938501576
2014-11-01T00:00:00.000000,8109.55,8230.59,8088.26,8225.61,3039431200.0,0.0015924437520868212
2014-11-04T00:00:00.000000,8245.03,8285.16,8202.53,8240.15,2924030300.0,0.001334252750862564
2014-11-05T00:00:00.000000,8231.5,8236.17,8179.34,8206.79,2697313300.0,0.001356661215530801
2014-11-06T00:00:00.000000,8221.95,8248.56,8189.84,8198.57,2551141000.0,0.0011941786171555235
2014-11-07T00:00:00.000000,8206.55,8223.3,8137.42,8211.96,2021682100.0,0.0012634311652149938
2014-11-08T00:00:00.000000,8226.31,8348.88,8183.06,8234.87,2874653400.0,0.0018920414836892847
2014-11-11T00:00:00.000000,8299.42,8410.95,8251.74,8410.22,2827631300.0,0.001616815109470443
2014-11-12T00:00:00.000000,8443.25,8491.12,8243.9,8312.89,3659702200.0,0.002945142886898071
2014-11-13T00:00:00.000000,8287.57,8410.42,8271.84,8410.29,2063361500.0,0.0012881994714065536
2014-11-14T00:00:00.000000,8416.68,8416.81,8288.06,8305.08,2528836900.0,0.0017641547806153603
2014-11-15T00:00:00.000000,8263.97,8343.91,8242.49,8326.9,2157807300.0,0.0016033605946541957
2014-11-18T00:00:00.000000,8358.13,8389.4,8278.12,8283.8,1759396700.0,0.0012205775259718102
2014-11-19T00:00:00.000000,8264.4,8295.98,8173.44,8196.59,1402212100.0,0.0012404540247975728
2014-11-20T00:00:00.000000,8206.78,8265.58,8202.78,8225.07,1359751400.0,0.0009268359792566649
2014-11-21T00:00:00.000000,8210.82,8236.32,8190.4,8205.38,1302427400.0,0.0008009947872802965
2014-11-22T00:00:00.000000,8209.98,8335.59,8194.52,8332.3,1801263100.0,0.001175563013426376
2014-11-25T00:00:00.000000,8498.06,8645.39,8464.61,8577.91,3606025200.0,0.002745641601457975
2014-11-26T00:00:00.000000,8600.31,8694.59,8578.46,8693.43,2815951000.0,0.0014653690126040795
2014-11-27T00:00:00.000000,8712.29,8774.78,8680.86,8763.78,2867553000.0,0.0016222292968912338
2014-11-28T00:00:00.000000,8798.41,8860.43,8743.93,8860.43,3427580300.0,0.001751595396916173
2014-11-29T00:00:00.000000,8837.47,9010.17,8767.12,9002.23,4361532400.0,0.0023067916447894687
2014-12-02T00:00:00.000000,9029.64,9180.64,9028.83,9095.76,4570845300.0,0.0025301521914009666
2014-12-03T00:00:00.000000,9058.32,9433.64,9027.3,9366.95,4132191400.0,0.0025455624383107687
2014-12-04T00:00:00.000000,9448.37,9777.77,9441.83,9643.92,6048145000.0,0.005669389422602338
2014-12-05T00:00:00.000000,9679.59,10040.72,9659.95,10029.83,5017274700.0,0.0030347057441466414
2014-12-06T00:00:00.000000,10164.37,10319.87,9749.14,10067.28,6350059300.0,0.007155852804930022
2014-12-09T00:00:00.000000,10047.12,10587.62,9919.65,10554.57,5926565000.0,0.003598195596834404
2014-12-10T00:00:00.000000,10496.63,11050.85,10042.01,10116.49,7716617800.0,0.0076577425236565655
2014-12-11T00:00:00.000000,10154.53,10567.45,10048.46,10545.51,5146056000.0,0.004978518308216644
2014-12-12T00:00:00.000000,10443.66,10725.77,10387.59,10478.88,4377272300.0,0.004257606948008287
2014-12-13T00:00:00.000000,10451.61,10622.88,10390.02,10462.31,3226616500.0,0.002616855051384746
2014-12-16T00:00:00.000000,10477.45,10531.66,10298.38,10504.23,3372622100.0,0.0025896677574478865
2014-12-17T00:00:00.000000,10486.69,10662.88,10429.56,10668.62,4081631400.0,0.0026848793613759346
2014-12-18T00:00:00.000000,10728.74,10788.97,10533.12,10786.72,4910367000.0,0.0033006244622119448
2014-12-19T00:00:00.000000,10744.27,10812.15,10656.35,10665.18,3813468200.0,0.00263724037007414
2014-12-20T00:00:00.000000,10649.78,10684.6,10382.29,10627.11,4355313400.0,0.0032023749980425705
2014-12-23T00:00:00.000000,10607.58,10742.37,10474.92,10608.51,5196471400.0,0.004218766745519561
2014-12-24T00:00:00.000000,10549.98,10794.19,10490.14,10570.79,4133473300.0,0.0030196677824181986
2014-12-25T00:00:00.000000,10614.12,10627.09,10179.26,10292.52,3493317400.0,0.003392898946598131
2014-12-26T00:00:00.000000,10350.94,10514.64,10296.0,10493.78,3225854200.0,0.002577854023854208
2014-12-27T00:00:00.000000,10505.71,10816.42,10487.91,10802.64,4062721100.0,0.0022199347322564185
2014-12-30T00:00:00.000000,10918.96,10965.29,10665.26,10780.4,4760178500.0,0.0036624834494805654
2014-12-31T00:00:00.000000,10756.58,10866.36,10660.2,10722.26,3433182300.0,0.0035670234750561133
2015-01-01T00:00:00.000000,10723.09,11037.61,10711.33,11014.62,3325888700.0,0.0020149818987787197
2015-01-06T00:00:00.000000,11150.98,11587.28,11150.98,11520.59,5162542500.0,0.003412877744402968
2015-01-07T00:00:00.000000,11424.92,11749.14,11374.51,11667.97,4542654400.0,0.0036424774823107355
2015-01-08T00:00:00.000000,11612.73,11714.78,11505.03,11613.36,3298849600.0,0.0025649844345595097
2015-01-09T00:00:00.000000,11624.59,11656.71,11371.93,11465.14,3199839100.0,0.0027878340324790293
2015-01-10T00:00:00.000000,11424.53,11738.25,11313.25,11324.76,3528251100.0,0.003062881813487064
2015-01-13T00:00:00.000000,11279.73,11376.09,11116.06,11285.18,2987480800.0,0.0031789057827518227
2015-01-14T00:00:00.000000,11250.88,11418.45,11244.42,11355.81,2171780700.0,0.0019548553441190615
2015-01-15T00:00:00.000000,11366.95,11429.31,11153.17,11237.78,2072430500.0,0.0018306914788503747
2015-01-16T00:00:00.000000,11240.84,11483.75,11161.52,11483.68,2250518400.0,0.0023374315276295395
2015-01-17T00:00:00.000000,11496.76,11583.73,11436.28,11532.8,2428947300.0,0.0017427850467450164
2015-01-20T00:00:00.000000,10939.04,11204.49,10634.62,10770.93,3635018600.0,0.006889511035604401
2015-01-21T00:00:00.000000,10761.28,11026.05,10750.85,10996.48,3129028300.0,0.0031421989002309836
2015-01-22T00:00:00.000000,11051.95,11395.1,11000.74,11372.18,3380787400.0,0.002297983331276623
2015-01-23T00:00:00.000000,11358.44,11499.44,11342.08,11471.21,2578460700.0,0.00195318283245757
2015-01-24T00:00:00.000000,11507.44,11554.52,11379.96,11436.29,2559049000.0,0.0023889544192101622
2015-01-27T00:00:00.000000,11564.22,11711.89,11512.01,11686.97,3644339700.0,0.002572386307244885
2015-01-28T00:00:00.000000,11670.24,11705.91,11368.99,11551.87,3801101800.0,0.002615758999263541
2015-01-29T00:00:00.000000,11484.99,11530.09,11309.21,11354.2,2496289900.0,0.0025510419564732027
2015-01-30T00:00:00.000000,11187.3,11319.47,11161.43,11249.04,2513103400.0,0.002251788821520697
2015-01-31T00:00:00.000000,11290.45,11354.09,11132.8,11150.69,2402084300.0,0.0027715672824732743
2015-02-03T00:00:00.000000,10952.14,11140.97,10921.44,10963.14,2304323500.0,0.0028672664426433094
2015-02-04T00:00:00.000000,11077.48,11216.68,10993.55,11209.19,2357997800.0,0.002410914853349929
2015-02-05T00:00:00.000000,11241.98,11364.38,11111.53,11116.55,2363473900.0,0.0017864399056934388
2015-02-06T00:00:00.000000,11367.14,11386.73,11067.12,11065.58,2950180100.0,0.003701381723405037
2015-02-07T00:00:00.000000,11022.49,11054.94,10715.43,10791.1,2412736300.0,0.0025023192270808383
2015-02-10T00:00:00.000000,10792.0,10975.85,10760.05,10868.14,2168973000.0,0.0021970466220904983
2015-02-11T00:00:00.000000,10887.68,11135.02,10875.29,11136.62,2047007900.0,0.001997313626866555
2015-02-12T00:00:00.000000,11174.31,11318.46,11167.12,11265.63,2848550800.0,0.0016921754178749525
2015-02-13T00:00:00.000000,11268.59,11348.32,11185.0,11302.73,2742258900.0,0.0013268343198529716
2015-02-14T00:00:00.000000,11362.0,11564.68,11338.01,11443.05,2695732200.0,0.0018636734711530096
2015-02-17T00:00:00.000000,11474.88,11606.01,11437.74,11595.25,2613898000.0,0.0010465539867849207
2015-02-18T00:00:00.000000,11658.05,11772.15,11644.54,11718.56,2105556500.0,0.0014612845551123849
2015-02-26T00:00:00.000000,11755.18,11755.18,11500.69,11539.7,2042676900.0,0.0017514148347785874
2015-02-27T00:00:00.000000,11526.51,11752.01,11470.43,11750.78,2395450100.0,0.0014833016616942773
2015-02-28T00:00:00.000000,11736.29,11819.42,11719.66,11757.68,2636546000.0,0.0013475580061557612
2015-03-03T00:00:00.000000,11869.96,11955.82,11781.61,11884.02,3416070000.0,0.002038348865481907
2015-03-04T00:00:00.000000,11800.99,11800.99,11515.55,11526.22,3201846500.0,0.0021352512542020686
2015-03-05T00:00:00.000000,11530.94,11688.28,11521.7,11655.08,2935659700.0,0.0016549655143682429
2015-03-06T00:00:00.000000,11597.49,11628.15,11484.8,11566.39,2622809700.0,0.0017792216435575266
2015-03-07T00:00:00.000000,11600.66,11626.11,11381.91,11392.4,2278529800.0,0.0014221204468424606
2015-03-10T00:00:00.000000,11280.02,11547.83,11169.05,11533.23,2522237300.0,0.0026742430476300446
2015-03-11T00:00:00.000000,11501.98,11649.25,11479.28,11556.65,2431857800.0,0.0013497434601035538
2015-03-12T00:00:00.000000,11554.66,11682.54,11491.69,11525.09,2167996600.0,0.0014552528115393407
2015-03-13T00:00:00.000000,11593.69,11645.18,11516.25,11635.59,2732129700.0,0.0012572625733001468
2015-03-14T00:00:00.000000,11680.47,11751.2,11654.19,11713.61,2444469600.0,0.0013884338511830343
2015-03-17T00:00:00.000000,11791.42,12021.82,11748.08,12017.77,3274326100.0,0.001482517268336126
2015-03-18T00:00:00.000000,12083.44,12190.28,12046.8,12169.52,4864784000.0,0.001644640554619534
2015-03-19T00:00:00.000000,12206.72,12505.34,12190.25,12496.24,6268764600.0,0.0016440405001670148
2015-03-20T00:00:00.000000,12549.55,12552.71,12337.68,12429.11,5378432800.0,0.0018983056489179906
2015-03-21T00:00:00.000000,12427.41,12659.83,12387.89,12544.45,5197749100.0,0.0022742808298819345
2015-03-24T00:00:00.000000,12644.19,12813.83,12644.19,12780.32,4818862900.0,0.002253907525387447
2015-03-25T00:00:00.000000,12841.15,12841.45,12495.92,12801.2,5996859500.0,0.0028511949097958884
2015-03-26T00:00:00.000000,12776.0,12841.9,12656.52,12757.09,4840384300.0,0.0019672550988646636
2015-03-27T00:00:00.000000,12703.35,12856.21,12601.75,12712.98,4239751000.0,0.00291755997526258
2015-03-28T00:00:00.000000,12779.33,12930.24,12717.43,12874.42,3408444200.0,0.0016739068398249355
2015-03-31T00:00:00.000000,12917.14,13242.31,12894.49,13193.32,5091949600.0,0.0018043880641171318
2015-04-01T00:00:00.000000,13420.92,13538.29,13106.97,13160.66,5798032200.0,0.004432775904027935
2015-04-02T00:00:00.000000,13187.42,13454.81,13142.4,13394.73,4557533000.0,0.0019445686126007351
2015-04-03T00:00:00.000000,13486.9,13537.38,13235.28,13426.1,4826197100.0,0.0023071940149894856
2015-04-04T00:00:00.000000,13336.87,13502.47,13296.95,13494.64,4401770200.0,0.0019079646518065424
2015-04-08T00:00:00.000000,13626.62,13769.76,13625.26,13768.73,5396595800.0,0.0022409303877288103
2015-04-09T00:00:00.000000,13814.98,13846.55,13513.15,13841.72,5804417100.0,0.0032396189045854782
2015-04-10T00:00:00.000000,13898.49,13914.01,13505.85,13796.73,5967865200.0,0.003702200946677001
2015-04-11T00:00:00.000000,13718.93,14034.28,13650.32,14013.33,4431180100.0,0.0018291856702777722
2015-04-14T00:00:00.000000,14100.35,14175.36,13972.41,14149.5,5397591500.0,0.002037792863806459
2015-04-15T00:00:00.000000,14132.61,14221.51,13920.06,14042.46,5220642900.0,0.0029197902111121722
2015-04-16T00:00:00.000000,14023.4,14023.4,13646.61,13646.61,5804327500.0,0.0026004189461587292
2015-04-17T00:00:00.000000,13549.87,14024.68,13492.77,13967.8,4408096400.0,0.0024364889359678966
2015-04-18T00:00:00.000000,14120.77,14249.47,14039.04,14149.34,6777052800.0,0.0024337069045441513
2015-04-21T00:00:00.000000,14132.83,14288.33,13814.96,13871.6,7788980900.0,0.003962253818246547
2015-04-22T00:00:00.000000,13882.44,14438.78,13882.44,14439.0,6912204800.0,0.0027566683655466462
2015-04-23T00:00:00.000000,14529.24,14756.15,14510.93,14749.13,7282499100.0,0.0021555502247578204
2015-04-24T00:00:00.000000,14842.21,14893.01,14647.14,14743.22,7292388000.0,0.002775772521821615
2015-04-25T00:00:00.000000,14615.54,14771.29,14422.54,14598.69,6653262000.0,0.002380798050071003
2015-04-28T00:00:00.000000,14749.02,14910.31,14644.21,14809.42,6255967600.0,0.0028547481055401593
2015-04-29T00:00:00.000000,14946.95,14979.81,14580.42,14707.25,6357969400.0,0.003208670799242045
2015-04-30T00:00:00.000000,14669.22,14907.96,14542.32,14871.95,5148121200.0,0.002453492804089706
2015-05-01T00:00:00.000000,14909.06,15009.73,14818.64,14818.64,4892133600.0,0.002042587181807038
2015-05-05T00:00:00.000000,14846.48,14958.79,14714.91,14860.53,5243565300.0,0.0023198385461111995
2015-05-06T00:00:00.000000,14831.91,14831.91,14145.5,14233.1,5783131100.0,0.002506969032756203
2015-05-07T00:00:00.000000,14347.55,14569.65,14032.02,14136.17,4579647400.0,0.002814704152981971
2015-05-08T00:00:00.000000,14080.36,14226.08,14027.6,14114.73,3965998800.0,0.002409834527122381
2015-05-09T00:00:00.000000,14271.46,14481.44,14165.07,14481.25,4248725500.0,0.002842524191094656
2015-05-12T00:00:00.000000,14572.82,14946.65,14447.78,14944.88,5193486600.0,0.0021992588428295357
2015-05-13T00:00:00.000000,14975.23,15088.96,14879.6,15066.29,4707712100.0,0.002305724068438006
2015-05-14T00:00:00.000000,15075.02,15245.81,14962.38,15173.09,5559036300.0,0.0023673173605875185
2015-05-15T00:00:00.000000,15210.75,15299.79,15003.72,15024.47,6231068900.0,0.002164243089030801
2015-05-16T00:00:00.000000,14955.41,14955.41,14590.76,14694.95,5172955500.0,0.00286429063892907
2015-05-19T00:00:00.000000,14612.88,14759.09,14564.73,14672.63,3848578500.0,0.0018920661566435679
2015-05-20T00:00:00.000000,14723.21,15173.92,14704.33,15127.38,4524245200.0,0.0020697393022711943
2015-05-21T00:00:00.000000,15206.56,15618.13,15206.56,15337.08,21174060100.0,0.002667081110279751
2015-05-22T00:00:00.000000,15402.95,15872.59,15402.95,15872.53,19681887500.0,0.0026327640775179154
2015-05-23T00:00:00.000000,16084.04,16191.15,15731.01,16045.8,24674055300.0,0.0029960612856904565
2015-05-26T00:00:00.000000,15894.14,16368.91,15810.15,16351.06,24330570800.0,0.0019472213867037856
2015-05-27T00:00:00.000000,16456.23,16904.15,16397.5,16903.47,26873059000.0,0.002786777232433555
2015-05-28T00:00:00.000000,16988.9,17061.92,16610.78,16963.52,26240355800.0,0.003133218993515262
2015-05-29T00:00:00.000000,16953.61,17153.8,15909.1,15912.95,31528569100.0,0.00490004236339147
2015-05-30T00:00:00.000000,15920.33,16386.05,15299.65,16100.45,23196496000.0,0.008394610551472972
2015-06-02T00:00:00.000000,16247.39,16921.07,16245.55,16917.53,20579109500.0,0.0026039943233908645
2015-06-03T00:00:00.000000,17051.22,17485.38,16964.63,17485.58,21882346400.0,0.003424841690125013
2015-06-04T00:00:00.000000,17626.92,17696.48,17098.43,17538.5,22734890500.0,0.00412468939549572
2015-06-05T00:00:00.000000,17579.36,17608.72,16426.31,17501.05,22997052400.0,0.006699496274438078
2015-06-06T00:00:00.000000,17727.86,17901.86,17302.55,17649.09,26060843800.0,0.003987628216181434
2015-06-09T00:00:00.000000,17648.72,17648.72,17145.7,17452.31,25060092500.0,0.0034630795339050074
2015-06-10T00:00:00.000000,17410.64,17609.28,17184.32,17399.0,20971104500.0,0.002326336297321461
2015-06-11T00:00:00.000000,17297.04,17852.36,17165.89,17677.57,21387083600.0,0.0025195176079386684
2015-06-12T00:00:00.000000,17692.9,17889.91,17606.43,17889.69,20697300600.0,0.0020630672399472353
2015-06-13T00:00:00.000000,17978.05,18197.52,17921.91,18098.27,22643324800.0,0.0024480336799475788
2015-06-16T00:00:00.000000,18182.64,18211.76,17668.67,17702.55,24674492900.0,0.003163874191112877
2015-06-17T00:00:00.000000,17502.37,17502.37,16911.91,17075.93,21179438300.0,0.0044330392634164256
2015-06-18T00:00:00.000000,17073.08,17474.08,16564.37,17405.57,18280862700.0,0.0035919011834919263
2015-06-19T00:00:00.000000,17367.13,17442.48,16709.6,16734.84,16411249400.0,0.0029087038379219748
2015-06-20T00:00:00.000000,16386.98,16578.88,15700.49,15725.47,17993011200.0,0.004765253580299873
2015-06-24T00:00:00.000000,15720.32,16047.32,14938.82,16045.99,17772500900.0,0.007179627628867923
2015-06-25T00:00:00.000000,16178.55,16345.75,15867.91,16312.31,20923027800.0,0.0037527310102458042
2015-06-26T00:00:00.000000,16370.0,16399.34,15499.22,15692.44,20283931700.0,0.0037795162049304594
2015-06-27T00:00:00.000000,15196.56,15229.0,14321.05,14398.78,18707188800.0,0.0067694396753763516
2015-06-30T00:00:00.000000,14703.97,14712.16,13250.35,13566.27,22938934800.0,0.007625001967870314
2015-07-01T00:00:00.000000,13274.65,14352.05,12723.16,14337.97,23710776900.0,0.009538636692391612
2015-07-02T00:00:00.000000,14185.1,14696.98,13578.38,13650.82,21115368800.0,0.005762930136446352
2015-07-03T00:00:00.000000,13655.73,13732.49,12727.23,12924.19,19924771900.0,0.009950733380638755
2015-07-04T00:00:00.000000,12475.61,13154.13,11953.08,12246.06,19909790600.0,0.009555652480826125
2015-07-07T00:00:00.000000,13140.14,13140.14,11584.47,12075.77,25151426000.0,0.01145843389887472
2015-07-08T00:00:00.000000,11660.56,11767.66,11282.62,11375.6,17632029400.0,0.0051345846253514
2015-07-09T00:00:00.000000,10870.14,11112.62,10850.38,11040.89,21793516400.0,0.007030370025702852
2015-07-10T00:00:00.000000,10953.33,11513.36,10933.0,11510.34,12256264700.0,0.003767860992999758
2015-07-11T00:00:00.000000,11733.45,12062.9,11696.77,12038.15,10722152500.0,0.004841115035242238
2015-07-14T00:00:00.000000,12367.62,12658.07,12261.25,12614.16,14980580000.0,0.005520268197178295
2015-07-15T00:00:00.000000,12796.49,13091.93,12635.2,12728.51,17074641400.0,0.00490492774427498
2015-07-16T00:00:00.000000,12783.08,12792.31,12093.9,12132.42,20343830900.0,0.0035386922187261075
2015-07-17T00:00:00.000000,11963.35,12600.65,11637.47,12357.61,17690151300.0,0.008501359977342594
2015-07-18T00:00:00.000000,12460.51,13097.45,12435.6,13004.96,17550422700.0,0.003643486852748038
2015-07-21T00:00:00.000000,13115.48,13427.86,12942.95,13202.4,20021075500.0,0.005054748790015294
2015-07-22T00:00:00.000000,13038.15,13436.91,12928.13,13315.56,16781159600.0,0.0035861966286166135
2015-07-23T00:00:00.000000,13307.93,13482.04,13098.81,13416.54,18155628900.0,0.003139030231415709
2015-07-24T00:00:00.000000,13432.61,13792.37,13356.06,13754.53,20440989500.0,0.0021509459131864
2015-07-25T00:00:00.000000,13789.31,13970.84,13424.18,13518.51,22197722500.0,0.0037288960717287776
2015-07-28T00:00:00.000000,13242.69,13579.64,12488.37,12493.05,20235229500.0,0.005653238832717104
2015-07-29T00:00:00.000000,11986.25,12676.27,11719.0,12316.78,21371749700.0,0.010189368896671982
2015-07-30T00:00:00.000000,12472.28,12822.77,12078.32,12823.07,15729210500.0,0.005479117401466624
2015-07-31T00:00:00.000000,12766.34,12988.56,12382.3,12395.92,15929774200.0,0.00507324154473175
2015-08-01T00:00:00.000000,12228.41,12580.96,12213.46,12374.25,12737083500.0,0.003528747534783984
2015-08-04T00:00:00.000000,12178.57,12305.61,11909.01,12161.58,13716421900.0,0.003798824702546315
2015-08-05T00:00:00.000000,12163.12,12711.26,12105.94,12711.56,14047305000.0,0.0031468776148018906
2015-08-06T00:00:00.000000,12694.57,12842.31,12447.04,12524.69,13710653000.0,0.003794009143548183
2015-08-07T00:00:00.000000,12274.72,12595.12,12231.89,12421.85,9998794600.0,0.003920810168922309
2015-08-08T00:00:00.000000,12543.66,12769.13,12522.47,12753.05,12501597900.0,0.0030819109050303117
2015-08-11T00:00:00.000000,12877.31,13373.3,12821.89,13302.96,17107693100.0,0.0024761775193404612
2015-08-12T00:00:00.000000,13316.89,13508.3,13240.09,13323.08,18391858900.0,0.003187094964145012
2015-08-13T00:00:00.000000,13201.54,13396.34,13117.81,13117.1,14272457300.0,0.002604879553842436
2015-08-14T00:00:00.000000,13069.98,13392.4,12962.0,13395.18,14583358900.0,0.0028899925452262674
2015-08-15T00:00:00.000000,13497.16,13606.33,13378.59,13445.87,16823444900.0,0.0025416060329437355
2015-08-18T00:00:00.000000,13417.33,13585.96,13309.54,13573.9,17515518100.0,0.0023749134346279567
2015-08-19T00:00:00.000000,13608.52,13652.54,12634.95,12683.85,20802650700.0,0.004834184541373361
2015-08-20T00:00:00.000000,12328.6,13028.5,12049.92,12960.66,17281511700.0,0.007051880328751882
2015-08-21T00:00:00.000000,12864.84,13040.36,12582.24,12584.58,14930704500.0,0.003970276674035586
2015-08-22T00:00:00.000000,12355.27,12511.42,11891.84,11902.05,14444057600.0,0.005733410699827112
2015-08-25T00:00:00.000000,11399.66,11446.1,10964.09,10970.29,11638609000.0,0.008318981582180661
2015-08-26T00:00:00.000000,10212.47,10529.92,10168.42,10197.94,13481638200.0,0.010933601164674712
2015-08-27T00:00:00.000000,10199.9,10559.24,9776.21,9899.72,17861007500.0,0.008403245420532265
2015-08-28T00:00:00.000000,10076.09,10248.76,9713.99,10254.35,15104144400.0,0.0072767503152723605
2015-08-29T00:00:00.000000,10397.97,10826.19,10311.37,10800.0,17803540000.0,0.004155170290203083
2015-09-01T00:00:00.000000,10706.23,10706.23,10398.33,10549.16,15046174100.0,0.003896624761525027
2015-09-02T00:00:00.000000,10388.5,10388.5,9954.58,10162.52,15006637500.0,0.005590519682472111
2015-09-03T00:00:00.000000,9694.48,10319.49,9682.71,10054.8,15482730300.0,0.008431742690051404
2015-09-08T00:00:00.000000,10121.83,10404.22,9933.54,9991.76,12797444100.0,0.005150119475347691
2015-09-09T00:00:00.000000,9898.64,10341.3,9763.95,10320.23,10677755100.0,0.0040597289249418205
2015-09-10T00:00:00.000000,10367.35,10702.18,10335.02,10620.13,16809304000.0,0.003449822088159269
2015-09-11T00:00:00.000000,10449.93,10618.87,10406.02,10424.65,11409284100.0,0.003687498301657043
2015-09-12T00:00:00.000000,10408.41,10555.62,10332.41,10463.69,9452023200.0,0.002692654978275671
2015-09-15T00:00:00.000000,10517.68,10544.28,9739.42,9778.23,12542482200.0,0.0045640187937456365
2015-09-16T00:00:00.000000,9533.45,9719.66,9259.65,9290.81,10495789400.0,0.005289019339706244
2015-09-17T00:00:00.000000,9330.76,9933.83,9297.2,9890.43,12125076600.0,0.004172451224420057
2015-09-18T00:00:00.000000,9872.04,10147.18,9740.36,9739.89,14234900400.0,0.0043247127849839135
2015-09-19T00:00:00.000000,9806.72,9914.59,9691.06,9850.77,9573024800.0,0.003985184834185766
2015-09-22T00:00:00.000000,9732.12,10176.55,9701.33,10176.73,11807314100.0,0.0033592062583142563
2015-09-23T00:00:00.000000,10200.55,10357.42,10121.74,10238.69,13421347600.0,0.0028535819075501925
2015-09-24T00:00:00.000000,10071.33,10250.45,10040.95,10132.3,11669597600.0,0.0034918594340068846
2015-09-25T00:00:00.000000,10178.1,10288.18,10124.13,10238.04,10659202000.0,0.00215634345840343
2015-09-26T00:00:00.000000,10184.88,10249.24,9835.84,9904.76,11118568600.0,0.00369013219455603
2015-09-29T00:00:00.000000,9919.56,10124.31,9796.93,10115.55,7695937200.0,0.002373619524126624
2015-09-30T00:00:00.000000,9962.58,10070.25,9873.78,9949.92,8559994200.0,0.0032136136266117878
2015-10-01T00:00:00.000000,10004.8,10048.86,9890.71,9988.25,7186872100.0,0.0022903034402755574
2015-10-09T00:00:00.000000,10332.24,10477.21,10265.0,10394.73,11595488200.0,0.004908221655746699
2015-10-10T00:00:00.000000,10386.81,10589.52,10363.98,10540.19,11798718200.0,0.0016967081523730533
2015-10-13T00:00:00.000000,10599.88,11069.68,10593.54,10961.36,17241547000.0,0.0026279480757644483
2015-10-14T00:00:00.000000,10885.11,11073.0,10850.72,11042.13,14021320100.0,0.002037039208870413
2015-10-15T00:00:00.000000,10997.08,11095.34,10880.11,10901.48,14207687900.0,0.002647127707655576
2015-10-16T00:00:00.000000,10862.11,11229.29,10862.11,11229.38,15267837300.0,0.0021882101122361057
2015-10-17T00:00:00.000000,11301.94,11384.24,11172.04,11374.83,18028363900.0,0.002549081260124851
2015-10-20T00:00:00.000000,11426.52,11498.24,11245.01,11391.01,17822770300.0,0.002714150575066632
2015-10-21T00:00:00.000000,11372.18,11596.75,11335.78,11597.08,16290520400.0,0.0021371356860711067
2015-10-22T00:00:00.000000,11592.2,11641.89,10872.57,10915.99,21033867100.0,0.005086770475497708
2015-10-23T00:00:00.000000,10921.18,11320.01,10910.88,11305.1,15982591900.0,0.003973374314467401
2015-10-24T00:00:00.000000,11397.2,11653.09,11345.53,11603.46,19169302300.0,0.0029578505538715963
2015-10-27T00:00:00.000000,11765.65,11789.02,11534.83,11687.77,19230298700.0,0.003540193415813228
2015-10-28T00:00:00.000000,11588.94,11820.72,11229.1,11758.41,18698140000.0,0.004600981674670461
2015-10-29T00:00:00.000000,11689.29,11834.07,11446.43,11494.35,17271676600.0,0.0030733470059849566
2015-10-30T00:00:00.000000,11565.71,11694.78,11406.1,11566.66,13828731800.0,0.0028940413907936474
2015-10-31T00:00:00.000000,11542.01,11711.04,11369.4,11546.05,14201425600.0,0.0026224711321317564
2015-11-03T00:00:00.000000,11306.2,11637.99,11266.04,11304.88,13365970400.0,0.0038268185083229376
2015-11-04T00:00:00.000000,11341.3,11416.84,11200.6,11288.14,10526160200.0,0.0027353258770952144
2015-11-05T00:00:00.000000,11351.25,11884.28,11351.25,11884.9,17193645600.0,0.002531514578377934
2015-11-06T00:00:00.000000,11908.69,12091.53,11853.46,11939.81,23685082400.0,0.0030616405422043066
2015-11-07T00:00:00.000000,11952.51,12292.42,11952.51,12273.35,20046271600.0,0.002256332315418401
2015-11-10T00:00:00.000000,12227.41,12538.35,12145.06,12453.24,22435058400.0,0.0027570591599731372
2015-11-11T00:00:00.000000,12390.53,12597.16,12349.03,12500.53,20924861700.0,0.002718481081728831
2015-11-12T00:00:00.000000,12509.53,12687.2,12445.29,12677.54,19756941200.0,0.0021076666876839144
2015-11-13T00:00:00.000000,12735.5,12758.67,12483.34,12635.39,20131624900.0,0.0029044116117309788
2015-11-14T00:00:00.000000,12492.94,12574.96,12272.38,12402.04,17777305900.0,0.0035740012446518203
2015-11-17T00:00:00.000000,12180.99,12614.06,12171.66,12620.38,14015520000.0,0.0029496753314957615
2015-11-18T00:00:00.000000,12744.79,12827.2,12478.97,12511.55,20803719900.0,0.002951296315260923
2015-11-19T00:00:00.000000,12516.14,12580.91,12257.04,12283.76,15752279100.0,0.002922120541939799
2015-11-20T00:00:00.000000,12326.16,12605.71,12309.79,12609.84,14926820000.0,0.0022610568697368962
2015-11-21T00:00:00.000000,12650.25,12766.26,12565.8,12702.03,18656795900.0,0.0021831254226035986
2015-11-24T00:00:00.000000,12699.15,12806.32,12539.98,12586.69,16743816700.0,0.0022271595423053884
2015-11-25T00:00:00.000000,12580.72,12693.3,12438.92,12694.86,13325454000.0,0.002110514679956424
2015-11-26T00:00:00.000000,12696.13,12904.79,12666.19,12893.23,15373971100.0,0.0016003550376029554
2015-11-27T00:00:00.000000,12952.0,12970.47,12747.89,12767.5,17142048100.0,0.002004950789458676
2015-11-28T00:00:00.000000,12697.51,12733.45,11880.32,11961.7,18689965000.0,0.004954932523143883
2015-12-01T00:00:00.000000,11991.7,12121.22,11455.5,12037.86,15745812500.0,0.005159181080009817
2015-12-02T00:00:00.000000,12022.84,12205.74,11938.63,12081.17,12806756100.0,0.0030979807314946177
2015-12-03T00:00:00.000000,12068.98,12188.01,11830.99,12186.27,14030739800.0,0.003322372857562868
2015-12-04T00:00:00.000000,12205.44,12444.75,12205.44,12447.38,13058913000.0,0.0021079223668423264
2015-12-05T00:00:00.000000,12384.5,12474.46,12268.49,12329.18,12892731000.0,0.002289491158884407
2015-12-08T00:00:00.000000,12351.41,12467.85,12262.13,12443.05,11375440500.0,0.0017828744272487497
2015-12-09T00:00:00.000000,12371.11,12371.11,12151.15,12164.97,11766601800.0,0.0023209383236551355
2015-12-10T00:00:00.000000,12112.2,12257.47,12091.76,12179.83,10852716500.0,0.0017412006646885041
2015-12-11T00:00:00.000000,12180.77,12318.04,12158.65,12181.03,11066786300.0,0.0020856955431553053
2015-12-12T00:00:00.000000,12120.6,12228.29,12051.44,12134.02,9761122500.0,0.0022088139461678507
2015-12-15T00:00:00.000000,12023.81,12400.59,12004.49,12400.59,11176339300.0,0.002037466137664134
2015-12-16T00:00:00.000000,12412.47,12553.79,12412.47,12495.25,11490460400.0,0.0016148618838237822
2015-12-17T00:00:00.000000,12533.11,12595.12,12471.09,12511.03,11434240800.0,0.00160766973741418
2015-12-18T00:00:00.000000,12602.67,12825.47,12602.67,12825.48,16985992000.0,0.0018196778038594768
2015-12-19T00:00:00.000000,12825.02,12904.08,12763.43,12830.25,15087351600.0,0.0017798581236508218
2015-12-22T00:00:00.000000,12824.43,13047.13,12816.72,13028.31,16207975700.0,0.0013593740657666248
2015-12-23T00:00:00.000000,13064.69,13138.87,12980.38,13139.13,15376876800.0,0.001375801047126761
2015-12-24T00:00:00.000000,13142.53,13187.05,12974.63,13007.87,16251769100.0,0.0018238962701131562
2015-12-25T00:00:00.000000,12977.25,13003.78,12770.36,12932.37,11823065900.0,0.0019916592472335095
2015-12-26T00:00:00.000000,12960.26,13012.74,12898.47,12980.57,10433295700.0,0.001336397641224867
2015-12-29T00:00:00.000000,13025.66,13064.5,12687.33,12686.34,13564341200.0,0.0027331093149325345
2015-12-30T00:00:00.000000,12676.61,12806.11,12598.11,12806.16,10122319100.0,0.0019213306274750571
2015-12-31T00:00:00.000000,12826.48,12899.94,12768.17,12889.83,10914942700.0,0.0012806479639583237
2016-01-01T00:00:00.000000,12893.12,12921.71,12664.53,12664.89,10239044800.0,0.0017218651088814962
2016-01-05T00:00:00.000000,12650.72,12659.41,11626.04,11626.04,10584326600.0,0.004924038427316844
2016-01-06T00:00:00.000000,11116.9,11687.48,11063.64,11468.06,15180381800.0,0.007018146516914635
2016-01-07T00:00:00.000000,11520.77,11730.48,11413.98,11724.88,13403484200.0,0.0028372507459952677
2016-01-08T00:00:00.000000,11504.9,11504.9,10749.98,10749.98,3789313000.0,0.006473297630324891
2016-01-09T00:00:00.000000,11008.89,11121.78,10376.29,10888.91,14927702700.0,0.006610126073217423
2016-01-12T00:00:00.000000,10656.87,10809.57,10212.46,10212.46,14181469900.0,0.005385657244661219
2016-01-13T00:00:00.000000,10243.57,10414.94,10065.09,10293.7,11375736800.0,0.004489682653329616
2016-01-14T00:00:00.000000,10347.08,10434.3,9978.89,9978.82,10842139300.0,0.0038246218493929256
2016-01-15T00:00:00.000000,9678.22,10357.95,9668.9,10344.94,11864886600.0,0.006040989039111113
2016-01-16T00:00:00.000000,10268.95,10363.82,9940.89,9997.92,11436611100.0,0.004196396397433869
2016-01-19T00:00:00.000000,9807.25,10273.59,9807.25,10155.96,9738939200.0,0.003939704387491571
2016-01-20T00:00:00.000000,10137.38,10519.67,10105.55,10501.79,11757726500.0,0.002657566525563388
2016-01-21T00:00:00.000000,10434.36,10554.04,10297.82,10366.85,11307063800.0,0.002553275250387028
2016-01-22T00:00:00.000000,10207.42,10475.51,9976.59,9975.97,10193567800.0,0.00441150365137827
2016-01-23T00:00:00.000000,10095.43,10171.92,9837.74,10111.57,8581630300.0,0.0036273516870971977
2016-01-26T00:00:00.000000,10194.75,10291.5,10103.65,10192.53,7851714300.0,0.0025177201595192435
2016-01-27T00:00:00.000000,10079.22,10104.47,9463.31,9483.55,10868260100.0,0.005034031823370876
2016-01-28T00:00:00.000000,9525.61,9556.83,8986.52,9422.43,11379370200.0,0.006016913502910609
2016-01-29T00:00:00.000000,9309.87,9430.56,9045.5,9082.59,8611429100.0,0.003647363000162862
2016-01-30T00:00:00.000000,9077.11,9491.06,9056.04,9418.2,9144873400.0,0.0029197489355205306
2016-02-02T00:00:00.000000,9389.62,9457.43,9196.15,9322.01,7581400400.0,0.0028509356632084844
2016-02-03T00:00:00.000000,9332.69,9646.95,9332.69,9610.93,8341474100.0,0.0022012345864937956
2016-02-04T00:00:00.000000,9509.5,9679.54,9453.16,9638.87,7861031200.0,0.002888299727181512
2016-02-05T00:00:00.000000,9667.91,9844.02,9667.91,9793.07,8888329400.0,0.002009231414147453
2016-02-06T00:00:00.000000,9802.25,9830.08,9670.02,9673.48,7172992000.0,0.0015608855661838274
2016-02-16T00:00:00.000000,9385.52,9725.18,9385.52,9668.84,6880588700.0,0.004735512622188845
2016-02-17T00:00:00.000000,9727.76,10071.02,9727.76,10045.37,10393003400.0,0.00237837996226314
2016-02-18T00:00:00.000000,10043.69,10178.55,9982.17,10161.77,12036444200.0,0.0021553163449460296
2016-02-19T00:00:00.000000,10231.26,10273.63,10099.1,10116.4,11835971900.0,0.0021579221690263416
2016-02-20T00:00:00.000000,10091.68,10225.99,10066.04,10162.32,9412436900.0,0.0019171459313642167
2016-02-23T00:00:00.000000,10290.05,10371.14,10239.58,10370.99,12302485000.0,0.0023465401555790824
2016-02-24T00:00:00.000000,10374.36,10397.52,10171.68,10299.67,11393096400.0,0.002106179301424318
2016-02-25T00:00:00.000000,10256.39,10355.32,10100.5,10307.63,10798458500.0,0.0023921029601310603
2016-02-26T00:00:00.000000,10290.96,10290.96,9510.1,9551.08,13723384800.0,0.004177185131799425
2016-02-27T00:00:00.000000,9625.37,9676.24,9392.67,9573.7,10160069300.0,0.003558657205054544
2016-03-01T00:00:00.000000,9528.72,9528.72,9000.89,9097.36,11115359200.0,0.006025048255554905
2016-03-02T00:00:00.000000,9116.56,9384.31,9011.51,9322.0,10931032600.0,0.0030771658238032207
2016-03-03T00:00:00.000000,9308.49,9781.91,9308.49,9766.37,14723119200.0,0.0024675061850923555
2016-03-04T00:00:00.000000,9770.74,9946.94,9749.0,9762.01,15891609700.0,0.002678087863328644
2016-03-05T00:00:00.000000,9721.23,9797.56,9447.11,9536.71,14247905200.0,0.004009917381582385
2016-03-08T00:00:00.000000,9642.25,9805.37,9614.69,9703.83,10452801500.0,0.003306918032076902
2016-03-09T00:00:00.000000,9690.57,9732.59,9348.76,9732.73,11825908400.0,0.004237435413693249
2016-03-10T00:00:00.000000,9525.26,9672.49,9466.49,9523.14,9051707700.0,0.0045983667121517495
2016-03-11T00:00:00.000000,9526.19,9600.23,9383.07,9390.35,7366544500.0,0.0026382734388111675
2016-03-12T00:00:00.000000,9286.53,9430.95,9254.24,9363.41,6240010300.0,0.002785892575555711
2016-03-15T00:00:00.000000,9466.42,9763.37,9466.42,9665.13,10489941600.0,0.0028597577135607323
2016-03-16T00:00:00.000000,9636.63,9677.48,9536.27,9574.19,8425789600.0,0.0018862978358529438
2016-03-17T00:00:00.000000,9629.82,9661.93,9418.55,9469.03,7481213500.0,0.0022921878056521862
2016-03-18T00:00:00.000000,9515.63,9820.99,9511.71,9791.85,11567939800.0,0.0022231701540950167
2016-03-19T00:00:00.000000,9841.04,10170.69,9833.11,10126.59,16597880000.0,0.0023164580011527844
2016-03-22T00:00:00.000000,10255.9,10393.62,10234.65,10394.14,17991783700.0,0.002848081501479367
2016-03-23T00:00:00.000000,10308.91,10435.13,10254.69,10344.08,13933984000.0,0.0025620520110072923
2016-03-24T00:00:00.000000,10317.93,10442.38,10277.25,10442.38,12078402700.0,0.0021020065235440835
2016-03-25T00:00:00.000000,10346.56,10473.22,10263.56,10283.68,13245422000.0,0.0028186255602700027
2016-03-26T00:00:00.000000,10256.41,10371.52,10223.16,10339.68,10315416900.0,0.001780113241512559
2016-03-29T00:00:00.000000,10399.17,10494.2,10248.27,10276.84,11723758600.0,0.002373470962254429
2016-03-30T00:00:00.000000,10259.71,10279.0,10024.06,10094.71,10071625100.0,0.003010743422642138
2016-03-31T00:00:00.000000,10187.64,10445.69,10187.64,10445.69,11206533700.0,0.0024914326206246897
2016-04-01T00:00:00.000000,10494.52,10552.58,10426.45,10455.37,12123518500.0,0.001964310896035372
2016-04-02T00:00:00.000000,10410.68,10442.3,10224.37,10379.65,10268415800.0,0.0021973628558084298
2016-04-06T00:00:00.000000,10393.65,10656.15,10373.54,10640.27,13028092200.0,0.0018467575308172353
2016-04-07T00:00:00.000000,10604.23,10696.03,10570.14,10683.86,12424461900.0,0.0016252543411357835
2016-04-08T00:00:00.000000,10719.27,10743.23,10504.88,10504.88,12798364200.0,0.002171056189894899
2016-04-09T00:00:00.000000,10425.01,10457.01,10288.8,10413.54,10586494200.0,0.0023182165396004803
2016-04-12T00:00:00.000000,10513.87,10667.04,10513.87,10609.59,12084067200.0,0.0022475654752892845
2016-04-13T00:00:00.000000,10600.8,10624.59,10430.31,10533.41,10155725500.0,0.0017319014186158467
2016-04-14T00:00:00.000000,10599.22,10810.41,10599.22,10684.92,16664272500.0,0.002065029453978993
2016-04-15T00:00:00.000000,10741.65,10771.96,10651.92,10771.61,12297189900.0,0.0016757579778343263
2016-04-16T00:00:00.000000,10774.49,10784.6,10680.74,10733.64,10270450800.0,0.0012943058131197488
2016-04-19T00:00:00.000000,10665.44,10665.44,10508.98,10568.93,9748426700.0,0.002180578715719799
2016-04-20T00:00:00.000000,10618.84,10649.25,10531.54,10602.46,8583123900.0,0.0017274138533620164
2016-04-21T00:00:00.000000,10632.07,10647.09,10011.57,10164.74,14763141800.0,0.004249561001965704
2016-04-22T00:00:00.000000,10120.11,10242.36,10049.35,10058.8,10634448900.0,0.0023874352221089916
2016-04-23T00:00:00.000000,9995.12,10151.76,9976.05,10151.76,8287133100.0,0.0019089874723781537
2016-04-26T00:00:00.000000,10122.13,10137.75,9986.39,10106.79,7316630300.0,0.0020315788323057257
2016-04-27T00:00:00.000000,10095.96,10209.9,10076.74,10209.9,6966016200.0,0.0014836616171214458
2016-04-28T00:00:00.000000,10221.83,10279.09,10159.5,10174.16,7461746600.0,0.0011724162044186427
2016-04-29T00:00:00.000000,10178.24,10198.95,9990.67,10149.91,7639610500.0,0.0020377741123073314
2016-04-30T00:00:00.000000,10111.61,10196.92,10100.18,10141.54,6259125600.0,0.0012918497320571125
2016-05-04T00:00:00.000000,10144.15,10441.92,10105.8,10441.92,9684841400.0,0.001409508381187685
2016-05-05T00:00:00.000000,10401.68,10498.32,10389.77,10422.8,9321652600.0,0.0012655682530889744
2016-05-06T00:00:00.000000,10403.55,10480.22,10372.22,10474.01,8057244600.0,0.001244774967059942
2016-05-07T00:00:00.000000,10473.3,10501.44,10100.54,10100.53,11930742900.0,0.0025525273350171344
2016-05-10T00:00:00.000000,10018.44,10018.44,9747.87,9790.48,9558443100.0,0.003369003473834625
2016-05-11T00:00:00.000000,9770.26,9836.98,9738.52,9793.21,6420816900.0,0.0018240442064509609
2016-05-12T00:00:00.000000,9848.36,9904.53,9743.08,9781.15,7257788000.0,0.0019378928729766889
2016-05-13T00:00:00.000000,9663.49,9801.2,9544.42,9796.58,7287382600.0,0.0037465337753384794
2016-05-14T00:00:00.000000,9768.37,9880.69,9710.17,9759.27,6492630100.0,0.0015488614544802886
2016-05-17T00:00:00.000000,9729.55,9906.16,9692.49,9910.08,6981685400.0,0.0016572033734321096
2016-05-18T00:00:00.000000,9918.61,10007.38,9839.86,9908.79,8401893700.0,0.0016602391673256158
2016-05-19T00:00:00.000000,9835.43,9835.43,9591.18,9694.78,8536288100.0,0.00279309101843684
2016-05-20T00:00:00.000000,9684.57,9847.22,9684.57,9733.74,7484068300.0,0.0016512818128569177
2016-05-21T00:00:00.000000,9657.4,9814.33,9628.98,9816.75,6952699800.0,0.002113624558261507
2016-05-24T00:00:00.000000,9839.76,9937.83,9839.76,9918.16,7719242400.0,0.0014708417225561489
2016-05-25T00:00:00.000000,9902.16,9902.16,9765.65,9821.7,7134174100.0,0.0014523877225237106
2016-05-26T00:00:00.000000,9883.83,9930.81,9756.52,9784.6,7046710400.0,0.001716982798863778
2016-05-27T00:00:00.000000,9765.69,9822.77,9605.45,9826.15,7762553400.0,0.002098896087199325
2016-05-28T00:00:00.000000,9798.74,9878.74,9775.22,9813.63,7658124000.0,0.0014693003006675382
2016-05-31T00:00:00.000000,9757.0,9847.7,9681.24,9768.84,6313756400.0,0.002082169765693087
2016-06-01T00:00:00.000000,9786.39,10158.12,9786.39,10159.93,12771671800.0,0.002004863987085557
2016-06-02T00:00:00.000000,10183.88,10284.36,10177.22,10209.14,13021350600.0,0.0017880330944527285
2016-06-03T00:00:00.000000,10192.21,10270.85,10181.18,10274.02,10645647700.0,0.0013003064829418343
2016-06-04T00:00:00.000000,10275.93,10412.95,10258.02,10344.91,12202938800.0,0.0014430941761060612
2016-06-07T00:00:00.000000,10384.33,10403.81,10296.18,10363.09,9896840400.0,0.0014142939259873032
2016-06-08T00:00:00.000000,10365.8,10371.87,10297.42,10347.84,9189819700.0,0.0011488415358174174
2016-06-09T00:00:00.000000,10329.91,10372.98,10232.13,10316.82,9485050600.0,0.0012554730999564862
2016-06-14T00:00:00.000000,10190.39,10256.62,9869.48,9862.58,11030914300.0,0.002978293987271159
2016-06-15T00:00:00.000000,9831.04,9927.6,9795.94,9895.15,7694053400.0,0.0019712873906117495
2016-06-16T00:00:00.000000,9791.69,10215.61,9779.11,10173.85,10807903200.0,0.002016542510600175
2016-06-17T00:00:00.000000,10153.85,10199.52,10090.23,10115.12,10609852500.0,0.0015010170532175494
2016-06-18T00:00:00.000000,10135.47,10261.97,10113.95,10182.53,10218356400.0,0.0016783288916450544
2016-06-21T00:00:00.000000,10183.68,10241.91,10101.63,10221.85,8775658600.0,0.001385731745151951
2016-06-22T00:00:00.000000,10285.89,10357.18,10093.15,10131.86,10974165100.0,0.0020560410382408334
2016-06-23T00:00:00.000000,10108.13,10293.42,10104.88,10297.98,8755439000.0,0.0014983243817623985
2016-06-24T00:00:00.000000,10288.48,10312.61,10183.01,10255.27,9761642500.0,0.0016165611195573541
2016-06-25T00:00:00.000000,10234.93,10315.35,9901.9,10147.7,12668711600.0,0.004321040624083018
2016-06-28T00:00:00.000000,10090.58,10374.27,10090.58,10377.57,10912766500.0,0.0013870632465286358
2016-06-29T00:00:00.000000,10330.16,10475.76,10309.23,10463.45,12363616500.0,0.001622602137252835
2016-06-30T00:00:00.000000,10499.86,10527.69,10434.24,10460.97,11384511500.0,0.00129381255675746
2016-07-01T00:00:00.000000,10473.51,10509.99,10435.53,10489.99,9932452000.0,0.0013062477021677848
2016-07-02T00:00:00.000000,10506.57,10555.95,10436.6,10458.43,9540844200.0,0.001256076335972699
2016-07-05T00:00:00.000000,10369.26,10631.57,10362.85,10609.86,12887371700.0,0.001297506232694861
2016-07-06T00:00:00.000000,10599.47,10626.02,10546.7,10602.77,12594612700.0,0.0011609841468061175
2016-07-07T00:00:00.000000,10568.93,10641.35,10538.1,10641.65,12318997600.0,0.0011754436235622584
2016-07-08T00:00:00.000000,10611.77,10662.7,10526.81,10620.58,13573277800.0,0.0015642753018576363
2016-07-09T00:00:00.000000,10612.95,10672.92,10560.31,10611.8,11082198100.0,0.001158197551160017
2016-07-12T00:00:00.000000,10633.61,10734.34,10587.96,10594.82,13185143600.0,0.0014166973689424354
2016-07-13T00:00:00.000000,10582.91,10755.47,10487.55,10757.85,14634605400.0,0.0019332669142711311
2016-07-14T00:00:00.000000,10795.5,10890.02,10772.83,10853.56,15453355700.0,0.0015457708945935465
2016-07-15T00:00:00.000000,10834.38,10866.44,10786.49,10854.14,12068221300.0,0.0011386688194553424
2016-07-16T00:00:00.000000,10854.36,10869.07,10774.54,10823.22,11461057700.0,0.001157475494045438
2016-07-19T00:00:00.000000,10792.57,10835.3,10708.74,10762.0,11250847600.0,0.0012694509798805546
2016-07-20T00:00:00.000000,10753.56,10783.22,10661.39,10778.25,10215446400.0,0.0013717827578012954
2016-07-21T00:00:00.000000,10775.75,10818.95,10740.59,10759.86,9558046400.0,0.0010319566951197616
2016-07-22T00:00:00.000000,10758.96,10872.34,10746.88,10787.21,10440153600.0,0.0011522720944988692
2016-07-23T00:00:00.000000,10782.07,10801.47,10700.11,10709.07,10409775900.0,0.0011533302866541032
2016-07-26T00:00:00.000000,10684.32,10778.73,10668.64,10718.35,9351909500.0,0.0010699194882543763
2016-07-27T00:00:00.000000,10713.7,10847.42,10713.7,10852.21,9106840400.0,0.000968969028671403
2016-07-28T00:00:00.000000,10859.13,10873.26,10289.96,10405.85,16279949400.0,0.003886333187433113
2016-07-29T00:00:00.000000,10387.2,10481.69,10262.3,10396.31,11098421400.0,0.00223928563485637
2016-07-30T00:00:00.000000,10384.34,10411.13,10294.5,10329.44,8517045500.0,0.0014880848279460084
2016-08-02T00:00:00.000000,10290.05,10290.05,10086.65,10185.48,8616848000.0,0.002516191863205186
2016-08-03T00:00:00.000000,10173.68,10250.55,10157.85,10250.55,6142583000.0,0.0010400771908139772
2016-08-04T00:00:00.000000,10228.7,10295.76,10205.98,10281.25,7107142700.0,0.0011450687082549063
2016-08-05T00:00:00.000000,10272.44,10376.21,10235.7,10366.5,8297572400.0,0.0009976215355273494
2016-08-06T00:00:00.000000,10368.74,10420.43,10333.32,10342.28,8113357100.0,0.00104202138270954
2016-08-09T00:00:00.000000,10314.61,10468.88,10259.3,10468.89,8885882100.0,0.0013686013322275357
2016-08-10T00:00:00.000000,10465.59,10564.78,10457.82,10564.77,9197162100.0,0.0007625661703494512
2016-08-11T00:00:00.000000,10558.75,10594.77,10510.91,10511.16,9240168500.0,0.0010796087327808754
2016-08-12T00:00:00.000000,10496.22,10526.35,10390.96,10390.96,8919084900.0,0.0014685528310514474
2016-08-13T00:00:00.000000,10373.24,10528.1,10364.47,10528.1,9119620500.0,0.0012454403088596245
2016-08-16T00:00:00.000000,10557.26,10862.96,10552.95,10822.1,16156110200.0,0.0016986847503409031
2016-08-17T00:00:00.000000,10845.16,10913.22,10845.07,10882.95,14135812100.0,0.001283389457396219
2016-08-18T00:00:00.000000,10880.38,10936.58,10832.78,10890.69,12440488600.0,0.0013572618886199391
2016-08-19T00:00:00.000000,10874.42,10946.74,10834.01,10879.2,13159442000.0,0.0012582018538540298
2016-08-20T00:00:00.000000,10865.19,10911.77,10819.8,10872.71,10798342400.0,0.0009274175384618969
2016-08-23T00:00:00.000000,10869.24,10894.84,10731.2,10731.4,10290830400.0,0.0013058716142110485
2016-08-24T00:00:00.000000,10720.81,10793.37,10680.1,10750.29,9043937500.0,0.001261930905755661
2016-08-25T00:00:00.000000,10750.9,10815.26,10732.92,10760.44,8777520300.0,0.000977894662214918
2016-08-26T00:00:00.000000,10693.12,10699.25,10564.36,10679.15,9721208700.0,0.0020819689371631566
2016-08-27T00:00:00.000000,10704.19,10785.01,10675.6,10693.75,8778733200.0,0.0009493772285965987
2016-08-30T00:00:00.000000,10691.4,10757.26,10682.26,10724.4,7653750900.0,0.0008022585706308439
2016-08-31T00:00:00.000000,10733.66,10787.32,10713.75,10729.11,7230406500.0,0.0008263413867961259
2016-09-01T00:00:00.000000,10731.09,10776.32,10679.65,10757.88,7911017800.0,0.0009684783923278108
2016-09-02T00:00:00.000000,10759.0,10765.51,10669.51,10669.51,8291476000.0,0.0008575389945704634
2016-09-03T00:00:00.000000,10665.47,10727.88,10592.08,10640.42,7598216100.0,0.0009596817216246551
2016-09-06T00:00:00.000000,10682.86,10756.43,10674.96,10695.45,7344271500.0,0.0010986466416609637
2016-09-07T00:00:00.000000,10715.26,10861.5,10623.99,10861.5,10210884000.0,0.0013298326833864453
2016-09-08T00:00:00.000000,10860.06,10903.64,10827.25,10838.72,10511733500.0,0.0008199305071728172
2016-09-09T00:00:00.000000,10829.77,10863.96,10795.87,10851.19,7900954300.0,0.0008800555568312919
2016-09-10T00:00:00.000000,10855.28,10877.09,10762.79,10762.79,8497250100.0,0.0008796751254042177
2016-09-13T00:00:00.000000,10578.83,10619.89,10460.51,10461.58,10317083200.0,0.0029909619465006967
2016-09-14T00:00:00.000000,10520.77,10545.2,10460.13,10514.58,7410573800.0,0.0013621437739715818
2016-09-15T00:00:00.000000,10467.51,10519.96,10425.69,10454.24,6632882900.0,0.0010970971250920654
2016-09-20T00:00:00.000000,10477.79,10570.58,10477.79,10557.25,5792204000.0,0.0011399520571246458
2016-09-21T00:00:00.000000,10563.41,10563.73,10520.08,10544.52,5471028900.0,0.0006235675060054549
2016-09-22T00:00:00.000000,10543.93,10600.69,10538.94,10583.4,6024933100.0,0.0007226212532003264
2016-09-23T00:00:00.000000,10644.91,10697.39,10634.46,10662.21,7566238000.0,0.0010423401410769664
2016-09-24T00:00:00.000000,10671.4,10679.82,10607.86,10609.69,6862028600.0,0.000670699855616665
2016-09-27T00:00:00.000000,10588.51,10588.51,10392.7,10392.69,7900427000.0,0.00122128976355119
2016-09-28T00:00:00.000000,10375.36,10476.97,10352.02,10476.97,6184209900.0,0.0012690491110743233
2016-09-29T00:00:00.000000,10489.58,10492.93,10436.12,10467.16,5134696600.0,0.000806133203054581
2016-09-30T00:00:00.000000,10477.36,10553.02,10477.36,10512.25,5551995100.0,0.0007813405562707647
2016-10-01T00:00:00.000000,10504.0,10590.37,10499.47,10567.58,5097381500.0,0.0005518352596819121
2016-10-11T00:00:00.000000,10613.82,10741.69,10584.7,10741.69,8171913100.0,0.0011837047155468796
2016-10-12T00:00:00.000000,10744.14,10782.31,10727.45,10782.31,8576601500.0,0.0005653973024066265
2016-10-13T00:00:00.000000,10752.2,10792.12,10733.31,10788.59,7867797400.0,0.0008281671734513261
2016-10-14T00:00:00.000000,10785.42,10818.04,10757.49,10787.49,8139230800.0,0.0006849372634456716
2016-10-15T00:00:00.000000,10773.38,10773.45,10692.07,10759.68,7393016100.0,0.0007555628484554579
2016-10-18T00:00:00.000000,10770.37,10783.67,10624.82,10651.5,7997115500.0,0.0009742984495709416
2016-10-19T00:00:00.000000,10637.81,10797.02,10637.81,10797.02,8290111700.0,0.0008526592621148991
2016-10-20T00:00:00.000000,10811.78,10824.41,10733.69,10757.92,8338629900.0,0.0007583927112596293
2016-10-21T00:00:00.000000,10764.09,10802.66,10752.92,10784.33,7572809900.0,0.0005881082676173921
2016-10-22T00:00:00.000000,10783.62,10802.54,10678.12,10748.9,8358331700.0,0.0010584352131534991
2016-10-25T00:00:00.000000,10756.27,10871.16,10740.18,10842.64,9318731000.0,0.0008082868584336039
2016-10-26T00:00:00.000000,10847.52,10871.66,10841.2,10871.5,8656983800.0,0.0006150061334518949
2016-10-27T00:00:00.000000,10871.23,10871.23,10793.63,10817.51,8830775900.0,0.0008955556915099947
2016-10-28T00:00:00.000000,10805.13,10808.14,10745.28,10788.97,7220823900.0,0.000762569616165403
2016-10-29T00:00:00.000000,10783.76,10836.77,10710.93,10711.04,7691182500.0,0.0008682904375989138
2016-11-01T00:00:00.000000,10686.08,10719.04,10630.3,10704.3,6647955600.0,0.0010925216561322776
2016-11-02T00:00:00.000000,10715.09,10797.06,10706.87,10796.14,6690962700.0,0.0007094026666790066
2016-11-03T00:00:00.000000,10770.93,10785.11,10686.94,10692.65,7989901100.0,0.0008559333635496938
2016-11-04T00:00:00.000000,10662.86,10804.26,10655.14,10743.96,8828666100.0,0.0009691384576627317
2016-11-05T00:00:00.000000,10737.68,10784.84,10684.47,10702.57,7438560900.0,0.0007131760143009856
2016-11-08T00:00:00.000000,10705.37,10729.99,10663.56,10695.18,8674806700.0,0.0006718216524848919
2016-11-09T00:00:00.000000,10734.67,10785.88,10722.36,10763.13,8035076400.0,0.0008415698860796904
2016-11-10T00:00:00.000000,10769.25,10785.09,10575.16,10697.11,10493539100.0,0.0014191034305961869
2016-11-11T00:00:00.000000,10793.14,10848.98,10784.41,10821.66,10099389100.0,0.0014297190854404775
2016-11-12T00:00:00.000000,10824.4,10878.14,10792.83,10878.14,12601250200.0,0.0008247545475194054
2016-11-15T00:00:00.000000,10855.7,10952.61,10847.82,10907.52,13262440500.0,0.0009402181233204315
2016-11-16T00:00:00.000000,10910.33,10958.1,10877.4,10958.1,10638571700.0,0.0007575327329036579
2016-11-17T00:00:00.000000,10970.82,10998.92,10956.87,10968.08,10921819100.0,0.000618508127608478
2016-11-18T00:00:00.000000,10942.02,10961.8,10887.52,10945.42,8529942800.0,0.0008441743454359158
2016-11-19T00:00:00.000000,10946.66,10963.66,10876.91,10889.11,7894010800.0,0.0005746911292367376
2016-11-22T00:00:00.000000,10877.39,10955.44,10861.81,10899.92,8229854700.0,0.0006721528981739954
2016-11-23T00:00:00.000000,10910.52,10985.6,10910.52,10985.6,9578378000.0,0.0007369631058195689
2016-11-24T00:00:00.000000,11011.5,11041.52,10952.0,10973.8,10800892800.0,0.0010348609039694328
2016-11-25T00:00:00.000000,10961.21,11030.12,10947.27,10967.47,10275314000.0,0.0008552808124947429
2016-11-26T00:00:00.000000,10966.67,11036.53,10830.4,11036.53,10283203600.0,0.0016467255014066767
2016-11-29T00:00:00.000000,11080.45,11108.87,11045.68,11068.87,11132821600.0,0.000924694610090992
2016-11-30T00:00:00.000000,11040.29,11124.81,11026.3,11034.7,11337033900.0,0.00106318843094826
2016-12-01T00:00:00.000000,11023.93,11072.06,10983.18,11012.19,9783405700.0,0.0009564865085635823
2016-12-02T00:00:00.000000,11039.22,11090.93,11036.61,11088.16,9540553200.0,0.0008252054252735647
2016-12-03T00:00:00.000000,11073.19,11078.29,10905.39,10912.63,10110355800.0,0.0011928698088980508
2016-12-06T00:00:00.000000,10778.61,10894.08,10762.85,10784.33,9137768100.0,0.0016105855339577687
2016-12-07T00:00:00.000000,10802.15,10833.81,10774.36,10779.77,6983381200.0,0.0008695011004959668
2016-12-08T00:00:00.000000,10781.15,10855.72,10751.2,10855.72,7452176400.0,0.0006651440721229271
2016-12-09T00:00:00.000000,10864.52,10865.02,10804.74,10812.3,7838320400.0,0.0006291289046551534
2016-12-10T00:00:00.000000,10802.27,10835.91,10766.56,10789.62,7758854400.0,0.0006769755814167959
2016-12-13T00:00:00.000000,10773.2,10775.57,10292.54,10302.85,11512687700.0,0.0020587394712356572
2016-12-14T00:00:00.000000,10280.27,10364.06,10192.13,10332.27,8181279600.0,0.001722255708888778
2016-12-15T00:00:00.000000,10317.46,10333.66,10213.95,10232.82,7922197900.0,0.0011261502790933541
2016-12-16T00:00:00.000000,10201.41,10331.98,10195.0,10256.11,7558719800.0,0.001310691329938358
2016-12-17T00:00:00.000000,10258.57,10346.53,10239.21,10334.76,6798739900.0,0.0009135672207702729
2016-12-20T00:00:00.000000,10329.31,10330.61,10262.69,10283.16,6556349000.0,0.0008746064263337854
2016-12-21T00:00:00.000000,10275.11,10276.63,10204.02,10245.33,6358232500.0,0.000828798803544287
2016-12-22T00:00:00.000000,10267.52,10320.34,10267.52,10313.57,6249103400.0,0.0008339179035943445
2016-12-23T00:00:00.000000,10311.06,10323.07,10257.32,10306.92,5866043200.0,0.0006534168719938004
2016-12-24T00:00:00.000000,10304.31,10311.39,10196.72,10199.86,6329410100.0,0.0008171933872883275
2016-12-27T00:00:00.000000,10162.28,10233.42,10062.37,10233.42,6139572600.0,0.0015425507132411855
2016-12-28T00:00:00.000000,10230.25,10270.98,10221.67,10230.57,5258617100.0,0.0006388322708942433
2016-12-29T00:00:00.000000,10229.03,10246.77,10169.8,10187.16,5195015700.0,0.0006303171743677283
2016-12-30T00:00:00.000000,10177.52,10222.52,10151.28,10159.45,4934895500.0,0.0007124848183248655
2016-12-31T00:00:00.000000,10175.68,10204.09,10145.11,10177.14,5043532400.0,0.0007220329649613349
2017-01-04T00:00:00.000000,10206.96,10275.13,10206.96,10262.85,6219354100.0,0.0007516589854569339
2017-01-05T00:00:00.000000,10266.03,10384.87,10255.75,10384.87,7229629100.0,0.0006146526718595381
2017-01-06T00:00:00.000000,10382.85,10396.9,10365.44,10371.47,6809498000.0,0.0005562664298000441
2017-01-07T00:00:00.000000,10363.12,10363.12,10286.52,10289.36,6185702300.0,0.0006120136723696709
2017-01-10T00:00:00.000000,10280.94,10337.7,10258.37,10331.79,6193373500.0,0.0005840145252053469
2017-01-11T00:00:00.000000,10327.04,10357.14,10301.69,10306.34,6460749300.0,0.0005769493056317354
2017-01-12T00:00:00.000000,10294.25,10331.37,10213.86,10215.48,6199439100.0,0.0008885329043515509
2017-01-13T00:00:00.000000,10208.2,10236.09,10127.42,10131.23,6241823800.0,0.0009553401144544742
2017-01-14T00:00:00.000000,10136.07,10155.22,9997.4,10008.3,5978862300.0,0.001217739987926674
2017-01-17T00:00:00.000000,9993.23,9993.23,9482.84,9712.8,8269938300.0,0.0038458464774200744
2017-01-18T00:00:00.000000,9683.98,9827.91,9611.19,9826.79,5769836800.0,0.0018491604039178702
2017-01-19T00:00:00.000000,9801.41,9858.79,9774.76,9804.76,4639301800.0,0.0010899806779448894
2017-01-20T00:00:00.000000,9782.84,9821.22,9746.3,9768.57,4548405500.0,0.001037928815335951
2017-01-21T00:00:00.000000,9762.78,9925.17,9762.78,9906.14,5289598300.0,0.0009083876467026441
2017-01-24T00:00:00.000000,9920.98,10010.08,9920.98,9976.19,5681812100.0,0.0009163453161626478
2017-01-25T00:00:00.000000,9972.34,9978.27,9928.08,9941.55,5107676700.0,0.0006255923906143993
2017-01-26T00:00:00.000000,9932.13,9991.5,9922.49,9977.96,4329354500.0,0.000547833830315774
2017-01-27T00:00:00.000000,9989.35,10053.36,9989.35,10052.05,4516959100.0,0.0005642859747048807
2017-02-04T00:00:00.000000,10061.96,10066.7,9985.3,10004.84,4514421600.0,0.0006739114652313323
2017-02-07T00:00:00.000000,10004.57,10080.58,9984.64,10078.73,5186215500.0,0.0007344102366751338
2017-02-08T00:00:00.000000,10073.59,10093.67,10011.77,10055.57,5347056700.0,0.0006124447003661526
2017-02-09T00:00:00.000000,10043.25,10130.12,10003.91,10130.12,5752216800.0,0.0007948690768339927
2017-02-10T00:00:00.000000,10124.41,10194.42,10116.45,10182.73,6897940800.0,0.0005460748096204514
2017-02-11T00:00:00.000000,10185.23,10212.48,10155.36,10186.38,7560200600.0,0.0005844665989604887
2017-02-14T00:00:00.000000,10189.62,10279.12,10187.09,10270.83,7799498300.0,0.000661919786249097
2017-02-15T00:00:00.000000,10273.47,10286.37,10234.37,10264.92,6510333900.0,0.0005676913688360667
2017-02-16T00:00:00.000000,10259.33,10294.77,10160.11,10177.25,7893151300.0,0.000897640045256884
2017-02-17T00:00:00.000000,10175.74,10253.96,10163.24,10253.96,6928612700.0,0.0008030226263556882
2017-02-18T00:00:00.000000,10258.64,10296.14,10183.37,10197.92,7493555800.0,0.0009954635620638699
2017-02-21T00:00:00.000000,10203.28,10334.59,10203.28,10329.0,7630297100.0,0.0007985432547070186
2017-02-22T00:00:00.000000,10340.38,10407.14,10330.28,10405.75,8197141700.0,0.0006530819728639633
2017-02-23T00:00:00.000000,10404.98,10444.38,10385.1,10444.38,8097064000.0,0.0007012582561154034
2017-02-24T00:00:00.000000,10440.54,10454.16,10379.05,10432.64,8665201800.0,0.0008946791400627467
2017-02-25T00:00:00.000000,10422.87,10446.5,10396.75,10443.73,7656753900.0,0.0008151850094573033
2017-02-28T00:00:00.000000,10443.55,10447.68,10345.47,10353.56,7407782700.0,0.0007457037742246293
2017-03-01T00:00:00.000000,10355.79,10402.28,10340.09,10391.34,6435729000.0,0.0007299910984635834
2017-03-02T00:00:00.000000,10388.24,10446.38,10378.12,10418.62,7507143600.0,0.0005013174879796001
2017-03-03T00:00:00.000000,10431.03,10443.87,10362.0,10367.31,7221563400.0,0.0006206553627264746
2017-03-04T00:00:00.000000,10339.74,10404.87,10308.22,10397.05,6982571600.0,0.0008966495012527549
2017-03-07T00:00:00.000000,10407.14,10522.28,10407.14,10522.28,7825021300.0,0.0007262559868679938
2017-03-08T00:00:00.000000,10528.31,10552.14,10495.5,10552.15,7563996400.0,0.0006216764605825908
2017-03-09T00:00:00.000000,10549.32,10549.32,10473.88,10498.31,6377181600.0,0.000534888064474373
2017-03-10T00:00:00.000000,10484.68,10484.68,10402.36,10421.06,6740682700.0,0.0008927384068203913
2017-03-11T00:00:00.000000,10416.25,10476.59,10416.25,10451.01,6153823900.0,0.0005886505120837123
2017-03-14T00:00:00.000000,10450.95,10559.88,10402.72,10559.88,7642216700.0,0.0007780474941622815
2017-03-15T00:00:00.000000,10561.91,10577.48,10515.52,10531.73,7203983100.0,0.00059147563266632
2017-03-16T00:00:00.000000,10513.72,10551.71,10499.85,10543.01,6960189400.0,0.0007316343224593946
2017-03-17T00:00:00.000000,10575.22,10628.18,10575.22,10624.42,8585585600.0,0.000970124428717101
2017-03-18T00:00:00.000000,10631.91,10650.46,10514.67,10515.41,8788418500.0,0.0008383758396508553
2017-03-21T00:00:00.000000,10514.59,10534.11,10459.74,10532.33,6983883400.0,0.0007318661853469535
2017-03-22T00:00:00.000000,10527.64,10586.62,10513.63,10586.62,6673337900.0,0.0006034069264830484
2017-03-23T00:00:00.000000,10535.45,10586.48,10488.63,10553.53,7884947900.0,0.0011156523257169837
2017-03-24T00:00:00.000000,10558.42,10607.73,10477.57,10583.04,7655112400.0,0.0009501727775977879
2017-03-25T00:00:00.000000,10584.92,10666.12,10580.11,10646.72,8343201300.0,0.0006173817847390724
2017-03-28T00:00:00.000000,10643.84,10660.23,10578.75,10581.92,7467530300.0,0.0006564245034101366
2017-03-29T00:00:00.000000,10580.79,10606.09,10538.02,10563.28,6542579600.0,0.0007034490125252734
2017-03-30T00:00:00.000000,10574.62,10585.88,10497.01,10520.82,7810627800.0,0.0009655649043127994
2017-03-31T00:00:00.000000,10505.03,10513.89,10328.95,10348.27,8502418900.0,0.0013513753566932948
2017-04-01T00:00:00.000000,10351.93,10428.72,10351.93,10428.72,6368345100.0,0.0009056191350469314
2017-04-06T00:00:00.000000,10498.82,10628.6,10498.82,10627.13,9591516500.0,0.0014709074924258336
2017-04-07T00:00:00.000000,10648.32,10661.77,10608.13,10656.17,8832405400.0,0.0005394450479297201
2017-04-08T00:00:00.000000,10651.69,10702.88,10635.08,10669.48,10448762300.0,0.0006145014338955044
2017-04-11T00:00:00.000000,10664.1,10664.1,10593.76,10603.27,12319303900.0,0.0008541688659812125
2017-04-12T00:00:00.000000,10599.7,10662.5,10476.66,10655.79,13701372000.0,0.0013074962975544438
2017-04-13T00:00:00.000000,10643.55,10667.6,10584.69,10587.31,13919474400.0,0.0012576542829973193
2017-04-14T00:00:00.000000,10579.25,10678.78,10571.7,10654.08,10945020600.0,0.0007239155106791314
2017-04-15T00:00:00.000000,10662.53,10662.53,10515.37,10519.86,11151482500.0,0.001084674329549739
2017-04-18T00:00:00.000000,10483.43,10505.63,10406.52,10450.86,8862403300.0,0.001484572930003736
2017-04-19T00:00:00.000000,10448.8,10522.85,10405.35,10411.44,8724787000.0,0.0009687662057754474
2017-04-20T00:00:00.000000,10378.43,10393.73,10235.0,10348.41,9245337400.0,0.0015625691070761687
2017-04-21T00:00:00.000000,10346.65,10411.75,10306.39,10359.09,8455447700.0,0.0012777834634732635
2017-04-22T00:00:00.000000,10357.93,10407.77,10300.4,10314.35,7102586700.0,0.0009315852971654189
2017-04-25T00:00:00.000000,10284.98,10284.98,10060.11,10091.89,7609367600.0,0.00261778702458755
2017-04-26T00:00:00.000000,10108.16,10213.49,10104.55,10165.22,7470502500.0,0.0013087380332131365
2017-04-27T00:00:00.000000,10162.65,10251.7,10161.42,10204.84,8443442000.0,0.0009158205422248534
2017-04-28T00:00:00.000000,10171.58,10244.08,10015.89,10229.19,9632358200.0,0.0017568223216813895
2017-04-29T00:00:00.000000,10207.01,10235.23,10176.08,10234.65,8097022700.0,0.0008406894881185033
2017-05-03T00:00:00.000000,10204.36,10228.7,10166.39,10223.97,7733164700.0,0.0008463293668837561
2017-05-04T00:00:00.000000,10208.18,10244.35,10146.26,10184.14,7605037100.0,0.0008934008689571455
2017-05-05T00:00:00.000000,10164.89,10241.55,10116.01,10147.44,7975241500.0,0.0010295423939882772
2017-05-06T00:00:00.000000,10119.07,10132.92,10024.44,10024.44,7751781400.0,0.00110096469286964
2017-05-09T00:00:00.000000,10001.01,10018.57,9833.17,9833.17,8231777700.0,0.0014434142516035376
2017-05-10T00:00:00.000000,9795.12,9887.15,9736.14,9885.34,6447767700.0,0.0013903262726197236
2017-05-11T00:00:00.000000,9875.65,9945.61,9756.81,9756.81,7478734700.0,0.0013608168777562186
2017-05-12T00:00:00.000000,9704.13,9776.51,9566.42,9776.45,8215798300.0,0.0021149904529380306
2017-05-13T00:00:00.000000,9755.94,9794.99,9703.1,9787.99,6399484500.0,0.0011299055918281475
2017-05-16T00:00:00.000000,9813.46,9866.07,9813.46,9845.6,6170182000.0,0.0009630367215833536
2017-05-17T00:00:00.000000,9818.58,10046.66,9761.35,10046.66,9006883700.0,0.001424063878908395
2017-05-18T00:00:00.000000,10029.02,10091.47,10019.36,10030.11,9107886100.0,0.000908228574215388
2017-05-19T00:00:00.000000,9956.2,10045.68,9936.31,9974.35,7049124600.0,0.0013690684164212083
2017-05-20T00:00:00.000000,9979.53,10005.71,9922.76,9970.96,6396539000.0,0.000992619463114264
2017-05-23T00:00:00.000000,9957.99,10014.94,9864.95,9899.65,7226227000.0,0.0013069806945292842
2017-05-24T00:00:00.000000,9878.04,9914.5,9761.31,9763.78,8049743900.0,0.001543819974273623
2017-05-25T00:00:00.000000,9720.1,9812.46,9609.41,9812.46,6597586500.0,0.0020528840058088777
2017-05-26T00:00:00.000000,9791.57,9917.81,9727.51,9893.78,8301301000.0,0.0017562395395353564
2017-05-27T00:00:00.000000,9872.26,9913.48,9838.7,9859.23,7224768600.0,0.001042593508666681
2017-06-01T00:00:00.000000,9946.74,9976.65,9855.3,9864.84,7466976800.0,0.0016000303377819406
2017-06-02T00:00:00.000000,9832.89,9854.55,9730.06,9730.33,7016523700.0,0.001482311173111521
2017-06-03T00:00:00.000000,9707.43,9811.58,9637.54,9794.89,6465129000.0,0.0014208086697974143
2017-06-06T00:00:00.000000,9799.65,9866.34,9799.65,9842.6,5803517300.0,0.0009587925005298051
2017-06-07T00:00:00.000000,9833.79,9915.92,9821.13,9915.92,5389154500.0,0.0007629737957529656
2017-06-08T00:00:00.000000,9915.32,10117.06,9910.53,10109.88,8895486600.0,0.0009456563139545877
2017-06-09T00:00:00.000000,10104.71,10162.48,10097.66,10148.72,7781284700.0,0.0007388770270301026
2017-06-10T00:00:00.000000,10146.71,10182.61,10124.94,10177.45,7126987500.0,0.0008302763739638976
2017-06-13T00:00:00.000000,10142.24,10197.1,10108.98,10119.99,7296816900.0,0.0010367798795523939
2017-06-14T00:00:00.000000,10104.64,10237.4,10102.5,10224.82,7310521300.0,0.0007505402695502107
2017-06-15T00:00:00.000000,10207.0,10226.15,10138.82,10151.53,7365017000.0,0.0009416869025751857
2017-06-16T00:00:00.000000,10139.96,10225.05,10134.41,10221.69,7872284100.0,0.0008723211440268004
2017-06-17T00:00:00.000000,10212.37,10233.8,10176.86,10191.24,6845753200.0,0.0005574598821531901
2017-06-20T00:00:00.000000,10191.87,10262.8,10191.87,10262.8,6572836900.0,0.0006787527583201934
2017-06-21T00:00:00.000000,10282.28,10323.0,10273.06,10288.53,7997330800.0,0.0007091881412794577
2017-06-22T00:00:00.000000,10327.11,10367.17,10269.32,10367.17,7756186300.0,0.0008206941934157765
2017-06-23T00:00:00.000000,10359.97,10418.61,10265.2,10265.2,9213848200.0,0.0011623242852742445
2017-06-24T00:00:00.000000,10250.48,10366.78,10196.39,10366.78,8407313200.0,0.0014790655502219508
2017-06-27T00:00:00.000000,10379.41,10537.59,10377.89,10537.59,9917619300.0,0.0011107859188349044
2017-06-28T00:00:00.000000,10532.4,10548.8,10479.35,10535.36,8084625700.0,0.0008258153026386733
2017-06-29T00:00:00.000000,10507.3,10517.94,10436.08,10451.57,7731699700.0,0.0010146933100266043
2017-06-30T00:00:00.000000,10461.56,10523.52,10459.94,10511.86,7870243300.0,0.0007234568994731328
2017-07-01T00:00:00.000000,10473.58,10537.5,10454.88,10529.61,7494974700.0,0.0007972685254396322
2017-07-04T00:00:00.000000,10530.96,10541.86,10464.68,10535.05,8602824600.0,0.0007817763976324804
2017-07-05T00:00:00.000000,10527.59,10527.59,10437.4,10474.83,8694342200.0,0.0008448649945225902
2017-07-06T00:00:00.000000,10442.17,10561.09,10434.68,10561.09,8749989000.0,0.001000039924803535
2017-07-07T00:00:00.000000,10547.28,10574.11,10467.91,10562.06,10476445700.0,0.0010157917681634981
2017-07-08T00:00:00.000000,10526.39,10564.31,10504.1,10563.72,9882438500.0,0.0007802175219494558
2017-07-11T00:00:00.000000,10541.95,10574.21,10497.39,10505.6,11121256000.0,0.0008720531138119422
2017-07-12T00:00:00.000000,10490.04,10568.37,10467.13,10467.71,9602291700.0,0.0010431959045938532
2017-07-13T00:00:00.000000,10467.5,10494.25,10360.1,10453.19,9604962800.0,0.001450937763191664
2017-07-14T00:00:00.000000,10445.32,10491.39,10431.5,10466.1,8771718000.0,0.0008289769294284917
2017-07-15T00:00:00.000000,10445.7,10452.94,10382.37,10427.79,8324925500.0,0.0010347160081256052
2017-07-18T00:00:00.000000,10384.05,10384.05,10006.38,10055.8,12708721000.0,0.0036539100438461114
2017-07-19T00:00:00.000000,10014.18,10103.76,9960.56,10103.76,9127628500.0,0.0015214320113230739
2017-07-20T00:00:00.000000,10075.43,10296.29,10064.31,10295.58,12151560700.0,0.0010929886913048652
2017-07-21T00:00:00.000000,10288.68,10392.06,10282.28,10366.98,11084719300.0,0.0009491616194097864
2017-07-22T00:00:00.000000,10355.0,10406.25,10342.72,10364.82,9296892000.0,0.0008523952192552238
2017-07-25T00:00:00.000000,10353.37,10414.07,10341.24,10404.22,10101938400.0,0.0008067147056472474
2017-07-26T00:00:00.000000,10398.46,10421.21,10317.92,10353.21,9566300400.0,0.0010056648549834144
2017-07-27T00:00:00.000000,10365.83,10380.7,10247.54,10297.34,10607607800.0,0.0010194165784413903
2017-07-28T00:00:00.000000,10284.35,10416.55,10216.02,10395.19,13063581900.0,0.0012792806594452125
2017-07-29T00:00:00.000000,10381.75,10456.41,10371.39,10437.94,10821926800.0,0.0008721173857699964
2017-08-01T00:00:00.000000,10437.32,10517.33,10418.83,10505.04,13195228400.0,0.0007397638827379771
2017-08-02T00:00:00.000000,10495.82,10529.9,10472.71,10525.35,12489452800.0,0.0008760844420432782
2017-08-03T00:00:00.000000,10527.77,10557.47,10461.95,10469.34,13325837700.0,0.0008965216667811111
2017-08-04T00:00:00.000000,10453.37,10507.23,10403.59,10436.17,12199677100.0,0.0009728894261011021
2017-08-05T00:00:00.000000,10426.49,10450.69,10360.83,10361.23,12890241000.0,0.0010215110189225436
2017-08-08T00:00:00.000000,10354.45,10451.08,10347.5,10451.08,10074230700.0,0.000789938233505669
2017-08-09T00:00:00.000000,10449.6,10516.61,10437.85,10496.25,12331937200.0,0.0008041212008213581
2017-08-10T00:00:00.000000,10487.5,10548.06,10455.27,10544.59,11686690800.0,0.0007386250302222929
2017-08-11T00:00:00.000000,10525.13,10582.16,10417.09,10480.64,11403466600.0,0.0012816541893139676
2017-08-12T00:00:00.000000,10405.68,10459.91,10281.63,10291.35,12144896200.0,0.0016825549379914063
2017-08-15T00:00:00.000000,10310.57,10519.8,10310.57,10519.8,10977779200.0,0.0011859754335309097
2017-08-16T00:00:00.000000,10528.36,10559.78,10502.52,10559.78,9929904800.0,0.0006984726723637817
2017-08-17T00:00:00.000000,10550.02,10625.34,10504.07,10600.78,11531889600.0,0.0009244259460152111
2017-08-18T00:00:00.000000,10602.96,10658.16,10583.4,10653.73,11556842200.0,0.0006098402552966144
2017-08-19T00:00:00.000000,10585.95,10636.15,10563.26,10614.08,9607678200.0,0.001102151853154534
2017-08-22T00:00:00.000000,10626.3,10689.77,10626.3,10689.77,9742802600.0,0.0007298859230440556
2017-08-23T00:00:00.000000,10689.6,10699.05,10631.25,10653.98,9729163100.0,0.000837895958169919
2017-08-24T00:00:00.000000,10641.29,10662.83,10583.18,10619.34,8588520100.0,0.0008293742292579466
2017-08-25T00:00:00.000000,10619.32,10627.34,10537.78,10552.96,7579560400.0,0.0008101728944401788
2017-08-26T00:00:00.000000,10557.07,10671.71,10557.07,10659.01,8818065900.0,0.0008327374522692385
2017-08-29T00:00:00.000000,10678.96,10866.36,10678.96,10809.74,12738571000.0,0.0010672880395572115
2017-08-30T00:00:00.000000,10796.57,10818.22,10742.13,10762.37,10457565100.0,0.000750782170876105
2017-08-31T00:00:00.000000,10762.87,10825.89,10762.58,10813.93,10250957400.0,0.000718214134773648
2017-09-01T00:00:00.000000,10824.53,10837.39,10759.79,10816.65,9724069200.0,0.0007219474930426952
2017-09-02T00:00:00.000000,10823.66,10880.56,10807.77,10880.56,12416092300.0,0.0006179300810080508
2017-09-05T00:00:00.000000,10881.38,10969.57,10859.36,10962.85,13309440700.0,0.000705262855117856
2017-09-06T00:00:00.000000,10957.18,10995.53,10928.86,10986.95,11739483600.0,0.0006732853078974662
2017-09-07T00:00:00.000000,10958.45,11036.89,10939.26,11024.59,12496037200.0,0.0007162702316454491
2017-09-08T00:00:00.000000,11030.42,11059.47,10966.54,10969.13,12603651600.0,0.0008468162700820245
2017-09-09T00:00:00.000000,10962.71,11011.11,10911.82,10970.77,10387451900.0,0.0008336140802422905
2017-09-12T00:00:00.000000,10980.79,11053.73,10963.62,11053.73,11490102800.0,0.0007115518008044529
2017-09-13T00:00:00.000000,11063.8,11131.95,11019.87,11043.6,15725045000.0,0.0007685134278461277
2017-09-14T00:00:00.000000,11040.63,11091.49,11015.74,11091.49,11033151600.0,0.0008395591054290207
2017-09-15T00:00:00.000000,11091.98,11124.54,11033.82,11070.49,237583100.0,0.0007950388693494603
2017-09-16T00:00:00.000000,11059.18,11105.02,11022.25,11063.1,11912525800.0,0.0009906059256670373
2017-09-19T00:00:00.000000,11063.7,11154.75,11063.7,11153.53,10933314100.0,0.000799334023930121
2017-09-20T00:00:00.000000,11160.42,11181.18,11055.24,11083.9,213052100.0,0.0007470719873422067
2017-09-21T00:00:00.000000,11083.84,11191.13,11083.21,11191.13,11483723300.0,0.0007331530394788265
2017-09-22T00:00:00.000000,11187.97,11199.19,11098.34,11098.34,11198233400.0,0.0007869133287404204
2017-09-23T00:00:00.000000,11067.62,11085.43,11025.89,11069.82,9518873900.0,0.0011070912420453904
2017-09-26T00:00:00.000000,11054.2,11056.66,10911.03,10930.67,9290979000.0,0.0008461312895954111
2017-09-27T00:00:00.000000,10917.85,10951.14,10890.92,10950.77,8653629100.0,0.0008407820042362949
2017-09-28T00:00:00.000000,10951.89,11063.13,10951.89,11036.78,8941616900.0,0.0006088537987430893
2017-09-29T00:00:00.000000,11029.17,11072.56,11015.48,11031.42,9733861500.0,0.0005481813668355296
2017-09-30T00:00:00.000000,11043.83,11121.44,11043.83,11087.19,9860797400.0,0.00084161019742909
2017-10-10T00:00:00.000000,11249.65,11305.46,11214.9,11264.27,12270702100.0,0.0019289564857040214
2017-10-11T00:00:00.000000,11260.72,11329.51,11229.02,11329.51,11143348900.0,0.0007932197177763845
2017-10-12T00:00:00.000000,11319.76,11344.59,11285.92,11312.5,11263545700.0,0.0007678408652412979
2017-10-13T00:00:00.000000,11309.9,11337.12,11240.66,11307.33,9543111300.0,0.0007657322142387743
2017-10-14T00:00:00.000000,11314.72,11400.05,11308.04,11399.09,9679112500.0,0.000597635816264529
2017-10-17T00:00:00.000000,11401.68,11422.94,11267.27,11271.2,12424554000.0,0.0009735512712045213
2017-10-18T00:00:00.000000,11254.76,11318.0,11214.82,11275.34,8237818300.0,0.0009150093911725431
2017-10-19T00:00:00.000000,11279.21,11323.26,11240.63,11282.75,9304468900.0,0.0006876340651086333
2017-10-20T00:00:00.000000,11273.93,11290.72,11179.19,11189.55,9600990600.0,0.0009735830664848795
2017-10-21T00:00:00.000000,11153.7,11238.88,11140.34,11238.88,7219524500.0,0.0006901568997248168
2017-10-24T00:00:00.000000,11238.76,11306.31,11228.68,11306.31,7891031100.0,0.0005941713491182565
2017-10-25T00:00:00.000000,11288.11,11339.13,11260.68,11339.13,7995314700.0,0.0008128657639106709
2017-10-26T00:00:00.000000,11329.83,11437.21,11324.17,11437.21,8715581400.0,0.0007741204236971313
2017-10-27T00:00:00.000000,11430.35,11509.02,11413.93,11461.28,10067796600.0,0.0007516946548413677
2017-10-28T00:00:00.000000,11456.84,11484.91,11415.37,11444.52,9570478100.0,0.0006866959012229571
2017-10-31T00:00:00.000000,11444.82,11472.28,11192.18,11312.61,12473006500.0,0.001807833573363913
2017-11-01T00:00:00.000000,11289.92,11368.19,11274.17,11367.62,8498208900.0,0.0008134212616117145
2017-11-02T00:00:00.000000,11371.64,11424.48,11341.07,11350.32,8744479300.0,0.0008050699692573393
2017-11-03T00:00:00.000000,11337.01,11337.01,11251.81,11292.42,10056327600.0,0.0010708169603281135
2017-11-04T00:00:00.000000,11286.93,11334.68,11165.06,11215.19,10218111300.0,0.0013060084309562201
2017-11-07T00:00:00.000000,11218.99,11373.74,11181.29,11373.74,10361292400.0,0.0008745253524365575
2017-11-08T00:00:00.000000,11374.5,11467.97,11370.99,11467.97,11188925700.0,0.0010142734635547256
2017-11-09T00:00:00.000000,11460.88,11563.82,11441.8,11447.4,12050179400.0,0.0009721991689987963
2017-11-10T00:00:00.000000,11443.83,11553.24,11414.2,11553.24,10360921200.0,0.0008469843080654422
2017-11-11T00:00:00.000000,11539.98,11659.65,11531.59,11645.05,11382347500.0,0.0008351756381460409
2017-11-14T00:00:00.000000,11658.97,11714.98,11631.19,11695.0,11998929700.0,0.0009347685631372298
2017-11-15T00:00:00.000000,11689.71,11700.73,11538.34,11582.92,12264567800.0,0.0011654226752145977
2017-11-16T00:00:00.000000,11547.0,11583.97,11390.3,11462.11,9976928800.0,0.0015130841626174155
2017-11-17T00:00:00.000000,11443.09,11549.08,11415.76,11537.96,10333049000.0,0.0011312986833725556
2017-11-18T00:00:00.000000,11519.98,11555.87,11292.93,11292.93,12948907200.0,0.0017059954929858356
2017-11-21T00:00:00.000000,11226.98,11437.55,11087.53,11437.55,10492130200.0,0.0025395006887438077
2017-11-22T00:00:00.000000,11418.37,11602.1,11407.4,11602.1,12278257700.0,0.0012857361394151316
2017-11-23T00:00:00.000000,11598.1,11666.13,11454.26,11560.8,11900123000.0,0.001514670342627891
2017-11-24T00:00:00.000000,11517.78,11517.78,11162.53,11175.47,11729992700.0,0.0024560329425495474
2017-11-25T00:00:00.000000,11136.95,11225.2,11058.99,11168.39,9368920800.0,0.0018437297886525318
2017-11-28T00:00:00.000000,11125.45,11125.45,10936.14,10954.18,10078983200.0,0.0022294311187974337
2017-11-29T00:00:00.000000,10938.25,11091.14,10936.4,11091.14,8421396400.0,0.0013695713853948516
2017-11-30T00:00:00.000000,11097.42,11108.45,10936.99,11082.13,9812880000.0,0.0013420342205502935
2017-12-01T00:00:00.000000,11035.16,11079.93,10908.7,10944.1,8168546900.0,0.001605199443849588
2017-12-02T00:00:00.000000,10942.41,11077.43,10926.77,11013.15,8170565100.0,0.00129754568986643
2017-12-05T00:00:00.000000,11007.25,11099.83,10993.51,11014.55,8793803000.0,0.001138695996502361
2017-12-06T00:00:00.000000,10986.54,11044.18,10801.4,10854.75,9703654500.0,0.001352287461930117
2017-12-07T00:00:00.000000,10839.28,10911.33,10716.29,10911.33,8913290600.0,0.001674433720369034
2017-12-08T00:00:00.000000,10884.07,10925.2,10795.84,10801.25,7323505000.0,0.0010805009760323963
2017-12-09T00:00:00.000000,10790.54,10964.79,10789.49,10935.06,7986831900.0,0.0011479700004368078
2017-12-12T00:00:00.000000,10963.75,11143.26,10963.75,11143.26,8958008600.0,0.0009624027467355798
2017-12-13T00:00:00.000000,11145.29,11176.58,11043.21,11043.21,8254745900.0,0.000944369425006183
2017-12-14T00:00:00.000000,11028.73,11143.89,11019.59,11143.89,7344821500.0,0.0010918951848630095
2017-12-15T00:00:00.000000,11137.58,11165.61,11070.98,11110.18,7992644600.0,0.0010653439384194629
2017-12-16T00:00:00.000000,11090.87,11104.82,10970.73,10998.12,8756573600.0,0.0012851439394567944
2017-12-19T00:00:00.000000,10992.31,11046.1,10916.19,10960.11,7195278300.0,0.0011304231349823196
2017-12-20T00:00:00.000000,10963.79,11077.18,10963.79,11074.99,7115948100.0,0.000791697007397318
2017-12-21T00:00:00.000000,11071.86,11079.13,10988.89,11003.33,7426414200.0,0.0009780725852187517
2017-12-22T00:00:00.000000,10990.02,11149.04,10935.22,11118.25,8510478400.0,0.001095050175019042
2017-12-23T00:00:00.000000,11113.53,11154.75,11078.26,11094.16,6926959900.0,0.0007819798707400366
2017-12-26T00:00:00.000000,11103.84,11132.59,10967.37,11005.5,8174245500.0,0.0010215378932453016
2017-12-27T00:00:00.000000,11002.88,11025.1,10900.64,11021.83,7580270600.0,0.001140217712750937
2017-12-28T00:00:00.000000,11007.71,11026.73,10911.21,10911.21,8688309100.0,0.001104729380560838
2017-12-29T00:00:00.000000,10908.12,11029.09,10891.75,10974.01,8965039400.0,0.00105119121445526
2017-12-30T00:00:00.000000,10985.02,11040.62,10971.64,11040.45,7618269800.0,0.0007761755304248256
2018-01-03T00:00:00.000000,11082.5,11178.05,11072.87,11178.05,9793963000.0,0.0010608847132442787
2018-01-04T00:00:00.000000,11182.18,11316.46,11171.12,11280.3,11548691600.0,0.0007987530742010457
2018-01-05T00:00:00.000000,11271.52,11340.91,11259.46,11341.35,9922627900.0,0.0007229518651395531
2018-01-06T00:00:00.000000,11338.79,11372.29,11310.29,11342.85,10770016200.0,0.0008854448223361894
2018-01-09T00:00:00.000000,11346.21,11386.04,11287.6,11382.72,12276740700.0,0.0008909977086778695
2018-01-10T00:00:00.000000,11372.65,11449.6,11358.13,11447.09,10794395700.0,0.0006932053900973795
2018-01-11T00:00:00.000000,11439.64,11446.41,11345.1,11437.08,11376667000.0,0.0010686718515335375
2018-01-12T00:00:00.000000,11411.37,11482.81,11372.36,11464.2,10651514900.0,0.0012289820664244523
2018-01-13T00:00:00.000000,11458.67,11496.53,11420.26,11461.99,10223034100.0,0.0008235889218643369
2018-01-16T00:00:00.000000,11453.88,11476.58,11277.31,11307.46,13322445300.0,0.001492627617528845
2018-01-17T00:00:00.000000,11283.38,11402.46,11283.29,11386.91,11703046200.0,0.0010197711113890007
2018-01-18T00:00:00.000000,11367.16,11367.16,11185.92,11303.97,13319289600.0,0.0018140393116661544
2018-01-19T00:00:00.000000,11287.59,11375.11,11279.42,11319.91,8956289700.0,0.0010789459130680502
2018-01-20T00:00:00.000000,11316.53,11393.04,11276.57,11296.27,11200748400.0,0.0009428521033886215
2018-01-23T00:00:00.000000,11289.52,11512.74,11273.69,11513.08,10775604400.0,0.0010749582347442804
2018-01-24T00:00:00.000000,11514.35,11564.95,11493.74,11555.25,10158307600.0,0.0009488790725052872
2018-01-25T00:00:00.000000,11550.79,11613.95,11456.26,11607.57,12784321300.0,0.0009963440917007736
2018-01-26T00:00:00.000000,11587.35,11633.46,11548.68,11552.56,12389598800.0,0.001049094612036379
2018-01-27T00:00:00.000000,11524.92,11605.13,11512.94,11557.82,10084292500.0,0.0008411466541250651
2018-01-30T00:00:00.000000,11547.34,11556.65,11323.69,11352.72,12243599000.0,0.001441831219121632
2018-01-31T00:00:00.000000,11318.78,11370.0,11260.31,11278.78,9384590500.0,0.0012054705655644778
2018-02-01T00:00:00.000000,11211.43,11244.18,11119.32,11159.68,10715741200.0,0.0016353458753212036
2018-02-02T00:00:00.000000,11146.64,11171.36,10836.35,10864.34,12916846100.0,0.0019640385447019463
2018-02-03T00:00:00.000000,10794.25,10933.15,10663.54,10925.16,10698945000.0,0.0027351319938396968
2018-02-06T00:00:00.000000,10762.21,10873.24,10741.85,10836.25,9111496600.0,0.0018493220444632276
2018-02-07T00:00:00.000000,10601.14,10685.16,10380.27,10377.61,11786358700.0,0.0036147224416967893
2018-02-08T00:00:00.000000,10567.0,10599.54,10173.66,10246.97,11273011200.0,0.003968754616522344
2018-02-09T00:00:00.000000,10219.21,10411.2,10219.21,10372.59,8617567800.0,0.0017546088987965677
2018-02-10T00:00:00.000000,10095.96,10172.78,9868.83,10001.23,11353432300.0,0.0054193045097976
2018-02-13T00:00:00.000000,10062.54,10325.68,10062.54,10291.88,8102769900.0,0.001861815520432176
2018-02-14T00:00:00.000000,10368.7,10486.81,10350.17,10362.43,7723279900.0,0.0017755684887194793
2018-02-15T00:00:00.000000,10381.15,10433.09,10319.15,10431.91,5341460600.0,0.0009775727017269495
2018-02-23T00:00:00.000000,10546.98,10667.8,10526.98,10658.94,7839362400.0,0.001844265399865231
2018-02-24T00:00:00.000000,10668.15,10700.11,10578.79,10662.79,7588565300.0,0.001016707385097633
2018-02-27T00:00:00.000000,10732.15,10920.21,10670.17,10895.56,11184093600.0,0.0015100017003129807
2018-02-28T00:00:00.000000,10896.23,10915.36,10791.95,10807.53,10396859700.0,0.0012935922959589653
2018-03-01T00:00:00.000000,10706.55,10875.71,10656.36,10828.73,10088452900.0,0.0021853016656103626
2018-03-02T00:00:00.000000,10752.27,10939.39,10732.93,10943.13,9784800600.0,0.0012310484529899784
2018-03-03T00:00:00.000000,10857.19,10947.39,10840.01,10856.25,9156580600.0,0.0012973449027376337
2018-03-06T00:00:00.000000,10885.55,10913.03,10813.47,10875.68,8001936800.0,0.0011265947044475505
2018-03-07T00:00:00.000000,10909.77,11004.97,10873.85,11007.95,11222988300.0,0.0011044277696124606
2018-03-08T00:00:00.000000,10993.42,11031.48,10897.58,10904.99,9184790100.0,0.0009753494238332904
2018-03-09T00:00:00.000000,10903.41,11017.57,10892.18,11019.08,8324626100.0,0.0009918467301337657
2018-03-10T00:00:00.000000,11041.93,11203.72,11030.55,11194.91,12027286900.0,0.0009490436451441854
2018-03-13T00:00:00.000000,11267.63,11328.24,11260.46,11326.27,13413384100.0,0.0013237112494519272
2018-03-14T00:00:00.000000,11311.45,11335.3,11236.38,11241.41,10887397300.0,0.0011739539834049791
2018-03-15T00:00:00.000000,11199.41,11242.31,11138.39,11139.63,9393435200.0,0.0010188875511093932
2018-03-16T00:00:00.000000,11100.3,11195.94,11051.62,11163.65,9025523600.0,0.0011747531272996764
2018-03-17T00:00:00.000000,11166.58,11192.36,11052.11,11051.12,8167859600.0,0.0009466304790955708
2018-03-20T00:00:00.000000,11044.69,11120.75,10994.68,11068.49,8058567300.0,0.0010756002705937645
2018-03-21T00:00:00.000000,10982.35,11082.03,10951.99,11077.8,8032746300.0,0.0014150732746655542
2018-03-22T00:00:00.000000,11101.8,11170.56,10973.58,10980.55,9414448200.0,0.001365764534153925
2018-03-23T00:00:00.000000,10990.79,11035.58,10858.44,10877.25,8265303700.0,0.0014193102794435076
2018-03-24T00:00:00.000000,10511.36,10664.93,10256.5,10439.99,14841121700.0,0.005805997742713381
2018-03-27T00:00:00.000000,10305.02,10563.02,10217.22,10564.38,10187855000.0,0.002902687847026385
2018-03-28T00:00:00.000000,10683.66,10799.37,10675.5,10775.71,11413411700.0,0.0024561521143966272
2018-03-29T00:00:00.000000,10617.9,10768.48,10613.06,10630.69,9948154200.0,0.002154557604426542
2018-03-30T00:00:00.000000,10678.57,10778.8,10564.29,10755.92,9581810000.0,0.0019641087573712035
2018-03-31T00:00:00.000000,10775.04,10883.05,10766.53,10868.66,9969446100.0,0.0011461604995908496
2018-04-03T00:00:00.000000,10887.47,10949.58,10835.71,10852.95,11654341300.0,0.001232022490731045
2018-04-04T00:00:00.000000,10718.43,10783.93,10667.33,10754.28,10054770500.0,0.0022379869571075707
2018-04-05T00:00:00.000000,10782.81,10829.82,10678.94,10684.56,9053124300.0,0.001380570414850215
2018-04-10T00:00:00.000000,10656.31,10725.11,10571.16,10653.38,8453073000.0,0.001607173539370358
2018-04-11T00:00:00.000000,10671.69,10765.62,10628.24,10765.61,9227560900.0,0.001061695665383617
2018-04-12T00:00:00.000000,10796.5,10856.44,10786.84,10808.37,8991435700.0,0.0011923364141621265
2018-04-13T00:00:00.000000,10797.35,10825.48,10720.83,10726.95,7528268500.0,0.0009501605048371974
2018-04-14T00:00:00.000000,10789.77,10825.67,10670.65,10687.02,7245377400.0,0.0016653380783853379
2018-04-17T00:00:00.000000,10660.69,10704.39,10541.45,10621.79,9499416400.0,0.0012602271264559686
2018-04-18T00:00:00.000000,10639.13,10669.15,10390.31,10395.16,9481707200.0,0.0017684410946681734
2018-04-19T00:00:00.000000,10477.52,10514.74,10249.87,10491.15,11097772500.0,0.002285502606113428
2018-04-20T00:00:00.000000,10502.36,10646.7,10485.41,10598.35,10103939300.0,0.0011906214775014212
2018-04-21T00:00:00.000000,10572.75,10618.93,10392.69,10408.91,9522953700.0,0.0017557539050854544
2018-04-24T00:00:00.000000,10416.78,10471.21,10228.09,10330.63,9486549200.0,0.0017379554511478999
2018-04-25T00:00:00.000000,10325.51,10556.82,10325.51,10556.82,9755980900.0,0.0012969899310416903
2018-04-26T00:00:00.000000,10503.94,10579.18,10488.87,10547.1,8687930800.0,0.0011439638770137858
2018-04-27T00:00:00.000000,10495.03,10507.85,10290.37,10292.12,9153884200.0,0.0016187709316084317
2018-04-28T00:00:00.000000,10353.02,10382.77,10239.97,10324.47,8273453400.0,0.0020252293826101535
2018-05-03T00:00:00.000000,10356.19,10433.28,10283.52,10342.85,7728450000.0,0.0012697044119057508
2018-05-04T00:00:00.000000,10329.16,10459.39,10228.26,10458.62,9125857400.0,0.001624636610900152
2018-05-05T00:00:00.000000,10428.85,10490.06,10411.83,10426.19,7007032000.0,0.001179703595060737
2018-05-08T00:00:00.000000,10456.43,10626.51,10450.49,10626.51,8188937900.0,0.0010879945984020173
2018-05-09T00:00:00.000000,10632.11,10721.98,10630.58,10707.8,8520008100.0,0.0009550269770907169
2018-05-10T00:00:00.000000,10693.22,10705.15,10639.92,10689.07,6883309800.0,0.0007931162371840689
2018-05-11T00:00:00.000000,10706.73,10742.64,10651.87,10729.77,7619767100.0,0.0011242989965100365
2018-05-12T00:00:00.000000,10748.89,10752.82,10634.23,10634.3,8038710900.0,0.0010905015813375868
2018-05-15T00:00:00.000000,10649.11,10723.79,10641.29,10671.46,8265028000.0,0.0011978662835074318
2018-05-16T00:00:00.000000,10692.82,10747.99,10632.55,10747.99,7552320300.0,0.0008905064160754431
2018-05-17T00:00:00.000000,10713.59,10776.43,10691.14,10701.32,7435181700.0,0.0011173330342759268
2018-05-18T00:00:00.000000,10702.07,10713.71,10615.92,10635.5,6455243700.0,0.0009858205776268364
2018-05-19T00:00:00.000000,10623.91,10679.51,10557.75,10672.52,6908938300.0,0.0011286412922211914
2018-05-22T00:00:00.000000,10741.19,10789.76,10731.61,10765.35,8744044900.0,0.0015412217223424339
2018-05-23T00:00:00.000000,10754.7,10765.81,10689.51,10765.81,7477177700.0,0.0007519003321017979
2018-05-24T00:00:00.000000,10746.82,10746.82,10631.12,10631.12,8087942200.0,0.0009711124017572502
2018-05-25T00:00:00.000000,10632.5,10657.45,10552.35,10564.13,7057335500.0,0.000990576303371865
2018-05-26T00:00:00.000000,10550.63,10576.81,10435.95,10448.23,7783431600.0,0.0011363080042926792
2018-05-29T00:00:00.000000,10439.65,10536.57,10382.72,10465.54,7503534400.0,0.0011391606347260143
2018-05-30T00:00:00.000000,10446.99,10517.14,10347.94,10349.07,7351195600.0,0.0012757274642262737
2018-05-31T00:00:00.000000,10203.66,10252.15,10097.48,10105.8,9034549800.0,0.003364367467156355
2018-06-01T00:00:00.000000,10178.96,10295.73,10115.66,10295.73,8262504900.0,0.001933727180560042
2018-06-02T00:00:00.000000,10247.16,10280.74,10122.99,10169.35,7168334300.0,0.001666588391849866
2018-06-05T00:00:00.000000,10192.04,10237.6,10148.69,10204.32,7280815100.0,0.0011548026142992984
2018-06-06T00:00:00.000000,10216.63,10385.61,10216.02,10385.6,7200695800.0,0.000995425666777994
2018-06-07T00:00:00.000000,10375.26,10403.93,10337.71,10365.13,6445417300.0,0.0007659980410539187
2018-06-08T00:00:00.000000,10397.65,10411.56,10308.06,10313.85,6435732700.0,0.0010075687344733213
2018-06-09T00:00:00.000000,10290.63,10291.9,10136.58,10205.52,6852694700.0,0.0011158827581414538
2018-06-12T00:00:00.000000,10191.31,10242.76,10141.27,10175.35,5829772800.0,0.0013906622572419133
2018-06-13T00:00:00.000000,10187.31,10323.0,10124.98,10315.28,6442586900.0,0.0013436202713925742
2018-06-14T00:00:00.000000,10280.08,10288.0,10161.39,10161.65,6289220500.0,0.0013914269013034217
2018-06-15T00:00:00.000000,10124.76,10213.79,10054.37,10084.18,5870231000.0,0.0015266714812295146
2018-06-16T00:00:00.000000,10077.43,10108.53,9902.63,9943.13,7222879700.0,0.0017923727205523825
2018-06-20T00:00:00.000000,9775.97,9815.01,9336.7,9414.76,10797546000.0,0.0037056836231856615
2018-06-21T00:00:00.000000,9367.74,9549.53,9310.19,9501.34,7754765000.0,0.0020278025720583395
2018-06-22T00:00:00.000000,9493.5,9573.49,9313.09,9316.68,8102578600.0,0.001871395520108498
2018-06-23T00:00:00.000000,9247.02,9416.09,9172.3,9409.95,6942835800.0,0.0030508660486204832
2018-06-26T00:00:00.000000,9472.91,9494.44,9320.66,9324.83,6989380500.0,0.0014878786762709277
2018-06-27T00:00:00.000000,9201.0,9364.51,9175.39,9339.37,7553368100.0,0.002408216614790184
2018-06-28T00:00:00.000000,9338.01,9378.08,9139.82,9168.66,6965173100.0,0.0017341525108872013
2018-06-29T00:00:00.000000,9130.52,9230.89,9065.2,9071.73,6802150500.0,0.0015296678894623913
2018-06-30T00:00:00.000000,9100.6,9381.02,9078.24,9379.48,7988274900.0,0.0018965477573610755
2018-07-03T00:00:00.000000,9369.24,9393.1,9107.55,9179.8,7674211000.0,0.0018611996734150995
2018-07-04T00:00:00.000000,9184.31,9233.02,8945.42,9221.54,8794220400.0,0.002866756340448758
2018-07-05T00:00:00.000000,9182.96,9200.27,9008.09,9035.49,7660690100.0,0.0022887621318297704
2018-07-06T00:00:00.000000,9036.12,9096.54,8844.67,8862.18,7318757000.0,0.002006147959952811
2018-07-07T00:00:00.000000,8873.9,9035.45,8736.36,8911.34,8636752000.0,0.0030666769309677148
2018-07-10T00:00:00.000000,8954.31,9160.62,8954.31,9160.62,7421620700.0,0.0020455432849748943
2018-07-11T00:00:00.000000,9176.29,9213.87,9123.22,9205.43,7014714100.0,0.0013715808347266167
2018-07-12T00:00:00.000000,9024.72,9092.88,8916.98,9023.82,7707984600.0,0.004036597235869095
2018-07-13T00:00:00.000000,9019.96,9312.37,9019.96,9273.61,10219722000.0,0.0016489809418696404
2018-07-14T00:00:00.000000,9288.47,9344.65,9270.2,9326.97,8400380500.0,0.001183869829945407
2018-07-17T00:00:00.000000,9322.97,9366.21,9278.07,9317.35,7450339200.0,0.0015110570547830378
2018-07-18T00:00:00.000000,9307.66,9307.66,9175.66,9285.16,6914475800.0,0.0013616897808680075
2018-07-19T00:00:00.000000,9293.2,9335.09,9195.24,9195.24,7475858700.0,0.0012946456226565412
2018-07-20T00:00:00.000000,9214.9,9266.93,9116.45,9148.78,6911980900.0,0.001363991822435362
2018-07-21T00:00:00.000000,9141.51,9277.95,9055.86,9251.48,8411947800.0,0.0018136240607360809
2018-07-24T00:00:00.000000,9188.47,9314.3,9160.05,9314.3,9886355300.0,0.0014793703507930591
2018-07-25T00:00:00.000000,9316.65,9491.24,9313.17,9465.8,12293364700.0,0.001417855308487715
2018-07-26T00:00:00.000000,9475.72,9514.94,9436.99,9463.76,9963818800.0,0.0008640796897069217
2018-07-27T00:00:00.000000,9467.56,9488.39,9331.45,9352.25,9559441900.0,0.001155297632994584
2018-07-28T00:00:00.000000,9344.75,9363.17,9270.35,9295.93,7474211300.0,0.0013402006427850196
2018-07-31T00:00:00.000000,9289.36,9309.44,9139.74,9181.94,7482730900.0,0.0015556049156320423
2018-08-01T00:00:00.000000,9168.83,9216.73,9132.08,9178.78,6449524500.0,0.0012320807065451151
2018-08-02T00:00:00.000000,9205.75,9235.74,9005.37,9005.37,8055851400.0,0.0015398359550839774
2018-08-03T00:00:00.000000,8971.71,8971.71,8613.84,8780.56,9940011600.0,0.0025765127291108012
2018-08-04T00:00:00.000000,8767.56,8807.95,8602.12,8602.12,6724573500.0,0.0017506038048370248
2018-08-07T00:00:00.000000,8582.43,8638.37,8374.4,8422.84,7097435600.0,0.00254934065427857
2018-08-08T00:00:00.000000,8453.55,8674.03,8379.7,8674.02,7787547600.0,0.002172788927988368
2018-08-09T00:00:00.000000,8654.55,8665.39,8498.21,8499.22,7226122900.0,0.0017765310297612222
2018-08-10T00:00:00.000000,8475.79,8797.58,8460.43,8752.2,9351995500.0,0.0017594186425761934
2018-08-11T00:00:00.000000,8752.94,8839.29,8742.4,8813.49,7022348500.0,0.0015118413735132434
2018-08-14T00:00:00.000000,8712.12,8855.62,8676.21,8844.86,7517085900.0,0.0020757627392114235
2018-08-15T00:00:00.000000,8832.27,8843.57,8752.76,8784.9,6406140000.0,0.0012946146272295805
2018-08-16T00:00:00.000000,8786.35,8786.35,8567.23,8581.18,7133751600.0,0.0015175684157811833
2018-08-17T00:00:00.000000,8470.91,8628.91,8408.0,8500.42,7087616900.0,0.0038601667982508794
2018-08-18T00:00:00.000000,8573.57,8597.79,8341.1,8357.04,6865111000.0,0.0018362287442719742
2018-08-21T00:00:00.000000,8355.0,8414.15,8241.14,8414.15,7136813000.0,0.002598310575265143
2018-08-22T00:00:00.000000,8419.79,8561.79,8396.58,8549.06,7130096300.0,0.0012114577536585516
2018-08-23T00:00:00.000000,8533.43,8533.43,8440.58,8454.75,5675775800.0,0.0011949942882559482
2018-08-24T00:00:00.000000,8446.98,8543.42,8411.74,8501.39,6611642900.0,0.0018182545037816493
2018-08-25T00:00:00.000000,8480.22,8544.25,8438.08,8484.74,6130542400.0,0.0015749756615966314
2018-08-28T00:00:00.000000,8511.37,8728.56,8511.37,8728.56,8560383400.0,0.0016246145784576318
2018-08-29T00:00:00.000000,8731.64,8758.71,8693.52,8733.75,7463198100.0,0.0011088455013261746
2018-08-30T00:00:00.000000,8716.82,8724.81,8649.73,8678.26,7466891300.0,0.0011813696134366609
2018-08-31T00:00:00.000000,8666.9,8701.04,8543.79,8552.8,7635117100.0,0.0012503191187895851
2018-09-01T00:00:00.000000,8509.27,8536.06,8425.35,8465.47,6615970300.0,0.001866183146809013
2018-09-04T00:00:00.000000,8440.95,8459.95,8344.93,8455.55,7213426900.0,0.00159655292186029
2018-09-05T00:00:00.000000,8454.14,8573.2,8420.88,8554.44,7858449600.0,0.0014903850966823777
2018-09-06T00:00:00.000000,8519.57,8536.84,8402.51,8402.51,7887536700.0,0.001584239909814014
2018-09-07T00:00:00.000000,8369.3,8450.89,8295.48,8324.16,6548734000.0,0.001520291418808163
2018-09-08T00:00:00.000000,8344.57,8462.39,8270.4,8322.36,7339629800.0,0.002060836588524136
2018-09-11T00:00:00.000000,8310.46,8311.91,8155.35,8158.49,7101939700.0,0.0018279410449846278
2018-09-12T00:00:00.000000,8155.95,8216.62,8112.0,8168.1,6187033800.0,0.0016141952853599552
2018-09-13T00:00:00.000000,8162.17,8196.86,8095.01,8111.16,5728057100.0,0.0015939091995290516
2018-09-14T00:00:00.000000,8196.21,8227.2,8038.12,8163.76,7403494600.0,0.002065509429182094
2018-09-15T00:00:00.000000,8173.56,8180.7,8090.4,8113.88,7353204100.0,0.001415398366623562
2018-09-18T00:00:00.000000,8068.06,8074.79,7977.44,7999.35,6363716500.0,0.001853033791277314
2018-09-19T00:00:00.000000,7970.45,8133.9,7958.52,8133.22,7120877700.0,0.0015946779245364015
2018-09-20T00:00:00.000000,8111.24,8313.62,8097.23,8248.12,8898190400.0,0.0015634211890584856
2018-09-21T00:00:00.000000,8241.7,8295.13,8218.38,8233.89,7092308300.0,0.0011319199778567239
2018-09-22T00:00:00.000000,8258.02,8419.47,8216.68,8409.18,8793855000.0,0.001450043657636701
2018-09-26T00:00:00.000000,8336.75,8390.65,8311.93,8353.38,6399231000.0,0.0014522946761027274
2018-09-27T00:00:00.000000,8369.52,8485.68,8344.72,8420.54,8322526800.0,0.001403242293381017
2018-09-28T00:00:00.000000,8411.18,8434.87,8331.78,8334.75,7803714200.0,0.000994932175038709
2018-09-29T00:00:00.000000,8351.63,8405.98,8317.48,8401.09,6809249400.0,0.0010136995274501604
2018-10-09T00:00:00.000000,8225.84,8249.39,8055.98,8060.83,7744421200.0,0.0036961072811745807
2018-10-10T00:00:00.000000,8083.23,8132.15,8013.19,8046.39,5905556000.0,0.001627308804146321
2018-10-11T00:00:00.000000,8062.46,8090.22,7952.13,8010.69,6149230100.0,0.0016513674778259517
2018-10-12T00:00:00.000000,7753.03,7803.29,7481.89,7524.09,11200811700.0,0.005185610334641213
2018-10-13T00:00:00.000000,7484.86,7595.93,7331.81,7558.28,9849435100.0,0.00318699827559705
2018-10-16T00:00:00.000000,7571.71,7622.03,7430.96,7444.48,7255700600.0,0.0018580601099892336
2018-10-17T00:00:00.000000,7444.94,7493.15,7263.29,7298.98,7298993600.0,0.0021390912425192365
2018-10-18T00:00:00.000000,7390.69,7419.21,7206.34,7365.21,8115991700.0,0.0030627441132800057
2018-10-19T00:00:00.000000,7309.0,7316.19,7182.39,7187.49,7419028700.0,0.0030852638390724443
2018-10-20T00:00:00.000000,7097.04,7390.92,7084.44,7387.74,9079407500.0,0.002441326249939912
2018-10-23T00:00:00.000000,7464.92,7816.82,7464.92,7748.82,12647110800.0,0.003237796271062594
2018-10-24T00:00:00.000000,7752.18,7769.52,7523.07,7574.99,10159738500.0,0.0020111233171850825
2018-10-25T00:00:00.000000,7531.6,7653.24,7484.63,7545.11,8472629200.0,0.002273168411530247
2018-10-26T00:00:00.000000,7334.52,7543.11,7305.77,7529.41,8981592200.0,0.005132565426539755
2018-10-27T00:00:00.000000,7582.77,7621.38,7476.13,7504.72,8734898400.0,0.0020081527251739877
2018-10-30T00:00:00.000000,7449.64,7450.38,7290.82,7322.24,7428633400.0,0.002579012919884279
2018-10-31T00:00:00.000000,7271.96,7451.66,7189.35,7375.23,9466891600.0,0.0026854360189974306
2018-11-01T00:00:00.000000,7385.98,7526.6,7373.75,7482.83,8821692200.0,0.001568361580489734
2018-11-02T00:00:00.000000,7568.2,7689.57,7558.4,7567.79,11354491100.0,0.0025854250127842994
2018-11-03T00:00:00.000000,7763.49,7867.54,7709.44,7867.54,13048168800.0,0.004042541104508397
2018-11-06T00:00:00.000000,7831.82,7895.54,7733.14,7839.08,11307686900.0,0.002033051991677253
2018-11-07T00:00:00.000000,7807.09,7807.09,7701.51,7791.25,8863249300.0,0.0020468586518660125
2018-11-08T00:00:00.000000,7783.13,7871.17,7745.39,7752.04,9667748700.0,0.0015747859152043416
2018-11-09T00:00:00.000000,7813.63,7823.6,7692.34,7698.02,8450620300.0,0.0015527209022029671
2018-11-10T00:00:00.000000,7650.17,7705.26,7626.17,7648.55,8284087700.0,0.0014779269274321995
2018-11-13T00:00:00.000000,7634.82,7832.82,7622.47,7832.29,10725314500.0,0.0015423012268678776
2018-11-14T00:00:00.000000,7733.11,8008.11,7718.68,7963.66,15599611700.0,0.0022434461335641372
2018-11-15T00:00:00.000000,7942.08,7990.45,7894.21,7908.55,12762816400.0,0.0013694313095314282
2018-11-16T00:00:00.000000,7889.92,8002.1,7884.34,8002.1,11529609200.0,0.00149288077176239
2018-11-17T00:00:00.000000,8003.47,8116.73,7959.14,8062.29,13774575200.0,0.0015296904887417628
2018-11-20T00:00:00.000000,8050.55,8108.85,8014.57,8108.85,12601991800.0,0.0017580460596158952
2018-11-21T00:00:00.000000,8031.36,8054.24,7870.41,7879.52,12467818700.0,0.0020998834946320253
2018-11-22T00:00:00.000000,7786.78,7919.07,7776.56,7908.47,10148495000.0,0.0019287759775268147
2018-11-23T00:00:00.000000,7929.79,7950.97,7857.81,7893.99,8824854600.0,0.001267278338896282
2018-11-24T00:00:00.000000,7882.85,7889.13,7616.47,7636.7,10711542900.0,0.0022107923382642014
2018-11-27T00:00:00.000000,7627.4,7682.2,7586.6,7615.91,7069712800.0,0.0015307133824832174
2018-11-28T00:00:00.000000,7657.8,7682.76,7589.0,7635.16,6946805500.0,0.0015369913349491402
2018-11-29T00:00:00.000000,7633.37,7757.07,7572.65,7757.07,9169031600.0,0.0016139236246370224
2018-11-30T00:00:00.000000,7800.57,7820.45,7597.01,7597.01,9087877700.0,0.0018028640616688013
2018-12-01T00:00:00.000000,7583.84,7688.88,7537.92,7681.75,7722533000.0,0.001729188949764239
2018-12-04T00:00:00.000000,7901.83,7968.09,7835.23,7938.47,12057705500.0,0.003595583990228374
2018-12-05T00:00:00.000000,7916.55,7954.31,7890.66,7953.72,8655945400.0,0.0012332600190633044
2018-12-06T00:00:00.000000,7825.12,7972.98,7808.74,7928.51,8975941300.0,0.002533947966167334
2018-12-07T00:00:00.000000,7854.59,7872.45,7725.99,7735.05,8406942600.0,0.0022227988938977065
2018-12-08T00:00:00.000000,7741.73,7765.14,7712.27,7733.89,6341042700.0,0.0011515758025862721
2018-12-11T00:00:00.000000,7663.26,7698.53,7606.0,7624.86,6860350800.0,0.0015731588792246786
2018-12-12T00:00:00.000000,7642.16,7685.4,7628.15,7685.4,6149997200.0,0.0011233513121084663
2018-12-13T00:00:00.000000,7721.82,7737.24,7675.26,7698.02,6019446600.0,0.0011242537681069125
2018-12-14T00:00:00.000000,7717.47,7849.66,7679.02,7808.04,8172172800.0,0.0013893361673089084
2018-12-15T00:00:00.000000,7785.29,7792.74,7624.72,7629.65,8130345600.0,0.0011558321004747324
2018-12-18T00:00:00.000000,7599.01,7618.68,7515.46,7592.65,6534086300.0,0.0016219851613920306
2018-12-19T00:00:00.000000,7540.96,7609.39,7473.45,7530.32,6331425800.0,0.0015787404866494995
2018-12-20T00:00:00.000000,7541.5,7548.72,7407.46,7418.69,5677061300.0,0.001208270240890641
2018-12-21T00:00:00.000000,7402.2,7445.05,7363.77,7426.44,6165683300.0,0.0017908709979817337
2018-12-22T00:00:00.000000,7399.15,7405.27,7283.76,7337.6,7226705600.0,0.0017366313366028593
2018-12-25T00:00:00.000000,7315.26,7393.71,7293.15,7392.56,5768582400.0,0.0013964456099252894
2018-12-26T00:00:00.000000,7308.61,7362.07,7180.08,7332.35,8003307400.0,0.002926830990751019
2018-12-27T00:00:00.000000,7323.99,7369.84,7277.56,7289.55,6079250000.0,0.0014128786997510108
2018-12-28T00:00:00.000000,7402.6,7415.92,7215.34,7215.34,7402450800.0,0.0022660372811176095
2018-12-29T00:00:00.000000,7229.87,7282.5,7174.9,7239.79,6735121700.0,0.0016654817943415822
2019-01-03T00:00:00.000000,7259.49,7266.47,7136.95,7149.27,6281613200.0,0.0013134656651497666
2019-01-04T00:00:00.000000,7134.15,7217.83,7081.83,7089.44,7196540000.0,0.0016866683017896025
2019-01-05T00:00:00.000000,7022.12,7284.84,7011.33,7284.84,10401235200.0,0.0024207617908557125
2019-01-08T00:00:00.000000,7333.32,7409.38,7303.46,7400.2,10573704200.0,0.001844052563650237
2019-01-09T00:00:00.000000,7381.61,7412.19,7361.41,7391.65,9244875200.0,0.0012492680486356478
2019-01-10T00:00:00.000000,7425.64,7552.2,7404.49,7447.93,10962106900.0,0.0015417479693167104
2019-01-11T00:00:00.000000,7442.7,7491.69,7415.28,7428.61,8779860100.0,0.0011819961989184035
2019-01-12T00:00:00.000000,7441.18,7490.17,7404.31,7474.01,8212259300.0,0.001517121138817006
2019-01-15T00:00:00.000000,7473.88,7488.36,7394.96,7409.2,8301436100.0,0.0009426075931937214
2019-01-16T00:00:00.000000,7403.79,7549.66,7386.15,7547.35,9064663200.0,0.0012665835507927174
2019-01-17T00:00:00.000000,7545.35,7586.66,7518.71,7540.45,8908317400.0,0.0010663034224632757
2019-01-18T00:00:00.000000,7534.04,7545.81,7463.99,7470.36,8512206800.0,0.001240724711361486
2019-01-19T00:00:00.000000,7486.95,7584.76,7479.66,7581.39,9638324300.0,0.0013527056354113891
2019-01-22T00:00:00.000000,7591.19,7661.62,7578.49,7626.24,9036992600.0,0.0010573904314632818
2019-01-23T00:00:00.000000,7615.8,7615.8,7493.78,7516.79,7753071800.0,0.0010785862287962245
2019-01-24T00:00:00.000000,7493.07,7542.65,7489.32,7523.77,6504159600.0,0.0010205736492605254
2019-01-25T00:00:00.000000,7537.5,7604.99,7485.24,7573.52,8200021000.0,0.0010534712211276334
2019-01-26T00:00:00.000000,7581.29,7657.03,7554.55,7595.45,8904849500.0,0.0011507052167819335
2019-01-29T00:00:00.000000,7641.29,7704.85,7569.77,7589.58,8406558500.0,0.0017017765045586766
2019-01-30T00:00:00.000000,7575.43,7578.13,7428.4,7551.3,8812202200.0,0.00240638224701144
2019-01-31T00:00:00.000000,7518.03,7580.22,7470.36,7470.47,7015795200.0,0.0014196056703734046
2019-02-01T00:00:00.000000,7485.79,7552.56,7428.86,7479.22,8986144700.0,0.0016725138880443937
2019-02-02T00:00:00.000000,7524.67,7684.11,7517.83,7684.0,8948052400.0,0.001709255503803402
2019-02-12T00:00:00.000000,7695.17,7922.54,7695.17,7919.05,10499425800.0,0.0014690414940859576
2019-02-13T00:00:00.000000,7915.06,8027.63,7903.9,8010.07,13174504800.0,0.0013591570605544295
2019-02-14T00:00:00.000000,8029.97,8191.98,8016.78,8171.21,15928396000.0,0.001345828216732459
2019-02-15T00:00:00.000000,8182.32,8260.33,8141.1,8219.96,15969241300.0,0.001521947374126453
2019-02-16T00:00:00.000000,8198.45,8223.64,8117.51,8125.63,15380374600.0,0.001355537902166877
2019-02-19T00:00:00.000000,8187.89,8446.92,8187.89,8446.92,19384558300.0,0.0025631119527814595
2019-02-20T00:00:00.000000,8480.76,8537.35,8350.86,8440.87,20397987400.0,0.0020948674574504315
2019-02-21T00:00:00.000000,8443.98,8488.47,8372.96,8473.43,16808307200.0,0.0016687288512580787
2019-02-22T00:00:00.000000,8467.15,8619.62,8416.17,8451.71,19861603800.0,0.0022219753081629905
2019-02-23T00:00:00.000000,8431.56,8651.2,8393.86,8651.2,19560394500.0,0.0018303363096166907
2019-02-26T00:00:00.000000,8804.97,9134.58,8785.42,9134.58,31560535300.0,0.0034867212325570213
2019-02-27T00:00:00.000000,9162.92,9276.45,9036.75,9089.04,34270093600.0,0.0037152096680883365
2019-02-28T00:00:00.000000,9062.97,9158.2,8901.72,9005.77,25832020800.0,0.002661492794186099
2019-03-01T00:00:00.000000,9001.18,9097.4,8970.65,9031.93,18793611900.0,0.002454069891823209
2019-03-02T00:00:00.000000,9111.96,9167.65,9005.49,9167.65,18944971300.0,0.0023464493239997394
2019-03-05T00:00:00.000000,9280.65,9567.15,9260.73,9384.42,29512121400.0,0.0035896035284245253
2019-03-06T00:00:00.000000,9366.77,9595.74,9328.0,9595.74,25621265700.0,0.002129296938618581
2019-03-07T00:00:00.000000,9640.95,9707.92,9518.71,9700.49,32269136500.0,0.0027281393926735765
2019-03-08T00:00:00.000000,9685.3,9782.22,9546.56,9678.11,31327491600.0,0.0029845144899077257
2019-03-09T00:00:00.000000,9447.6,9726.3,9346.73,9363.72,34299047500.0,0.0049241863633344134
2019-03-12T00:00:00.000000,9425.8,9704.33,9370.38,9704.33,26291973700.0,0.0031195429545050023
2019-03-13T00:00:00.000000,9766.5,9928.2,9683.07,9841.24,30365584400.0,0.0026377548245083053
2019-03-14T00:00:00.000000,9828.15,9828.15,9534.33,9592.06,26925649400.0,0.0030499176280273555
2019-03-15T00:00:00.000000,9521.62,9620.46,9323.06,9417.93,21364039900.0,0.002690706762515605
2019-03-16T00:00:00.000000,9485.33,9650.54,9452.91,9550.54,18016538600.0,0.0025755959052294716
2019-03-19T00:00:00.000000,9583.44,9843.43,9510.66,9843.43,19986112300.0,0.002111443091684914
2019-03-20T00:00:00.000000,9844.46,9908.17,9774.75,9839.74,19353868500.0,0.0017665035279274214
2019-03-21T00:00:00.000000,9828.07,9848.77,9642.67,9800.6,20389193200.0,0.0023135801070159395
2019-03-22T00:00:00.000000,9808.74,9934.86,9771.86,9869.8,23407833300.0,0.0018844467008692128
2019-03-23T00:00:00.000000,9871.99,9891.83,9692.25,9879.22,20307134900.0,0.002115755741311846
2019-03-26T00:00:00.000000,9705.02,9858.08,9680.94,9701.7,20546352600.0,0.002786198185095223
2019-03-27T00:00:00.000000,9753.17,9780.08,9487.1,9513.0,19535265300.0,0.002300266293387165
2019-03-28T00:00:00.000000,9582.03,9609.44,9446.35,9609.44,16162527500.0,0.002103486999866569
2019-03-29T00:00:00.000000,9586.38,9695.52,9537.61,9546.51,15385831500.0,0.0018987111998022045
2019-03-30T00:00:00.000000,9556.3,9906.86,9554.07,9906.86,20273047700.0,0.002029537404720154
2019-04-02T00:00:00.000000,9976.98,10277.55,9976.98,10267.7,25307622100.0,0.002844787133364424
2019-04-03T00:00:00.000000,10314.79,10334.95,10220.81,10260.36,24992412800.0,0.0018983000304941399
2019-04-04T00:00:00.000000,10199.97,10350.57,10166.67,10340.51,21039566900.0,0.0016823006221217765
2019-04-05T00:00:00.000000,10379.2,10453.5,10309.53,10415.8,22254924700.0,0.0019696366483871524
2019-04-09T00:00:00.000000,10510.43,10541.18,10226.25,10351.87,24806528400.0,0.00232376909398625
2019-04-10T00:00:00.000000,10368.03,10438.99,10304.73,10436.62,18969391300.0,0.0017097811774572085
2019-04-11T00:00:00.000000,10403.24,10529.74,10328.61,10435.08,20629194400.0,0.0024049646071053277
2019-04-12T00:00:00.000000,10420.65,10437.45,10149.38,10158.4,17945863400.0,0.0023084154720602727
2019-04-13T00:00:00.000000,10138.09,10186.47,10053.81,10132.34,14335290900.0,0.0018027859417095553
2019-04-16T00:00:00.000000,10294.82,10365.31,10048.83,10053.76,16764225100.0,0.0029883086993953787
2019-04-17T00:00:00.000000,9993.25,10287.64,9928.28,10287.64,17546987500.0,0.0025841302696631248
2019-04-18T00:00:00.000000,10288.45,10410.65,10257.56,10344.43,18807876900.0,0.0017001991573980177
2019-04-19T00:00:00.000000,10338.5,10363.85,10267.31,10287.67,15701935600.0,0.001399272922696348
2019-04-20T00:00:00.000000,10280.34,10418.24,10208.61,10418.24,15672137100.0,0.00184111711819029
2019-04-23T00:00:00.000000,10418.71,10418.71,10192.52,10224.31,17448317000.0,0.001910906350126262
2019-04-24T00:00:00.000000,10206.02,10247.39,10091.92,10124.66,15900496600.0,0.0022108104354383556
2019-04-25T00:00:00.000000,10162.38,10239.37,10023.91,10236.27,16121648500.0,0.001996083754545276
2019-04-26T00:00:00.000000,10186.23,10209.14,9902.02,9907.62,17249159500.0,0.0022072242865217046
2019-04-27T00:00:00.000000,9852.94,9927.74,9774.75,9780.82,14061679500.0,0.0022540764193007203
2019-04-30T00:00:00.000000,9775.95,9822.82,9597.09,9622.49,15549069100.0,0.0028084324220684076
2019-05-01T00:00:00.000000,9573.41,9730.55,9573.39,9674.53,11329320000.0,0.001834849153387098
2019-05-07T00:00:00.000000,9289.74,9333.92,8893.15,8943.52,16792701600.0,0.006106006529771067
2019-05-08T00:00:00.000000,9011.52,9160.52,8928.57,9089.46,13049262000.0,0.0032963136454116073
2019-05-09T00:00:00.000000,8899.91,9167.81,8873.44,9002.53,12093666200.0,0.0035108730629507855
2019-05-10T00:00:00.000000,8919.5,9012.24,8860.17,8877.31,10148988000.0,0.002146901191947593
2019-05-11T00:00:00.000000,8988.92,9238.55,8820.59,9235.39,14507180900.0,0.0055925688614160045
2019-05-14T00:00:00.000000,9112.52,9191.07,9059.32,9103.36,10639222400.0,0.0031564001703257446
2019-05-15T00:00:00.000000,8998.97,9142.46,8996.92,9038.36,10080202100.0,0.0019428001977722833
2019-05-16T00:00:00.000000,9125.27,9282.96,9123.9,9259.03,11059072800.0,0.0020150691477881385
2019-05-17T00:00:00.000000,9247.99,9307.22,9211.75,9293.32,11720213000.0,0.001371646798287491
2019-05-18T00:00:00.000000,9299.46,9303.05,8964.37,9000.19,13567906300.0,0.001964865507862222
2019-05-21T00:00:00.000000,8980.8,8994.18,8792.84,8916.11,11393123000.0,0.0030545001111180457
2019-05-22T00:00:00.000000,8920.46,9120.69,8892.15,9087.52,11810246600.0,0.0019006860108623095
2019-05-23T00:00:00.000000,9068.99,9132.37,8986.53,9041.22,11134012400.0,0.0016428849269940632
2019-05-24T00:00:00.000000,8997.25,8997.25,8789.41,8809.53,11121943700.0,0.002444126583327361
2019-05-25T00:00:00.000000,8788.17,8880.81,8745.6,8776.77,9297653000.0,0.001833436857423554
2019-05-28T00:00:00.000000,8795.14,9003.87,8732.98,8979.83,11708493400.0,0.002244683990282725
2019-05-29T00:00:00.000000,8979.58,9082.7,8946.7,9035.69,10947335000.0,0.001723723841720302
2019-05-30T00:00:00.000000,8971.22,9077.51,8956.72,9010.36,9621378700.0,0.001568354171979866
2019-05-31T00:00:00.000000,8974.4,8974.4,8845.83,8943.35,10580144000.0,0.00173675700995949
2019-06-01T00:00:00.000000,8939.41,9016.16,8892.12,8922.69,9565917800.0,0.001265193015620228
2019-06-04T00:00:00.000000,8953.37,9012.08,8826.75,8856.99,10726761700.0,0.0018433253673777565
2019-06-05T00:00:00.000000,8854.5,8868.09,8697.49,8748.27,9541044300.0,0.0014885003042783489
2019-06-06T00:00:00.000000,8831.13,8851.12,8729.21,8746.05,8759019200.0,0.001637276602639402
2019-06-07T00:00:00.000000,8741.83,8741.83,8557.58,8584.94,9285968400.0,0.0017555358173026463
2019-06-11T00:00:00.000000,8621.73,8748.97,8582.48,8711.79,8676263900.0,0.00176649101202132
2019-06-12T00:00:00.000000,8721.27,9045.12,8718.47,9037.67,13458052700.0,0.0015373901224637022
2019-06-13T00:00:00.000000,9008.56,9038.87,8930.91,8954.72,11473840000.0,0.0011218742408859548
2019-06-14T00:00:00.000000,8948.58,8974.8,8866.22,8951.61,9728273700.0,0.0014545567176489662
2019-06-15T00:00:00.000000,8956.92,8994.16,8801.33,8810.13,10447998000.0,0.001249425834317129
2019-06-18T00:00:00.000000,8807.84,8864.77,8753.42,8780.87,7641803900.0,0.0013369657777886675
2019-06-19T00:00:00.000000,8785.77,8839.23,8722.93,8804.32,7051364300.0,0.0013151861265600332
2019-06-20T00:00:00.000000,9051.85,9084.18,8923.44,8925.73,11246251000.0,0.004177199229242438
2019-06-21T00:00:00.000000,8923.57,9183.15,8900.75,9134.96,13485068700.0,0.0016627626886990196
2019-06-22T00:00:00.000000,9181.64,9252.55,9158.32,9214.27,14311548600.0,0.0017817903896217135
2019-06-25T00:00:00.000000,9220.23,9251.48,9171.35,9212.12,10492094000.0,0.001246804227923125
2019-06-26T00:00:00.000000,9206.18,9206.18,9004.76,9118.1,10568738800.0,0.0017462936875674324
2019-06-27T00:00:00.000000,9064.13,9164.28,9040.32,9122.43,7719656100.0,0.0010744773430533972
2019-06-28T00:00:00.000000,9154.04,9274.42,9152.63,9239.48,9645522900.0,0.0014734566628589547
2019-06-29T00:00:00.000000,9236.06,9236.06,9126.89,9178.31,8640612900.0,0.0011980408443116402
2019-07-02T00:00:00.000000,9384.79,9530.46,9339.77,9530.46,15361836300.0,0.003168991065209563
2019-07-03T00:00:00.000000,9516.42,9560.52,9483.16,9545.52,13124969700.0,0.0009247393060549296
2019-07-04T00:00:00.000000,9519.8,9520.38,9376.31,9419.84,10427475100.0,0.001529849126876266
2019-07-05T00:00:00.000000,9435.04,9466.02,9323.07,9368.3,9091486200.0,0.001227468986109898
2019-07-06T00:00:00.000000,9379.94,9464.39,9345.79,9443.22,7450945000.0,0.0010915561728351503
2019-07-09T00:00:00.000000,9419.69,9420.24,9124.16,9186.29,10412589200.0,0.002177463106658945
2019-07-10T00:00:00.000000,9178.91,9221.72,9119.65,9198.79,7180150000.0,0.0011942889453173146
2019-07-11T00:00:00.000000,9231.86,9239.28,9130.53,9166.15,7490641900.0,0.001116091646789193
2019-07-12T00:00:00.000000,9216.95,9282.95,9121.46,9152.77,7473053400.0,0.0014213499908138406
2019-07-13T00:00:00.000000,9161.27,9236.42,9122.41,9213.38,7520790800.0,0.0013515884333950084
2019-07-16T00:00:00.000000,9181.03,9358.08,9066.71,9309.42,10639587000.0,0.002410834071458841
2019-07-17T00:00:00.000000,9294.56,9324.91,9255.43,9283.41,9123714600.0,0.000870777856411608
2019-07-18T00:00:00.000000,9274.69,9354.81,9242.25,9302.0,11009033500.0,0.0010561445727786266
2019-07-19T00:00:00.000000,9258.12,9258.12,9153.01,9154.65,9660473800.0,0.0014135658939847182
2019-07-20T00:00:00.000000,9198.82,9298.21,9198.82,9228.55,8775164800.0,0.0014951995070532932
2019-07-23T00:00:00.000000,9247.28,9254.65,9073.49,9122.64,9291164200.0,0.0017708482477978276
2019-07-24T00:00:00.000000,9125.46,9175.83,9104.76,9175.83,7081904100.0,0.0011364269995104662
2019-07-25T00:00:00.000000,9203.23,9312.67,9203.23,9266.3,9362695300.0,0.001316148191283157
2019-07-26T00:00:00.000000,9265.31,9344.82,9247.97,9344.82,9903714100.0,0.0009692849399028161
2019-07-27T00:00:00.000000,9310.65,9363.27,9294.61,9349.0,8172681000.0,0.0008750719619325885
2019-07-30T00:00:00.000000,9350.21,9376.42,9310.63,9354.28,8547869100.0,0.0007215229154204526
2019-07-31T00:00:00.000000,9362.23,9469.08,9362.23,9399.1,10031097100.0,0.0010301513375346738
2019-08-01T00:00:00.000000,9374.44,9374.44,9318.59,9326.61,8220067100.0,0.0010391605260711516
2019-08-02T00:00:00.000000,9278.83,9327.94,9223.31,9268.05,8309430500.0,0.000829337635854703
2019-08-03T00:00:00.000000,9049.35,9150.73,9020.26,9136.46,10322406300.0,0.0032629700430524236
2019-08-06T00:00:00.000000,9093.07,9168.1,8984.73,8984.73,9404970700.0,0.0016564234243515857
2019-08-07T00:00:00.000000,8805.15,8898.38,8669.9,8859.47,12333308100.0,0.004362749562821092
2019-08-08T00:00:00.000000,8919.89,8933.99,8814.74,8814.74,8136557600.0,0.0014868140004282388
2019-08-09T00:00:00.000000,8870.18,8936.48,8859.48,8919.28,7838267300.0,0.0018135953951078836
2019-08-10T00:00:00.000000,8963.47,8970.52,8780.72,8795.18,8606554400.0,0.0012715487790779057
2019-08-13T00:00:00.000000,8816.89,8978.52,8798.5,8978.52,8496972100.0,0.0013816624083578192
2019-08-14T00:00:00.000000,8910.15,8960.02,8869.46,8902.63,7532151900.0,0.0012826872104686382
2019-08-15T00:00:00.000000,9034.05,9060.4,8956.08,8966.47,9881242200.0,0.001972136431931233
2019-08-16T00:00:00.000000,8779.53,9011.77,8758.04,9009.68,9896664700.0,0.0031317550916285493
2019-08-17T00:00:00.000000,9007.15,9136.21,8995.57,9060.92,10522436000.0,0.001080344157182078
2019-08-20T00:00:00.000000,9165.8,9328.97,9141.89,9328.97,14723322300.0,0.0020432528971198968
2019-08-21T00:00:00.000000,9340.66,9389.39,9301.92,9328.73,13548207500.0,0.0011881070162038942
2019-08-22T00:00:00.000000,9304.52,9361.74,9287.31,9322.75,11277845000.0,0.0008853723969107062
2019-08-23T00:00:00.000000,9350.65,9363.79,9282.76,9350.56,11637608600.0,0.001038516906744309
2019-08-24T00:00:00.000000,9357.0,9397.76,9311.26,9362.55,11205291600.0,0.0015349885364936901
2019-08-27T00:00:00.000000,9181.71,9298.1,9173.01,9270.39,11713982100.0,0.002135998443356624
2019-08-28T00:00:00.000000,9333.1,9517.65,9333.1,9443.18,14581844800.0,0.001825986058634275
2019-08-29T00:00:00.000000,9449.3996,9453.7552,9375.5676,9414.0,12101863100.0,0.0009290608262724631
2019-08-30T00:00:00.000000,9429.0,9440.67,9363.15,9398.47,11235249700.0,0.0009272999522361915
2019-08-31T00:00:00.000000,9458.39,9492.04,9310.11,9365.68,12545125000.0,0.001570393156842984
2019-09-03T00:00:00.000000,9393.03,9586.52,9389.48,9569.47,13090083800.0,0.0014614220476584093
2019-09-04T00:00:00.000000,9591.42,9633.69,9547.76,9633.69,13418042400.0,0.0010673418515401844
2019-09-05T00:00:00.000000,9612.62,9700.32,9590.98,9700.32,14965071000.0,0.0013467382857383651
2019-09-06T00:00:00.000000,9752.34,9900.76,9751.95,9783.5,19880959100.0,0.0016348013609733003
2019-09-07T00:00:00.000000,9829.97,9837.23,9742.27,9823.42,14414131700.0,0.0013561531872054312
2019-09-10T00:00:00.000000,9907.13,10001.93,9853.69,10001.93,17812558600.0,0.001218020934154672
2019-09-11T00:00:00.000000,10005.81,10005.81,9903.42,9964.93,16575352900.0,0.0011454451977613565
2019-09-12T00:00:00.000000,9985.11,10000.25,9835.97,9853.72,15122923300.0,0.0014261752326760757
2019-09-13T00:00:00.000000,9886.25,9941.17,9837.27,9919.8,11970857100.0,0.0010630420825110244
2019-09-17T00:00:00.000000,9952.33,9962.15,9877.11,9918.09,12960873700.0,0.0009395774588135617
2019-09-18T00:00:00.000000,9890.58,9890.58,9684.15,9722.8,13457001700.0,0.0015289896872087616
2019-09-19T00:00:00.000000,9747.98,9785.62,9701.64,9753.31,10478349300.0,0.0011930158420303198
2019-09-20T00:00:00.000000,9786.4,9852.2,9733.97,9852.2,11260561300.0,0.0010023195992137559
2019-09-21T00:00:00.000000,9873.94,9903.69,9832.39,9881.25,12213985500.0,0.0009312909504121693
2019-09-24T00:00:00.000000,9853.47,9853.47,9703.66,9781.14,12050819400.0,0.0019644361382856745
2019-09-25T00:00:00.000000,9783.39,9896.18,9761.03,9811.38,12592197600.0,0.001162187461581166
2019-09-26T00:00:00.000000,9768.38,9768.38,9656.05,9671.06,12233004400.0,0.0016298942949193919
2019-09-27T00:00:00.000000,9698.28,9707.92,9464.84,9464.84,12062670000.0,0.0016808815292942271
2019-09-28T00:00:00.000000,9470.53,9574.5,9467.15,9548.96,9276014800.0,0.0010579803492006873
2019-10-01T00:00:00.000000,9544.02,9581.64,9446.04,9446.24,8183363400.0,0.0011844662282516813
2019-10-09T00:00:00.000000,9474.57,9556.96,9468.74,9474.75,8620662400.0,0.0013129352422920292
2019-10-10T00:00:00.000000,9443.45,9507.04,9380.57,9506.56,8213427000.0,0.0013792581199209746
2019-10-11T00:00:00.000000,9504.03,9643.52,9480.17,9638.1,9777113300.0,0.0010253135225228457
2019-10-12T00:00:00.000000,9656.98,9704.68,9583.52,9666.58,10069176200.0,0.0010910224553226321
2019-10-15T00:00:00.000000,9753.58,9840.59,9725.68,9786.64,12452920800.0,0.001676139140916922
2019-10-16T00:00:00.000000,9759.95,9759.95,9658.51,9671.73,10723185400.0,0.0013040993198656682
2019-10-17T00:00:00.000000,9678.31,9722.12,9635.45,9642.06,9342031300.0,0.0009206149505005626
2019-10-18T00:00:00.000000,9657.09,9670.7,9617.01,9645.39,8104508200.0,0.000733519364591765
2019-10-19T00:00:00.000000,9665.81,9706.38,9516.75,9533.51,9693723500.0,0.0012478273521765704
2019-10-22T00:00:00.000000,9533.09,9560.98,9476.45,9553.57,8255299900.0,0.0012062762387859982
2019-10-23T00:00:00.000000,9582.11,9642.93,9558.36,9642.09,8174857500.0,0.0009321212851479793
2019-10-24T00:00:00.000000,9641.89,9652.07,9547.5,9567.75,8224236300.0,0.0008032732879364733
2019-10-25T00:00:00.000000,9570.33,9598.33,9495.01,9555.76,7979173700.0,0.000940735885991397
2019-10-26T00:00:00.000000,9562.3,9665.6,9509.34,9660.44,9041218000.0,0.0010259429368022481
2019-10-29T00:00:00.000000,9721.64,9802.15,9704.53,9801.87,12955480200.0,0.0014770788486030962
2019-10-30T00:00:00.000000,9812.48,9818.74,9746.03,9746.03,13644500500.0,0.000834370118560546
2019-10-31T00:00:00.000000,9707.18,9726.95,9647.0,9681.54,11028605000.0,0.00129511457330097
2019-11-01T00:00:00.000000,9709.1,9720.97,9626.93,9635.33,10101723500.0,0.0011055945369383142
2019-11-02T00:00:00.000000,9621.89,9814.67,9604.31,9802.33,9717518700.0,0.001200540024425623
2019-11-05T00:00:00.000000,9828.6,9908.2,9828.6,9868.13,10762288500.0,0.0009991240595876973
2019-11-06T00:00:00.000000,9885.02,9982.34,9847.2,9938.61,11164254700.0,0.0011501890750358497
2019-11-07T00:00:00.000000,9947.31,9947.31,9829.75,9860.97,10457872800.0,0.0009784918801532632
2019-11-08T00:00:00.000000,9849.96,9939.53,9835.89,9917.49,9696990700.0,0.0009145377067733668
2019-11-09T00:00:00.000000,9985.2,10008.51,9891.0,9895.34,10774976200.0,0.0012244792552222766
2019-11-12T00:00:00.000000,9821.41,9821.41,9664.06,9680.57,9991279200.0,0.002267794102256638
2019-11-13T00:00:00.000000,9675.56,9699.42,9570.44,9670.14,8896593100.0,0.0012619650869877532
2019-11-14T00:00:00.000000,9678.65,9702.51,9622.31,9687.85,7652846300.0,0.0010384921770271803
2019-11-15T00:00:00.000000,9689.93,9768.67,9677.76,9746.56,9535734200.0,0.0009380329353375764
2019-11-16T00:00:00.000000,9741.93,9777.69,9647.99,9647.99,9540885300.0,0.0009866514207610467
2019-11-19T00:00:00.000000,9635.81,9725.78,9624.95,9715.27,8614240500.0,0.0011153519706304162
2019-11-20T00:00:00.000000,9721.01,9889.75,9711.29,9889.75,9921942400.0,0.0008369603227077221
2019-11-21T00:00:00.000000,9885.9,9908.63,9796.95,9809.05,10076476100.0,0.00075500370748222
2019-11-22T00:00:00.000000,9772.03,9818.49,9733.44,9774.44,8140952600.0,0.0010564121323080882
2019-11-23T00:00:00.000000,9794.32,9875.71,9573.47,9626.9,11079699300.0,0.0017603447229521264
2019-11-26T00:00:00.000000,9626.41,9643.23,9515.33,9626.36,10719368600.0,0.0014339443173465858
2019-11-27T00:00:00.000000,9662.41,9698.6,9609.73,9677.23,11215315700.0,0.001121602359637243
2019-11-28T00:00:00.000000,9643.11,9694.22,9589.21,9648.39,9682466300.0,0.001450184629080752
2019-11-29T00:00:00.000000,9650.27,9679.96,9594.37,9622.14,7936395100.0,0.0008885765797320209
2019-11-30T00:00:00.000000,9614.71,9633.14,9490.85,9582.16,8476367500.0,0.0010881267783246144
2019-12-03T00:00:00.000000,9603.02,9647.95,9582.32,9605.19,8613686400.0,0.0007732000349679639
2019-12-04T00:00:00.000000,9585.75,9657.65,9531.26,9657.65,8568522300.0,0.0010316776187217476
2019-12-05T00:00:00.000000,9624.19,9703.4,9614.04,9687.95,9413131700.0,0.0010235621539518402
2019-12-06T00:00:00.000000,9719.3,9817.21,9703.91,9799.07,10766094400.0,0.0010092152355894244
2019-12-07T00:00:00.000000,9804.04,9878.62,9791.56,9878.62,10061523200.0,0.0008450684409474082
2019-12-10T00:00:00.000000,9908.97,9917.61,9853.2,9876.27,11861448600.0,0.0009804267575854097
2019-12-11T00:00:00.000000,9850.04,9915.87,9826.83,9915.87,11524055600.0,0.0008632900905472913
2019-12-12T00:00:00.000000,9905.91,9921.65,9829.11,9852.71,11902415000.0,0.0008376129063740621
2019-12-13T00:00:00.000000,9862.43,9887.56,9824.41,9836.23,10728794900.0,0.0006970851649034369
2019-12-14T00:00:00.000000,9923.79,10014.21,9907.76,10004.62,14454297300.0,0.0013755521960463481
2019-12-17T00:00:00.000000,10040.26,10158.24,10015.45,10158.24,17279423200.0,0.0008998433050496174
2019-12-18T00:00:00.000000,10157.43,10350.65,10148.69,10306.03,20955711800.0,0.001001121890085099
2019-12-19T00:00:00.000000,10299.05,10365.16,10266.64,10294.66,17293451400.0,0.0009808136101254197
2019-12-20T00:00:00.000000,10298.51,10316.77,10254.95,10296.29,14359945600.0,0.0008071515939939894
2019-12-21T00:00:00.000000,10305.1,10343.07,10229.49,10229.49,14731024200.0,0.0009548505002914813
2019-12-24T00:00:00.000000,10202.23,10248.8,10050.41,10056.21,13699432600.0,0.0017937850758870015
2019-12-25T00:00:00.000000,10080.37,10190.04,10065.55,10189.29,11263661500.0,0.0009695372756451828
2019-12-26T00:00:00.000000,10176.72,10255.2,10170.21,10229.58,12250525300.0,0.0008935573038471787
2019-12-27T00:00:00.000000,10239.76,10303.72,10221.34,10303.72,12592573000.0,0.0009349835483962258
2019-12-28T00:00:00.000000,10326.52,10377.94,10226.62,10233.77,16484891900.0,0.0011856431718595402
2019-12-31T00:00:00.000000,10203.82,10365.96,10133.88,10365.96,15198256000.0,0.0015532259655392949
2020-01-01T00:00:00.000000,10360.78,10433.29,10352.89,10430.77,12868581500.0,0.000774400541657205
2020-01-03T00:00:00.000000,10509.12,10663.55,10480.79,10638.82,18371915500.0,0.0014696649900714212
2020-01-04T00:00:00.000000,10666.66,10689.59,10594.36,10656.41,15901910800.0,0.0011454393806382271
2020-01-07T00:00:00.000000,10599.41,10799.58,10577.78,10698.27,18766131500.0,0.0016873135040213199
2020-01-08T00:00:00.000000,10725.18,10829.05,10723.86,10829.05,17182969000.0,0.0011738490101892258
2020-01-09T00:00:00.000000,10776.71,10851.28,10681.02,10706.87,20294612700.0,0.0013913141936461098
2020-01-10T00:00:00.000000,10807.04,10899.48,10807.04,10898.17,17003555100.0,0.001987342736736262
2020-01-11T00:00:00.000000,10927.98,10933.81,10833.52,10879.84,14573468800.0,0.00108647522412325
2020-01-14T00:00:00.000000,10894.0,11040.2,10851.72,11040.2,15115291600.0,0.0011833290839511348
2020-01-15T00:00:00.000000,11074.89,11086.81,10983.42,10988.77,16469718800.0,0.0009355257049808638
2020-01-16T00:00:00.000000,10978.28,11001.81,10882.79,10972.32,13907068800.0,0.0010675291829361055
2020-01-17T00:00:00.000000,10986.65,11008.21,10934.72,10967.44,14049013700.0,0.000867222693554503
2020-01-18T00:00:00.000000,11001.68,11045.25,10927.84,10954.39,13275522300.0,0.001175041401445046
2020-01-21T00:00:00.000000,10981.5,11115.88,10936.8,11115.88,15194403600.0,0.0009512939545520241
2020-01-22T00:00:00.000000,11077.66,11078.04,10948.58,10953.41,15338827500.0,0.0012036864295910557
2020-01-23T00:00:00.000000,10896.55,11105.69,10761.68,11072.06,15916970900.0,0.0023147699287841576
2020-01-24T00:00:00.000000,10947.86,11026.0,10572.27,10681.9,18602951600.0,0.0031934948198526054
2020-02-04T00:00:00.000000,9706.58,9934.35,9706.58,9779.67,10487149500.0,0.013249728187631028
2020-02-05T00:00:00.000000,9578.87,10095.69,9578.87,10089.67,23932333600.0,0.0029701562586828467
2020-02-06T00:00:00.000000,10159.55,10445.09,10148.24,10305.5,21490295900.0,0.002548422192132257
2020-02-07T00:00:00.000000,10306.12,10633.17,10214.81,10601.34,22807573400.0,0.002520450665401851
2020-02-08T00:00:00.000000,10569.65,10629.15,10441.9,10611.55,21612840300.0,0.0021416479267984735
2020-02-11T00:00:00.000000,10577.56,10730.05,10551.54,10728.46,20529556600.0,0.002095235384056632
2020-02-12T00:00:00.000000,10749.97,10839.19,10678.11,10768.63,18105093600.0,0.001717861300985872
2020-02-13T00:00:00.000000,10735.05,10944.63,10724.08,10940.8,18427527000.0,0.001274581478811441
2020-02-14T00:00:00.000000,10936.5,10988.23,10820.92,10864.32,19743320700.0,0.0018800516053520953
2020-02-15T00:00:00.000000,10854.46,11017.65,10822.13,10916.31,18703680400.0,0.0015572889444595318
2020-02-18T00:00:00.000000,10974.93,11241.5,10974.93,11241.5,21682957400.0,0.0017854953921833383
2020-02-19T00:00:00.000000,11244.77,11306.49,11143.39,11306.49,22690975100.0,0.0014930089657416606
2020-02-20T00:00:00.000000,11300.16,11387.99,11229.55,11235.6,23396270600.0,0.0016735676340869795
2020-02-21T00:00:00.000000,11278.87,11519.07,11248.9,11509.09,25075080100.0,0.0019128061358385945
2020-02-22T00:00:00.000000,11506.67,11727.89,11493.63,11629.7,26747040200.0,0.0016829157327266622
2020-02-25T00:00:00.000000,11620.63,11809.75,11548.41,11772.38,27743106300.0,0.002006905261830791
2020-02-26T00:00:00.000000,11537.55,11869.41,11350.28,11856.08,32469145300.0,0.003299531501582488
2020-02-27T00:00:00.000000,11677.63,11770.51,11453.69,11497.55,31404376900.0,0.0037296026673828077
2020-02-28T00:00:00.000000,11555.82,11684.5,11401.32,11534.02,24645026000.0,0.002120428903157479
2020-02-29T00:00:00.000000,11150.66,11338.35,10962.24,10980.77,28002381300.0,0.004553587467452214
2020-03-03T00:00:00.000000,11115.46,11457.42,11053.29,11381.76,24789277600.0,0.003253151458247365
2020-03-04T00:00:00.000000,11597.66,11734.18,11378.76,11484.21,26598627000.0,0.0037017947340755686
2020-03-05T00:00:00.000000,11411.6,11501.8,11273.26,11493.02,22219084100.0,0.002208227378229764
2020-03-06T00:00:00.000000,11644.41,11739.84,11521.29,11711.37,25298737200.0,0.0019728707804549665
2020-03-07T00:00:00.000000,11555.46,11690.2,11541.78,11582.82,21366224000.0,0.0018547760854221312
2020-03-10T00:00:00.000000,11363.79,11407.47,11100.91,11108.55,24890886300.0,0.003162055799839902
2020-03-11T00:00:00.000000,11016.92,11406.3,10916.95,11403.47,24122688900.0,0.0039134980805804855
2020-03-12T00:00:00.000000,11436.44,11444.78,11197.09,11200.05,20467097600.0,0.0017125189490897
2020-03-13T00:00:00.000000,11022.4,11070.41,10842.38,10941.01,18697767000.0,0.003592486633578337
2020-03-14T00:00:00.000000,10382.22,10956.51,10380.17,10831.13,22455793300.0,0.008458590865512042
2020-03-17T00:00:00.000000,10867.66,10867.66,10217.93,10253.28,22615393200.0,0.003157729666954844
2020-03-18T00:00:00.000000,10337.92,10449.33,9885.86,10202.75,19575106000.0,0.0049948110210336245
2020-03-19T00:00:00.000000,10294.96,10479.78,10029.57,10029.57,19749136700.0,0.0030081866672025228
2020-03-20T00:00:00.000000,10023.12,10101.8,9719.49,10019.86,19332366300.0,0.003649571946985019
2020-03-21T00:00:00.000000,10150.78,10174.51,9964.29,10150.13,15836815800.0,0.002456986375806429
2020-03-24T00:00:00.000000,9828.9,9929.96,9659.35,9691.53,16346952800.0,0.004145242302204139
2020-03-25T00:00:00.000000,9900.22,9945.92,9634.97,9921.68,16922321900.0,0.00357165103633255
2020-03-26T00:00:00.000000,10171.47,10255.58,10111.36,10241.08,18091653600.0,0.003746231841095352
2020-03-27T00:00:00.000000,10161.94,10281.57,10112.62,10155.36,15552236000.0,0.001624879507304183
2020-03-28T00:00:00.000000,10300.62,10310.53,10105.72,10109.91,14233526600.0,0.002310788164432785
2020-03-31T00:00:00.000000,9953.04,9985.38,9791.02,9904.95,15027549900.0,0.003579866336688929
2020-04-01T00:00:00.000000,10008.03,10047.98,9925.68,9962.3,13179442800.0,0.0022422141261035583
2020-04-02T00:00:00.000000,9967.12,10127.1,9927.92,9951.84,14883147600.0,0.0016644119392730972
2020-04-03T00:00:00.000000,9910.38,10179.2,9896.65,10179.2,14454671000.0,0.0017340856837936628
2020-04-04T00:00:00.000000,10155.56,10212.91,10069.64,10110.11,13217677600.0,0.0013107977160221607
2020-04-08T00:00:00.000000,10312.71,10441.74,10296.72,10428.91,17064352400.0,0.003015775375207142
2020-04-09T00:00:00.000000,10372.76,10426.4,10344.44,10386.55,15383706000.0,0.0012909389619238769
2020-04-10T00:00:00.000000,10453.86,10485.3,10401.17,10463.05,13867228000.0,0.0010704575566912033
2020-04-11T00:00:00.000000,10459.7,10509.0,10265.88,10301.18,14340165600.0,0.001736526292085657
2020-04-14T00:00:00.000000,10225.53,10295.17,10173.12,10223.16,11452573600.0,0.0021501102913229573
2020-04-15T00:00:00.000000,10300.96,10475.71,10276.37,10475.71,13836051100.0,0.0013786145530216717
2020-04-16T00:00:00.000000,10468.46,10528.73,10404.51,10417.37,15476308500.0,0.0011830023913552536
2020-04-17T00:00:00.000000,10361.77,10489.13,10346.11,10470.79,13832665900.0,0.0014433564641239004
2020-04-18T00:00:00.000000,10562.9,10624.54,10507.8,10527.99,17115361700.0,0.0018094680744036996
2020-04-21T00:00:00.000000,10553.55,10621.5,10523.59,10621.5,14211881800.0,0.0009451600453164059
2020-04-22T00:00:00.000000,10577.72,10577.72,10394.44,10506.86,14642977200.0,0.0015092241846974485
2020-04-23T00:00:00.000000,10424.45,10617.19,10409.85,10617.19,12971166700.0,0.0013423045725789327
2020-04-24T00:00:00.000000,10657.4,10667.01,10557.94,10564.05,14214147200.0,0.0012406806771640385
2020-04-25T00:00:00.000000,10565.09,10577.03,10388.66,10423.46,13526814100.0,0.0011769504277726094
2020-04-28T00:00:00.000000,10449.13,10531.39,10367.29,10452.17,12361777100.0,0.0012339858642124427
2020-04-29T00:00:00.000000,10477.76,10547.75,10194.15,10501.15,15903125300.0,0.0027941736305763564
2020-04-30T00:00:00.000000,10460.99,10586.57,10449.37,10514.17,11861896300.0,0.0010638888653663801
2020-05-01T00:00:00.000000,10575.52,10751.75,10575.52,10721.78,15967490300.0,0.0016641022849709485
2020-05-07T00:00:00.000000,10618.17,10884.34,10613.89,10883.22,16799775800.0,0.0011903493347274856
2020-05-08T00:00:00.000000,10899.92,10926.83,10832.09,10863.29,14852523900.0,0.0010438631345905777
2020-05-09T00:00:00.000000,10923.61,11054.31,10904.88,11001.58,15464958200.0,0.001270460838590168
2020-05-12T00:00:00.000000,11053.82,11096.28,10902.6,10969.28,15680847800.0,0.001450383391729838
2020-05-13T00:00:00.000000,10972.05,11018.93,10871.61,11015.56,13280539900.0,0.0012169598677373495
2020-05-14T00:00:00.000000,10978.31,11096.62,10954.69,11074.59,12740770600.0,0.0009216647768015419
2020-05-15T00:00:00.000000,11026.71,11047.38,10955.54,10962.15,13677333900.0,0.001092348928335756
2020-05-16T00:00:00.000000,11013.16,11039.68,10919.54,10964.89,13735356700.0,0.0011100344776911748
2020-05-19T00:00:00.000000,10969.08,11017.5,10858.46,10921.15,16174178600.0,0.0014402534818044694
2020-05-20T00:00:00.000000,11023.43,11052.85,10978.72,11052.85,13115189200.0,0.001482180244642848
2020-05-21T00:00:00.000000,11056.98,11056.98,10914.75,10948.48,14916631600.0,0.0009598283382553934
2020-05-22T00:00:00.000000,10999.07,11007.14,10818.79,10845.4,13650296400.0,0.0012063833611862139
2020-05-23T00:00:00.000000,10832.91,10832.91,10559.3,10604.97,12734262100.0,0.0018594349020027306
2020-05-26T00:00:00.000000,10602.47,10629.61,10532.86,10592.84,9803627600.0,0.001498479370938017
2020-05-27T00:00:00.000000,10655.98,10816.71,10647.25,10815.43,10656017200.0,0.0013896756053740924
2020-05-28T00:00:00.000000,10823.24,10823.24,10657.81,10682.7,11299417900.0,0.0010913426081754316
2020-05-29T00:00:00.000000,10680.87,10727.99,10505.79,10653.49,11564464800.0,0.0014823085841472528
2020-05-30T00:00:00.000000,10615.14,10764.87,10588.74,10746.08,12102890300.0,0.0011711423191993536
2020-06-02T00:00:00.000000,10837.49,11123.19,10837.49,11102.15,17442536000.0,0.002240556579119651
2020-06-03T00:00:00.000000,11133.62,11146.85,11059.19,11112.5,19082632800.0,0.0012462452297416575
2020-06-04T00:00:00.000000,11154.64,11204.52,11100.69,11108.36,18472107500.0,0.0010700885667022295
2020-06-05T00:00:00.000000,11146.29,11165.14,11080.51,11139.26,14792460700.0,0.0010415347755592136
2020-06-06T00:00:00.000000,11153.27,11180.6,11087.25,11180.6,13612785400.0,0.0009553948946835778
2020-06-09T00:00:00.000000,11266.93,11340.03,11195.85,11215.76,16031733400.0,0.0017749229506813244
2020-06-10T00:00:00.000000,11238.44,11303.54,11195.0,11284.24,14265912800.0,0.0009442270345566763
2020-06-11T00:00:00.000000,11296.13,11338.24,11249.43,11335.86,13818680500.0,0.00096231332792188
2020-06-12T00:00:00.000000,11328.1,11405.01,11180.75,11243.62,15821565400.0,0.0014451266799911228
2020-06-13T00:00:00.000000,11017.15,11306.14,11003.32,11251.71,15527676800.0,0.002233107551104556
2020-06-16T00:00:00.000000,11241.26,11353.16,11192.27,11192.27,16892081200.0,0.001401770414811694
2020-06-17T00:00:00.000000,11312.81,11398.97,11293.9,11398.97,15280453400.0,0.0018386710137505006
2020-06-18T00:00:00.000000,11421.03,11421.03,11330.37,11420.84,15629727600.0,0.001135602942640429
2020-06-19T00:00:00.000000,11416.08,11503.38,11397.57,11494.55,17359242500.0,0.0010035593808975754
2020-06-20T00:00:00.000000,11505.69,11694.89,11500.53,11668.13,16438625800.0,0.0010835370796515727
2020-06-23T00:00:00.000000,11680.41,11756.86,11658.81,11702.44,17469336100.0,0.0010508743844592709
2020-06-24T00:00:00.000000,11711.28,11796.41,11651.83,11794.01,15825702900.0,0.000945955388378675
2020-06-25T00:00:00.000000,11813.36,11854.99,11760.47,11813.53,14250563000.0,0.0009925389399295943
2020-06-30T00:00:00.000000,11780.65,11814.64,11695.45,11752.36,14956897800.0,0.0011962601434547771
2020-07-01T00:00:00.000000,11828.53,12013.6,11827.76,11992.35,15095502900.0,0.0014649587600716058
2020-07-02T00:00:00.000000,12024.84,12130.3,11945.89,12112.96,18195856400.0,0.0015033119488500589
2020-07-03T00:00:00.000000,12095.85,12278.83,12055.95,12269.49,23866716600.0,0.0011709697363719762
2020-07-04T00:00:00.000000,12295.62,12433.68,12232.7,12433.26,25586846000.0,0.0014526066668087158
2020-07-07T00:00:00.000000,12519.5,12945.71,12519.5,12941.72,33418656200.0,0.002318732351375755
2020-07-08T00:00:00.000000,13084.65,13407.19,12997.17,13163.98,36354269400.0,0.003333449172634459
2020-07-09T00:00:00.000000,13170.2,13428.94,13059.24,13406.37,31440844000.0,0.002074268577056947
2020-07-10T00:00:00.000000,13399.47,13792.63,13385.43,13754.74,35178227900.0,0.00246730733730984
2020-07-11T00:00:00.000000,13662.38,13831.61,13599.03,13671.24,32033742400.0,0.0024002298324562812
2020-07-14T00:00:00.000000,13699.22,14149.14,13699.22,14149.14,33050086500.0,0.002480294986338878
2020-07-15T00:00:00.000000,14121.33,14151.0,13698.27,13996.46,33146588200.0,0.002775994099046341
2020-07-16T00:00:00.000000,14017.93,14077.56,13646.66,13734.13,29450039700.0,0.003463864352753973
2020-07-17T00:00:00.000000,13731.28,13853.44,12966.32,12996.34,29131061800.0,0.004361731914926
2020-07-18T00:00:00.000000,13002.84,13315.44,12916.08,13114.94,22485101500.0,0.0036680925911841164
2020-07-21T00:00:00.000000,13303.8,13448.85,13032.4,13448.85,23455282900.0,0.0026366809383356754
2020-07-22T00:00:00.000000,13480.39,13572.93,13396.58,13536.17,21580295100.0,0.0016327749380983286
2020-07-23T00:00:00.000000,13507.35,13816.67,13459.88,13657.03,23078113400.0,0.0019827492895140085
2020-07-24T00:00:00.000000,13511.45,13699.53,13281.55,13661.5,23415131200.0,0.002499825021839515
2020-07-25T00:00:00.000000,13547.81,13602.79,12868.95,12935.7,24581241800.0,0.0035577690482952377
2020-07-28T00:00:00.000000,13013.77,13093.84,12838.87,12976.87,16707624100.0,0.002921021569383472
2020-07-29T00:00:00.000000,13107.43,13196.62,13022.82,13147.35,16021494200.0,0.0024050594578934473
2020-07-30T00:00:00.000000,13117.19,13557.44,13085.95,13557.44,18851182800.0,0.0017314059498500449
2020-07-31T00:00:00.000000,13595.77,13619.49,13432.13,13466.85,19418943800.0,0.0017181058404645677
2020-08-01T00:00:00.000000,13464.21,13748.03,13399.86,13637.88,20789144600.0,0.0026236687504476858
2020-08-04T00:00:00.000000,13771.74,13964.56,13712.98,13964.56,24031041500.0,0.0019189304854680042
2020-08-05T00:00:00.000000,13966.73,14012.71,13779.22,13860.46,22993026500.0,0.0017101541389799033
2020-08-06T00:00:00.000000,13859.32,13993.67,13726.62,13960.93,20320228000.0,0.0017392300768581002
2020-08-07T00:00:00.000000,13972.3,13972.3,13661.84,13863.13,23583623500.0,0.002146463321256552
2020-08-08T00:00:00.000000,13813.76,13847.2,13411.67,13648.5,21928549000.0,0.0026895123801494625
2020-08-11T00:00:00.000000,13576.32,13752.29,13453.95,13657.31,18780792500.0,0.0019038660816328103
2020-08-12T00:00:00.000000,13668.31,13811.52,13450.23,13466.27,18900370100.0,0.001870275352032281
2020-08-13T00:00:00.000000,13437.57,13471.82,13026.01,13308.52,18636377800.0,0.0026306226849634037
2020-08-14T00:00:00.000000,13373.16,13392.35,13254.39,13291.32,15566570200.0,0.0014865737345865788
2020-08-15T00:00:00.000000,13272.71,13495.97,13242.78,13489.01,15540306700.0,0.0014391881070568685
2020-08-18T00:00:00.000000,13542.01,13756.61,13490.64,13742.23,22712663000.0,0.0013126645367370292
2020-08-19T00:00:00.000000,13748.52,13813.02,13692.07,13768.17,19590132000.0,0.0011809396468941463
2020-08-20T00:00:00.000000,13741.27,13741.27,13472.96,13480.85,19475706800.0,0.0017750176388485752
2020-08-21T00:00:00.000000,13387.82,13476.07,13270.12,13320.92,15699748200.0,0.001745037596297937
2020-08-22T00:00:00.000000,13445.96,13547.79,13373.72,13478.0,15688532700.0,0.002434490631026771
2020-08-25T00:00:00.000000,13565.28,13708.12,13418.96,13666.69,17352093600.0,0.0016155377986718066
2020-08-26T00:00:00.000000,13692.47,13788.49,13620.62,13669.41,16786601100.0,0.0014617531104947272
2020-08-27T00:00:00.000000,13680.59,13717.9,13376.66,13428.4,17051495800.0,0.0016482299132274942
2020-08-28T00:00:00.000000,13465.89,13548.66,13348.45,13535.09,13632673700.0,0.0015221935029023212
2020-08-29T00:00:00.000000,13509.37,13868.3,13483.28,13851.32,16482749100.0,0.0012610805149154618
2020-09-01T00:00:00.000000,13929.75,13994.14,13755.36,13758.23,18471194000.0,0.0014294811991430849
2020-09-02T00:00:00.000000,13729.39,13849.66,13662.69,13849.66,14554568100.0,0.0013562181746897331
2020-09-03T00:00:00.000000,13881.07,13944.16,13737.83,13887.43,18002207700.0,0.0013164090563119186
2020-09-04T00:00:00.000000,13871.27,13933.42,13722.58,13772.37,16223320200.0,0.001532897328467934
2020-09-05T00:00:00.000000,13501.91,13680.06,13487.69,13656.66,14093367700.0,0.002655611141559816
2020-09-08T00:00:00.000000,13633.51,13714.32,13232.24,13284.03,18023599500.0,0.0018841368081639511
2020-09-09T00:00:00.000000,13315.15,13351.57,13118.94,13293.33,16371042800.0,0.0020847221512159957
2020-09-10T00:00:00.000000,13107.98,13122.76,12778.43,12861.75,19514470800.0,0.0029166635276528575
2020-09-11T00:00:00.000000,13001.38,13068.23,12709.75,12742.85,16964377600.0,0.002459179102630174
2020-09-12T00:00:00.000000,12711.09,12952.47,12702.62,12942.95,12824948000.0,0.001613882677846981
2020-09-15T00:00:00.000000,13024.56,13107.28,12921.76,13021.99,13704791300.0,0.0016966857915237032
2020-09-16T00:00:00.000000,13032.28,13148.17,12976.03,13143.46,12127336600.0,0.0012311510723847544
2020-09-17T00:00:00.000000,13123.5,13137.72,12947.05,13011.28,11927626800.0,0.0011008198967015477
2020-09-18T00:00:00.000000,12970.34,13113.77,12870.99,13015.19,12216665400.0,0.0015815139638588973
2020-09-19T00:00:00.000000,13026.11,13253.68,12987.59,13245.09,14897523700.0,0.0014754403247572592
2020-09-22T00:00:00.000000,13280.01,13289.6,13135.24,13149.5,13461205800.0,0.0010745645171541592
2020-09-23T00:00:00.000000,13052.08,13212.24,12981.97,13023.43,12750085900.0,0.0012720447944600405
2020-09-24T00:00:00.000000,13044.81,13148.94,12991.66,13110.07,10990504600.0,0.0013927486693003225
2020-09-25T00:00:00.000000,13018.3,13044.38,12816.61,12816.61,12514613600.0,0.0015408175433122085
2020-09-26T00:00:00.000000,12876.08,12919.61,12764.26,12814.17,9882108800.0,0.001481018156699469
2020-09-29T00:00:00.000000,12860.09,12890.9,12752.39,12760.93,9034012200.0,0.0012023786222115495
2020-09-30T00:00:00.000000,12843.23,12966.85,12798.65,12900.7,9595303100.0,0.0014044362371379926
2020-10-01T00:00:00.000000,12948.97,13040.04,12834.77,12907.45,9649672000.0,0.0013535047372416073
2020-10-10T00:00:00.000000,13161.36,13323.81,13145.75,13289.26,12453203900.0,0.003117771114224885
2020-10-13T00:00:00.000000,13386.34,13708.07,13382.7,13708.07,17201569700.0,0.0019173279117680904
2020-10-14T00:00:00.000000,13678.62,13820.56,13622.95,13798.58,13035841900.0,0.0011441884312926687
2020-10-15T00:00:00.000000,13781.56,13781.78,13664.73,13691.04,13785287800.0,0.0010690152802590087
2020-10-16T00:00:00.000000,13702.83,13737.08,13617.08,13624.89,12587806600.0,0.0011027249641223944
2020-10-17T00:00:00.000000,13611.91,13665.58,13439.88,13532.73,11348028500.0,0.0012334052340371249
2020-10-20T00:00:00.000000,13638.78,13660.54,13393.02,13421.19,11738722400.0,0.001792584350175898
2020-10-21T00:00:00.000000,13417.22,13603.88,13371.55,13603.88,10403571000.0,0.0011289582618088077
2020-10-22T00:00:00.000000,13613.87,13613.87,13396.54,13467.91,10115874000.0,0.001138467897799512
2020-10-23T00:00:00.000000,13419.39,13435.41,13252.06,13396.18,9999625800.0,0.0016761207852590081
2020-10-24T00:00:00.000000,13405.53,13487.11,13110.02,13128.46,9474346000.0,0.0015064567703649242
2020-10-27T00:00:00.000000,13056.3,13242.63,12922.59,13191.25,8997629800.0,0.002275193221752259
2020-10-28T00:00:00.000000,13159.37,13291.8,13146.55,13269.65,9276389600.0,0.0011580278918312621
2020-10-29T00:00:00.000000,13273.5,13438.47,13188.66,13388.1,10891201300.0,0.0011364767384853538
2020-10-30T00:00:00.000000,13219.89,13582.31,13200.78,13519.66,11813312400.0,0.001919007989352713
2020-10-31T00:00:00.000000,13544.29,13550.36,13204.25,13236.6,13176753700.0,0.0016735892085534409
2020-11-03T00:00:00.000000,13269.97,13462.42,13258.16,13420.96,13543647200.0,0.0017900222706054405
2020-11-04T00:00:00.000000,13476.58,13592.92,13414.0,13580.04,12863957800.0,0.0011702519292471512
2020-11-05T00:00:00.000000,13586.33,13691.69,13544.83,13659.5,11121430600.0,0.0014614315969023945
2020-11-06T00:00:00.000000,13802.18,13894.26,13728.64,13894.26,14016103600.0,0.0021213021545158613
2020-11-07T00:00:00.000000,13932.41,13932.41,13708.75,13838.42,14830588300.0,0.001388476503076434
2020-11-10T00:00:00.000000,13934.37,14197.85,13934.37,14141.15,19026408200.0,0.00229322288497014
2020-11-11T00:00:00.000000,14121.69,14121.69,13908.21,13993.34,16485921800.0,0.0020930513661337287
2020-11-12T00:00:00.000000,13925.44,13981.99,13715.44,13720.17,15091505700.0,0.001386878635720842
2020-11-13T00:00:00.000000,13789.3,13846.87,13724.34,13792.07,12027625500.0,0.0012381414930152342
2020-11-14T00:00:00.000000,13755.29,13802.71,13620.89,13754.55,12416067300.0,0.001618083431060163
2020-11-17T00:00:00.000000,13811.85,13850.83,13669.25,13850.83,14163244400.0,0.0010314012078164474
2020-11-18T00:00:00.000000,13843.01,13843.01,13628.82,13732.52,15308240200.0,0.0012021256449905621
2020-11-19T00:00:00.000000,13710.02,13773.58,13602.69,13658.2,14570105700.0,0.001044108966900149
2020-11-20T00:00:00.000000,13633.97,13812.78,13578.33,13777.45,13421652000.0,0.0014760277727585002
2020-11-21T00:00:00.000000,13789.98,13865.72,13773.21,13852.42,13117425200.0,0.0008428127631361259
2020-11-24T00:00:00.000000,13871.71,14021.5,13795.92,13955.28,17954340000.0,0.001200387582333139
2020-11-25T00:00:00.000000,13958.01,13962.34,13848.91,13902.54,15456672900.0,0.0009003185746114357
2020-11-26T00:00:00.000000,13923.66,13933.79,13656.09,13656.09,15663379300.0,0.0012375739267919694
2020-11-27T00:00:00.000000,13651.43,13692.73,13452.68,13599.99,13049855800.0,0.0013692504822462371
2020-11-28T00:00:00.000000,13627.86,13690.88,13542.68,13690.88,12882377500.0,0.001020080911750017
2020-12-01T00:00:00.000000,13720.68,13815.49,13634.16,13670.11,18680851700.0,0.001299089072146188
2020-12-02T00:00:00.000000,13650.39,13940.9,13646.69,13930.37,17883197500.0,0.0010233407532645646
2020-12-03T00:00:00.000000,13950.74,13991.45,13858.45,13961.58,18502767800.0,0.001219894426262609
2020-12-04T00:00:00.000000,13955.98,14009.51,13889.62,13970.68,17810257100.0,0.0009335572878157841
2020-12-05T00:00:00.000000,13933.88,14049.21,13903.84,14026.66,14248483300.0,0.0009272084413215236
2020-12-08T00:00:00.000000,14021.16,14054.88,13958.74,13973.48,14005535800.0,0.0010849995037882144
2020-12-09T00:00:00.000000,14000.87,14040.5,13942.66,13973.89,12337881800.0,0.0008067742489831198
2020-12-10T00:00:00.000000,13998.62,14017.35,13710.86,13716.53,14126046500.0,0.0012618719843036225
2020-12-11T00:00:00.000000,13672.05,13814.8,13621.13,13731.34,12065877400.0,0.0011859728530357239
2020-12-12T00:00:00.000000,13767.48,13771.96,13431.55,13555.14,14882423200.0,0.0015699920309042894
2020-12-15T00:00:00.000000,13583.19,13695.32,13511.78,13692.13,11326638000.0,0.0011261861564225294
2020-12-16T00:00:00.000000,13682.28,13783.04,13641.72,13763.31,10818462100.0,0.0009881403278588774
2020-12-17T00:00:00.000000,13791.41,13807.18,13709.8,13751.09,11060624100.0,0.0010519166355423073
2020-12-18T00:00:00.000000,13746.28,13901.83,13688.83,13889.87,12973003500.0,0.0012353406960823512
2020-12-19T00:00:00.000000,13911.83,13939.93,13806.62,13854.12,12204235700.0,0.0010132965416202683
2020-12-22T00:00:00.000000,13858.66,14134.85,13819.7,14134.85,14685616600.0,0.0011779260188062807
2020-12-23T00:00:00.000000,14085.29,14172.77,13872.5,13882.3,16185876100.0,0.00151998385526883
2020-12-24T00:00:00.000000,13912.52,14078.13,13897.11,14015.02,15442982700.0,0.0015313170738470543
2020-12-25T00:00:00.000000,13998.36,14048.62,13867.66,13915.57,13604046800.0,0.0015667109541653405
2020-12-26T00:00:00.000000,13879.24,14017.06,13835.52,14017.06,13200289000.0,0.0011207832314037059
2020-12-29T00:00:00.000000,14020.95,14112.59,13959.14,14044.1,14949166000.0,0.0011392121188579572
2020-12-30T00:00:00.000000,14042.79,14082.5,13915.89,13970.21,15216835400.0,0.0013242169816360875
2020-12-31T00:00:00.000000,13970.45,14208.68,13968.09,14201.57,15316916300.0,0.0010306761759823133
2021-01-01T00:00:00.000000,14226.28,14476.55,14226.28,14470.68,16834174200.0,0.0018827671409661878
2021-01-05T00:00:00.000000,14516.12,14859.09,14486.25,14827.47,20073222000.0,0.0013447363452796597
2021-01-06T00:00:00.000000,14760.25,15149.1,14716.79,15147.57,21733268400.0,0.0017991210569225948
2021-01-07T00:00:00.000000,15221.44,15295.07,14987.37,15187.61,18916301800.0,0.0024228713900083633
2021-01-08T00:00:00.000000,15178.35,15356.4,15101.67,15356.4,20664600300.0,0.0019693237420434677
2021-01-09T00:00:00.000000,15402.74,15453.18,15162.71,15319.29,20179400000.0,0.0024124195436091515
2021-01-12T00:00:00.000000,15353.08,15420.68,15011.59,15115.38,21632734100.0,0.002458956892965471
2021-01-13T00:00:00.000000,15053.87,15460.03,15020.26,15460.03,20297135300.0,0.0016038732930502369
2021-01-14T00:00:00.000000,15491.07,15597.97,15240.9,15365.43,21937352800.0,0.0021124692731509668
2021-01-15T00:00:00.000000,15283.56,15354.12,15033.47,15070.13,20114383500.0,0.0025253065588364495
2021-01-16T00:00:00.000000,15030.54,15120.27,14772.06,15031.7,17870298800.0,0.00265575090109048
2021-01-19T00:00:00.000000,14980.5,15309.79,14898.88,15269.27,17575126100.0,0.0018081003507609006
2021-01-20T00:00:00.000000,15278.53,15314.05,14954.35,15003.99,18107256600.0,0.0015546261299911237
2021-01-21T00:00:00.000000,15023.74,15246.78,14958.22,15223.36,14813028000.0,0.0014247697490772106
2021-01-22T00:00:00.000000,15251.67,15608.38,15251.67,15520.6,18733534700.0,0.0017373013290214328
2021-01-23T00:00:00.000000,15508.94,15632.33,15381.6,15628.73,18351108900.0,0.0015404461785428027
2021-01-26T00:00:00.000000,15594.81,15895.88,15534.25,15710.19,18838642000.0,0.0021948071956971247
2021-01-27T00:00:00.000000,15637.39,15637.39,15328.41,15352.42,16792613500.0,0.002166925795333616
2021-01-28T00:00:00.000000,15328.87,15446.82,15107.04,15413.84,16066374200.0,0.002093586899527467
2021-01-29T00:00:00.000000,15169.1,15228.5,14881.8,14913.21,17057522100.0,0.002959687091742136
2021-01-30T00:00:00.000000,15039.89,15096.25,14609.64,14821.99,17128988900.0,0.0027255281886466518
2021-02-02T00:00:00.000000,14841.71,15036.38,14797.41,15024.24,15859443600.0,0.002079285968245526
2021-02-03T00:00:00.000000,15057.44,15341.48,14981.33,15335.66,16094806800.0,0.001281805346427101
2021-02-04T00:00:00.000000,15360.42,15435.53,15218.57,15233.15,16996230300.0,0.001798430845930948
2021-02-05T00:00:00.000000,15135.85,15285.88,14908.76,15105.94,16671607800.0,0.0021186685544298716
2021-02-06T00:00:00.000000,15167.64,15250.1,14996.29,15007.3,15772470400.0,0.0017582293939999289
2021-02-09T00:00:00.000000,15066.46,15299.65,14945.84,15269.63,13779485500.0,0.0017059684769144773
2021-02-10T00:00:00.000000,15330.3,15635.38,15275.39,15630.57,14519183400.0,0.0013993603303601176
2021-02-11T00:00:00.000000,15702.2,16010.4,15632.14,15962.25,14119199200.0,0.0013266685032439747
2021-02-19T00:00:00.000000,16275.98,16293.09,15697.72,15767.44,18533284200.0,0.0023284635524584187
2021-02-20T00:00:00.000000,15660.49,15840.16,15443.24,15823.11,18696496500.0,0.0021938961647457555
2021-02-23T00:00:00.000000,15818.77,15818.77,15336.95,15336.95,23455333800.0,0.0026107272740729754
2021-02-24T00:00:00.000000,15174.72,15411.03,15146.89,15243.25,19382114800.0,0.0022887245004193516
2021-02-25T00:00:00.000000,15281.4,15318.85,14709.13,14870.66,18656705000.0,0.0026699248390211587
2021-02-26T00:00:00.000000,15016.63,15036.42,14794.73,14828.8,16847074100.0,0.0021613610906858986
2021-02-27T00:00:00.000000,14480.74,14713.12,14396.45,14507.45,15909550100.0,0.0038940249214024915
2021-03-02T00:00:00.000000,14670.11,14864.58,14614.01,14857.34,15293609900.0,0.0021106706024266227
2021-03-03T00:00:00.000000,14958.22,14987.07,14616.16,14751.12,16085334000.0,0.0018500537492867105
2021-03-04T00:00:00.000000,14679.84,14932.39,14612.85,14932.39,15709908900.0,0.001776017448963919
2021-03-05T00:00:00.000000,14780.9,14780.9,14357.19,14416.06,17251135100.0,0.002895513513297682
2021-03-06T00:00:00.000000,14156.01,14531.99,14122.59,14412.31,15662716400.0,0.0037950309638976293
2021-03-09T00:00:00.000000,14513.79,14597.75,13859.95,13863.81,16917098000.0,0.0027544210442777424
2021-03-10T00:00:00.000000,13803.25,13844.23,13289.38,13475.72,18668449500.0,0.004634314623707047
2021-03-11T00:00:00.000000,13721.24,13750.26,13480.42,13563.34,14173538300.0,0.0036226762090881023
2021-03-12T00:00:00.000000,13598.2,13904.47,13535.24,13866.37,16121441000.0,0.002101082886106762
2021-03-13T00:00:00.000000,13934.23,13934.23,13716.01,13897.03,16609913100.0,0.0016751205110598856
2021-03-16T00:00:00.000000,13793.52,13793.52,13389.98,13520.07,15597946200.0,0.003047554348658235
2021-03-17T00:00:00.000000,13574.56,13652.55,13439.73,13642.95,14057547800.0,0.002134290635768944
2021-03-18T00:00:00.000000,13605.78,13842.88,13490.42,13809.77,13414298500.0,0.002138325072699073
2021-03-19T00:00:00.000000,13850.6,14003.77,13832.7,13963.92,13615820700.0,0.0013956888157031163
2021-03-20T00:00:00.000000,13738.21,13837.23,13522.94,13606.0,14224908100.0,0.0027381140251187016
2021-03-23T00:00:00.000000,13605.7,13797.3,13565.17,13760.97,14890548000.0,0.0018052645598985201
2021-03-24T00:00:00.000000,13754.88,13794.47,13506.17,13607.27,14739649000.0,0.0017387641208415367
2021-03-25T00:00:00.000000,13529.93,13651.9,13378.88,13407.35,14211134400.0,0.0017740319939176675
2021-03-26T00:00:00.000000,13318.97,13489.29,13252.24,13421.16,12754301100.0,0.0021727884736796863
2021-03-27T00:00:00.000000,13493.36,13810.97,13493.36,13769.68,13196499300.0,0.0019623350903031607
2021-03-30T00:00:00.000000,13802.51,13895.61,13684.43,13771.26,13552197900.0,0.001446799361581627
2021-03-31T00:00:00.000000,13751.21,13933.32,13717.59,13888.44,12762459700.0,0.0012388807384794798
2021-04-01T00:00:00.000000,13870.71,13870.71,13678.67,13778.67,11507428700.0,0.0013423494580046026
2021-04-02T00:00:00.000000,13812.64,13992.75,13808.32,13979.69,11365854600.0,0.0012870167864329643
2021-04-03T00:00:00.000000,14042.13,14178.1,14008.85,14122.61,12274062100.0,0.0013435248643445831
2021-04-07T00:00:00.000000,14176.21,14194.36,14045.92,14083.34,10977368000.0,0.001026385434152921
2021-04-08T00:00:00.000000,14100.85,14100.85,13856.97,13979.31,14327896400.0,0.0013050513226828431
2021-04-09T00:00:00.000000,13906.82,14037.45,13845.12,13989.94,14195042200.0,0.0011666782283917966
2021-04-10T00:00:00.000000,13965.21,13977.28,13769.19,13813.31,13216820100.0,0.0010319254646620785
2021-04-13T00:00:00.000000,13811.59,13867.16,13454.27,13495.72,14795832300.0,0.0018443800443639694
2021-04-14T00:00:00.000000,13490.39,13671.36,13484.0,13528.31,12901649600.0,0.00145805314260179
2021-04-15T00:00:00.000000,13550.87,13756.74,13550.87,13738.0,12363310500.0,0.0012593281709714875
2021-04-16T00:00:00.000000,13705.13,13705.13,13539.07,13680.27,11843589400.0,0.0013704114063368626
2021-04-17T00:00:00.000000,13718.23,13755.45,13575.62,13720.74,12058909400.0,0.00140201115818393
2021-04-20T00:00:00.000000,13714.39,14121.21,13667.75,14117.8,15239806200.0,0.0012664689650207942
2021-04-21T00:00:00.000000,14062.5,14215.28,14035.23,14101.9,13884530200.0,0.001356697507331454
2021-04-22T00:00:00.000000,14010.59,14176.95,13978.57,14151.15,12585875500.0,0.0011608331717770184
2021-04-23T00:00:00.000000,14219.24,14244.49,14091.11,14209.44,12429500800.0,0.0010276785506353465
2021-04-24T00:00:00.000000,14213.36,14386.62,14208.4,14351.86,13071629000.0,0.001296914875388776
2021-04-27T00:00:00.000000,14419.85,14529.43,14212.22,14224.45,15866223600.0,0.0017789684573237333
2021-04-28T00:00:00.000000,14211.58,14266.6,14106.83,14264.08,12850869500.0,0.0013192585554795552
2021-04-29T00:00:00.000000,14238.56,14398.96,14190.64,14398.38,12508266000.0,0.0013765197397118858
2021-04-30T00:00:00.000000,14416.85,14516.22,14330.09,14464.08,12252319800.0,0.0014461085042867864
2021-05-01T00:00:00.000000,14437.17,14522.46,14343.06,14438.57,13427982800.0,0.0013282342103543296
2021-05-07T00:00:00.000000,14355.4,14398.58,14088.04,14210.6,14328820700.0,0.0021162505879679687
2021-05-08T00:00:00.000000,14243.71,14280.04,13933.81,13933.81,15781392700.0,0.0015705252280074024
2021-05-11T00:00:00.000000,13945.78,14035.6,13828.82,13917.97,15381854300.0,0.0017705061418753435
2021-05-12T00:00:00.000000,13814.28,13996.7,13696.73,13966.79,15337579100.0,0.0020136997803743965
2021-05-13T00:00:00.000000,13922.15,14078.33,13872.1,14064.87,12627783900.0,0.001317187121338861
2021-05-14T00:00:00.000000,13907.18,14027.55,13866.11,13917.65,13675614000.0,0.0017874651766895593
2021-05-15T00:00:00.000000,13960.33,14214.14,13872.63,14208.78,15309051300.0,0.0015032605144738823
2021-05-18T00:00:00.000000,14234.7,14538.76,14234.7,14456.54,14639033900.0,0.0020890489243484546
2021-05-19T00:00:00.000000,14462.41,14497.9,14345.99,14450.6,11869397500.0,0.0009421766531416719
2021-05-20T00:00:00.000000,14399.76,14544.2,14359.02,14484.45,12439058300.0,0.0012358543616266479
2021-05-21T00:00:00.000000,14455.61,14582.4,14431.8,14535.1,14385150400.0,0.0015215781523267632
2021-05-22T00:00:00.000000,14582.07,14634.6,14386.12,14417.46,12878463400.0,0.0014678186238184523
2021-05-25T00:00:00.000000,14436.36,14506.61,14295.48,14506.61,13062758100.0,0.0011885297466774666
2021-05-26T00:00:00.000000,14533.95,14862.19,14509.78,14846.45,15315999300.0,0.001158910590748619
2021-05-27T00:00:00.000000,14850.28,14860.64,14762.2,14793.68,15464171500.0,0.0008735028135426368
2021-05-28T00:00:00.000000,14796.05,14955.3,14720.67,14897.19,15020629900.0,0.0013502733153288409
2021-05-29T00:00:00.000000,14899.33,14977.25,14778.82,14852.88,16515719000.0,0.0012327141627153984
2021-06-01T00:00:00.000000,14874.89,14996.38,14836.15,14996.38,14603751000.0,0.0008243471113204851
2021-06-02T00:00:00.000000,14963.95,15039.02,14820.74,15034.78,15156237100.0,0.0012910431573006165
2021-06-03T00:00:00.000000,15044.94,15051.21,14793.74,14857.91,14708118700.0,0.0012776977532617734
2021-06-04T00:00:00.000000,14850.51,14947.6,14759.82,14761.13,13306105700.0,0.0013120893254980903
2021-06-05T00:00:00.000000,14704.19,14989.21,14667.53,14870.91,13149211800.0,0.001663142533581389
2021-06-08T00:00:00.000000,14879.49,14883.55,14760.2,14862.6,13630792800.0,0.0012683450327281823
2021-06-09T00:00:00.000000,14867.95,14973.81,14625.29,14716.98,13554191100.0,0.0015510288334313453
2021-06-10T00:00:00.000000,14698.35,14762.64,14641.83,14718.4,12755458200.0,0.000934084618054064
2021-06-11T00:00:00.000000,14715.14,14940.3,14699.31,14893.59,15017173300.0,0.0013010056857182051
2021-06-12T00:00:00.000000,14918.49,14920.87,14738.62,14801.24,17089538300.0,0.001160240886820758
2021-06-16T00:00:00.000000,14806.69,14829.97,14564.56,14673.34,14197822800.0,0.0014684345206385128
2021-06-17T00:00:00.000000,14663.48,14667.24,14290.23,14295.93,12356978600.0,0.0015900463543568222
2021-06-18T00:00:00.000000,14291.94,14489.51,14291.94,14472.37,12084735700.0,0.0014846774120040559
2021-06-19T00:00:00.000000,14510.56,14635.5,14449.06,14583.67,14598340500.0,0.0015032630985279843
2021-06-22T00:00:00.000000,14563.05,14721.69,14468.74,14641.29,14306665000.0,0.0019393146009658625
2021-06-23T00:00:00.000000,14678.37,14706.5,14564.5,14696.29,13885090900.0,0.0008626519596555887
2021-06-24T00:00:00.000000,14713.84,14882.14,14641.47,14843.83,14754652700.0,0.0012859128068433145
2021-06-25T00:00:00.000000,14876.73,14877.64,14718.89,14784.8,13803822700.0,0.0011416929581008072
2021-06-26T00:00:00.000000,14799.53,15036.77,14797.34,15003.85,14468541400.0,0.0013028443708221447
2021-06-29T00:00:00.000000,15049.77,15166.56,15031.21,15150.17,14130041500.0,0.001009839332053808
2021-06-30T00:00:00.000000,15187.81,15187.81,14991.18,14999.8,13233626200.0,0.001165610734824636
2021-07-01T00:00:00.000000,15015.29,15175.75,14978.3,15161.7,11777374300.0,0.001017971544029513
2021-07-02T00:00:00.000000,15203.07,15206.15,15001.89,15038.88,13600439700.0,0.0015418009138874781
2021-07-03T00:00:00.000000,14937.73,14937.73,14652.74,14670.71,12998660300.0,0.0022271873039112398
2021-07-06T00:00:00.000000,14666.68,14782.57,14597.87,14718.66,12857514700.0,0.0012238403676642755
2021-07-07T00:00:00.000000,14745.45,14779.3,14480.87,14667.65,14254225900.0,0.0018566198993101705
2021-07-08T00:00:00.000000,14592.75,14966.23,14545.29,14940.05,13595271200.0,0.001621987383919192
2021-07-09T00:00:00.000000,14984.25,15033.34,14856.93,14882.9,15815828600.0,0.001356073181342179
2021-07-10T00:00:00.000000,14805.81,14887.6,14583.55,14844.36,15206029400.0,0.0017309250199238678
2021-07-13T00:00:00.000000,14970.13,15222.17,14870.83,15161.52,18632305800.0,0.0017706891938605097
2021-07-14T00:00:00.000000,15151.09,15232.15,15077.34,15189.29,17447750300.0,0.0011631354034736373
2021-07-15T00:00:00.000000,15141.04,15215.63,15021.99,15056.32,17376584600.0,0.001737636282142954
2021-07-16T00:00:00.000000,15014.91,15170.64,14899.31,15169.33,16772042900.0,0.0014951391050532531
2021-07-17T00:00:00.000000,15144.08,15165.75,14962.97,14972.21,16958006200.0,0.0016843654652435726
2021-07-20T00:00:00.000000,14958.62,15033.6,14856.64,14992.9,15745215300.0,0.0014952008246760851
2021-07-21T00:00:00.000000,14879.27,15031.88,14859.71,15011.35,13125018300.0,0.0011207218825270554
2021-07-22T00:00:00.000000,15070.17,15264.1,15061.09,15212.6,16240415000.0,0.0010878947377824368
2021-07-23T00:00:00.000000,15258.73,15290.06,15172.1,15262.19,17899137200.0,0.0010701461892505973
2021-07-24T00:00:00.000000,15248.25,15248.25,14989.5,15028.57,20513597500.0,0.0015488773454750344
2021-07-27T00:00:00.000000,14982.9,14982.9,14376.33,14630.85,20149136600.0,0.002952518703730491
2021-07-28T00:00:00.000000,14640.26,14741.87,14093.64,14093.64,21828605100.0,0.002915974382194389
2021-07-29T00:00:00.000000,13967.44,14207.39,13727.48,14086.42,18579196500.0,0.00422973530365684
2021-07-30T00:00:00.000000,14390.29,14544.11,14277.97,14515.32,16761713300.0,0.0031630687792545413
2021-07-31T00:00:00.000000,14482.78,14522.12,14294.48,14473.21,18201207100.0,0.002028078225043414
2021-08-03T00:00:00.000000,14463.21,14806.86,14395.33,14798.16,20476735300.0,0.001793853211044467
2021-08-04T00:00:00.000000,14745.91,14844.52,14656.2,14736.92,18823015200.0,0.0019445095132790303
2021-08-05T00:00:00.000000,14715.75,14990.11,14683.35,14990.11,16527067300.0,0.0012004637252550445
2021-08-06T00:00:00.000000,14901.96,14990.65,14800.42,14872.23,16843999200.0,0.0022903326567790725
2021-08-07T00:00:00.000000,14902.69,14915.73,14722.13,14827.41,15970730800.0,0.0015596838328962319
2021-08-10T00:00:00.000000,14738.37,14980.15,14682.94,14941.44,17639804600.0,0.0015782316418881525
2021-08-11T00:00:00.000000,14919.52,15057.59,14863.08,15057.59,17239590200.0,0.0013802773497191532
2021-08-12T00:00:00.000000,15048.87,15101.13,14969.08,15021.17,17714554800.0,0.001290233408968088
2021-08-13T00:00:00.000000,14972.49,15037.58,14857.91,14901.97,17849476500.0,0.0014370293039487577
2021-08-14T00:00:00.000000,14839.51,14994.61,14717.67,14799.03,16683757300.0,0.0013659160468171582
2021-08-17T00:00:00.000000,14756.48,14800.22,14660.08,14693.74,15976292200.0,0.0011229644634420074
2021-08-18T00:00:00.000000,14696.19,14750.93,14308.63,14350.65,17612144600.0,0.0017216263718120369
2021-08-19T00:00:00.000000,14371.82,14500.14,14284.85,14454.11,16332461800.0,0.0018463003661992976
2021-08-20T00:00:00.000000,14456.18,14570.63,14357.73,14487.36,16577664200.0,0.0012318709550982719
2021-08-21T00:00:00.000000,14376.9,14448.92,14100.92,14253.53,16580326000.0,0.0023637073187033255
2021-08-24T00:00:00.000000,14296.95,14558.47,14260.08,14535.88,16619713000.0,0.001200107551427569
2021-08-25T00:00:00.000000,14558.96,14710.01,14496.89,14663.55,17493419100.0,0.0011267107756672376
2021-08-26T00:00:00.000000,14657.65,14697.5,14562.82,14697.5,16513612900.0,0.0010559805262788948
2021-08-27T00:00:00.000000,14701.92,14701.92,14409.88,14415.46,17812606500.0,0.0015868716550952648
2021-08-28T00:00:00.000000,14382.18,14537.15,14366.15,14436.9,18258553000.0,0.0012852685654461773
2021-08-31T00:00:00.000000,14482.97,14546.74,14339.38,14423.37,20894363900.0,0.001486177242813741
2021-09-01T00:00:00.000000,14407.94,14418.26,14157.55,14328.38,20321990800.0,0.0012800661698435885
2021-09-02T00:00:00.000000,14336.07,14418.61,14058.25,14314.09,24096387100.0,0.002415554949864144
2021-09-03T00:00:00.000000,14294.54,14348.82,14226.42,14277.34,20822452500.0,0.0009444574117993611
2021-09-04T00:00:00.000000,14295.56,14302.9,14118.73,14179.86,23170693600.0,0.00162809663077763
2021-09-07T00:00:00.000000,14184.42,14567.14,14145.63,14546.6,21996321100.0,0.0014306258913131889
2021-09-08T00:00:00.000000,14543.84,14724.63,14483.55,14702.9,21612152000.0,0.0009319317899207156
2021-09-09T00:00:00.000000,14706.88,14789.09,14630.5,14688.08,24522040100.0,0.0011920700174997757
2021-09-10T00:00:00.000000,14666.05,14716.73,14547.07,14698.53,22625484300.0,0.001059660214213422
2021-09-11T00:00:00.000000,14673.45,14811.51,14645.26,14771.87,23738111300.0,0.0014470954981855991
2021-09-14T00:00:00.000000,14776.82,14833.88,14648.78,14705.83,21916394500.0,0.0012343505244863798
2021-09-15T00:00:00.000000,14699.22,14844.26,14589.72,14626.08,22082626900.0,0.0013800734889662853
2021-09-16T00:00:00.000000,14590.8,14602.34,14476.19,14536.31,18960550400.0,0.0015488906826370248
2021-09-17T00:00:00.000000,14527.1,14550.31,14258.13,14258.13,20867914500.0,0.0015071284361884822
2021-09-18T00:00:00.000000,14224.61,14383.62,14136.47,14359.36,18874813600.0,0.0017984204265624603
2021-09-23T00:00:00.000000,14139.9,14311.96,14117.63,14277.08,16135998300.0,0.002179924623895542
2021-09-24T00:00:00.000000,14380.09,14416.37,14338.99,14387.36,19301278600.0,0.0012882364385876713
2021-09-25T00:00:00.000000,14359.11,14514.39,14307.68,14357.85,18271239900.0,0.001094545114907455
2021-09-28T00:00:00.000000,14430.04,14527.77,14253.15,14344.29,19761127500.0,0.0021348676758126796
2021-09-29T00:00:00.000000,14307.53,14425.16,14243.2,14313.82,14901058800.0,0.0013016965773679733
2021-09-30T00:00:00.000000,14202.4,14235.88,14020.56,14079.02,16402487400.0,0.0018466342237875035
2021-10-01T00:00:00.000000,14124.08,14337.5,14124.08,14309.01,13805005300.0,0.0014877809669166344
2021-10-09T00:00:00.000000,14457.94,14489.33,14348.98,14414.16,16077678800.0,0.0014044446054695405
2021-10-12T00:00:00.000000,14440.82,14484.39,14338.47,14367.6,14875937700.0,0.0010349363734631525
2021-10-13T00:00:00.000000,14335.54,14335.54,14006.65,14135.38,15574864800.0,0.0015841498257072606
2021-10-14T00:00:00.000000,14140.42,14358.5,14112.91,14353.08,12934921300.0,0.0012795960302176854
2021-10-15T00:00:00.000000,14350.63,14399.92,14293.53,14341.38,12384115500.0,0.0010760294395670605
2021-10-16T00:00:00.000000,14294.18,14440.58,14232.03,14415.99,14975178800.0,0.0013290630691524166
2021-10-19T00:00:00.000000,14393.18,14393.18,14218.61,14350.02,14210714600.0,0.0016016491155438914
2021-10-20T00:00:00.000000,14352.93,14504.24,14352.93,14499.77,13444421000.0,0.0010033821033577546
2021-10-21T00:00:00.000000,14500.46,14552.57,14431.63,14452.25,14118452600.0,0.0008495033519656347
2021-10-22T00:00:00.000000,14466.42,14501.45,14348.12,14444.86,13522889700.0,0.0009005572728631807
2021-10-23T00:00:00.000000,14467.37,14582.79,14454.86,14492.82,14151202400.0,0.0008769126813932719
2021-10-26T00:00:00.000000,14491.35,14599.0,14452.88,14596.72,14033669000.0,0.0008178723753480842
2021-10-27T00:00:00.000000,14658.99,14682.43,14531.48,14552.82,14812016600.0,0.0010145252256952872
2021-10-28T00:00:00.000000,14510.45,14510.45,14348.05,14393.51,15319667800.0,0.001267397445125801
2021-10-29T00:00:00.000000,14350.91,14407.66,14188.29,14244.82,15392089600.0,0.0014652666734254688
2021-10-30T00:00:00.000000,14242.68,14457.44,14199.59,14451.38,15089460300.0,0.0012152706655933468
2021-11-02T00:00:00.000000,14393.58,14569.23,14344.48,14476.53,16841689200.0,0.0013271922292969628
2021-11-03T00:00:00.000000,14476.9,14558.36,14248.0,14377.27,17455793000.0,0.0018440428445040678
2021-11-04T00:00:00.000000,14365.21,14458.62,14287.34,14367.78,14636125200.0,0.0012839685022300936
2021-11-05T00:00:00.000000,14440.22,14557.94,14420.14,14555.27,14653435400.0,0.0010273066449890157
2021-11-06T00:00:00.000000,14536.6,14623.48,14462.59,14462.62,17101515400.0,0.0009309050120029183
2021-11-09T00:00:00.000000,14451.59,14532.72,14400.84,14508.86,14652151900.0,0.0007986719126233515
2021-11-10T00:00:00.000000,14538.62,14581.42,14463.77,14571.93,13541925700.0,0.0009161305632612782
2021-11-11T00:00:00.000000,14521.72,14536.63,14302.8,14515.88,15569310200.0,0.001334817763517799
2021-11-12T00:00:00.000000,14497.98,14708.12,14479.37,14699.74,17048742200.0,0.0007939998028075754
2021-11-13T00:00:00.000000,14708.6,14732.35,14646.49,14705.37,16595740000.0,0.0007278260535556524
2021-11-16T00:00:00.000000,14724.34,14732.05,14578.23,14636.39,15954604800.0,0.0009093822143985982
2021-11-17T00:00:00.000000,14626.87,14736.37,14597.04,14613.97,15830461100.0,0.0008929059642008632
2021-11-18T00:00:00.000000,14646.66,14711.18,14596.89,14711.18,13799647900.0,0.0007101288955208532
2021-11-19T00:00:00.000000,14685.79,14685.79,14555.22,14579.17,15494059600.0,0.0010458230206108112
2021-11-20T00:00:00.000000,14569.93,14761.53,14552.67,14752.49,16736754600.0,0.0009024248911128893
2021-11-23T00:00:00.000000,14778.58,14961.79,14776.04,14960.66,17345742400.0,0.0008920891339426466
2021-11-24T00:00:00.000000,14929.24,14954.85,14874.43,14905.13,17044685600.0,0.0006333017612409591
2021-11-25T00:00:00.000000,14908.97,14942.96,14864.89,14887.6,16551398400.0,0.0007911103236964488
2021-11-26T00:00:00.000000,14884.85,14897.18,14819.68,14827.95,14512249300.0,0.0006005863392897642
2021-11-27T00:00:00.000000,14802.02,14862.93,14745.59,14777.17,14266901500.0,0.0006924811390009286
2021-11-30T00:00:00.000000,14635.48,14825.43,14633.06,14810.2,14193409100.0,0.0009288547512972204
2021-12-01T00:00:00.000000,14854.52,14870.23,14712.82,14795.73,15045574900.0,0.000896022052138797
2021-12-02T00:00:00.000000,14794.37,14824.81,14724.72,14794.25,14966095700.0,0.0006301450512295392
2021-12-03T00:00:00.000000,14769.69,14834.79,14740.24,14765.56,15827883500.0,0.000843014608503985
2021-12-04T00:00:00.000000,14772.67,14892.05,14767.45,14892.05,14814961700.0,0.0006922347448685711
2021-12-07T00:00:00.000000,14872.55,14942.24,14742.1,14752.96,17088951300.0,0.0008355828583382933
2021-12-08T00:00:00.000000,14845.02,14861.38,14602.73,14697.17,16499261800.0,0.0012219118536825444
2021-12-09T00:00:00.000000,14748.65,14964.46,14733.89,14964.46,14964781500.0,0.0008108513975004112
2021-12-10T00:00:00.000000,14965.44,15193.68,14957.34,15147.87,19187899000.0,0.000980483122783938
2021-12-11T00:00:00.000000,15044.68,15148.78,15026.37,15111.56,17517103000.0,0.0009270218221569724
2021-12-14T00:00:00.000000,15166.16,15288.65,15151.8,15212.49,18760317100.0,0.0010615661508229302
2021-12-15T00:00:00.000000,15171.05,15185.25,15109.06,15136.78,15990205800.0,0.0006826670715241416
2021-12-16T00:00:00.000000,15112.18,15187.26,15012.75,15026.21,15000031800.0,0.0007306172076368326
2021-12-17T00:00:00.000000,15047.47,15112.81,14977.45,15112.81,15708464000.0,0.0008896747599298908
2021-12-18T00:00:00.000000,15075.23,15075.23,14867.25,14867.55,16830000200.0,0.0011592067791244768
2021-12-21T00:00:00.000000,14818.42,14902.13,14551.36,14569.18,16235959600.0,0.0013924196747313214
2021-12-22T00:00:00.000000,14559.72,14702.38,14547.6,14688.98,14121480600.0,0.00117395215247505
2021-12-23T00:00:00.000000,14723.41,14813.04,14709.4,14791.33,15516189600.0,0.0009446075494436159
2021-12-24T00:00:00.000000,14818.99,14878.95,14790.45,14863.93,15414171300.0,0.0008717480605470063
2021-12-25T00:00:00.000000,14872.42,14887.46,14674.14,14710.33,15112136200.0,0.001272337670860198
2021-12-28T00:00:00.000000,14704.29,14802.35,14652.42,14715.65,14021705400.0,0.000893942300868413
2021-12-29T00:00:00.000000,14736.73,14841.88,14696.45,14837.87,14243039200.0,0.0009769396915433955
2021-12-30T00:00:00.000000,14828.19,14828.19,14645.2,14653.82,12933068500.0,0.0009361792619009274
2021-12-31T00:00:00.000000,14652.08,14846.82,14652.08,14796.23,14341650300.0,0.0007818961329296483
2022-01-01T00:00:00.000000,14842.07,14871.98,14797.11,14857.35,14409539500.0,0.0008028859926067069
2022-01-05T00:00:00.000000,14935.23,14941.19,14681.71,14791.31,18807080200.0,0.0009515511780100122
2022-01-06T00:00:00.000000,14752.08,14767.22,14469.37,14525.76,19496869800.0,0.0013825009831397498
2022-01-07T00:00:00.000000,14432.46,14497.77,14298.48,14429.51,17284655500.0,0.0013236325345684895
2022-01-08T00:00:00.000000,14449.54,14495.67,14331.98,14343.65,19123871600.0,0.001277688327446247
2022-01-11T00:00:00.000000,14304.86,14430.09,14194.35,14406.97,16675216800.0,0.001496283039535378
2022-01-12T00:00:00.000000,14402.22,14433.56,14201.9,14223.35,16191160200.0,0.0010589282136373565
2022-01-13T00:00:00.000000,14316.53,14426.12,14293.41,14421.2,15297391500.0,0.0013101091254100507
2022-01-14T00:00:00.000000,14440.98,14440.98,14138.34,14138.34,15503109800.0,0.001381752070654043
2022-01-15T00:00:00.000000,14054.67,14219.44,14039.87,14150.57,16095770400.0,0.0014000446899006768
2022-01-18T00:00:00.000000,14163.0,14374.47,14159.27,14363.57,16036897700.0,0.001215635705615714
2022-01-19T00:00:00.000000,14365.19,14444.54,14285.63,14391.39,16855647500.0,0.0008832340961245109
2022-01-20T00:00:00.000000,14376.36,14413.38,14120.24,14207.19,15842457800.0,0.0011726450077549507
2022-01-21T00:00:00.000000,14188.51,14312.0,14149.5,14198.3,16907436300.0,0.0012964904014921609
2022-01-22T00:00:00.000000,14144.22,14181.62,13991.64,14029.55,14519014800.0,0.0018519357278921928
2022-01-25T00:00:00.000000,13941.9,14133.04,13918.99,14081.8,12129788200.0,0.0010534678648748705
2022-01-26T00:00:00.000000,14018.93,14091.88,13682.72,13683.89,14472837500.0,0.001358754171111862
2022-01-27T00:00:00.000000,13742.03,13820.94,13580.4,13780.3,11406888900.0,0.00217919698054165
2022-01-28T00:00:00.000000,13756.87,13773.5,13395.36,13398.84,12091192900.0,0.001651661313694324
2022-01-29T00:00:00.000000,13515.47,13553.22,13227.83,13328.06,11863919700.0,0.0027684792012142843
2022-02-08T00:00:00.000000,13558.94,13632.45,13412.2,13456.65,12827501700.0,0.0028621359890338227
2022-02-09T00:00:00.000000,13432.08,13432.33,13051.8,13325.41,13342782300.0,0.002121591007098081
2022-02-10T00:00:00.000000,13321.81,13541.87,13283.2,13531.31,14693442600.0,0.0014445615334374789
2022-02-11T00:00:00.000000,13537.31,13537.31,13339.5,13432.07,13926924600.0,0.0014039852619972951
2022-02-12T00:00:00.000000,13360.4,13452.72,13206.63,13224.38,14826388400.0,0.0013363793929273397
2022-02-15T00:00:00.000000,13140.35,13280.08,13049.45,13123.21,13048000200.0,0.0015847237001759005
2022-02-16T00:00:00.000000,13143.1,13346.67,13138.44,13345.63,10977356500.0,0.0011849374517120207
2022-02-17T00:00:00.000000,13403.64,13446.06,13339.8,13376.36,10137026500.0,0.0009316230812339765
2022-02-18T00:00:00.000000,13360.46,13490.86,13322.69,13422.9,11443005100.0,0.0013548240685605174
2022-02-19T00:00:00.000000,13334.9,13460.21,13316.47,13459.68,11567883100.0,0.001130450636888073
2022-02-22T00:00:00.000000,13464.85,13503.09,13404.73,13471.16,13459599300.0,0.000925539482170943
2022-02-23T00:00:00.000000,13384.03,13384.03,13216.63,13297.11,13715758100.0,0.0021512229986553302
2022-02-24T00:00:00.000000,13319.87,13553.27,13319.87,13549.99,13703634700.0,0.001275395750290242
2022-02-25T00:00:00.000000,13459.01,13538.71,13093.97,13252.24,19290938500.0,0.002341718450678986
2022-02-26T00:00:00.000000,13383.24,13540.99,13383.24,13412.92,13678975600.0,0.002294157333873643
2022-03-01T00:00:00.000000,13397.93,13457.61,13279.32,13455.73,12459847400.0,0.001586279197534172
2022-03-02T00:00:00.000000,13493.28,13517.25,13393.85,13488.64,12579837000.0,0.0010014933272683847
2022-03-03T00:00:00.000000,13412.9,13412.9,13267.55,13346.96,11741719600.0,0.0017520083774622132
2022-03-04T00:00:00.000000,13397.97,13407.04,13187.74,13201.82,14042548700.0,0.0010366632139348082
2022-03-05T00:00:00.000000,13089.42,13204.24,12972.24,13020.46,13739181000.0,0.001745977715749124
2022-03-08T00:00:00.000000,12930.73,12930.73,12523.45,12573.43,14523100400.0,0.002571230622906166
2022-03-09T00:00:00.000000,12594.6,12653.46,12178.18,12244.5,16162551400.0,0.003016175361635968
2022-03-10T00:00:00.000000,12282.15,12337.77,11598.39,12107.17,17669166600.0,0.004143834321528463
2022-03-11T00:00:00.000000,12421.76,12486.91,12331.51,12370.95,14401361900.0,0.00389330005679864
2022-03-12T00:00:00.000000,12181.48,12464.5,12043.38,12447.37,14164246200.0,0.0038793926133075364
2022-03-15T00:00:00.000000,12315.77,12389.41,12063.63,12063.63,12885031600.0,0.0029602295660906873
2022-03-16T00:00:00.000000,11948.63,12086.04,11537.24,11537.24,17129354800.0,0.00445119275901758
2022-03-17T00:00:00.000000,11765.31,12034.46,11331.23,12000.96,17348899000.0,0.004440128326827699
2022-03-18T00:00:00.000000,12228.84,12497.86,12218.17,12289.97,17356349100.0,0.0039483149647437195
2022-03-19T00:00:00.000000,12222.22,12368.59,12141.75,12328.65,13766202700.0,0.0017630318766257932
2022-03-22T00:00:00.000000,12385.87,12469.98,12257.67,12379.64,14565595200.0,0.0018669702979738027
2022-03-23T00:00:00.000000,12350.73,12410.47,12269.17,12318.78,13200166500.0,0.001616202303328025
2022-03-24T00:00:00.000000,12373.51,12436.21,12291.37,12408.65,12586090000.0,0.001175151869870974
2022-03-25T00:00:00.000000,12339.14,12384.78,12188.58,12305.5,12531702000.0,0.002168865636594689
2022-03-26T00:00:00.000000,12315.35,12330.95,12072.73,12072.73,12145753700.0,0.0014336440011801146
2022-03-29T00:00:00.000000,11969.0,12053.2,11835.33,11949.94,12190273800.0,0.0022711217429801033
2022-03-30T00:00:00.000000,11983.54,12050.85,11857.37,11895.08,11993282800.0,0.0016882761325350242
2022-03-31T00:00:00.000000,11969.36,12263.8,11961.06,12263.8,14946579700.0,0.0017241993612284775
2022-04-01T00:00:00.000000,12208.99,12220.06,12090.29,12118.25,14694077300.0,0.0013379466303658594
2022-04-02T00:00:00.000000,12040.01,12275.08,12009.21,12227.93,14184291300.0,0.0014910322392200223
2022-04-07T00:00:00.000000,12220.78,12238.02,12091.98,12172.91,15400748500.0,0.0014666408831903342
2022-04-08T00:00:00.000000,12101.37,12205.1,11971.33,11972.02,14990871400.0,0.001569685863941048
2022-04-09T00:00:00.000000,11988.05,12001.59,11799.02,11959.27,14745595400.0,0.0017873310184411083
2022-04-12T00:00:00.000000,11876.18,11876.18,11482.73,11520.21,14729253300.0,0.0026529883212937015
2022-04-13T00:00:00.000000,11523.28,11756.38,11439.59,11756.38,14435354000.0,0.0024242283701457735
2022-04-14T00:00:00.000000,11669.08,11744.25,11568.17,11568.17,13446879700.0,0.0019250650807730134
2022-04-15T00:00:00.000000,11662.59,11787.12,11587.87,11714.62,13243783100.0,0.002006403359824623
2022-04-16T00:00:00.000000,11626.05,11737.79,11552.78,11648.57,14347931500.0,0.0025273915388118314
2022-04-19T00:00:00.000000,11557.52,11710.84,11459.84,11691.47,12253621800.0,0.0027661320425976417
2022-04-20T00:00:00.000000,11691.76,11771.55,11584.24,11633.32,12005928800.0,0.0014270225991879302
2022-04-21T00:00:00.000000,11619.74,11641.45,11360.08,11392.23,12833153000.0,0.001823859454575167
2022-04-22T00:00:00.000000,11328.71,11429.78,11038.38,11084.28,13678933800.0,0.0023702382643170025
2022-04-23T00:00:00.000000,11016.68,11151.66,10896.92,11051.7,12212963200.0,0.0026635087230146228
2022-04-26T00:00:00.000000,10840.36,10866.64,10379.06,10379.28,15980810800.0,0.004286884676763602
2022-04-27T00:00:00.000000,10401.99,10548.96,10181.17,10206.64,15143631400.0,0.00298311490028952
2022-04-28T00:00:00.000000,10090.98,10652.93,10087.53,10652.9,16509714100.0,0.003993261141233559
2022-04-29T00:00:00.000000,10607.79,10743.17,10498.66,10628.92,14178512700.0,0.0022944890233822573
2022-04-30T00:00:00.000000,10719.45,11029.94,10631.14,11021.44,16738120500.0,0.0034070150946702796
2022-05-06T00:00:00.000000,10928.68,11146.02,10897.26,11046.38,14744204900.0,0.0018929678965759963
2022-05-07T00:00:00.000000,10775.31,10913.69,10748.87,10809.88,12601264500.0,0.003968885216291662
2022-05-10T00:00:00.000000,10743.03,10867.61,10698.67,10765.63,10626919600.0,0.0016252640129251993
2022-05-11T00:00:00.000000,10601.4,10938.58,10560.78,10912.74,13795979100.0,0.003053871259402884
2022-05-12T00:00:00.000000,10921.03,11334.76,10917.1,11109.48,17101859900.0,0.0019973081131567844
2022-05-13T00:00:00.000000,11029.34,11173.02,11006.32,11094.87,12236703100.0,0.0018610356577144055
2022-05-14T00:00:00.000000,11167.59,11204.55,11044.46,11159.79,11749912800.0,0.0017360651202935928
2022-05-17T00:00:00.000000,11251.27,11296.0,11067.06,11093.37,12656572800.0,0.002281225501112752
2022-05-18T00:00:00.000000,11095.4,11230.74,11059.83,11230.16,11528481500.0,0.001613828310939295
2022-05-19T00:00:00.000000,11249.28,11300.22,11151.22,11208.08,11610234100.0,0.0014077100048369184
2022-05-20T00:00:00.000000,11035.96,11250.06,11019.08,11250.06,12606141400.0,0.001904981590929368
2022-05-21T00:00:00.000000,11311.81,11454.53,11292.14,11454.53,15498082700.0,0.0021865767597352786
2022-05-24T00:00:00.000000,11468.81,11475.18,11343.21,11447.95,13946086300.0,0.0012582594453893245
2022-05-25T00:00:00.000000,11429.93,11429.93,11065.92,11065.92,15160583900.0,0.0020323851551713006
2022-05-26T00:00:00.000000,11062.63,11143.97,11009.73,11143.18,11157134800.0,0.0016912370587627043
2022-05-27T00:00:00.000000,11149.31,11276.2,10984.75,11206.82,13041833900.0,0.0022693469456214026
2022-05-28T00:00:00.000000,11290.0,11379.93,11126.75,11193.59,11779236200.0,0.002066160753547818
2022-05-31T00:00:00.000000,11248.51,11327.05,11185.95,11310.28,11266712500.0,0.0014099919139896292
2022-06-01T00:00:00.000000,11313.41,11543.18,11241.03,11527.62,14308964500.0,0.001586401051432624
2022-06-02T00:00:00.000000,11507.49,11592.47,11467.86,11551.27,12893870600.0,0.0015482812002441603
2022-06-03T00:00:00.000000,11492.97,11637.53,11470.89,11628.31,12873930400.0,0.001299544283843606
2022-06-07T00:00:00.000000,11636.68,11941.17,11602.4,11938.12,16687545700.0,0.0016001127060942862
2022-06-08T00:00:00.000000,11937.28,12004.58,11857.45,11935.57,14720735000.0,0.0016038951666117495
2022-06-09T00:00:00.000000,11947.75,12040.35,11815.29,12033.26,15721555100.0,0.0017689596414817636
2022-06-10T00:00:00.000000,12002.81,12006.02,11761.21,11810.58,14662790700.0,0.0016903505236403641
2022-06-11T00:00:00.000000,11733.35,12039.47,11724.24,12035.15,16264496600.0,0.0013899780484915476
2022-06-14T00:00:00.000000,11922.56,12056.53,11881.08,11999.31,16252292400.0,0.0017684790757491917
2022-06-15T00:00:00.000000,11854.17,12028.14,11644.35,12023.79,17366987700.0,0.002763178673764507
2022-06-16T00:00:00.000000,12052.74,12356.31,12038.8,12137.76,22644228500.0,0.002838564843163988
2022-06-17T00:00:00.000000,12146.85,12274.18,12101.49,12150.96,18952783700.0,0.001890683731788433
2022-06-18T00:00:00.000000,12045.84,12355.34,12036.27,12331.14,16619497900.0,0.00211962601073901
2022-06-21T00:00:00.000000,12405.12,12587.95,12372.07,12487.13,16998720700.0,0.0028185304313435677
2022-06-22T00:00:00.000000,12477.73,12542.72,12299.95,12423.86,16463026100.0,0.002011380880652262
2022-06-23T00:00:00.000000,12437.69,12445.16,12240.78,12246.55,14971790000.0,0.0016303638893513162
2022-06-24T00:00:00.000000,12273.38,12514.73,12177.26,12514.73,15988195800.0,0.0015674159056313273
2022-06-25T00:00:00.000000,12553.56,12690.54,12516.71,12686.03,16050639100.0,0.0016084020245341263
2022-06-28T00:00:00.000000,12742.55,12911.24,12742.55,12825.57,17039895500.0,0.0017664755529513201
2022-06-29T00:00:00.000000,12823.65,13001.54,12718.25,12982.69,17459766800.0,0.0016963022620608689
2022-06-30T00:00:00.000000,12930.43,12998.63,12682.93,12696.5,19582976800.0,0.002111552532878766
2022-07-01T00:00:00.000000,12710.25,12970.65,12710.25,12896.2,16427809700.0,0.0021452427881853567
2022-07-02T00:00:00.000000,12899.47,12941.06,12805.73,12860.36,14785582200.0,0.0014361673123902776
2022-07-05T00:00:00.000000,12813.49,13026.25,12751.08,13026.25,15829761700.0,0.0019146718919505765
2022-07-06T00:00:00.000000,13057.24,13121.39,12798.01,12973.11,17144324200.0,0.002017720349347713
2022-07-07T00:00:00.000000,12935.42,12997.41,12700.48,12811.33,16159499200.0,0.0015591532420291161
2022-07-08T00:00:00.000000,12826.09,12962.99,12732.7,12935.85,15615974800.0,0.0013194104811470307
2022-07-09T00:00:00.000000,12998.56,13034.46,12848.63,12857.13,14738331100.0,0.0017347132723000908
2022-07-12T00:00:00.000000,12798.42,12798.42,12514.98,12617.23,14703750300.0,0.0023776508810935473
2022-07-13T00:00:00.000000,12616.84,12657.49,12396.91,12439.27,13761732600.0,0.001987946139298415
2022-07-14T00:00:00.000000,12441.72,12562.95,12323.2,12508.89,14060060300.0,0.0017468379269453508
2022-07-15T00:00:00.000000,12479.22,12695.2,12452.13,12602.78,14260401900.0,0.0013275657485143468
2022-07-16T00:00:00.000000,12557.15,12687.67,12411.01,12411.01,16031151500.0,0.0017411078258815257
2022-07-19T00:00:00.000000,12456.22,12559.07,12304.12,12532.65,14951928300.0,0.0018523299103086336
2022-07-20T00:00:00.000000,12524.51,12569.95,12402.11,12494.77,13728054600.0,0.0014483646132567986
2022-07-21T00:00:00.000000,12551.43,12625.63,12518.42,12573.12,13626389200.0,0.0011905273202336777
2022-07-22T00:00:00.000000,12543.58,12601.0,12455.19,12455.19,14724563500.0,0.001529591572939109
2022-07-23T00:00:00.000000,12501.34,12553.27,12289.2,12394.02,13004350700.0,0.0015681154667183353
2022-07-26T00:00:00.000000,12386.55,12414.07,12251.08,12291.59,12556084900.0,0.0014783477760230773
2022-07-27T00:00:00.000000,12308.74,12453.11,12266.84,12408.56,11484257700.0,0.0011749760671932582
2022-07-28T00:00:00.000000,12383.05,12439.22,12331.7,12399.69,11963845700.0,0.0011474059486679558
2022-07-29T00:00:00.000000,12467.76,12550.9,12407.07,12428.72,15187483000.0,0.0014223178873911384
2022-07-30T00:00:00.000000,12439.41,12460.19,12245.21,12266.92,14476095800.0,0.0012586428851719708
2022-08-02T00:00:00.000000,12243.33,12420.23,12158.85,12413.87,13391344300.0,0.0019282937665634902
2022-08-03T00:00:00.000000,12260.45,12273.37,12008.17,12120.02,18228422900.0,0.0037735630056225417
2022-08-04T00:00:00.000000,12148.24,12294.88,11946.46,11982.26,15140236300.0,0.0024690915442972536
2022-08-05T00:00:00.000000,12055.35,12103.38,11926.51,12065.22,11370526400.0,0.001795707653780613
2022-08-06T00:00:00.000000,12088.65,12275.96,12051.4,12269.21,13382436800.0,0.001544864276225963
2022-08-09T00:00:00.000000,12239.87,12304.23,12219.02,12302.15,12121029000.0,0.0009168037883344474
2022-08-10T00:00:00.000000,12277.44,12333.38,12235.83,12331.09,11678226100.0,0.0008553012319050464
2022-08-11T00:00:00.000000,12302.57,12347.15,12166.23,12223.51,11821659700.0,0.0011417288880151487
2022-08-12T00:00:00.000000,12287.8,12475.17,12231.08,12474.03,15204365000.0,0.0011801390000231722
2022-08-13T00:00:00.000000,12453.4,12493.78,12417.49,12419.39,14064825100.0,0.0010477698053040334
2022-08-16T00:00:00.000000,12392.5,12531.77,12386.16,12460.22,13212574000.0,0.0011687129055229508
2022-08-17T00:00:00.000000,12470.65,12553.69,12441.96,12470.11,13304203000.0,0.0010910021591746004
2022-08-18T00:00:00.000000,12481.71,12611.49,12391.45,12595.46,15450268200.0,0.0012540183648521452
2022-08-19T00:00:00.000000,12557.34,12576.62,12496.79,12517.32,14022827800.0,0.00103900601029548
2022-08-20T00:00:00.000000,12504.48,12521.76,12358.55,12358.55,15213685700.0,0.001094836182453727
2022-08-23T00:00:00.000000,12320.88,12509.91,12291.82,12505.68,14045121800.0,0.0012649935172613946
2022-08-24T00:00:00.000000,12481.24,12525.01,12405.58,12455.15,12810436500.0,0.0010530437628210605
2022-08-25T00:00:00.000000,12484.44,12491.17,12082.44,12096.39,15634290000.0,0.0017018299391490153
2022-08-26T00:00:00.000000,12130.76,12159.8,11949.76,12104.03,13173541200.0,0.001982860832071145
2022-08-27T00:00:00.000000,12142.05,12210.01,12039.74,12059.71,12109431300.0,0.0010703053701864597
2022-08-30T00:00:00.000000,11911.17,12044.52,11890.49,12018.16,11467794200.0,0.001552195090881386
2022-08-31T00:00:00.000000,12013.92,12039.19,11905.0,11970.79,11956321600.0,0.0012886441952568053
2022-09-01T00:00:00.000000,11909.31,11968.46,11743.69,11815.79,14147111400.0,0.0019232275330008564
2022-09-02T00:00:00.000000,11789.82,11888.06,11696.58,11712.39,11334207900.0,0.001322919643835884
2022-09-03T00:00:00.000000,11753.6,11765.01,11644.03,11702.39,9844415300.0,0.0015423140762065714
2022-09-06T00:00:00.000000,11667.05,11714.41,11597.73,11678.69,9902176000.0,0.0016235602572635859
2022-09-07T00:00:00.000000,11702.17,11802.71,11624.82,11799.81,11421025300.0,0.0012427222971149177
2022-09-08T00:00:00.000000,11743.47,11894.56,11724.28,11849.08,11267030400.0,0.0010352265387271718
2022-09-09T00:00:00.000000,11858.53,11865.97,11739.57,11746.92,10649583900.0,0.0009326641670546075
2022-09-10T00:00:00.000000,11780.82,11885.46,11750.44,11877.79,11435254400.0,0.0010678061110105165
2022-09-14T00:00:00.000000,11936.58,11966.17,11874.19,11923.47,10875657900.0,0.0010289363566916253
2022-09-15T00:00:00.000000,11751.11,11841.18,11703.76,11774.78,10054670200.0,0.001860391620263203
2022-09-16T00:00:00.000000,11823.8,11832.46,11427.51,11526.96,13316015500.0,0.0018220100175196984
2022-09-17T00:00:00.000000,11492.69,11509.98,11261.5,11261.5,12726135400.0,0.0018868820944374
2022-09-20T00:00:00.000000,11241.78,11318.01,11149.98,11207.04,9557603500.0,0.001860710190825734
2022-09-21T00:00:00.000000,11274.86,11364.16,11229.91,11283.92,8683900100.0,0.0017870500776972307
2022-09-22T00:00:00.000000,11245.84,11259.31,11117.37,11208.51,9391289500.0,0.00207206074437594
2022-09-23T00:00:00.000000,11122.11,11241.12,11094.74,11114.43,9116222800.0,0.0018137477209468067
2022-09-24T00:00:00.000000,11105.76,11146.79,10899.59,11006.41,9564932100.0,0.0019314674617570654
2022-09-27T00:00:00.000000,10921.64,11141.59,10908.96,10962.56,9307853000.0,0.0020517489692901897
2022-09-28T00:00:00.000000,10999.1,11175.12,10959.82,11175.12,9290657700.0,0.0016708774684559952
2022-09-29T00:00:00.000000,11136.18,11136.18,10899.7,10899.7,8845822000.0,0.001647859721929937
2022-09-30T00:00:00.000000,11023.83,11045.98,10864.49,10919.44,8438214800.0,0.0019820095470487625
2022-10-01T00:00:00.000000,10925.01,10962.22,10777.91,10778.61,7974918100.0,0.0017284790028197668
2022-10-11T00:00:00.000000,10788.69,10801.34,10500.77,10522.12,8913021200.0,0.002377927767611717
2022-10-12T00:00:00.000000,10555.06,10617.92,10487.66,10577.81,7928105500.0,0.0018461175545111438
2022-10-13T00:00:00.000000,10568.01,10838.63,10402.06,10838.48,10911206800.0,0.002276551164152933
2022-10-14T00:00:00.000000,10762.67,10923.92,10737.3,10817.67,10455307500.0,0.0015777532077651125
2022-10-15T00:00:00.000000,10914.18,11177.23,10890.19,11121.72,12296693100.0,0.001989160474263789
2022-10-18T00:00:00.000000,11059.23,11173.39,11041.58,11162.26,11323345000.0,0.0014019571037320094
2022-10-19T00:00:00.000000,11223.15,11270.48,11135.47,11187.7,10671756200.0,0.0013558292046271527
2022-10-20T00:00:00.000000,11154.13,11197.15,11027.24,11027.24,9544003600.0,0.001254156833204986
2022-10-21T00:00:00.000000,10948.43,11126.16,10832.09,10965.33,10292659400.0,0.0024425289955257294
2022-10-22T00:00:00.000000,10955.84,11000.39,10875.18,10918.97,9044172000.0,0.001351841934831063
2022-10-25T00:00:00.000000,10908.74,11043.03,10635.35,10694.61,11782106000.0,0.002539012397345057
2022-10-26T00:00:00.000000,10644.67,10760.67,10510.91,10639.82,10977692600.0,0.0034562767082625375
2022-10-27T00:00:00.000000,10664.43,10928.45,10657.02,10818.33,12682755000.0,0.0017701801176689925
2022-10-28T00:00:00.000000,10843.34,10886.1,10750.14,10750.14,12730890100.0,0.0017742391930236092
2022-10-29T00:00:00.000000,10659.7,10698.69,10368.91,10401.84,13238543300.0,0.0025380484087590273
2022-11-01T00:00:00.000000,10304.2,10518.39,10301.71,10397.04,13234477200.0,0.002355513066854226
2022-11-02T00:00:00.000000,10420.95,10734.25,10395.56,10734.25,13704743500.0,0.002162261466229285
2022-11-03T00:00:00.000000,10704.25,10951.45,10687.21,10877.51,14365195700.0,0.0016760352332841218
2022-11-04T00:00:00.000000,10766.22,10877.74,10754.29,10840.06,11246266000.0,0.0016815261115868628
2022-11-05T00:00:00.000000,10848.3,11226.21,10848.3,11187.43,15146644100.0,0.0018963265200803352
2022-11-08T00:00:00.000000,11184.16,11272.8,11127.25,11207.73,13698685600.0,0.0018970698766044246
2022-11-09T00:00:00.000000,11202.44,11212.54,11055.08,11142.93,10842397500.0,0.0012525383590894937
2022-11-10T00:00:00.000000,11149.37,11185.51,11049.33,11055.29,10504116300.0,0.0012777227567371
2022-11-11T00:00:00.000000,10964.94,10979.71,10848.48,10908.55,11447798300.0,0.0018740233390270318
2022-11-12T00:00:00.000000,11217.11,11272.16,11085.93,11139.77,18292133400.0,0.003828633767864549
2022-11-15T00:00:00.000000,11177.07,11260.86,11067.89,11113.46,16611653000.0,0.0019328815351983613
2022-11-16T00:00:00.000000,11100.23,11351.33,11069.15,11351.33,16112062700.0,0.0014435043572123142
2022-11-17T00:00:00.000000,11336.07,11385.87,11220.33,11235.56,13391527500.0,0.0012590004865786987
2022-11-18T00:00:00.000000,11199.62,11221.45,11077.6,11221.45,12479311700.0,0.0014884786251862954
2022-11-19T00:00:00.000000,11229.11,11310.22,11171.19,11180.43,13946300000.0,0.0014465552918791153
2022-11-22T00:00:00.000000,11086.69,11137.63,11014.96,11134.47,11566625400.0,0.0017792424234019995
2022-11-23T00:00:00.000000,11113.32,11152.0,10960.88,11002.93,11320185100.0,0.0015045719375956221
2022-11-24T00:00:00.000000,10971.0,11025.48,10842.59,10972.81,10439503800.0,0.00183032058140541
2022-11-25T00:00:00.000000,11019.47,11061.36,10927.85,10956.68,9577769200.0,0.001324721939086415
2022-11-26T00:00:00.000000,10928.15,10962.14,10881.08,10904.27,10316825800.0,0.0014384751849823255
2022-11-29T00:00:00.000000,10708.56,10833.27,10657.89,10829.08,11006075200.0,0.0028209966744498927
2022-11-30T00:00:00.000000,10891.72,11112.73,10888.54,11089.01,15327368100.0,0.0018134009736829623
2022-12-01T00:00:00.000000,11071.31,11140.5,11044.03,11108.5,15348417900.0,0.0009506698429830152
2022-12-02T00:00:00.000000,11282.46,11350.48,11262.81,11264.16,15684702000.0,0.0027727575943803685
2022-12-03T00:00:00.000000,11238.44,11312.32,11206.78,11219.79,11670434900.0,0.0008424447447811988
2022-12-06T00:00:00.000000,11292.34,11338.86,11250.62,11323.35,15760001200.0,0.0010896543202747362
2022-12-07T00:00:00.000000,11278.48,11465.41,11264.47,11398.82,13501063000.0,0.0012468819796303116
2022-12-08T00:00:00.000000,11365.98,11504.39,11358.68,11418.76,13001227600.0,0.0011980420225647128
2022-12-09T00:00:00.000000,11403.19,11429.77,11343.57,11389.79,11595429300.0,0.0014040405334393663
2022-12-10T00:00:00.000000,11397.1,11511.32,11360.15,11501.58,14850747100.0,0.0010120779154307144
2022-12-13T00:00:00.000000,11453.26,11457.09,11392.89,11399.13,12018281900.0,0.0011323112083917836
2022-12-14T00:00:00.000000,11398.84,11400.01,11312.1,11323.7,10050744100.0,0.0009078138540470004
2022-12-15T00:00:00.000000,11341.96,11375.22,11298.43,11321.81,9890100700.0,0.001110462354660675
2022-12-16T00:00:00.000000,11306.79,11371.18,11269.61,11358.11,9223271900.0,0.0009795698179999284
2022-12-17T00:00:00.000000,11289.52,11327.27,11234.62,11295.03,9074859500.0,0.001328285089682897
2022-12-20T00:00:00.000000,11286.66,11329.56,11083.85,11124.7,10080823600.0,0.0011961508119450594
2022-12-21T00:00:00.000000,11092.86,11092.86,10908.53,10949.12,7863504000.0,0.0014575841344266055
2022-12-22T00:00:00.000000,10966.31,11001.15,10872.27,10912.09,7015235800.0,0.0011590215485195448
2022-12-23T00:00:00.000000,10976.57,11034.67,10840.3,10876.31,8352703200.0,0.0011838883186782842
2022-12-24T00:00:00.000000,10811.57,10918.18,10794.14,10849.64,6839946700.0,0.0016477271723085696
2022-12-27T00:00:00.000000,10858.33,10996.64,10858.33,10978.99,7717553600.0,0.0009405949133827706
2022-12-28T00:00:00.000000,11010.93,11115.77,11000.11,11106.5,8227353800.0,0.0009341349132661659
2022-12-29T00:00:00.000000,11055.06,11061.19,10975.13,11010.53,9141273400.0,0.0013416336989815602
2022-12-30T00:00:00.000000,10971.27,11064.02,10956.95,10996.41,7853863800.0,0.0008150991662030334
2022-12-31T00:00:00.000000,11046.07,11071.93,11013.32,11015.99,7455186500.0,0.001042426816633618
2023-01-04T00:00:00.000000,11003.05,11134.96,10921.42,11117.13,10470383700.0,0.0010436956347625321
2023-01-05T00:00:00.000000,11099.15,11149.15,11035.77,11095.37,10418038500.0,0.0009063139832793346
2023-01-06T00:00:00.000000,11136.77,11346.22,11136.77,11332.01,11722768400.0,0.0011992542891318644
2023-01-07T00:00:00.000000,11327.03,11443.45,11314.35,11367.73,11726571500.0,0.0008820832082891421
2023-01-10T00:00:00.000000,11411.37,11490.59,11408.67,11450.15,11035442100.0,0.0010738760526467109
2023-01-11T00:00:00.000000,11455.6,11526.28,11413.99,11506.79,10280034800.0,0.0008065534823266341
2023-01-12T00:00:00.000000,11498.97,11563.78,11424.25,11439.44,10274970700.0,0.0008906667917540863
2023-01-13T00:00:00.000000,11470.61,11528.93,11425.11,11465.73,9839276800.0,0.0009155528291033016
2023-01-14T00:00:00.000000,11509.21,11602.3,11489.19,11602.3,9620790800.0,0.0009351020799039106
2023-01-17T00:00:00.000000,11612.36,11886.95,11612.36,11785.77,14362889300.0,0.001311573674506965
2023-01-18T00:00:00.000000,11794.96,11830.58,11746.76,11800.55,10204857600.0,0.0007582499256281182
2023-01-19T00:00:00.000000,11813.38,11855.44,11793.32,11810.66,9616271100.0,0.0007191223341844364
2023-01-20T00:00:00.000000,11796.4,11913.26,11763.82,11913.26,10137749300.0,0.0007759650756260243
2023-01-21T00:00:00.000000,11942.15,11997.53,11931.88,11980.62,10960036700.0,0.0008860560546908706
2023-01-31T00:00:00.000000,12229.38,12246.01,12088.24,12097.76,15588340600.0,0.0031345961714747293
2023-02-01T00:00:00.000000,12076.14,12115.45,11987.01,12001.26,13597399800.0,0.0009259557008744976
2023-02-02T00:00:00.000000,12034.88,12158.19,11984.45,12158.19,14904273800.0,0.0013013559442548567
2023-02-03T00:00:00.000000,12187.55,12208.88,12107.52,12131.2,13996875400.0,0.0010974028464998085
2023-02-04T00:00:00.000000,12086.28,12095.39,11904.28,12054.3,12130440400.0,0.0013437918804348934
2023-02-07T00:00:00.000000,11957.27,11977.24,11841.67,11912.56,11544705000.0,0.0019629206484132193
2023-02-08T00:00:00.000000,11936.36,11958.22,11864.72,11926.88,11321906400.0,0.0010425916936522546
2023-02-09T00:00:00.000000,11939.86,11957.01,11843.29,11853.46,10763988500.0,0.0008971857520215822
2023-02-10T00:00:00.000000,11821.96,12048.27,11811.98,12048.27,12075498000.0,0.0009788368676636185
2023-02-11T00:00:00.000000,12031.72,12062.16,11917.74,11976.85,12711791900.0,0.0009131161944146877
2023-02-14T00:00:00.000000,11964.75,12116.04,11952.6,12113.61,14537342900.0,0.0010826465733917447
2023-02-15T00:00:00.000000,12142.83,12143.29,12035.55,12094.94,12690366200.0,0.0006239274671536666
2023-02-16T00:00:00.000000,12103.72,12132.8,12036.23,12064.38,13683602000.0,0.0007796691906087065
2023-02-17T00:00:00.000000,12064.04,12163.97,11826.72,11907.4,18236811200.0,0.0019318571785374736
2023-02-18T00:00:00.000000,11894.88,11927.11,11713.8,11715.77,13236839700.0,0.0015475097660181355
2023-02-21T00:00:00.000000,11717.68,11956.89,11681.53,11954.13,15411359500.0,0.001400748648762351
2023-02-22T00:00:00.000000,11947.65,12005.0,11886.24,11968.6,14320348600.0,0.0013133910167945862
2023-02-23T00:00:00.000000,11892.14,11963.21,11868.79,11900.12,11053786300.0,0.001213511952958183
2023-02-24T00:00:00.000000,11895.46,11963.14,11829.87,11884.3,11468376400.0,0.0011248438090999677
2023-02-25T00:00:00.000000,11887.77,11889.24,11742.73,11787.45,9965840900.0,0.000971806025383106
2023-02-28T00:00:00.000000,11728.09,11781.28,11678.8,11701.95,9885781000.0,0.001473458365021106
2023-03-01T00:00:00.000000,11745.16,11792.68,11666.37,11783.8,10150987100.0,0.0012354832138038935
2023-03-02T00:00:00.000000,11783.76,11931.1,11751.36,11914.32,12756427900.0,0.001125683718351286
2023-03-03T00:00:00.000000,11902.17,11929.15,11837.12,11849.51,12755239400.0,0.0009086918525334817
2023-03-04T00:00:00.000000,11862.16,11895.97,11770.34,11851.92,11562118700.0,0.0009271824855245421
2023-03-07T00:00:00.000000,11850.82,11862.37,11742.13,11842.88,12847449200.0,0.0010427563850553653
2023-03-08T00:00:00.000000,11824.17,11839.61,11606.19,11608.58,13383227000.0,0.00109264543878533
2023-03-09T00:00:00.000000,11566.57,11617.94,11534.67,11598.29,9630266200.0,0.0009649067646726408
2023-03-10T00:00:00.000000,11605.94,11637.03,11525.23,11579.99,9124560400.0,0.000983556118105276
2023-03-11T00:00:00.000000,11513.66,11535.54,11437.99,11442.54,10664453500.0,0.0014271559340348983
2023-03-14T00:00:00.000000,11405.14,11511.12,11396.61,11505.02,11821331400.0,0.001202068726121473
2023-03-15T00:00:00.000000,11483.65,11486.56,11282.58,11416.57,12956776300.0,0.0014061092358628583
2023-03-16T00:00:00.000000,11485.95,11537.72,11408.19,11413.43,11179202200.0,0.0014879470536950908
2023-03-17T00:00:00.000000,11336.75,11381.73,11223.1,11237.7,12304151600.0,0.0016198950507996031
2023-03-18T00:00:00.000000,11328.37,11388.52,11245.15,11278.05,14699280300.0,0.001743181464738831
2023-03-21T00:00:00.000000,11289.96,11342.03,11231.01,11247.13,15465567800.0,0.0012721436919566208
2023-03-22T00:00:00.000000,11270.07,11427.25,11270.07,11427.25,12554360500.0,0.0011958266200898088
2023-03-23T00:00:00.000000,11459.83,11521.42,11448.19,11496.93,15466941200.0,0.0010312289415784174
2023-03-24T00:00:00.000000,11457.79,11605.29,11442.95,11605.29,15432637000.0,0.0010179122681724501
2023-03-25T00:00:00.000000,11616.46,11648.54,11581.42,11634.22,16222719200.0,0.0007237644279695534
2023-03-28T00:00:00.000000,11621.92,11659.0,11558.38,11647.94,16881839300.0,0.0011148538090473509
2023-03-29T00:00:00.000000,11637.51,11649.15,11548.42,11564.45,14677499400.0,0.0008873370087178476
2023-03-30T00:00:00.000000,11584.91,11623.43,11538.17,11579.91,13874815100.0,0.0010014428857117127
2023-03-31T00:00:00.000000,11578.33,11656.48,11505.55,11651.83,13522020800.0,0.0010164601484371689
2023-04-01T00:00:00.000000,11666.31,11737.28,11657.57,11726.4,14383596100.0,0.0008934378145685439
2023-04-04T00:00:00.000000,11751.68,11898.76,11751.68,11889.42,18951010600.0,0.0009015589116440828
2023-04-05T00:00:00.000000,11878.16,11885.38,11792.24,11859.48,18273259500.0,0.0009850115247693858
2023-04-07T00:00:00.000000,11787.35,11874.8,11778.8,11866.31,16369766300.0,0.0010005274518617852
2023-04-08T00:00:00.000000,11867.87,11979.59,11858.5,11967.74,14825426900.0,0.0007631970090996252
2023-04-11T00:00:00.000000,11987.68,11992.32,11845.88,11871.93,15924887600.0,0.001179699666553236
2023-04-12T00:00:00.000000,11866.35,11914.32,11819.76,11877.15,15155252200.0,0.0008767294166649097
2023-04-13T00:00:00.000000,11873.26,11912.95,11842.26,11883.51,15905785700.0,0.0006870066389354866
2023-04-14T00:00:00.000000,11836.82,11844.4,11727.89,11739.84,15774956400.0,0.0013567556803629152
2023-04-15T00:00:00.000000,11760.43,11816.68,11737.3,11800.09,14728324800.0,0.0010400505980609836
2023-04-18T00:00:00.000000,11783.68,11855.48,11781.29,11855.48,15444789800.0,0.0006430765407480118
2023-04-19T00:00:00.000000,11834.77,11891.11,11818.25,11860.4,14666155100.0,0.0007328335070944964
2023-04-20T00:00:00.000000,11844.32,11844.32,11743.85,11760.27,14737819200.0,0.0007726082615327165
2023-04-21T00:00:00.000000,11751.38,11751.38,11659.65,11717.26,15548210300.0,0.0007438579820540131
2023-04-22T00:00:00.000000,11729.8,11751.41,11450.13,11450.43,16957554800.0,0.0012766941644187463
2023-04-25T00:00:00.000000,11442.38,11452.91,11265.77,11317.01,15872388100.0,0.0011547763636798021
2023-04-26T00:00:00.000000,11307.09,11320.45,11034.18,11149.01,17332117800.0,0.0019053560927587087
2023-04-27T00:00:00.000000,11101.18,11244.04,11088.2,11185.68,15912217000.0,0.0011452610941574944
2023-04-28T00:00:00.000000,11140.89,11258.76,11128.11,11217.0,14894854400.0,0.0009890087837528911
2023-04-29T00:00:00.000000,11228.46,11340.46,11228.46,11338.67,16184799700.0,0.001075811564255187
2023-05-05T00:00:00.000000,11310.35,11329.0,11242.12,11273.87,18655554300.0,0.0009126782775949695
2023-05-06T00:00:00.000000,11260.62,11262.33,11124.91,11180.87,16986569600.0,0.0010842764115842622
2023-05-09T00:00:00.000000,11206.33,11234.92,11158.83,11225.77,17113969700.0,0.0007100145355525465
2023-05-10T00:00:00.000000,11208.74,11265.33,11121.97,11125.02,19074616100.0,0.0010803000673759735
2023-05-11T00:00:00.000000,11101.01,11177.81,11043.36,11140.19,14710200800.0,0.0012221837159365984
2023-05-12T00:00:00.000000,11158.72,11200.91,11136.26,11142.53,13092747500.0,0.0006122834672114414
2023-05-13T00:00:00.000000,11131.3,11172.71,11004.26,11005.64,12637514200.0,0.0011568218314335008
2023-05-16T00:00:00.000000,11019.7,11178.62,10995.7,11178.62,13929655800.0,0.0009702389407247613
2023-05-17T00:00:00.000000,11182.36,11182.36,11069.44,11099.26,11714808200.0,0.0008571698696211258
2023-05-18T00:00:00.000000,11084.56,11120.97,11036.77,11091.08,9977107600.0,0.0007991536967433096
2023-05-19T00:00:00.000000,11108.33,11144.48,11024.09,11078.28,11797551200.0,0.0008700039550600513
2023-05-20T00:00:00.000000,11061.75,11145.51,11034.63,11091.36,11628921200.0,0.0010878736731835712
2023-05-23T00:00:00.000000,11083.38,11159.31,11037.21,11127.04,10554821800.0,0.0010958224541083327
2023-05-24T00:00:00.000000,11124.26,11137.63,11012.58,11012.58,10545172700.0,0.0009496301941811736
2023-05-25T00:00:00.000000,10976.73,11028.57,10920.33,10920.33,10756519700.0,0.0014799197646045365
2023-05-26T00:00:00.000000,10915.12,10954.24,10801.22,10896.58,11625104900.0,0.0014512574034508498
2023-05-27T00:00:00.000000,10889.27,10926.84,10798.65,10909.65,11188385800.0,0.0011551899540863412
2023-05-30T00:00:00.000000,10942.67,10961.79,10790.5,10822.09,14074493000.0,0.001138478069209691
2023-05-31T00:00:00.000000,10799.4,10869.55,10697.87,10869.55,14020096400.0,0.0014074854710357486
2023-06-01T00:00:00.000000,10849.81,10849.81,10732.42,10793.85,12826073400.0,0.0012937946607410166
2023-06-02T00:00:00.000000,10758.89,10913.64,10735.51,10835.9,13631263000.0,0.0012929875121477552
2023-06-03T00:00:00.000000,10875.31,11012.55,10875.31,10998.07,13087209000.0,0.0011329774800887223
2023-06-06T00:00:00.000000,10990.73,10990.73,10903.05,10946.08,12086171600.0,0.0011051849005567474
2023-06-07T00:00:00.000000,10928.51,10933.61,10752.22,10773.45,12876559800.0,0.0013752279884298195
2023-06-08T00:00:00.000000,10783.31,10799.46,10681.48,10708.82,9818738000.0,0.0012011436423840852
2023-06-09T00:00:00.000000,10710.91,10775.34,10648.14,10722.87,10811294900.0,0.0013247587061252764
2023-06-10T00:00:00.000000,10733.52,10793.93,10697.36,10793.93,13464764300.0,0.0007660061860183788
2023-06-13T00:00:00.000000,10769.02,10914.62,10752.01,10873.74,12571865700.0,0.0008832332019248708
2023-06-14T00:00:00.000000,10855.44,10963.65,10853.57,10955.96,11987825500.0,0.0006654469002240133
2023-06-15T00:00:00.000000,10976.51,11034.18,10962.45,10984.56,12687970000.0,0.0008101936547120716
2023-06-16T00:00:00.000000,11011.95,11185.68,11011.85,11182.94,13400153500.0,0.0008817242659485614
2023-06-17T00:00:00.000000,11194.55,11316.24,11183.79,11306.53,13070803600.0,0.0007281328744888352
2023-06-20T00:00:00.000000,11305.79,11307.75,11244.42,11274.05,13097022700.0,0.0006174216491965559
2023-06-21T00:00:00.000000,11260.15,11338.15,11248.14,11305.35,12308192100.0,0.0008944726303775607
2023-06-22T00:00:00.000000,11262.84,11278.97,11058.63,11058.63,12080062800.0,0.0011158606490811402
2023-06-27T00:00:00.000000,10963.62,11002.37,10848.72,10872.3,13288919900.0,0.002002830620433721
2023-06-28T00:00:00.000000,10879.49,10987.19,10863.66,10978.08,10433962200.0,0.0010559380830980707
2023-06-29T00:00:00.000000,10947.89,10951.41,10792.35,10926.32,11009753200.0,0.0016169728936248021
2023-06-30T00:00:00.000000,10909.08,10965.11,10880.88,10915.5,10740239000.0,0.0007466562354717933
2023-07-01T00:00:00.000000,10897.42,11067.39,10883.57,11026.59,11252588100.0,0.0010318131534218019
2023-07-04T00:00:00.000000,11059.31,11128.93,11028.24,11091.56,13216088200.0,0.0013840887237799168
2023-07-05T00:00:00.000000,11080.64,11133.45,11055.26,11130.3,11272495100.0,0.0006537105874031201
2023-07-06T00:00:00.000000,11129.12,11129.12,11014.39,11029.3,10548104100.0,0.0007098990709093609
2023-07-07T00:00:00.000000,11001.87,11072.07,10954.15,10968.37,10671006100.0,0.0008435196342400956
2023-07-08T00:00:00.000000,10939.29,10949.98,10852.96,10888.55,10322993600.0,0.0010680054401614753
2023-07-11T00:00:00.000000,10926.36,10995.8,10901.84,10942.83,9583855900.0,0.0010209064747262165
2023-07-12T00:00:00.000000,10953.88,11030.19,10933.23,11028.68,9101620000.0,0.0006463937707919953
2023-07-13T00:00:00.000000,11020.36,11029.29,10905.85,10919.26,11469053900.0,0.0010063892950840528
2023-07-14T00:00:00.000000,10963.23,11103.08,10963.23,11095.44,11682737000.0,0.0013094166617018928
2023-07-15T00:00:00.000000,11108.92,11120.19,11069.32,11080.32,11835600800.0,0.0005473933766372889
2023-07-18T00:00:00.000000,11039.13,11039.13,10963.47,11010.36,9488590800.0,0.0012681720405118683
2023-07-19T00:00:00.000000,11030.98,11032.12,10947.51,10972.96,9231699300.0,0.0006880874807221269
2023-07-20T00:00:00.000000,10959.04,10992.69,10876.96,10932.65,7913250800.0,0.0008737156181974488
2023-07-21T00:00:00.000000,10947.63,10998.07,10804.35,10816.27,9811435200.0,0.0010455470540794173
2023-07-22T00:00:00.000000,10801.34,10886.73,10775.35,10810.18,8341028400.0,0.0010709133726089343
2023-07-25T00:00:00.000000,10771.64,10837.98,10730.94,10747.79,7669400100.0,0.0010431685079540175
2023-07-26T00:00:00.000000,10909.19,11021.93,10909.19,11021.29,13921044400.0,0.002429859457169444
2023-07-27T00:00:00.000000,11001.86,11001.86,10942.41,10968.98,10827803900.0,0.0007607601336768825
2023-07-28T00:00:00.000000,10985.58,11024.01,10904.74,10923.77,10501282700.0,0.0007543459276982251
2023-07-29T00:00:00.000000,10895.48,11120.59,10877.4,11100.4,14703940600.0,0.0011765857355404141
2023-08-01T00:00:00.000000,11158.72,11289.16,11153.72,11183.91,17337285200.0,0.0018563498267718044
2023-08-02T00:00:00.000000,11168.5,11211.68,11102.84,11143.23,13299175400.0,0.0008570837390271706
2023-08-03T00:00:00.000000,11120.86,11176.94,11073.23,11104.16,11171587800.0,0.0008511769603447239
2023-08-04T00:00:00.000000,11067.75,11164.76,11067.29,11163.42,11400653400.0,0.0009443151617697318
2023-08-05T00:00:00.000000,11229.46,11305.5,11185.9,11238.06,15666854100.0,0.001646744177481874
2023-08-08T00:00:00.000000,11207.58,11207.58,11113.14,11145.03,12721460100.0,0.000966976090726354
2023-08-09T00:00:00.000000,11126.69,11156.21,11075.45,11098.45,10571010500.0,0.0008949263173463944
2023-08-10T00:00:00.000000,11068.53,11096.93,11023.37,11039.45,9360231400.0,0.0007975767451217599
2023-08-11T00:00:00.000000,11023.24,11060.47,10974.5,11050.22,8477518600.0,0.0009100796680513132
2023-08-12T00:00:00.000000,11060.85,11060.85,10808.87,10808.87,10363019900.0,0.0011111888106850436
2023-08-15T00:00:00.000000,10697.81,10763.3,10607.71,10755.14,9799535300.0,0.002138287883050329
2023-08-16T00:00:00.000000,10764.8,10780.52,10589.85,10679.73,8811566300.0,0.0012314815110429425
2023-08-17T00:00:00.000000,10640.13,10686.92,10579.47,10579.56,8706001900.0,0.001162210424214792
2023-08-18T00:00:00.000000,10540.44,10656.83,10469.79,10644.52,9088011000.0,0.001812982321287456
2023-08-19T00:00:00.000000,10637.68,10655.61,10458.51,10458.51,8878077000.0,0.0011081416441024142
2023-08-22T00:00:00.000000,10432.95,10482.11,10320.39,10320.39,8493182400.0,0.0013777239802036842
2023-08-23T00:00:00.000000,10376.86,10409.43,10198.01,10374.73,10354743500.0,0.002065463349753892
2023-08-24T00:00:00.000000,10351.7,10351.7,10151.82,10152.6,8851831900.0,0.0016236681462231863
2023-08-25T00:00:00.000000,10203.14,10341.86,10153.44,10256.19,10411306300.0,0.0016506933192734022
2023-08-26T00:00:00.000000,10197.96,10212.65,10091.86,10130.47,10427916200.0,0.002025137626950922
2023-08-29T00:00:00.000000,10714.69,10714.69,10204.98,10233.15,17201071200.0,0.005142374033492414
2023-08-30T00:00:00.000000,10204.25,10496.62,10200.85,10454.98,15341701700.0,0.001552231376675151
2023-08-31T00:00:00.000000,10477.64,10569.55,10446.46,10482.5,13428034900.0,0.0012124075570459816
2023-09-01T00:00:00.000000,10471.99,10483.08,10405.96,10418.21,11242453900.0,0.0009182987006551133
2023-09-02T00:00:00.000000,10449.6,10513.42,10429.59,10463.74,9520305100.0,0.0013304788756021515
2023-09-05T00:00:00.000000,10520.46,10611.74,10473.19,10611.74,12255105300.0,0.0013061469639378538
2023-09-06T00:00:00.000000,10593.68,10611.44,10522.89,10540.71,9895266300.0,0.0008521796657148669
2023-09-07T00:00:00.000000,10503.15,10531.29,10449.16,10515.21,8755555400.0,0.0012085172366411475
2023-09-08T00:00:00.000000,10493.37,10493.37,10321.38,10321.44,9107098100.0,0.0012065176068661277
2023-09-09T00:00:00.000000,10284.48,10319.84,10233.71,10281.88,7523269000.0,0.0010073666425154365
2023-09-12T00:00:00.000000,10290.81,10443.0,10256.23,10382.38,10575271700.0,0.0012659039845491918
2023-09-13T00:00:00.000000,10376.16,10421.56,10349.33,10373.99,8334360900.0,0.0007312595645298587
2023-09-14T00:00:00.000000,10351.79,10373.15,10200.7,10255.87,8083781400.0,0.0009717034113322563
2023-09-15T00:00:00.000000,10243.24,10252.02,10154.64,10197.59,7484457400.0,0.000975713873292789
2023-09-16T00:00:00.000000,10213.61,10241.88,10115.28,10144.59,8285339200.0,0.0012338449812458886
2023-09-19T00:00:00.000000,10111.67,10253.49,10093.47,10200.04,8131845100.0,0.0012048818996550712
2023-09-20T00:00:00.000000,10185.07,10185.07,10082.67,10125.73,7424526700.0,0.0012343086409854162
2023-09-21T00:00:00.000000,10110.41,10123.69,10072.46,10072.46,7115033100.0,0.0007527081525183937
2023-09-22T00:00:00.000000,10050.48,10087.03,9981.52,9981.67,7391777000.0,0.0009300601824981885
2023-09-23T00:00:00.000000,9975.37,10183.93,9962.94,10178.74,10138344500.0,0.001037613242379535
2023-09-26T00:00:00.000000,10181.18,10181.18,10105.21,10120.62,8968064000.0,0.0006993874327452419
2023-09-27T00:00:00.000000,10110.06,10146.89,10060.15,10060.15,7530277200.0,0.0008458082523657465
2023-09-28T00:00:00.000000,10057.99,10185.02,10057.17,10104.32,8619786600.0,0.001058389485427722
2023-09-29T00:00:00.000000,10131.66,10155.03,10085.09,10109.53,8902222900.0,0.0008844668109503224
2023-10-10T00:00:00.000000,10095.71,10139.49,9991.17,10106.96,9983589000.0,0.0017942169697180302
2023-10-11T00:00:00.000000,10133.02,10159.47,10044.67,10050.04,9063317100.0,0.0010229513373298175
2023-10-12T00:00:00.000000,10088.14,10164.07,10058.33,10084.89,10162483800.0,0.0013310108775163644
2023-10-13T00:00:00.000000,10145.49,10174.23,10097.11,10168.49,11588599100.0,0.0014327869238822644
2023-10-14T00:00:00.000000,10110.38,10110.38,10028.74,10068.28,10518659600.0,0.0012697424437324396
2023-10-17T00:00:00.000000,10065.07,10065.97,9889.66,9924.92,10527413200.0,0.0011196148502759726
2023-10-18T00:00:00.000000,9944.68,9958.98,9888.09,9940.22,9190830300.0,0.0010051151829507153
2023-10-19T00:00:00.000000,9914.02,9914.02,9809.37,9816.68,10101820100.0,0.0014012899147558785
2023-10-20T00:00:00.000000,9757.19,9784.53,9654.97,9655.09,11010475700.0,0.0012846730296901983
2023-10-21T00:00:00.000000,9605.29,9665.81,9554.63,9570.36,10088503300.0,0.0013585920713383825
2023-10-24T00:00:00.000000,9552.55,9552.55,9373.76,9425.98,10739380500.0,0.0014585484532481357
2023-10-25T00:00:00.000000,9458.33,9523.9,9380.79,9483.9,11693225000.0,0.001696171841114317
2023-10-26T00:00:00.000000,9573.67,9617.67,9524.82,9528.31,12387516700.0,0.0020534004650310635
2023-10-27T00:00:00.000000,9470.49,9571.16,9432.84,9566.1,11692224300.0,0.0013796813552469473
2023-10-28T00:00:00.000000,9535.65,9805.7,9513.32,9770.84,13375102700.0,0.0014760972707162244
2023-10-31T00:00:00.000000,9759.22,9952.43,9759.17,9927.99,14391532000.0,0.0012752890881217145
2023-11-01T00:00:00.000000,9924.72,9927.45,9814.98,9863.8,11625862800.0,0.0010047749713305045
2023-11-02T00:00:00.000000,9897.93,9901.37,9808.4,9826.73,10339467000.0,0.0009443743173305346
2023-11-03T00:00:00.000000,9842.56,9879.27,9733.39,9734.77,9992189100.0,0.0009830405970410571
2023-11-04T00:00:00.000000,9747.82,9886.86,9747.82,9853.89,11405747800.0,0.0011664833275186288
2023-11-07T00:00:00.000000,9922.45,10080.0,9922.45,10071.56,15923733300.0,0.0018833354457845769
2023-11-08T00:00:00.000000,10047.14,10088.08,10000.55,10056.49,13419590800.0,0.0009966840491565988
2023-11-09T00:00:00.000000,10032.24,10101.55,9986.84,10052.09,13269899400.0,0.0011499072638224818
2023-11-10T00:00:00.000000,10037.56,10100.0,10004.06,10032.09,11631368200.0,0.001137485318506473
2023-11-11T00:00:00.000000,9987.46,9997.78,9939.1,9978.54,10084320200.0,0.001265007813420678
2023-11-14T00:00:00.000000,10012.85,10033.51,9936.71,9988.83,10638860200.0,0.0008427412962828284
2023-11-15T00:00:00.000000,9988.51,10056.86,9963.55,10005.56,10598805200.0,0.0007936821512665202
2023-11-16T00:00:00.000000,10111.83,10122.2,10048.46,10077.96,12258019800.0,0.0013427393848987092
2023-11-17T00:00:00.000000,10053.8,10064.91,9954.4,9954.4,9590475300.0,0.0007514102987868734
2023-11-18T00:00:00.000000,9924.16,9980.38,9914.48,9979.69,9419665100.0,0.00081420634418726
2023-11-21T00:00:00.000000,9986.92,10050.83,9924.44,10022.7,11184562200.0,0.000851748618819978
2023-11-22T00:00:00.000000,10050.48,10113.19,9981.11,9997.09,12345116200.0,0.0011503393664206493
2023-11-23T00:00:00.000000,9957.54,9975.09,9855.66,9855.66,11044223400.0,0.0008863758361220305
2023-11-24T00:00:00.000000,9846.68,9938.84,9814.17,9933.02,10414855900.0,0.0010243741615521271
2023-11-25T00:00:00.000000,9932.97,9932.97,9816.28,9839.52,9871440200.0,0.0010173144089525043
2023-11-28T00:00:00.000000,9829.55,9829.55,9736.78,9785.57,9704618900.0,0.0011649917614207752
2023-11-29T00:00:00.000000,9781.54,9835.14,9742.01,9833.46,9463384900.0,0.0011056273112724597
2023-11-30T00:00:00.000000,9826.01,9827.74,9733.32,9744.39,10038435300.0,0.0008629091234666966
2023-12-01T00:00:00.000000,9728.38,9768.9,9677.77,9726.92,9374809700.0,0.0011487519145840011
2023-12-02T00:00:00.000000,9723.93,9752.02,9624.92,9720.57,11260393000.0,0.0012794375527167734
2023-12-05T00:00:00.000000,9715.47,9736.11,9660.44,9660.44,11233256300.0,0.0011150997000958225
2023-12-06T00:00:00.000000,9628.28,9628.28,9470.36,9470.36,10446838100.0,0.0013913868895092914
2023-12-07T00:00:00.000000,9451.16,9599.58,9446.88,9533.25,10949033000.0,0.0012245148963899968
2023-12-08T00:00:00.000000,9518.45,9561.98,9456.98,9519.91,10407756100.0,0.0011167139679142766
2023-12-09T00:00:00.000000,9531.05,9592.92,9500.81,9553.92,12852298800.0,0.0011119539057201206
2023-12-12T00:00:00.000000,9496.46,9649.87,9406.7,9632.61,13297321000.0,0.002082631228442601
2023-12-13T00:00:00.000000,9616.13,9648.97,9593.35,9625.26,10073544200.0,0.0007798420269131541
2023-12-14T00:00:00.000000,9606.48,9606.48,9476.62,9476.62,9234958100.0,0.000925578344940062
2023-12-15T00:00:00.000000,9527.42,9578.6,9413.81,9417.97,9122964800.0,0.001650732043979655
2023-12-16T00:00:00.000000,9449.89,9507.43,9368.47,9385.33,9597983000.0,0.0014782656445459846
2023-12-19T00:00:00.000000,9346.95,9376.67,9258.96,9279.39,8450848900.0,0.0010775169181599263
2023-12-20T00:00:00.000000,9270.2,9331.99,9225.01,9289.34,7884160800.0,0.0012290372897012648
2023-12-21T00:00:00.000000,9303.09,9310.86,9158.44,9158.44,8247846300.0,0.0010899028229031272
2023-12-22T00:00:00.000000,9122.41,9286.07,9106.15,9257.09,9348018200.0,0.0017319122495620363
2023-12-23T00:00:00.000000,9247.07,9331.12,9186.03,9221.31,10855780600.0,0.0018651164028762315
2023-12-26T00:00:00.000000,9200.65,9268.27,9200.65,9256.28,8015025500.0,0.0009595946970602588
2023-12-27T00:00:00.000000,9248.07,9248.49,9124.81,9157.25,7779323200.0,0.0012540392361677884
2023-12-28T00:00:00.000000,9170.26,9211.42,9121.17,9191.74,8813373900.0,0.0010776957568307125
2023-12-29T00:00:00.000000,9182.85,9476.8,9166.58,9441.05,12607419200.0,0.001569333361725861
2023-12-30T00:00:00.000000,9434.58,9534.68,9427.92,9524.69,11491105700.0,0.00109235611394853
2024-01-03T00:00:00.000000,9527.11,9527.11,9401.35,9401.35,10668774200.0,0.0011409186832516066
2024-01-04T00:00:00.000000,9378.69,9405.09,9280.82,9330.86,10011919500.0,0.0009134743938496269
2024-01-05T00:00:00.000000,9317.4,9317.4,9171.13,9215.25,8932570000.0,0.0013134202520525087
2024-01-06T00:00:00.000000,9205.39,9275.23,9074.93,9116.44,9956542800.0,0.0012129614446950354
2024-01-09T00:00:00.000000,9095.71,9119.12,8947.72,8947.72,9976164300.0,0.0012765479268868284
2024-01-10T00:00:00.000000,8960.97,9042.45,8912.03,8971.72,9459362000.0,0.0017139767167791053
2024-01-11T00:00:00.000000,8938.45,9035.19,8857.97,8922.79,8713733400.0,0.0023367914074208123
2024-01-12T00:00:00.000000,8918.23,9099.22,8898.2,9053.88,9959381400.0,0.0017039853602760667
2024-01-13T00:00:00.000000,9026.74,9095.61,8995.41,8996.26,9022840900.0,0.0011850622331515584
2024-01-16T00:00:00.000000,8957.72,9045.55,8912.45,8963.93,8187044200.0,0.0016317735727069337
2024-01-17T00:00:00.000000,8946.93,9002.34,8871.19,8992.07,9806742900.0,0.0015716500139908824
2024-01-18T00:00:00.000000,8968.53,8968.53,8759.76,8759.76,9189197400.0,0.0014955798179937874
2024-01-19T00:00:00.000000,8706.14,8858.4,8585.2,8847.0,13390187400.0,0.002986280398814803
2024-01-20T00:00:00.000000,8821.77,8890.12,8771.58,8787.02,9721674100.0,0.001786890556308016
2024-01-23T00:00:00.000000,8769.39,8769.39,8430.61,8479.55,12468028300.0,0.0028509187491765468
2024-01-24T00:00:00.000000,8465.0,8638.9,8402.06,8596.28,11582156500.0,0.0025397709646682413
2024-01-25T00:00:00.000000,8633.17,8693.08,8404.07,8682.19,12480665000.0,0.0026645934801040982
2024-01-26T00:00:00.000000,8661.45,8858.21,8621.18,8856.22,14039246200.0,0.001720252255960216
2024-01-27T00:00:00.000000,8809.76,8859.63,8746.1,8762.33,12704348400.0,0.0015890579167873566
2024-01-30T00:00:00.000000,8775.38,8800.64,8581.76,8581.76,12143879600.0,0.0019693825885119206
2024-01-31T00:00:00.000000,8523.74,8579.59,8370.06,8375.98,10638856100.0,0.002026587181619481
2024-02-01T00:00:00.000000,8340.72,8408.67,8208.45,8212.84,12980672100.0,0.0023412375984611855
2024-02-02T00:00:00.000000,8172.81,8371.38,8134.81,8240.48,12333531800.0,0.002469543256955436
2024-02-03T00:00:00.000000,8239.5,8300.75,7840.62,8055.77,14478973500.0,0.00401351024907143
2024-02-06T00:00:00.000000,7987.34,8171.77,7683.63,7964.71,17234332500.0,0.0050543437815823294
2024-02-07T00:00:00.000000,7886.32,8471.28,7880.4,8460.38,18540263900.0,0.0038309531824588764
2024-02-08T00:00:00.000000,8464.87,8724.17,8445.71,8708.24,21012351200.0,0.0029930820707652415
2024-02-09T00:00:00.000000,8750.54,8975.05,8742.95,8820.6,19743387800.0,0.0036968499566765833
2024-02-20T00:00:00.000000,8957.28,8957.28,8797.46,8902.33,17168813200.0,0.0018256175936327004
2024-02-21T00:00:00.000000,8857.5,8919.81,8798.43,8905.96,12927903600.0,0.0018830124274654204
2024-02-22T00:00:00.000000,8829.7,9130.03,8798.37,8975.97,16395134700.0,0.002270106525956501
2024-02-23T00:00:00.000000,8971.44,9050.27,8946.24,9043.75,12752424700.0,0.001457532203168421
2024-02-24T00:00:00.000000,9074.61,9077.56,8971.34,9069.42,14640688100.0,0.0013909878527885902
2024-02-27T00:00:00.000000,9070.22,9154.6,9023.33,9066.09,15049733900.0,0.001404175165664823
2024-02-28T00:00:00.000000,9032.26,9269.57,9016.61,9269.57,15667918500.0,0.001263449520167125
2024-02-29T00:00:00.000000,9293.15,9391.52,9047.1,9047.1,21776879500.0,0.002650223533582727
2024-03-01T00:00:00.000000,9001.28,9334.94,9001.28,9330.44,17395725600.0,0.0023365202756865364
2024-03-02T00:00:00.000000,9345.74,9452.63,9298.16,9434.75,17514756300.0,0.0019236070955053364
2024-03-05T00:00:00.000000,9456.37,9486.7,9359.84,9438.24,16665583100.0,0.0020293725187986427
2024-03-06T00:00:00.000000,9371.94,9448.73,9344.45,9416.8,16502490800.0,0.001914856047719768
2024-03-07T00:00:00.000000,9366.71,9487.19,9309.84,9395.65,13979358400.0,0.0016837509230403728
2024-03-08T00:00:00.000000,9398.05,9454.54,9267.12,9267.12,15279604400.0,0.0014931097884185909
2024-03-09T00:00:00.000000,9281.61,9386.75,9230.06,9369.05,13210684100.0,0.001353902598811205
2024-03-12T00:00:00.000000,9369.65,9581.66,9363.41,9581.53,16006629900.0,0.0015554658060376672
2024-03-13T00:00:00.000000,9603.45,9649.74,9535.21,9630.55,17356212800.0,0.0016320754679374945
2024-03-14T00:00:00.000000,9640.09,9674.14,9568.88,9604.99,15928427200.0,0.0012013376200493374
2024-03-15T00:00:00.000000,9598.42,9675.47,9489.02,9555.42,15262723400.0,0.0014798896653461695
2024-03-16T00:00:00.000000,9532.42,9616.49,9455.51,9612.75,14959371600.0,0.0012910814195955975
2024-03-19T00:00:00.000000,9665.07,9752.83,9646.21,9752.83,17633098600.0,0.0012048775891526143
2024-03-20T00:00:00.000000,9723.4,9785.1,9696.69,9696.69,16108046900.0,0.0011860006131522425
2024-03-21T00:00:00.000000,9669.7,9725.31,9654.53,9717.37,14748205200.0,0.0011614508014693985
2024-03-22T00:00:00.000000,9736.23,9758.33,9663.49,9682.51,15597613200.0,0.0010154103450047667
2024-03-23T00:00:00.000000,9659.88,9680.21,9505.99,9565.56,15784822600.0,0.0014516357719203034
2024-03-26T00:00:00.000000,9538.35,9601.84,9421.08,9422.61,15015754700.0,0.0015567446146523064
2024-03-27T00:00:00.000000,9413.26,9490.75,9366.0,9449.43,13648236100.0,0.0019791113475229245
2024-03-28T00:00:00.000000,9437.56,9437.67,9222.47,9222.47,13209252800.0,0.0017772510203857574
2024-03-29T00:00:00.000000,9221.53,9440.31,9221.53,9342.92,13704571800.0,0.001597479576462336
2024-03-30T00:00:00.000000,9335.11,9400.85,9304.76,9400.85,12317408500.0,0.0016233333290085704
2024-04-02T00:00:00.000000,9451.73,9647.07,9451.73,9647.07,16566477100.0,0.002220663090311647
2024-04-03T00:00:00.000000,9633.97,9633.97,9546.47,9586.95,15504809800.0,0.0011477863747452852
2024-04-04T00:00:00.000000,9564.65,9575.56,9508.65,9544.77,15087060000.0,0.0010530867448828997
2024-04-09T00:00:00.000000,9512.6,9525.95,9393.61,9394.61,15364209500.0,0.0012808901813451947
2024-04-10T00:00:00.000000,9386.8,9449.65,9352.35,9448.98,12566638900.0,0.001176907296910421
2024-04-11T00:00:00.000000,9425.8,9425.8,9243.8,9297.96,12730709300.0,0.0014095292364518762
2024-04-12T00:00:00.000000,9234.92,9378.43,9233.27,9300.77,13048981300.0,0.0012116231643944234
2024-04-13T00:00:00.000000,9301.08,9343.18,9212.6,9228.23,12748656200.0,0.001299058296727945
2024-04-16T00:00:00.000000,9228.14,9407.07,9189.96,9369.7,15944332000.0,0.0027956610328706273
2024-04-17T00:00:00.000000,9312.49,9341.97,9148.82,9155.07,16256951600.0,0.0017898999878201702
2024-04-18T00:00:00.000000,9180.51,9381.77,9180.51,9381.77,15317588900.0,0.0016071257153265812
2024-04-19T00:00:00.000000,9336.73,9477.13,9299.33,9376.81,15939483300.0,0.0018471749697563868
2024-04-20T00:00:00.000000,9316.98,9351.96,9220.64,9279.46,14264194500.0,0.0016425238799037244
2024-04-23T00:00:00.000000,9228.18,9327.59,9212.28,9239.14,13656037000.0,0.0016744180855952095
2024-04-24T00:00:00.000000,9231.9,9269.71,9147.95,9183.14,13063464400.0,0.0010927658576495095
2024-04-25T00:00:00.000000,9186.19,9254.65,9135.58,9251.13,12621341200.0,0.0011513952337862952
2024-04-26T00:00:00.000000,9204.79,9329.41,9198.32,9264.48,12649175600.0,0.001225411035484494
2024-04-27T00:00:00.000000,9258.49,9471.29,9258.49,9463.91,18726991500.0,0.0014455596205386722
2024-04-30T00:00:00.000000,9479.6,9718.36,9479.6,9673.76,20571145200.0,0.0014710825080664143
2024-05-01T00:00:00.000000,9647.06,9662.56,9587.08,9587.12,18168114700.0,0.0009456107691076186
2024-05-07T00:00:00.000000,9735.88,9804.2,9732.69,9779.21,19010756000.0,0.002540190765365078
2024-05-08T00:00:00.000000,9778.16,9804.76,9743.19,9770.94,15673099300.0,0.0009526463967264394
2024-05-09T00:00:00.000000,9743.87,9743.87,9633.7,9638.82,13905085900.0,0.0011278519008365417
2024-05-10T00:00:00.000000,9648.22,9805.12,9648.22,9788.07,14457025000.0,0.001108991769023314
2024-05-11T00:00:00.000000,9788.83,9805.92,9670.89,9731.24,14010759400.0,0.0009797044895171823
2024-05-14T00:00:00.000000,9659.64,9720.48,9605.18,9673.32,13794418800.0,0.0016740666983918106
2024-05-15T00:00:00.000000,9689.55,9736.28,9633.8,9668.73,13407932400.0,0.0012160219233834828
2024-05-16T00:00:00.000000,9648.43,9659.03,9577.21,9583.54,12668551100.0,0.0009674478915742657
2024-05-17T00:00:00.000000,9614.73,9668.85,9582.22,9604.13,14208638100.0,0.0008139028078687925
2024-05-18T00:00:00.000000,9590.39,9709.42,9563.47,9709.42,15266302500.0,0.0012142817137276746
2024-05-21T00:00:00.000000,9710.2,9779.36,9701.85,9750.82,17039558700.0,0.0008622109435069798
2024-05-22T00:00:00.000000,9721.72,9730.28,9649.15,9681.66,12681227200.0,0.0007295682605306033
2024-05-23T00:00:00.000000,9674.5,9709.0,9643.87,9693.05,13343821800.0,0.0007193927190449539
2024-05-24T00:00:00.000000,9667.18,9672.18,9520.21,9541.64,13988211100.0,0.0013278478663824196
2024-05-25T00:00:00.000000,9508.85,9578.73,9421.55,9424.58,12161084100.0,0.0010183271092870036
2024-05-28T00:00:00.000000,9444.23,9511.14,9375.52,9507.75,12721026000.0,0.0010537494211436257
2024-05-29T00:00:00.000000,9489.08,9494.77,9385.44,9391.05,12383489100.0,0.0010838086987665753
2024-05-30T00:00:00.000000,9387.65,9460.63,9379.3,9414.98,11884318500.0,0.0011542453587299211
2024-05-31T00:00:00.000000,9395.79,9441.49,9366.13,9384.72,11932909900.0,0.0010945163159189282
2024-06-01T00:00:00.000000,9388.27,9455.33,9364.38,9364.38,11604753400.0,0.0008968138055762956
2024-06-04T00:00:00.000000,9358.59,9422.07,9307.92,9370.5,13535487500.0,0.001373475402857159
2024-06-05T00:00:00.000000,9350.83,9486.74,9327.83,9469.32,12016417100.0,0.0010822532797449128
2024-06-06T00:00:00.000000,9450.07,9509.78,9393.61,9393.61,11402152100.0,0.0007426666243525785
2024-06-07T00:00:00.000000,9417.93,9446.88,9313.88,9340.01,14209146200.0,0.0016901405671992831
2024-06-08T00:00:00.000000,9343.8,9366.34,9181.89,9255.68,12128080100.0,0.0015302644756707336
2024-06-12T00:00:00.000000,9198.54,9282.71,9166.47,9262.35,11667665700.0,0.0014511360303550288
2024-06-13T00:00:00.000000,9244.31,9299.36,9243.73,9269.94,11522614400.0,0.0009826168337682855
2024-06-14T00:00:00.000000,9281.05,9296.37,9190.88,9206.24,12945618000.0,0.0008961962967151321
2024-06-15T00:00:00.000000,9177.41,9265.97,9138.32,9252.25,15055972500.0,0.001452724599252049
2024-06-18T00:00:00.000000,9209.46,9298.01,9202.17,9281.25,13387966100.0,0.0008404976501552237
2024-06-19T00:00:00.000000,9278.28,9329.99,9276.44,9318.47,12092558400.0,0.0007678990998213296
2024-06-20T00:00:00.000000,9324.88,9325.85,9218.91,9219.07,10447536300.0,0.0009499041332412564
2024-06-21T00:00:00.000000,9201.35,9225.02,9066.05,9068.85,11351658800.0,0.0013108153490836952
2024-06-22T00:00:00.000000,9041.44,9100.83,9008.34,9064.84,9892660100.0,0.0014413547571099986
2024-06-25T00:00:00.000000,9004.85,9030.71,8916.46,8924.17,11472040100.0,0.001683584068221959
2024-06-26T00:00:00.000000,8911.9,8948.22,8797.05,8850.29,10891991100.0,0.0015211842209012882
2024-06-27T00:00:00.000000,8838.0,9001.03,8811.36,8987.3,11479449500.0,0.0015754246377933845
2024-06-28T00:00:00.000000,8944.73,8947.96,8844.87,8849.7,10816159100.0,0.00155456993641914
2024-06-29T00:00:00.000000,8814.93,8960.96,8814.93,8848.7,12289973800.0,0.0012915368119511357
2024-07-02T00:00:00.000000,8835.16,8914.2,8771.01,8899.17,11082033000.0,0.0015072582751635912
2024-07-03T00:00:00.000000,8886.09,8895.55,8789.28,8812.67,11066295200.0,0.001011726167514855
2024-07-04T00:00:00.000000,8808.37,8827.09,8734.72,8760.43,9659984700.0,0.0009726779903545391
2024-07-05T00:00:00.000000,8775.84,8821.0,8670.34,8673.83,9949591100.0,0.0012952451308412207
2024-07-06T00:00:00.000000,8664.8,8719.71,8573.76,8695.55,9311030900.0,0.0014454677023357273
2024-07-09T00:00:00.000000,8675.97,8675.97,8539.42,8561.95,10460793000.0,0.0013394237460304347
2024-07-10T00:00:00.000000,8548.16,8733.87,8513.17,8705.94,13311181000.0,0.0023036667659827566
2024-07-11T00:00:00.000000,8672.33,8762.77,8664.92,8697.22,12068653300.0,0.0010258640394900814
2024-07-12T00:00:00.000000,8800.39,8890.76,8746.9,8870.36,14563224700.0,0.0018850080073311833
2024-07-13T00:00:00.000000,8831.68,8885.36,8814.09,8854.08,11879982400.0,0.0009827498192262899
2024-07-16T00:00:00.000000,8825.47,8834.03,8780.75,8801.62,11227729700.0,0.001167651999273614
2024-07-17T00:00:00.000000,8783.35,8881.77,8780.09,8877.02,11659018400.0,0.001014946841916361
2024-07-18T00:00:00.000000,8860.75,8884.79,8809.13,8835.14,12150898000.0,0.0012647602351321169
2024-07-19T00:00:00.000000,8760.66,8880.44,8730.98,8879.33,11861850200.0,0.0020658561173430593
2024-07-20T00:00:00.000000,8826.64,8932.08,8820.09,8903.23,11207827700.0,0.001452612304851044
2024-07-23T00:00:00.000000,8908.21,8925.44,8823.78,8869.82,10776672700.0,0.0009066746511575195
2024-07-24T00:00:00.000000,8862.94,8862.94,8606.58,8606.58,10961651700.0,0.001124396467171861
2024-07-25T00:00:00.000000,8582.63,8640.33,8469.88,8493.1,10942366700.0,0.0017026284701814754
2024-07-26T00:00:00.000000,8443.44,8524.81,8428.75,8474.7,10125211100.0,0.0017718920740227926
2024-07-27T00:00:00.000000,8512.79,8617.65,8512.79,8597.17,10078472000.0,0.0019373988385149113
2024-07-30T00:00:00.000000,8589.28,8589.28,8510.49,8514.65,9183946400.0,0.0013170503341816133
2024-07-31T00:00:00.000000,8482.17,8488.52,8416.6,8468.58,9435063800.0,0.0015554107680002896
2024-08-01T00:00:00.000000,8446.5,8754.93,8444.15,8754.09,16022608700.0,0.001885940657743663
2024-08-02T00:00:00.000000,8767.33,8799.09,8656.95,8673.58,12058711300.0,0.0012664673565165507
2024-08-03T00:00:00.000000,8599.06,8697.49,8542.39,8553.55,11100795400.0,0.001233100013352733
2024-08-06T00:00:00.000000,8475.45,8646.86,8395.04,8395.05,12907387400.0,0.0020378720230021696
2024-08-07T00:00:00.000000,8481.73,8525.72,8388.26,8463.86,11996142700.0,0.0019818638655819923
2024-08-08T00:00:00.000000,8450.49,8505.13,8416.25,8449.58,10203738600.0,0.0011857180617037585
2024-08-09T00:00:00.000000,8415.08,8514.67,8361.58,8446.21,10555530800.0,0.001461940731066561
2024-08-10T00:00:00.000000,8486.42,8527.64,8393.7,8393.7,10207218200.0,0.001451733055325761
2024-08-13T00:00:00.000000,8386.83,8419.7,8354.42,8373.47,8861271600.0,0.0010504129790685486
2024-08-14T00:00:00.000000,8372.71,8409.24,8327.35,8409.22,8351664700.0,0.001337818078468516
2024-08-15T00:00:00.000000,8403.48,8403.48,8311.0,8311.0,7881262400.0,0.0010409480478877746
2024-08-16T00:00:00.000000,8292.2,8439.69,8288.71,8370.12,10600004600.0,0.001493684762037571
2024-08-17T00:00:00.000000,8377.95,8408.39,8339.58,8349.87,9694399400.0,0.001210601344630626
2024-08-20T00:00:00.000000,8341.83,8437.88,8341.1,8356.9,9393420700.0,0.0012851818664418656
2024-08-21T00:00:00.000000,8363.87,8367.38,8233.07,8252.87,9932518200.0,0.0010052496531417006
2024-08-22T00:00:00.000000,8221.35,8297.1,8213.09,8229.75,9245913300.0,0.0011658723945379259
2024-08-23T00:00:00.000000,8234.28,8247.95,8151.63,8162.18,9773085000.0,0.001322356840056192
2024-08-24T00:00:00.000000,8134.4,8207.59,8133.57,8181.92,8832668300.0,0.001188414101255704
2024-08-27T00:00:00.000000,8194.94,8225.99,8163.88,8194.65,9624543100.0,0.0009708938824623545
2024-08-28T00:00:00.000000,8161.68,8168.04,8084.04,8103.76,9680639500.0,0.0012385073863107868
2024-08-29T00:00:00.000000,8071.86,8098.31,8036.4,8078.82,9404296900.0,0.001074200381507105
2024-08-30T00:00:00.000000,8030.74,8191.37,8028.37,8154.44,12161919900.0,0.0014004014953754506
2024-08-31T00:00:00.000000,8152.81,8453.66,8152.81,8348.48,17199423400.0,0.0016959535905465592
2024-09-03T00:00:00.000000,8331.46,8340.38,8172.21,8172.21,13473682000.0,0.0012470315082482792
2024-09-04T00:00:00.000000,8157.44,8294.77,8157.44,8268.05,11332154700.0,0.0013916242010374327
2024-09-05T00:00:00.000000,8207.28,8297.82,8189.53,8226.24,10455800100.0,0.0016687297137066126
2024-09-06T00:00:00.000000,8224.51,8297.94,8220.55,8249.66,9543619100.0,0.0013234280403625614
2024-09-07T00:00:00.000000,8252.01,8260.69,8128.77,8130.77,9648584500.0,0.0010701427790442242
2024-09-10T00:00:00.000000,8086.28,8129.54,8023.37,8063.27,9913833100.0,0.001078223980155768
2024-09-11T00:00:00.000000,8064.4,8113.69,7973.79,8073.83,10238302600.0,0.0017379573813363087
2024-09-12T00:00:00.000000,8052.25,8139.7,8031.95,8105.38,9460849800.0,0.001271947839514816
2024-09-13T00:00:00.000000,8122.77,8176.05,8053.88,8054.24,9801270700.0,0.0015134154130162503
2024-09-14T00:00:00.000000,8054.43,8084.35,7983.55,7983.55,9305801700.0,0.000916280554960715
2024-09-19T00:00:00.000000,7975.19,8017.38,7908.52,7992.25,9082932500.0,0.0013777290451992758
2024-09-20T00:00:00.000000,8015.39,8161.22,7950.7,8087.6,12464910400.0,0.002013593371186952
2024-09-21T00:00:00.000000,8079.76,8092.5,8014.5,8075.14,10605489700.0,0.001062652943238953
2024-09-24T00:00:00.000000,8071.99,8163.1,8054.59,8083.38,10076751000.0,0.001308729030274971
2024-09-25T00:00:00.000000,8148.17,8435.71,8083.3,8435.7,19752637400.0,0.00304661049904738
2024-09-26T00:00:00.000000,8555.72,8738.41,8525.75,8537.73,23539089600.0,0.0037024585538081366
2024-09-27T00:00:00.000000,8524.19,8916.8,8505.64,8916.65,24507284700.0,0.0027072663314804024
2024-09-28T00:00:00.000000,9100.77,9619.77,9100.77,9514.86,33442655600.0,0.005334492672885706
2024-10-01T00:00:00.000000,9950.65,10556.93,9829.43,10529.76,44445132100.0,0.01123513435275036
2024-10-09T00:00:00.000000,11864.11,11864.11,10834.5,11495.1,55371894500.0,0.01810322586388439
2024-10-10T00:00:00.000000,11158.99,11295.1,10516.67,10557.81,49084127300.0,0.009685220262950583
2024-10-11T00:00:00.000000,10609.47,10823.37,10310.39,10471.08,35393448200.0,0.005173910294049782
2024-10-12T00:00:00.000000,10366.57,10378.46,9935.82,10060.74,26351511300.0,0.0043966557462483975
2024-10-15T00:00:00.000000,10118.38,10361.69,9966.99,10327.4,27448167200.0,0.00351258779693056
2024-10-16T00:00:00.000000,10286.24,10424.14,10066.52,10066.52,26394841600.0,0.002883287621987692
2024-10-17T00:00:00.000000,9898.13,10112.79,9890.9,9965.02,22555290900.0,0.0033249601685624497
2024-10-18T00:00:00.000000,10034.41,10123.22,9887.94,9891.76,23677201100.0,0.002495272327140505
2024-10-19T00:00:00.000000,9868.85,10607.81,9865.87,10357.68,34339052300.0,0.004344419188872314
2024-10-22T00:00:00.000000,10441.87,10636.16,10331.79,10470.91,32128034400.0,0.003936917476870436
2024-10-23T00:00:00.000000,10459.16,10604.78,10409.68,10559.51,29524326300.0,0.0022557352522927948
2024-10-24T00:00:00.000000,10536.9,10721.37,10479.22,10576.41,30277130800.0,0.0020342241702369797
2024-10-25T00:00:00.000000,10508.65,10533.84,10404.83,10441.75,21943945300.0,0.001595780952444268
2024-10-26T00:00:00.000000,10470.07,10733.07,10460.93,10619.85,27196046400.0,0.0019817468521771725
2024-10-29T00:00:00.000000,10617.9,10685.89,10519.48,10685.89,28014942200.0,0.0015694706290602044
2024-10-30T00:00:00.000000,10706.02,10729.57,10536.81,10543.33,30079371600.0,0.0016218961778275342
2024-10-31T00:00:00.000000,10488.23,10596.22,10426.74,10530.85,28637486600.0,0.001801236302212801
2024-11-01T00:00:00.000000,10535.41,10693.84,10458.85,10591.22,37387752700.0,0.0023879333837243605
2024-11-02T00:00:00.000000,10563.84,10629.81,10417.98,10455.5,41037074000.0,0.002906015172934494
2024-11-05T00:00:00.000000,10457.89,10663.1,10457.89,10663.1,29924342600.0,0.0017835703982881765
2024-11-06T00:00:00.000000,10653.2,11030.62,10609.81,11006.94,39625270600.0,0.0023348354103032765
2024-11-07T00:00:00.000000,11024.0,11177.69,10896.32,10968.14,42033300400.0,0.0030362487141674254
2024-11-08T00:00:00.000000,10852.12,11235.92,10839.94,11235.92,40715481600.0,0.002507224241242219
2024-11-09T00:00:00.000000,11374.2,11410.98,11135.33,11161.7,40004715600.0,0.0030664551817953024
2024-11-12T00:00:00.000000,11087.41,11390.48,11071.65,11388.57,37512572200.0,0.0022359189838802402
2024-11-13T00:00:00.000000,11430.22,11560.35,11210.95,11314.46,37932464200.0,0.002937650197468039
2024-11-14T00:00:00.000000,11231.73,11380.5,11143.34,11359.29,28681201000.0,0.0022185939053398964
2024-11-15T00:00:00.000000,11333.4,11335.36,11023.74,11037.78,26924539400.0,0.0018936329391962955
2024-11-16T00:00:00.000000,10983.54,11065.42,10748.97,10748.97,27770219300.0,0.002194470208238105
2024-11-19T00:00:00.000000,10774.44,10816.51,10478.27,10544.02,29410702900.0,0.0028629458005963644
2024-11-20T00:00:00.000000,10559.33,10748.6,10427.94,10743.84,24970186600.0,0.002566244372171637
2024-11-21T00:00:00.000000,10709.92,10875.45,10692.56,10827.19,24561175400.0,0.001803991049479457
2024-11-22T00:00:00.000000,10787.93,10867.41,10739.28,10819.88,24323730500.0,0.0014413510679786364
2024-11-23T00:00:00.000000,10785.52,10836.69,10438.72,10438.72,27410204000.0,0.0021160636558372027
2024-11-26T00:00:00.000000,10462.44,10505.24,10282.5,10420.52,23010045500.0,0.002370149190295868
2024-11-27T00:00:00.000000,10387.0,10480.96,10330.45,10333.23,19015773600.0,0.0018330353572780923
2024-11-28T00:00:00.000000,10284.72,10566.1,10202.23,10566.1,22446354800.0,0.002346061339287733
2024-11-29T00:00:00.000000,10560.41,10581.59,10416.33,10432.54,21810566700.0,0.0016065267249730723
2024-11-30T00:00:00.000000,10406.08,10727.08,10406.08,10611.72,23304418600.0,0.0021056647878871433
