timestamp,open,high,low,close,volume,rv
2010-01-05T00:00:00.000000,,,,,,0.0
2010-01-06T00:00:00.000000,,,,,,0.0
2010-01-07T00:00:00.000000,,,,,,0.0
2010-01-08T00:00:00.000000,,,,,,0.0
2010-01-09T00:00:00.000000,,,,,,0.0
2010-01-12T00:00:00.000000,,,,,,0.0
2010-01-13T00:00:00.000000,,,,,,0.0
2010-01-14T00:00:00.000000,,,,,,0.0
2010-01-15T00:00:00.000000,,,,,,0.0
2010-01-16T00:00:00.000000,,,,,,0.0
2010-01-19T00:00:00.000000,,,,,,0.0
2010-01-20T00:00:00.000000,,,,,,0.0
2010-01-21T00:00:00.000000,,,,,,0.0
2010-01-22T00:00:00.000000,,,,,,0.0
2010-01-23T00:00:00.000000,,,,,,0.0
2010-01-26T00:00:00.000000,,,,,,0.0
2010-01-27T00:00:00.000000,,,,,,0.0
2010-01-28T00:00:00.000000,,,,,,0.0
2010-01-29T00:00:00.000000,,,,,,0.0
2010-01-30T00:00:00.000000,,,,,,0.0
2010-02-02T00:00:00.000000,,,,,,0.0
2010-02-03T00:00:00.000000,,,,,,0.0
2010-02-04T00:00:00.000000,,,,,,0.0
2010-02-05T00:00:00.000000,,,,,,0.0
2010-02-06T00:00:00.000000,,,,,,0.0
2010-02-09T00:00:00.000000,,,,,,0.0
2010-02-10T00:00:00.000000,,,,,,0.0
2010-02-11T00:00:00.000000,,,,,,0.0
2010-02-12T00:00:00.000000,,,,,,0.0
2010-02-13T00:00:00.000000,,,,,,0.0
2010-02-23T00:00:00.000000,,,,,,0.0
2010-02-24T00:00:00.000000,,,,,,0.0
2010-02-25T00:00:00.000000,,,,,,0.0
2010-02-26T00:00:00.000000,,,,,,0.0
2010-02-27T00:00:00.000000,,,,,,0.0
2010-03-02T00:00:00.000000,,,,,,0.0
2010-03-03T00:00:00.000000,,,,,,0.0
2010-03-04T00:00:00.000000,,,,,,0.0
2010-03-05T00:00:00.000000,,,,,,0.0
2010-03-06T00:00:00.000000,,,,,,0.0
2010-03-09T00:00:00.000000,,,,,,0.0
2010-03-10T00:00:00.000000,,,,,,0.0
2010-03-11T00:00:00.000000,,,,,,0.0
2010-03-12T00:00:00.000000,,,,,,0.0
2010-03-13T00:00:00.000000,,,,,,0.0
2010-03-16T00:00:00.000000,,,,,,0.0
2010-03-17T00:00:00.000000,,,,,,0.0
2010-03-18T00:00:00.000000,,,,,,0.0
2010-03-19T00:00:00.000000,,,,,,0.0
2010-03-20T00:00:00.000000,,,,,,0.0
2010-03-23T00:00:00.000000,,,,,,0.0
2010-03-24T00:00:00.000000,,,,,,0.0
2010-03-25T00:00:00.000000,,,,,,0.0
2010-03-26T00:00:00.000000,,,,,,0.0
2010-03-27T00:00:00.000000,,,,,,0.0
2010-03-30T00:00:00.000000,,,,,,0.0
2010-03-31T00:00:00.000000,,,,,,0.0
2010-04-01T00:00:00.000000,,,,,,0.0
2010-04-02T00:00:00.000000,,,,,,0.0
2010-04-03T00:00:00.000000,,,,,,0.0
2010-04-07T00:00:00.000000,,,,,,0.0
2010-04-08T00:00:00.000000,,,,,,0.0
2010-04-09T00:00:00.000000,,,,,,0.0
2010-04-10T00:00:00.000000,,,,,,0.0
2010-04-13T00:00:00.000000,,,,,,0.0
2010-04-14T00:00:00.000000,,,,,,0.0
2010-04-15T00:00:00.000000,,,,,,0.0
2010-04-16T00:00:00.000000,,,,,,0.0
2010-04-17T00:00:00.000000,,,,,,0.0
2010-04-20T00:00:00.000000,,,,,,0.0
2010-04-21T00:00:00.000000,,,,,,0.0
2010-04-22T00:00:00.000000,,,,,,0.0
2010-04-23T00:00:00.000000,,,,,,0.0
2010-04-24T00:00:00.000000,,,,,,0.0
2010-04-27T00:00:00.000000,,,,,,0.0
2010-04-28T00:00:00.000000,,,,,,0.0
2010-04-29T00:00:00.000000,,,,,,0.0
2010-04-30T00:00:00.000000,,,,,,0.0
2010-05-01T00:00:00.000000,,,,,,0.0
2010-05-05T00:00:00.000000,,,,,,0.0
2010-05-06T00:00:00.000000,,,,,,0.0
2010-05-07T00:00:00.000000,,,,,,0.0
2010-05-08T00:00:00.000000,,,,,,0.0
2010-05-11T00:00:00.000000,,,,,,0.0
2010-05-12T00:00:00.000000,,,,,,0.0
2010-05-13T00:00:00.000000,,,,,,0.0
2010-05-14T00:00:00.000000,,,,,,0.0
2010-05-15T00:00:00.000000,,,,,,0.0
2010-05-18T00:00:00.000000,,,,,,0.0
2010-05-19T00:00:00.000000,,,,,,0.0
2010-05-20T00:00:00.000000,,,,,,0.0
2010-05-21T00:00:00.000000,,,,,,0.0
2010-05-22T00:00:00.000000,,,,,,0.0
2010-05-25T00:00:00.000000,,,,,,0.0
2010-05-26T00:00:00.000000,,,,,,0.0
2010-05-27T00:00:00.000000,,,,,,0.0
2010-05-28T00:00:00.000000,,,,,,0.0
2010-05-29T00:00:00.000000,,,,,,0.0
2010-06-01T00:00:00.000000,,,,,,0.0
2010-06-02T00:00:00.000000,1000.0,994.58,948.14,973.23,,0.004879123237649657
2010-06-03T00:00:00.000000,964.68,997.12,952.61,997.12,,0.0037103529151491297
2010-06-04T00:00:00.000000,1002.36,999.9,1000.38,998.39,,0.0035496978209658336
2010-06-05T00:00:00.000000,989.68,999.97,1000.09,1027.68,,0.003163556449426388
2010-06-08T00:00:00.000000,1005.03,1075.15,1001.7,1069.47,,0.005087576296437045
2010-06-09T00:00:00.000000,1067.32,1075.36,1050.97,1067.15,,0.0027960358634737527
2010-06-10T00:00:00.000000,1070.85,1102.1,1067.15,1077.82,,0.0035414238390053614
2010-06-11T00:00:00.000000,1077.67,1119.1,1076.46,1117.48,,0.002580907877767115
2010-06-12T00:00:00.000000,1122.44,1128.13,1118.71,1122.2,,0.0018609069746351552
2010-06-18T00:00:00.000000,1126.13,1129.69,1064.84,1064.84,,0.002792743243543034
2010-06-19T00:00:00.000000,1052.07,999.85,1000.03,1000.28,,0.004314097426216908
2010-06-22T00:00:00.000000,991.96,999.95,1000.14,1040.8,,0.0035373946111416027
2010-06-23T00:00:00.000000,1037.04,1057.28,1033.65,1034.99,,0.0022779744421055647
2010-06-24T00:00:00.000000,1035.0,1056.32,1023.89,1047.34,,0.0029874006586733384
2010-06-25T00:00:00.000000,1046.76,1059.75,1041.6,1050.6,,0.0023478337015567833
2010-06-26T00:00:00.000000,1046.21,999.56,1000.44,1016.28,,0.003421069305985346
2010-06-29T00:00:00.000000,1009.22,999.72,1000.28,987.83,,0.0028603061574307385
2010-06-30T00:00:00.000000,985.57,992.11,912.75,913.31,,0.003811866837169967
2010-07-01T00:00:00.000000,898.29,921.73,881.48,919.31,,0.004313499149997757
2010-07-02T00:00:00.000000,914.4,921.11,882.19,882.19,,0.003594935200274586
2010-07-03T00:00:00.000000,878.95,885.34,832.62,873.12,,0.0051221158360853425
2010-07-06T00:00:00.000000,857.37,873.12,842.91,862.27,,0.005019490271705474
2010-07-07T00:00:00.000000,859.26,898.35,857.86,893.72,,0.002905005287692517
2010-07-08T00:00:00.000000,896.53,908.55,890.37,908.55,,0.002562068906547449
2010-07-09T00:00:00.000000,912.0,913.94,887.1,905.51,,0.0027414079537799005
2010-07-10T00:00:00.000000,903.5,936.45,896.95,932.15,,0.00221738594401484
2010-07-13T00:00:00.000000,931.53,941.02,924.21,930.17,,0.00224761574417427
2010-07-14T00:00:00.000000,924.95,936.62,906.44,931.08,,0.003274770306623207
2010-07-15T00:00:00.000000,929.75,937.85,916.12,922.36,,0.0020558516397407157
2010-07-16T00:00:00.000000,920.05,930.48,892.56,892.56,,0.0030281593189979195
2010-07-17T00:00:00.000000,885.07,895.06,869.1,892.3,,0.003136466088548909
2010-07-20T00:00:00.000000,881.66,910.18,878.28,908.05,,0.0021172091248398872
2010-07-21T00:00:00.000000,909.54,937.55,909.54,937.02,,0.0019421569102024883
2010-07-22T00:00:00.000000,940.1,958.84,938.42,941.25,,0.0026459274011342393
2010-07-23T00:00:00.000000,938.22,950.21,932.07,950.21,,0.001727049262351605
2010-07-24T00:00:00.000000,951.84,964.74,948.14,960.59,,0.0021188823797655665
2010-07-27T00:00:00.000000,962.76,966.73,954.84,966.15,,0.0014897010864765013
2010-07-28T00:00:00.000000,963.54,968.04,955.75,957.97,,0.0016934323149904926
2010-07-29T00:00:00.000000,955.19,972.53,954.62,972.53,,0.0013808210328985471
2010-07-30T00:00:00.000000,974.3,981.88,965.69,975.36,,0.001752274799178263
2010-07-31T00:00:00.000000,971.66,975.36,955.92,968.43,,0.001934513481304482
2010-08-03T00:00:00.000000,968.45,994.23,968.43,994.23,,0.0015460429295576846
2010-08-04T00:00:00.000000,995.2,996.21,975.64,975.64,,0.002240712059794644
2010-08-05T00:00:00.000000,971.41,978.01,955.95,978.01,,0.0024063572746110696
2010-08-06T00:00:00.000000,980.27,998.1,978.01,987.35,,0.002479966672366995
2010-08-07T00:00:00.000000,987.97,999.99,1000.17,1011.39,,0.001788117335043171
2010-08-10T00:00:00.000000,1013.25,1032.34,1013.25,1032.34,,0.002011844557767003
2010-08-11T00:00:00.000000,1031.98,999.04,1001.17,993.99,,0.0027997374474447024
2010-08-12T00:00:00.000000,991.28,999.63,1000.13,1004.64,,0.002498240677243299
2010-08-13T00:00:00.000000,994.05,999.96,1000.02,991.78,,0.0029431909665387107
2010-08-14T00:00:00.000000,992.63,999.98,1000.05,1007.21,,0.001967188128992104
2010-08-17T00:00:00.000000,1007.5,1031.04,1005.05,1030.22,,0.0012828942554771166
2010-08-18T00:00:00.000000,1031.08,1036.69,1023.23,1033.58,,0.0014003046343787958
2010-08-19T00:00:00.000000,1033.71,1035.61,1018.54,1026.72,,0.0017077446654523722
2010-08-20T00:00:00.000000,1026.98,1033.23,1021.7,1025.53,,0.0016097991333768491
2010-08-21T00:00:00.000000,1021.46,999.4,1000.21,995.94,,0.002287601190953131
2010-08-24T00:00:00.000000,994.94,999.98,1000.0,995.61,,0.0015126605308640121
2010-08-25T00:00:00.000000,993.58,999.91,1000.0,1004.99,,0.0016638082086892522
2010-08-26T00:00:00.000000,1000.27,999.95,1000.09,976.88,,0.0020928958095732973
2010-08-27T00:00:00.000000,978.6,984.83,973.01,980.63,,0.0016422662968674966
2010-08-28T00:00:00.000000,978.51,999.87,1000.09,999.46,,0.0016008509035360457
2010-08-31T00:00:00.000000,1002.99,1025.11,1004.22,1024.93,,0.001365480922810729
2010-09-01T00:00:00.000000,1020.75,1029.8,1015.21,1025.57,,0.0015685963454801723
2010-09-02T00:00:00.000000,1025.68,999.63,1000.0,995.59,,0.002382634634504111
2010-09-03T00:00:00.000000,1001.6,999.21,1000.01,1014.92,,0.0016644935250935062
2010-09-04T00:00:00.000000,1017.64,1045.03,1014.92,1036.7,,0.0023233630614694295
2010-09-07T00:00:00.000000,1039.46,1043.24,1007.43,1010.76,,0.001821845298108986
2010-09-08T00:00:00.000000,1010.12,1022.62,1007.7,1022.62,,0.0014938599195033022
2010-09-09T00:00:00.000000,1020.23,1027.48,1017.06,1026.33,,0.0010636152237174035
2010-09-10T00:00:00.000000,1029.11,1040.62,1019.81,1021.83,,0.0021726743520769994
2010-09-11T00:00:00.000000,1021.87,1037.5,1016.19,1034.94,,0.001697279971517097
2010-09-14T00:00:00.000000,1034.39,1045.35,1033.43,1042.48,,0.0010958686676683573
2010-09-15T00:00:00.000000,1044.3,1046.13,1028.81,1031.22,,0.001346614665444174
2010-09-16T00:00:00.000000,1029.52,999.55,1000.59,990.1,,0.0022362021264116156
2010-09-17T00:00:00.000000,989.49,994.73,964.6,972.6,,0.0022354387314788035
2010-09-18T00:00:00.000000,976.07,981.51,967.58,972.23,,0.0019178195785798226
2010-09-21T00:00:00.000000,972.45,975.18,947.5,949.2,,0.001875172393130985
2010-09-22T00:00:00.000000,952.07,953.75,930.25,934.46,,0.0014187373488672615
2010-09-28T00:00:00.000000,936.21,951.75,931.07,950.67,,0.0010681474877008428
2010-09-29T00:00:00.000000,949.63,949.89,939.7,942.05,,0.0012528717139696647
2010-09-30T00:00:00.000000,941.27,944.11,924.57,926.76,,0.0012206580021801687
2010-10-01T00:00:00.000000,923.83,942.54,921.57,942.54,,0.0008670196586565
2010-10-09T00:00:00.000000,946.47,963.12,945.77,959.86,,0.0010618778425353886
2010-10-12T00:00:00.000000,960.91,961.17,941.91,947.11,,0.0010130966685395588
2010-10-13T00:00:00.000000,946.63,959.98,945.43,951.79,,0.0010581440318178435
2010-10-14T00:00:00.000000,951.33,962.74,940.88,962.74,,0.0012476993894264907
2010-10-15T00:00:00.000000,963.29,975.91,957.02,958.5,,0.0017854497389231529
2010-10-16T00:00:00.000000,954.12,958.5,937.26,944.25,,0.0015396587371356632
2010-10-19T00:00:00.000000,941.87,941.87,914.07,932.36,,0.0023520444110798843
2010-10-20T00:00:00.000000,932.83,999.67,1000.16,995.92,,0.0032687575698081527
2010-10-21T00:00:00.000000,986.65,999.93,1000.0,1004.54,,0.0023323184363732994
2010-10-22T00:00:00.000000,1001.68,997.28,983.76,991.84,,0.0024644274784467327
2010-10-23T00:00:00.000000,991.13,999.78,1000.32,1013.45,,0.0018645151560588548
2010-10-26T00:00:00.000000,1018.08,1043.03,1013.45,1039.05,,0.002187387858876107
2010-10-27T00:00:00.000000,1041.53,1041.53,1020.96,1036.01,,0.0014730892005949266
2010-10-28T00:00:00.000000,1034.86,1048.52,1028.72,1030.59,,0.0017630978284486072
2010-10-29T00:00:00.000000,1024.7,1038.62,1023.54,1038.62,,0.0012886675080237935
2010-10-30T00:00:00.000000,1042.4,1069.75,1038.62,1064.52,,0.002310174901956645
2010-11-02T00:00:00.000000,1071.63,1113.58,1071.63,1107.52,,0.0031014286250416524
2010-11-03T00:00:00.000000,1108.09,1108.09,1074.58,1075.15,,0.0018790672522467672
2010-11-04T00:00:00.000000,1063.2,1063.2,1040.62,1040.62,,0.0030463842251052956
2010-11-05T00:00:00.000000,1041.42,1057.71,1037.26,1057.71,,0.0016468429256568187
2010-11-06T00:00:00.000000,1067.87,1072.22,1057.71,1072.22,,0.0012528230518540945
2010-11-09T00:00:00.000000,1077.5,1107.06,1077.5,1107.06,,0.001854723743325704
2010-11-10T00:00:00.000000,1110.43,1117.4,1102.13,1115.65,,0.001507545289028531
2010-11-11T00:00:00.000000,1115.74,1147.46,1113.75,1141.58,,0.0017314396519473643
2010-11-12T00:00:00.000000,1137.08,1163.64,1132.36,1132.72,,0.0021739789383903242
2010-11-13T00:00:00.000000,1126.85,1140.5,1080.27,1082.24,,0.004408385728691442
2010-11-16T00:00:00.000000,1087.81,1148.54,1082.24,1148.54,,0.0033017826857697774
2010-11-17T00:00:00.000000,1154.41,1175.18,1111.58,1126.17,,0.004538691099413126
2010-11-18T00:00:00.000000,1126.18,1132.86,1081.24,1085.35,,0.0040704305101163475
2010-11-19T00:00:00.000000,1090.14,1102.85,1077.36,1102.85,,0.002857490417162936
2010-11-20T00:00:00.000000,1106.75,1153.17,1105.67,1153.17,,0.0033094444978603
2010-11-23T00:00:00.000000,1153.26,1194.1,1153.17,1174.94,,0.003570374314495803
2010-11-24T00:00:00.000000,1172.06,1183.79,1148.81,1183.5,,0.0033399438430487846
2010-11-25T00:00:00.000000,1176.42,1208.45,1175.39,1208.45,,0.0020705260374430743
2010-11-26T00:00:00.000000,1212.77,1215.57,1177.86,1186.36,,0.001998686141496899
2010-11-27T00:00:00.000000,1184.8,1200.31,1179.35,1196.02,,0.0020021752864030204
2010-11-30T00:00:00.000000,1195.31,1221.63,1193.57,1220.11,,0.001742832677522897
2010-12-01T00:00:00.000000,1219.08,1220.11,1147.03,1181.5,,0.004238512138236538
2010-12-02T00:00:00.000000,1176.61,1182.54,1169.99,1177.17,,0.001800546044862194
2010-12-03T00:00:00.000000,1177.18,1192.35,1177.18,1177.84,,0.0018037984132227257
2010-12-04T00:00:00.000000,1177.17,1178.67,1148.09,1157.94,,0.0017744418684001904
2010-12-07T00:00:00.000000,1157.72,1158.88,1124.97,1134.38,,0.0016229179395427118
2010-12-08T00:00:00.000000,1132.33,1162.58,1123.91,1161.69,,0.001963096047467708
2010-12-09T00:00:00.000000,1160.92,1176.34,1158.1,1160.24,,0.0015376088515144236
2010-12-10T00:00:00.000000,1158.82,1160.66,1144.24,1144.53,,0.0018410348064657762
2010-12-11T00:00:00.000000,1139.83,1167.61,1136.46,1166.8,,0.001702536431228217
2010-12-14T00:00:00.000000,1175.51,1210.75,1166.8,1209.27,,0.0021302246437599217
2010-12-15T00:00:00.000000,1211.46,1219.61,1204.68,1218.52,,0.001315119185255493
2010-12-16T00:00:00.000000,1217.81,1223.97,1209.44,1211.8,,0.001327417544172865
2010-12-17T00:00:00.000000,1209.62,1233.55,1209.62,1225.03,,0.001545439478873718
2010-12-18T00:00:00.000000,1222.93,1233.27,1222.93,1232.98,,0.0012827678041481777
2010-12-21T00:00:00.000000,1235.67,1238.91,1180.79,1212.34,,0.0033429489303607924
2010-12-22T00:00:00.000000,1212.09,1222.3,1204.5,1215.02,,0.0014994329578696562
2010-12-23T00:00:00.000000,1214.77,1215.39,1199.87,1201.65,,0.0013428699320946673
2010-12-24T00:00:00.000000,1198.74,1200.76,1176.23,1176.36,,0.0015904851953754797
2010-12-25T00:00:00.000000,1170.7,1170.7,1140.15,1144.5,,0.0023625701549493667
2010-12-28T00:00:00.000000,1145.7,1154.35,1100.9,1105.3,,0.0024972300160310654
2010-12-29T00:00:00.000000,1098.94,1099.18,1080.56,1091.48,,0.0024464022845081344
2010-12-30T00:00:00.000000,1091.82,1113.31,1091.82,1113.31,,0.0017297952497698802
2010-12-31T00:00:00.000000,1113.56,1122.39,1106.62,1117.21,,0.0015633745878023836
2011-01-01T00:00:00.000000,1117.36,1138.41,1117.21,1137.66,,0.0010977237790217131
2011-01-05T00:00:00.000000,1142.17,1155.52,1137.66,1155.11,,0.0010621163599048506
2011-01-06T00:00:00.000000,1153.91,1159.1,1146.56,1155.35,,0.0013578097639409888
2011-01-07T00:00:00.000000,1153.63,1159.31,1134.1,1134.79,,0.0013468521554660766
2011-01-08T00:00:00.000000,1132.73,1139.77,1119.72,1126.52,,0.0015005544119513644
2011-01-11T00:00:00.000000,1124.34,1124.34,1089.21,1093.77,,0.0016520736398797874
2011-01-12T00:00:00.000000,1089.99,1093.77,1068.43,1078.37,,0.001920159595378495
2011-01-13T00:00:00.000000,1083.12,1095.26,1071.25,1089.67,,0.002056176000427831
2011-01-14T00:00:00.000000,1094.83,1097.0,1089.67,1093.86,,0.0012268285553493888
2011-01-15T00:00:00.000000,1092.09,1093.86,1065.94,1067.42,,0.0017409501669592303
2011-01-18T00:00:00.000000,1066.43,1067.42,1025.66,1028.16,,0.0021888163966639522
2011-01-19T00:00:00.000000,1021.84,1029.85,1014.87,1025.72,,0.001991024517298082
2011-01-20T00:00:00.000000,1025.93,1048.54,1023.23,1048.54,,0.001326129708549714
2011-01-21T00:00:00.000000,1047.77,1051.43,1020.39,1020.39,,0.0019911804301285
2011-01-22T00:00:00.000000,1014.72,1033.27,1013.3,1024.51,,0.002147202065400703
2011-01-25T00:00:00.000000,1024.79,999.81,1000.01,994.97,,0.0022506517703333
2011-01-26T00:00:00.000000,992.57,994.97,968.45,979.0,,0.002253583031260766
2011-01-27T00:00:00.000000,978.07,995.76,978.07,995.74,,0.0014685667413568634
2011-01-28T00:00:00.000000,991.06,999.84,1000.2,1013.02,,0.0019828465396749977
2011-01-29T00:00:00.000000,1013.64,1023.63,1011.36,1020.94,,0.001128907718155516
2011-02-01T00:00:00.000000,1021.63,1030.16,1014.53,1029.12,,0.0009070329106196274
2011-02-02T00:00:00.000000,1029.67,1034.07,1026.94,1032.6,,0.0007395710767903576
2011-02-10T00:00:00.000000,1026.45,1037.83,1021.98,1025.15,,0.0017174403521382664
2011-02-11T00:00:00.000000,1026.25,1063.95,1024.71,1063.95,,0.0014462364261390492
2011-02-12T00:00:00.000000,1067.19,1075.56,1065.15,1071.58,,0.0011002591332268292
2011-02-15T00:00:00.000000,1072.31,1087.31,1072.31,1086.56,,0.0010059768856366467
2011-02-16T00:00:00.000000,1086.8,1097.52,1082.39,1087.72,,0.0011743482018240431
2011-02-17T00:00:00.000000,1087.73,1107.24,1083.89,1107.24,,0.0012599072090257975
2011-02-18T00:00:00.000000,1108.63,1116.94,1103.98,1115.33,,0.0014460126614956428
2011-02-19T00:00:00.000000,1114.45,1114.56,1098.59,1100.46,,0.0015169837194849256
2011-02-22T00:00:00.000000,1096.17,1117.67,1094.61,1117.67,,0.0012654342486191985
2011-02-23T00:00:00.000000,1118.61,1122.18,1087.14,1088.27,,0.002194530476090648
2011-02-24T00:00:00.000000,1088.08,1117.26,1088.08,1114.05,,0.0019520585939015597
2011-02-25T00:00:00.000000,1112.43,1114.05,1094.73,1101.95,,0.0015338671583776527
2011-02-26T00:00:00.000000,1098.11,1098.56,1085.88,1095.1,,0.0014654530577337904
2011-03-01T00:00:00.000000,1096.34,1099.78,1087.82,1099.78,,0.0009690442075174706
2011-03-02T00:00:00.000000,1100.81,1102.55,1092.08,1098.0,,0.0011270407451295023
2011-03-03T00:00:00.000000,1094.97,1098.0,1077.71,1088.9,,0.0017275975104208106
2011-03-04T00:00:00.000000,1088.89,1091.7,1062.43,1064.31,,0.0014913154160219053
2011-03-05T00:00:00.000000,1063.43,1071.86,1056.56,1071.86,,0.0009921965972912652
2011-03-08T00:00:00.000000,1073.93,1078.11,1069.99,1078.11,,0.0008940513272918308
2011-03-09T00:00:00.000000,1079.53,1085.28,1074.24,1084.82,,0.0009998985617637715
2011-03-10T00:00:00.000000,1084.7,1087.3,1075.53,1087.3,,0.0009778751148837067
2011-03-11T00:00:00.000000,1088.34,1103.54,1087.69,1093.9,,0.0012055074209630795
2011-03-12T00:00:00.000000,1090.21,1113.01,1088.71,1101.76,,0.0014998968545233081
2011-03-15T00:00:00.000000,1099.32,1107.54,1096.01,1107.54,,0.0012020587069137936
2011-03-16T00:00:00.000000,1108.2,1108.2,1078.26,1094.95,,0.00214496246618031
2011-03-17T00:00:00.000000,1094.12,1102.66,1094.12,1102.21,,0.0009401940063981808
2011-03-18T00:00:00.000000,1096.22,1096.22,1074.93,1078.37,,0.002114572564306377
2011-03-19T00:00:00.000000,1081.6,1088.31,1079.7,1083.6,,0.001372657727738734
2011-03-22T00:00:00.000000,1083.15,1084.44,1068.36,1070.6,,0.0009693895968887043
2011-03-23T00:00:00.000000,1072.39,1073.97,1057.86,1067.29,,0.0011858276077137044
2011-03-24T00:00:00.000000,1066.17,1076.56,1064.65,1076.56,,0.0006827863929825421
2011-03-25T00:00:00.000000,1078.02,1081.59,1074.05,1077.99,,0.0007612850282687087
2011-03-26T00:00:00.000000,1077.34,1078.01,1069.46,1072.34,,0.0005616950370230127
2011-03-29T00:00:00.000000,1072.89,1074.32,1051.02,1052.11,,0.0008077762058288871
2011-03-30T00:00:00.000000,1050.29,1052.11,1018.08,1019.04,,0.0016286884596893876
2011-03-31T00:00:00.000000,1017.17,1019.17,1004.39,1006.37,,0.0012701653798904478
2011-04-01T00:00:00.000000,1006.72,1019.26,1005.39,1008.3,,0.0014556990645064106
2011-04-02T00:00:00.000000,1006.04,1015.08,1002.91,1015.08,,0.0008687793958667739
2011-04-07T00:00:00.000000,1011.68,999.83,1000.16,994.26,,0.000985825194484435
2011-04-08T00:00:00.000000,993.38,999.94,1000.01,1004.41,,0.0007338723826599797
2011-04-09T00:00:00.000000,1004.14,1019.14,1002.52,1019.14,,0.0007037021162169846
2011-04-12T00:00:00.000000,1021.3,1022.53,1002.52,1002.8,,0.000896965014573217
2011-04-13T00:00:00.000000,1000.77,999.99,1000.16,1000.16,,0.0008817818134072827
2011-04-14T00:00:00.000000,999.53,999.78,1000.15,1020.75,,0.0010946682766939848
2011-04-15T00:00:00.000000,1021.1,1021.41,1014.0,1016.62,,0.0008380002291695564
2011-04-16T00:00:00.000000,1015.97,1016.62,1002.68,1010.06,,0.0008978914142484438
2011-04-19T00:00:00.000000,1008.48,1010.64,1000.18,1003.26,,0.0007303899635826575
2011-04-20T00:00:00.000000,1000.88,997.72,986.93,994.3,,0.001424558314917896
2011-04-21T00:00:00.000000,993.94,999.98,1000.1,1008.18,,0.0008348928000478378
2011-04-22T00:00:00.000000,1007.98,1017.7,1006.91,1010.56,,0.0007332882375633324
2011-04-23T00:00:00.000000,1008.17,1010.56,1000.92,1004.65,,0.001181323652889453
2011-04-26T00:00:00.000000,1001.08,999.0,975.07,975.17,,0.0016250935611109797
2011-04-27T00:00:00.000000,970.96,973.46,955.05,958.29,,0.001631325164096665
2011-04-28T00:00:00.000000,956.77,961.38,937.17,942.54,,0.0013065480389620903
2011-04-29T00:00:00.000000,941.2,944.58,903.03,904.15,,0.0019647618733479935
2011-04-30T00:00:00.000000,901.16,912.72,897.36,912.72,,0.00154805279051418
2011-05-04T00:00:00.000000,911.79,923.0,907.47,922.07,,0.0013454457268587128
2011-05-05T00:00:00.000000,919.67,922.07,901.93,903.99,,0.0018228231445064085
2011-05-06T00:00:00.000000,901.48,919.54,900.47,914.59,,0.0013881052390158262
2011-05-07T00:00:00.000000,910.14,920.74,905.08,918.28,,0.0017956888743519911
2011-05-10T00:00:00.000000,920.12,935.9,920.12,931.77,,0.001292504704231429
2011-05-11T00:00:00.000000,932.88,933.14,925.04,931.21,,0.000856542165011716
2011-05-12T00:00:00.000000,931.51,933.19,923.3,929.95,,0.0008937716545961703
2011-05-13T00:00:00.000000,927.15,927.15,909.25,909.25,,0.0015031583360625058
2011-05-14T00:00:00.000000,909.26,912.53,897.91,909.77,,0.0014631015709967003
2011-05-17T00:00:00.000000,911.34,915.99,906.08,906.34,,0.0008425502383394601
2011-05-18T00:00:00.000000,903.98,904.27,890.48,895.15,,0.0015926181015330956
2011-05-19T00:00:00.000000,891.99,894.82,888.33,890.79,,0.0012612984965306685
2011-05-20T00:00:00.000000,891.48,895.54,884.02,884.89,,0.0010604397105403467
2011-05-21T00:00:00.000000,884.06,884.24,874.03,875.43,,0.0009178316547137526
2011-05-24T00:00:00.000000,873.31,875.43,840.75,840.9,,0.001802614207336801
2011-05-25T00:00:00.000000,836.79,876.48,828.5,870.94,,0.003282854179088508
2011-05-26T00:00:00.000000,867.68,870.94,842.27,842.35,,0.00198599584294708
2011-05-27T00:00:00.000000,843.62,852.91,830.66,830.92,,0.0020517135529144895
2011-05-28T00:00:00.000000,830.61,835.79,819.95,822.94,,0.002405158615258151
2011-05-31T00:00:00.000000,819.87,844.94,816.39,834.32,,0.0026587036909027106
2011-06-01T00:00:00.000000,836.35,846.32,828.66,846.32,,0.0018902861097613228
2011-06-02T00:00:00.000000,846.48,852.65,843.31,851.17,,0.0012811506964698698
2011-06-03T00:00:00.000000,841.52,851.17,823.2,833.74,,0.0029594877414708047
2011-06-04T00:00:00.000000,833.44,849.72,832.67,847.54,,0.0012647826861330504
2011-06-08T00:00:00.000000,847.55,848.2,842.55,847.71,,0.0010978862574932138
2011-06-09T00:00:00.000000,846.67,847.71,836.99,844.98,,0.001157904963440884
2011-06-10T00:00:00.000000,843.58,844.98,828.02,828.02,,0.0014854902964220968
2011-06-11T00:00:00.000000,825.55,826.54,811.23,824.03,,0.0017210984097904857
2011-06-14T00:00:00.000000,820.24,833.25,811.44,829.36,,0.002593381103011836
2011-06-15T00:00:00.000000,829.51,840.59,829.27,838.47,,0.0009929202624010657
2011-06-16T00:00:00.000000,837.54,840.38,827.02,827.53,,0.001258853602255256
2011-06-17T00:00:00.000000,822.37,822.41,810.18,810.71,,0.002047121712306072
2011-06-18T00:00:00.000000,809.16,813.18,801.46,802.64,,0.0015311165300750673
2011-06-21T00:00:00.000000,800.62,800.62,787.59,791.76,,0.0018102020360136596
2011-06-22T00:00:00.000000,792.0,796.75,786.35,795.61,,0.0013327326681236346
2011-06-23T00:00:00.000000,797.42,798.15,788.57,791.51,,0.0010853136782948086
2011-06-24T00:00:00.000000,790.7,815.76,783.98,814.44,,0.002070172179827163
2011-06-25T00:00:00.000000,812.31,835.27,810.6,832.32,,0.0015455977616233997
2011-06-28T00:00:00.000000,832.62,850.39,832.32,843.86,,0.0016203487421818721
2011-06-29T00:00:00.000000,843.98,844.96,836.94,844.18,,0.0011364508442323006
2011-06-30T00:00:00.000000,844.85,850.36,836.38,836.38,,0.0012718425250221772
2011-07-01T00:00:00.000000,834.82,846.88,834.82,845.92,,0.0010419124158230952
2011-07-02T00:00:00.000000,847.54,862.34,845.92,855.27,,0.001320670325285051
2011-07-05T00:00:00.000000,856.5,876.17,855.27,876.17,,0.0013061556473146394
2011-07-06T00:00:00.000000,877.52,885.74,876.17,883.42,,0.001338525935563974
2011-07-07T00:00:00.000000,881.6,894.28,877.82,894.28,,0.001430227752753142
2011-07-08T00:00:00.000000,893.6,911.87,891.73,899.8,,0.0018841727832176558
2011-07-09T00:00:00.000000,899.47,902.05,888.22,894.91,,0.0012948411440443569
2011-07-12T00:00:00.000000,894.07,903.9,889.82,903.31,,0.0011713473386146278
2011-07-13T00:00:00.000000,895.49,903.31,888.58,891.52,,0.002321690328159659
2011-07-14T00:00:00.000000,890.3,913.09,890.3,913.09,,0.0010511425736546229
2011-07-15T00:00:00.000000,913.49,932.77,913.49,932.77,,0.0014211409418028813
2011-07-16T00:00:00.000000,932.78,951.4,932.78,951.14,,0.001351729143954275
2011-07-19T00:00:00.000000,952.03,959.27,944.1,946.12,,0.0014437002766503784
2011-07-20T00:00:00.000000,940.42,946.12,924.09,927.3,,0.002143533616743537
2011-07-21T00:00:00.000000,932.21,937.75,920.22,930.83,,0.0018541382994388777
2011-07-22T00:00:00.000000,930.26,930.89,915.37,915.37,,0.001559765928969792
2011-07-23T00:00:00.000000,917.63,929.93,915.37,924.0,,0.0014038354593267541
2011-07-26T00:00:00.000000,920.85,924.0,884.1,887.06,,0.0022770997452699836
2011-07-27T00:00:00.000000,884.01,892.54,878.16,892.54,,0.0016447481186081185
2011-07-28T00:00:00.000000,890.03,917.16,883.97,915.55,,0.0020965749871796227
2011-07-29T00:00:00.000000,907.25,920.03,902.5,919.39,,0.002344569309307359
2011-07-30T00:00:00.000000,919.4,924.84,910.24,913.28,,0.00207446724595354
2011-08-02T00:00:00.000000,911.94,931.37,910.98,927.38,,0.0014582713985165708
2011-08-03T00:00:00.000000,923.09,932.12,905.01,932.12,,0.002353033342468499
2011-08-04T00:00:00.000000,922.81,951.59,918.64,945.51,,0.0025572614232714052
2011-08-05T00:00:00.000000,944.83,950.03,935.42,937.48,,0.0012174802346099126
2011-08-06T00:00:00.000000,905.16,937.48,899.32,919.18,,0.0055694547416701625
2011-08-09T00:00:00.000000,919.19,919.19,859.16,877.44,,0.004584634706112461
2011-08-10T00:00:00.000000,849.0,884.84,835.28,878.76,,0.006945657111285114
2011-08-11T00:00:00.000000,891.22,901.86,878.76,891.75,,0.0027680670185398154
2011-08-12T00:00:00.000000,873.12,915.49,870.29,915.49,,0.003452848341256404
2011-08-13T00:00:00.000000,920.29,932.78,915.49,926.3,,0.0019982529227112376
2011-08-16T00:00:00.000000,928.98,946.8,926.3,942.49,,0.0014303774561982116
2011-08-17T00:00:00.000000,942.95,944.87,929.79,933.14,,0.0014663028238792377
2011-08-18T00:00:00.000000,932.01,941.45,926.02,936.16,,0.0014147047483998728
2011-08-19T00:00:00.000000,934.58,936.16,915.26,915.68,,0.0016758150194415191
2011-08-20T00:00:00.000000,895.65,915.68,891.8,912.42,,0.0035554258951596813
2011-08-23T00:00:00.000000,913.61,925.39,907.86,910.61,,0.0019023240814801572
2011-08-24T00:00:00.000000,912.35,936.42,910.61,936.42,,0.0018568104989499577
2011-08-25T00:00:00.000000,940.42,954.23,936.42,940.2,,0.0019221834241254724
2011-08-26T00:00:00.000000,942.64,943.72,927.36,942.94,,0.0014901222440085388
2011-08-27T00:00:00.000000,940.53,954.72,937.97,952.81,,0.0013192100911154575
2011-08-30T00:00:00.000000,951.55,959.67,947.73,954.03,,0.0013763572707574463
2011-08-31T00:00:00.000000,957.29,960.15,933.82,934.18,,0.0014462605271566285
2011-09-01T00:00:00.000000,934.19,936.1,911.82,921.5,,0.0021915633130696567
2011-09-02T00:00:00.000000,921.97,930.19,913.16,917.75,,0.0015800324293510349
2011-09-03T00:00:00.000000,916.07,918.59,902.48,909.85,,0.0017522835536411333
2011-09-06T00:00:00.000000,902.37,909.85,883.46,883.87,,0.002616266465136973
2011-09-07T00:00:00.000000,876.71,884.61,869.81,874.74,,0.0019438927121477128
2011-09-08T00:00:00.000000,877.87,899.61,874.74,899.61,,0.0019493468653816455
2011-09-09T00:00:00.000000,903.25,909.88,891.52,891.93,,0.0016080458342513431
2011-09-10T00:00:00.000000,889.47,895.84,877.53,881.58,,0.0014513225258854362
2011-09-14T00:00:00.000000,870.04,881.58,858.91,861.92,,0.0030326351606815437
2011-09-15T00:00:00.000000,864.08,876.95,855.34,876.95,,0.002046334476868599
2011-09-16T00:00:00.000000,877.93,885.71,875.68,875.86,,0.0012864494951130797
2011-09-17T00:00:00.000000,878.56,883.1,873.55,874.88,,0.0012023840671851287
2011-09-20T00:00:00.000000,871.88,874.88,854.64,854.71,,0.0017910837117219931
2011-09-21T00:00:00.000000,850.97,861.18,846.03,856.81,,0.0017038637224971124
2011-09-22T00:00:00.000000,856.8,881.56,854.29,881.03,,0.0018808137227991834
2011-09-23T00:00:00.000000,876.25,881.03,852.92,852.92,,0.0017649322143747388
2011-09-24T00:00:00.000000,840.18,848.27,833.77,843.48,,0.0035306964939040525
2011-09-27T00:00:00.000000,842.0,848.82,826.83,829.35,,0.0014777712183308865
2011-09-28T00:00:00.000000,833.64,839.19,822.84,830.88,,0.0020284087637867016
2011-09-29T00:00:00.000000,834.03,838.33,814.34,817.51,,0.001757675750614207
2011-09-30T00:00:00.000000,817.52,817.52,791.05,791.89,,0.0028185248263862812
2011-10-01T00:00:00.000000,792.76,796.48,781.79,791.13,,0.0016173401973105495
2011-10-11T00:00:00.000000,792.97,796.86,786.84,790.04,,0.0014184718185903322
2011-10-12T00:00:00.000000,806.7,812.45,778.05,786.15,,0.003448979000041716
2011-10-13T00:00:00.000000,783.43,817.02,773.93,816.14,,0.0030797718145484025
2011-10-14T00:00:00.000000,816.53,835.63,814.63,833.02,,0.001950077534430751
2011-10-15T00:00:00.000000,830.48,833.03,819.98,830.2,,0.0017941521444615955
2011-10-18T00:00:00.000000,832.86,839.26,826.81,832.29,,0.0014533751982518115
2011-10-19T00:00:00.000000,826.53,832.29,806.0,806.6,,0.002182147020184052
2011-10-20T00:00:00.000000,807.21,813.95,798.8,804.44,,0.00205082315809438
2011-10-21T00:00:00.000000,801.02,804.44,771.15,778.95,,0.0029203109687379047
2011-10-22T00:00:00.000000,777.03,779.46,760.16,763.29,,0.002043304568778812
2011-10-25T00:00:00.000000,763.3,772.96,741.33,772.41,,0.003328417463166294
2011-10-26T00:00:00.000000,770.84,799.1,769.29,797.86,,0.00242608346775651
2011-10-27T00:00:00.000000,794.29,820.81,791.0,811.13,,0.0021619862433266135
2011-10-28T00:00:00.000000,810.72,821.29,807.12,810.92,,0.0016198272329080192
2011-10-29T00:00:00.000000,820.42,833.73,810.92,833.42,,0.002165865595008429
2011-11-01T00:00:00.000000,834.3,852.8,831.5,852.8,,0.0018962845007968125
2011-11-02T00:00:00.000000,843.8,855.35,840.06,853.36,,0.0024187431949421923
2011-11-03T00:00:00.000000,837.07,881.05,833.9,881.05,,0.003278255293161762
2011-11-04T00:00:00.000000,885.87,898.31,877.66,877.66,,0.002751879422097181
2011-11-05T00:00:00.000000,881.62,887.67,876.44,882.25,,0.0018247978689651953
2011-11-08T00:00:00.000000,880.15,889.34,876.54,878.76,,0.00154064447126377
2011-11-09T00:00:00.000000,878.45,879.9,861.38,862.36,,0.0016372447891422877
2011-11-10T00:00:00.000000,866.91,891.12,860.75,891.12,,0.0025453714592957653
2011-11-11T00:00:00.000000,881.69,911.73,878.99,895.27,,0.0029679884193781875
2011-11-12T00:00:00.000000,893.72,901.8,885.59,891.19,,0.0019643072682725207
2011-11-15T00:00:00.000000,899.11,917.27,891.19,915.98,,0.0023260487535932423
2011-11-16T00:00:00.000000,916.62,922.81,912.81,920.97,,0.0014502983601829848
2011-11-17T00:00:00.000000,921.3,922.07,888.88,893.51,,0.002030402175322053
2011-11-18T00:00:00.000000,893.79,911.9,890.82,898.34,,0.0019610330718274793
2011-11-19T00:00:00.000000,892.63,898.34,868.26,869.19,,0.0024869737795279135
2011-11-22T00:00:00.000000,866.98,869.19,849.56,863.13,,0.002193169757547846
2011-11-23T00:00:00.000000,856.2,868.43,852.04,868.43,,0.0023268240678456036
2011-11-24T00:00:00.000000,868.78,874.3,863.06,864.81,,0.0019736720592727717
2011-11-25T00:00:00.000000,856.67,874.92,852.0,868.14,,0.0024935661554393957
2011-11-26T00:00:00.000000,866.99,874.48,860.63,863.5,,0.0013168494469016914
2011-11-29T00:00:00.000000,864.38,871.28,858.46,866.84,,0.0018381421997528458
2011-11-30T00:00:00.000000,872.2,880.31,866.74,880.31,,0.0014107776951090807
2011-12-01T00:00:00.000000,878.68,880.31,824.95,838.11,,0.0031994823860196577
2011-12-02T00:00:00.000000,861.54,872.34,838.11,852.87,,0.0042950941391696725
2011-12-03T00:00:00.000000,849.18,852.87,825.08,829.18,,0.0026697447751233188
2011-12-06T00:00:00.000000,825.6,829.18,790.3,792.5,,0.002780669312545669
2011-12-07T00:00:00.000000,788.43,801.93,783.28,798.1,,0.0024860834762299115
2011-12-08T00:00:00.000000,797.18,806.42,794.37,802.63,,0.0018559937157185285
2011-12-09T00:00:00.000000,799.49,819.97,788.62,809.43,,0.002738591236206384
2011-12-10T00:00:00.000000,802.13,812.17,796.19,798.84,,0.0024763852889567546
2011-12-13T00:00:00.000000,798.81,803.74,789.79,790.79,,0.0014986818307018389
2011-12-14T00:00:00.000000,787.08,790.79,765.04,768.92,,0.0023781917368732165
2011-12-15T00:00:00.000000,766.18,773.77,754.32,755.76,,0.0020876293152447957
2011-12-16T00:00:00.000000,751.55,756.81,743.27,746.55,,0.003020696257835762
2011-12-17T00:00:00.000000,746.56,778.78,745.52,778.77,,0.0026442456001823755
2011-12-20T00:00:00.000000,778.78,793.44,767.07,793.44,,0.003215049815126758
2011-12-21T00:00:00.000000,791.82,799.66,780.92,781.42,,0.0020219411937562794
2011-12-22T00:00:00.000000,786.98,791.23,760.92,761.34,,0.002466781376685261
2011-12-23T00:00:00.000000,754.48,767.32,727.74,757.9,,0.004856923087769979
2011-12-24T00:00:00.000000,754.89,770.38,750.96,761.44,,0.002669775772348259
2011-12-27T00:00:00.000000,760.67,769.92,751.61,753.05,,0.0016531699069596607
2011-12-28T00:00:00.000000,749.61,753.05,725.11,727.17,,0.0029558856777534446
2011-12-29T00:00:00.000000,721.84,727.17,700.11,717.55,,0.0030493864702803956
2011-12-30T00:00:00.000000,714.58,722.2,710.65,716.55,,0.0016380158893084878
2011-12-31T00:00:00.000000,718.03,730.53,716.55,729.5,,0.0015861472890573393
2012-01-05T00:00:00.000000,734.74,737.91,707.11,707.11,,0.0021464996910132038
2012-01-06T00:00:00.000000,700.32,701.04,665.41,666.9,,0.0035720295316795173
2012-01-07T00:00:00.000000,666.91,672.13,645.8,669.02,,0.004076511372945449
2012-01-10T00:00:00.000000,667.86,692.42,657.18,692.42,,0.003296943049059981
2012-01-11T00:00:00.000000,691.65,718.29,690.5,716.45,,0.0023542601775642705
2012-01-12T00:00:00.000000,715.04,728.66,710.53,717.94,,0.002825572752783149
2012-01-13T00:00:00.000000,715.82,724.08,708.68,709.89,,0.002005315447693307
2012-01-14T00:00:00.000000,709.05,709.89,665.26,666.08,,0.003517033384271074
2012-01-17T00:00:00.000000,657.8,666.08,633.31,633.91,,0.003749833683697499
2012-01-18T00:00:00.000000,630.78,664.7,623.64,662.69,,0.003744102165657829
2012-01-19T00:00:00.000000,662.94,665.6,621.67,624.91,,0.003982101909151035
2012-01-20T00:00:00.000000,621.65,637.02,612.28,632.8,,0.003609075896465499
2012-01-21T00:00:00.000000,634.83,648.14,632.8,646.38,,0.0020927685754342914
2012-01-31T00:00:00.000000,649.42,660.06,644.88,651.25,,0.001847255519487669
2012-02-01T00:00:00.000000,649.37,651.25,637.43,648.68,,0.002322721019209073
2012-02-02T00:00:00.000000,647.49,663.27,644.58,650.78,,0.002308121689011813
2012-02-03T00:00:00.000000,652.06,665.4,652.06,665.4,,0.0017337968451697921
2012-02-04T00:00:00.000000,665.35,681.89,663.01,680.04,,0.0017765514134909838
2012-02-07T00:00:00.000000,680.05,689.96,680.05,686.51,,0.0017094767065134449
2012-02-08T00:00:00.000000,683.88,686.51,669.54,673.68,,0.0020813524949812954
2012-02-09T00:00:00.000000,673.07,692.3,669.63,692.3,,0.002052191104280517
2012-02-10T00:00:00.000000,692.36,705.7,690.68,697.79,,0.0022667910372994055
2012-02-11T00:00:00.000000,696.53,703.09,693.75,698.85,,0.00172636655967121
2012-02-14T00:00:00.000000,694.24,718.67,690.53,714.96,,0.0023587444582692926
2012-02-15T00:00:00.000000,714.75,717.77,707.97,712.3,,0.0018779443300588233
2012-02-16T00:00:00.000000,711.62,724.75,707.14,724.75,,0.0017672380195788411
2012-02-17T00:00:00.000000,723.43,731.45,714.4,721.83,,0.0017468877791657256
2012-02-18T00:00:00.000000,722.62,726.94,709.23,717.8,,0.001936483414807495
2012-02-21T00:00:00.000000,726.88,731.41,717.8,721.1,,0.0019034300254001186
2012-02-22T00:00:00.000000,719.29,736.88,713.65,736.88,,0.002064361887468038
2012-02-23T00:00:00.000000,737.78,759.56,736.88,759.56,,0.0021405769196055167
2012-02-24T00:00:00.000000,760.67,765.42,748.62,756.9,,0.0019688443638003605
2012-02-25T00:00:00.000000,756.16,764.74,755.19,762.29,,0.0018808713745564836
2012-02-28T00:00:00.000000,763.96,771.3,760.24,760.37,,0.0014379577844276087
2012-02-29T00:00:00.000000,757.45,760.37,737.37,747.77,,0.0021506324907938136
2012-03-01T00:00:00.000000,747.22,748.09,734.24,735.34,,0.0020285015964076
2012-03-02T00:00:00.000000,734.25,748.8,733.78,743.15,,0.0015083712197968917
2012-03-03T00:00:00.000000,743.85,757.67,743.15,757.67,,0.0012596400845302043
2012-03-06T00:00:00.000000,759.65,766.75,757.67,759.37,,0.001605413893431439
2012-03-07T00:00:00.000000,758.08,759.37,743.61,750.84,,0.0018353381974387094
2012-03-08T00:00:00.000000,743.05,759.45,740.61,749.27,,0.0022273825665992735
2012-03-09T00:00:00.000000,751.98,764.0,749.27,761.7,,0.001614780971847255
2012-03-10T00:00:00.000000,764.48,777.69,763.72,777.69,,0.0014066982474673403
2012-03-13T00:00:00.000000,779.51,786.05,777.69,786.05,,0.0016884675356917767
2012-03-14T00:00:00.000000,785.53,792.38,782.94,792.38,,0.001250086079993667
2012-03-15T00:00:00.000000,795.12,799.83,750.13,756.46,,0.004551153989346443
2012-03-16T00:00:00.000000,754.53,759.53,735.09,746.44,,0.003248448684784774
2012-03-17T00:00:00.000000,748.05,765.56,745.35,765.56,,0.0024931987453981493
2012-03-20T00:00:00.000000,764.95,779.56,763.36,779.56,,0.0021780659701518272
2012-03-21T00:00:00.000000,777.39,779.56,755.4,755.58,,0.0025793015697987746
2012-03-22T00:00:00.000000,758.89,761.34,737.99,751.79,,0.0026081894136492497
2012-03-23T00:00:00.000000,750.45,756.35,744.89,750.85,,0.0019859311246752465
2012-03-24T00:00:00.000000,748.87,750.85,735.15,737.89,,0.0017985612236604944
2012-03-27T00:00:00.000000,735.16,742.26,731.31,737.21,,0.0018615935791322278
2012-03-28T00:00:00.000000,739.44,745.83,733.84,735.73,,0.0017354594457052513
2012-03-29T00:00:00.000000,732.68,735.73,697.51,698.49,,0.002656332574834375
2012-03-30T00:00:00.000000,692.37,698.49,676.99,683.96,,0.0031113105978789004
2012-03-31T00:00:00.000000,682.28,686.5,673.49,678.52,,0.0020670719839926298
2012-04-06T00:00:00.000000,677.76,698.3,676.51,697.75,,0.001915685026176745
2012-04-07T00:00:00.000000,697.86,705.38,695.65,701.9,,0.0015694970988069394
2012-04-10T00:00:00.000000,699.87,701.9,689.72,689.72,,0.002186403438080525
2012-04-11T00:00:00.000000,686.48,697.17,672.99,697.16,,0.0026969813037378745
2012-04-12T00:00:00.000000,697.17,701.93,685.75,698.49,,0.0028471508607479695
2012-04-13T00:00:00.000000,699.42,713.25,697.74,713.12,,0.00159628029619989
2012-04-14T00:00:00.000000,715.04,723.89,713.12,718.96,,0.001646780973815526
2012-04-17T00:00:00.000000,714.85,719.88,712.02,716.23,,0.0017935362375474002
2012-04-18T00:00:00.000000,716.53,718.46,708.4,709.14,,0.0016707638190648843
2012-04-19T00:00:00.000000,710.14,724.03,709.14,723.46,,0.0015639723945378623
2012-04-20T00:00:00.000000,723.83,728.46,721.59,725.12,,0.001429593468837553
2012-04-21T00:00:00.000000,724.13,728.72,720.83,728.72,,0.0011338620735345537
2012-04-24T00:00:00.000000,724.9,728.72,689.44,690.43,,0.0032120169550787733
2012-04-25T00:00:00.000000,680.61,690.43,663.92,681.53,,0.004037508998812512
2012-04-26T00:00:00.000000,679.75,684.48,674.55,682.52,,0.001767991096808178
2012-04-27T00:00:00.000000,683.02,685.82,673.94,678.44,,0.0014744060274849038
2012-04-28T00:00:00.000000,677.55,689.1,676.07,685.13,,0.0013293791830545111
2012-05-03T00:00:00.000000,692.35,696.42,685.13,693.61,,0.0018212373709163207
2012-05-04T00:00:00.000000,693.4,699.41,690.76,699.31,,0.0010728979864128058
2012-05-05T00:00:00.000000,699.88,713.84,699.31,713.19,,0.0014192652842184763
2012-05-08T00:00:00.000000,710.98,733.05,709.87,733.04,,0.0017261390562794137
2012-05-09T00:00:00.000000,733.05,738.52,730.55,731.72,,0.0015768180259795636
2012-05-10T00:00:00.000000,727.6,731.72,718.72,719.35,,0.002405182793490912
2012-05-11T00:00:00.000000,718.24,730.78,718.24,727.28,,0.0016699985711378013
2012-05-12T00:00:00.000000,727.29,730.83,720.93,721.08,,0.0013471295014154622
2012-05-15T00:00:00.000000,725.52,729.67,717.94,719.87,,0.0018951281087933108
2012-05-16T00:00:00.000000,714.58,720.21,709.63,720.12,,0.002013848240309203
2012-05-17T00:00:00.000000,718.71,722.21,709.88,709.96,,0.0016812975588879756
2012-05-18T00:00:00.000000,709.5,718.44,703.93,716.17,,0.0015591978389688328
2012-05-19T00:00:00.000000,711.69,717.27,705.25,706.22,,0.0019749813055479
2012-05-22T00:00:00.000000,705.86,709.68,698.81,704.8,,0.001655408831946172
2012-05-23T00:00:00.000000,706.92,714.91,704.8,714.66,,0.001342803605647713
2012-05-24T00:00:00.000000,715.03,717.2,705.2,713.02,,0.0014135585655016907
2012-05-25T00:00:00.000000,711.68,718.02,710.07,712.58,,0.0017045347786065507
2012-05-26T00:00:00.000000,713.04,714.9,700.62,702.72,,0.0014819122281738044
2012-05-29T00:00:00.000000,699.64,707.49,686.07,706.47,,0.0023244620036994407
2012-05-30T00:00:00.000000,705.78,721.73,704.2,720.45,,0.001430519376132211
2012-05-31T00:00:00.000000,720.57,731.28,719.14,727.19,,0.0012045579169555605
2012-06-01T00:00:00.000000,724.46,740.49,721.71,734.45,,0.0016040033637638033
2012-06-02T00:00:00.000000,733.62,739.93,730.02,734.26,,0.0013634987727370806
2012-06-05T00:00:00.000000,721.68,734.26,717.04,717.1,,0.003136472351085576
2012-06-06T00:00:00.000000,718.11,721.57,713.58,715.93,,0.001759643189940865
2012-06-07T00:00:00.000000,717.13,722.36,711.19,715.24,,0.0014742013353078425
2012-06-08T00:00:00.000000,721.56,725.29,709.17,711.43,,0.001885593456820098
2012-06-09T00:00:00.000000,716.42,721.36,710.27,713.92,,0.0018231609468961844
2012-06-12T00:00:00.000000,714.12,734.5,713.92,734.5,,0.0016480858244240664
2012-06-13T00:00:00.000000,731.04,739.02,729.71,735.29,,0.001585808225992564
2012-06-14T00:00:00.000000,735.6,746.51,735.29,746.5,,0.0015003704636822343
2012-06-15T00:00:00.000000,746.51,750.28,739.91,740.97,,0.0012124911482678342
2012-06-16T00:00:00.000000,742.38,747.3,733.33,742.27,,0.0017832175390807884
2012-06-19T00:00:00.000000,744.05,753.77,742.27,752.98,,0.0013942210676008676
2012-06-20T00:00:00.000000,751.27,752.98,746.09,747.49,,0.001318536827481209
2012-06-21T00:00:00.000000,747.64,751.9,746.03,748.39,,0.001169623547468511
2012-06-22T00:00:00.000000,746.61,748.39,732.17,739.05,,0.0017686743251397507
2012-06-26T00:00:00.000000,736.18,739.05,720.47,720.6,,0.0016783968673926182
2012-06-27T00:00:00.000000,716.3,720.6,703.03,715.92,,0.0023242949694733997
2012-06-28T00:00:00.000000,715.52,728.54,715.38,718.93,,0.001624560022348387
2012-06-29T00:00:00.000000,719.09,723.07,710.9,711.14,,0.001643780028374315
2012-06-30T00:00:00.000000,708.11,726.68,705.86,726.68,,0.002193360291827605
2012-07-03T00:00:00.000000,730.77,744.96,726.68,741.19,,0.001687410248319824
2012-07-04T00:00:00.000000,742.2,751.36,739.92,743.9,,0.0013608331697996564
2012-07-05T00:00:00.000000,744.7,747.84,736.9,739.62,,0.0014335480788392042
2012-07-06T00:00:00.000000,738.49,739.62,721.36,724.31,,0.0019702183252934234
2012-07-07T00:00:00.000000,727.68,737.69,712.44,737.29,,0.002464039666423812
2012-07-10T00:00:00.000000,733.66,737.79,721.6,722.28,,0.0021117577791327814
2012-07-11T00:00:00.000000,719.89,722.28,710.73,713.53,,0.002411317838826569
2012-07-12T00:00:00.000000,710.89,719.3,706.72,719.3,,0.0019269709041080869
2012-07-13T00:00:00.000000,718.62,735.7,717.2,734.32,,0.0018904786964187253
2012-07-14T00:00:00.000000,731.49,736.46,722.65,725.79,,0.0017304606056808018
2012-07-17T00:00:00.000000,722.82,725.79,691.23,691.38,,0.002416439986232743
2012-07-18T00:00:00.000000,691.39,697.0,686.11,697.0,,0.002010569126034622
2012-07-19T00:00:00.000000,695.92,702.17,684.3,702.14,,0.0021377515045437026
2012-07-20T00:00:00.000000,701.23,714.92,698.48,709.17,,0.001614488349971651
2012-07-21T00:00:00.000000,707.83,714.15,704.87,706.25,,0.0012417306368408259
2012-07-24T00:00:00.000000,703.2,708.21,697.69,704.57,,0.0021456871408489834
2012-07-25T00:00:00.000000,700.58,712.1,698.39,706.4,,0.001852733401945276
2012-07-26T00:00:00.000000,704.7,715.97,703.35,708.3,,0.0015674951760866465
2012-07-27T00:00:00.000000,707.77,717.76,704.97,706.73,,0.0016355085844417024
2012-07-28T00:00:00.000000,707.97,711.57,698.18,703.58,,0.0017903385809096093
2012-07-31T00:00:00.000000,703.7,707.63,685.84,688.47,,0.0016632106121482401
2012-08-01T00:00:00.000000,686.54,687.69,672.28,676.96,,0.0027971467232468855
2012-08-02T00:00:00.000000,677.53,694.54,676.34,689.49,,0.001885857232930051
2012-08-03T00:00:00.000000,688.33,694.83,684.2,690.98,,0.0016810634295001505
2012-08-04T00:00:00.000000,691.79,711.93,690.26,711.92,,0.0016969413521933916
2012-08-07T00:00:00.000000,711.93,731.39,706.83,730.42,,0.001421274251099755
2012-08-08T00:00:00.000000,729.63,737.58,729.44,736.01,,0.0013241866278927107
2012-08-09T00:00:00.000000,734.88,736.01,723.98,730.07,,0.0013068286443249921
2012-08-10T00:00:00.000000,729.5,743.23,727.7,743.2,,0.0015481939911916025
2012-08-11T00:00:00.000000,743.28,744.84,736.55,743.07,,0.0011946190419770588
2012-08-14T00:00:00.000000,742.38,743.07,726.93,727.64,,0.0015049617684880696
2012-08-15T00:00:00.000000,726.84,736.45,714.65,736.35,,0.0022278033300084468
2012-08-16T00:00:00.000000,734.87,736.35,728.49,729.73,,0.001690619018518423
2012-08-17T00:00:00.000000,728.66,730.13,720.72,723.53,,0.0014823917321765136
2012-08-18T00:00:00.000000,721.33,723.53,714.02,721.05,,0.0015243900548917153
2012-08-21T00:00:00.000000,718.14,732.67,713.15,730.87,,0.0021635695553046926
2012-08-22T00:00:00.000000,730.29,752.78,729.99,748.93,,0.001953474844079804
2012-08-23T00:00:00.000000,748.94,756.53,743.61,746.85,,0.0015441263717883315
2012-08-24T00:00:00.000000,745.47,751.71,741.38,750.56,,0.0015161861719296954
2012-08-25T00:00:00.000000,747.73,750.56,733.31,733.31,,0.0017562312234566675
2012-08-28T00:00:00.000000,731.67,733.31,721.2,722.57,,0.001867342974734838
2012-08-29T00:00:00.000000,720.83,733.13,717.53,727.62,,0.0017651702634293798
2012-08-30T00:00:00.000000,726.7,736.74,722.82,726.94,,0.001793928159118151
2012-08-31T00:00:00.000000,727.21,729.05,692.14,704.03,,0.003456592377521693
2012-09-01T00:00:00.000000,704.04,710.02,698.62,706.63,,0.0016835444525921202
2012-09-04T00:00:00.000000,703.81,725.17,701.7,723.87,,0.0018002614202851294
2012-09-05T00:00:00.000000,724.7,732.36,721.52,722.72,,0.0016894224531735277
2012-09-06T00:00:00.000000,721.07,732.77,719.34,730.62,,0.0018103004342062538
2012-09-07T00:00:00.000000,732.46,739.74,731.24,739.74,,0.0016822066026630348
2012-09-08T00:00:00.000000,744.65,764.45,739.74,759.46,,0.0019440740060006887
2012-09-11T00:00:00.000000,759.69,765.31,756.03,762.31,,0.0013477613261938478
2012-09-12T00:00:00.000000,761.55,762.51,756.77,761.73,,0.0014989280904440575
2012-09-13T00:00:00.000000,763.04,766.52,754.32,762.51,,0.0016562099759959536
2012-09-14T00:00:00.000000,761.78,764.36,749.89,749.89,,0.001526824334670326
2012-09-15T00:00:00.000000,753.6,756.2,738.95,744.46,,0.002031202699436222
2012-09-18T00:00:00.000000,742.69,744.46,724.14,724.14,,0.0016189338912750814
2012-09-19T00:00:00.000000,724.15,730.36,720.45,723.61,,0.0014716259154079322
2012-09-20T00:00:00.000000,724.89,730.3,723.61,728.25,,0.0012817400830495286
2012-09-21T00:00:00.000000,727.96,728.25,704.91,706.69,,0.001539959480579945
2012-09-22T00:00:00.000000,703.42,706.69,689.53,691.14,,0.0020868882922707695
2012-09-25T00:00:00.000000,685.99,695.19,678.35,690.34,,0.0032365610726267074
2012-09-26T00:00:00.000000,688.21,693.76,680.65,682.34,,0.0014188327124517299
2012-09-27T00:00:00.000000,680.47,682.67,660.12,661.49,,0.0016477471228910172
2012-09-28T00:00:00.000000,662.78,680.48,661.49,676.96,,0.002491858380251428
2012-09-29T00:00:00.000000,674.19,691.06,671.61,689.64,,0.0015833390223920986
2012-10-09T00:00:00.000000,690.35,693.64,686.27,690.77,,0.0015543894207645853
2012-10-10T00:00:00.000000,691.39,712.78,691.39,712.7,,0.0017860231696832257
2012-10-11T00:00:00.000000,712.15,722.52,709.92,721.85,,0.0013255942198844412
2012-10-12T00:00:00.000000,720.39,724.7,711.63,711.8,,0.001568086909113404
2012-10-13T00:00:00.000000,711.83,721.26,700.97,708.87,,0.002278046895248988
2012-10-16T00:00:00.000000,706.23,707.13,694.12,701.96,,0.0018396090935099765
2012-10-17T00:00:00.000000,700.94,711.87,698.97,705.39,,0.0015231375894782194
2012-10-18T00:00:00.000000,706.09,711.41,701.64,709.09,,0.0016155523137458931
2012-10-19T00:00:00.000000,709.29,721.68,709.09,720.52,,0.0012059052179634352
2012-10-20T00:00:00.000000,720.85,722.61,715.92,719.45,,0.0009568994614923526
2012-10-23T00:00:00.000000,716.53,724.29,714.7,724.28,,0.0010946221900753398
2012-10-24T00:00:00.000000,723.83,725.38,710.55,711.26,,0.0011593164752344105
2012-10-25T00:00:00.000000,707.3,713.96,704.41,707.75,,0.001382964503821972
2012-10-26T00:00:00.000000,707.88,710.98,696.45,697.44,,0.0012853856289819956
2012-10-27T00:00:00.000000,695.89,697.46,680.91,685.33,,0.0014815470554025221
2012-10-30T00:00:00.000000,684.34,691.6,682.76,688.12,,0.0010374563760321728
2012-10-31T00:00:00.000000,688.51,694.67,687.79,689.61,,0.0013957393514369132
2012-11-01T00:00:00.000000,689.63,691.65,685.05,691.65,,0.001101717956446595
2012-11-02T00:00:00.000000,692.06,702.95,691.65,701.78,,0.0011128873146625004
2012-11-03T00:00:00.000000,702.03,703.13,697.06,701.38,,0.0008061874449035489
2012-11-06T00:00:00.000000,700.11,703.46,690.94,692.87,,0.001312351131647449
2012-11-07T00:00:00.000000,693.36,693.37,679.96,690.5,,0.001422524593701477
2012-11-08T00:00:00.000000,689.79,692.58,686.61,689.75,,0.0012188293321224745
2012-11-09T00:00:00.000000,684.88,689.75,675.76,675.85,,0.001981332363476875
2012-11-10T00:00:00.000000,674.59,679.02,671.69,672.67,,0.0010182977641819161
2012-11-13T00:00:00.000000,674.76,681.3,671.63,676.6,,0.001622134196656103
2012-11-14T00:00:00.000000,676.26,676.6,666.34,667.33,,0.0012745454413408256
2012-11-15T00:00:00.000000,666.4,667.78,657.58,665.18,,0.0012553461885445323
2012-11-16T00:00:00.000000,665.19,667.87,657.35,659.21,,0.001873648668116854
2012-11-17T00:00:00.000000,659.38,660.11,653.02,656.2,,0.0014249256776019967
2012-11-20T00:00:00.000000,654.78,657.38,647.87,656.94,,0.0016343210291316973
2012-11-21T00:00:00.000000,657.4,661.24,656.08,656.61,,0.0011045859172866103
2012-11-22T00:00:00.000000,656.44,661.89,646.64,660.03,,0.002257122395633256
2012-11-23T00:00:00.000000,659.13,660.03,650.39,651.83,,0.0013268550597658627
2012-11-24T00:00:00.000000,652.94,656.36,650.27,651.43,,0.0010181788623430024
2012-11-27T00:00:00.000000,651.06,651.43,638.38,638.88,,0.0011003673274992774
2012-11-28T00:00:00.000000,635.26,638.88,615.59,616.28,,0.0023282044709097647
2012-11-29T00:00:00.000000,611.91,616.28,605.69,607.67,,0.0019119998112633132
2012-11-30T00:00:00.000000,607.16,611.89,601.18,603.17,,0.0014331632764590472
2012-12-01T00:00:00.000000,602.95,608.54,601.05,606.77,,0.001381014941603495
2012-12-04T00:00:00.000000,605.6,607.25,593.2,593.66,,0.0015372812043222433
2012-12-05T00:00:00.000000,592.4,601.5,585.44,600.8,,0.0019644636787318
2012-12-06T00:00:00.000000,599.45,627.85,597.76,624.82,,0.0027748519942849617
2012-12-07T00:00:00.000000,625.16,630.22,619.49,624.32,,0.001696583164366783
2012-12-08T00:00:00.000000,624.15,638.17,622.22,637.49,,0.0015860353526573777
2012-12-11T00:00:00.000000,638.24,647.54,636.17,646.32,,0.00155334797112223
2012-12-12T00:00:00.000000,645.25,646.79,640.69,641.17,,0.001247080617194098
2012-12-13T00:00:00.000000,639.91,641.17,631.14,639.51,,0.001527387590242614
2012-12-14T00:00:00.000000,638.09,641.17,631.19,632.18,,0.0015337271143018617
2012-12-15T00:00:00.000000,631.45,656.59,631.22,656.22,,0.002036324602059246
2012-12-18T00:00:00.000000,656.75,658.39,646.27,649.61,,0.0014491439243312944
2012-12-19T00:00:00.000000,648.56,654.35,643.05,646.05,,0.001695501557871087
2012-12-20T00:00:00.000000,645.14,654.41,644.97,652.1,,0.0014503267490707048
2012-12-21T00:00:00.000000,652.04,658.31,648.49,658.31,,0.0017361006287345386
2012-12-22T00:00:00.000000,658.54,670.81,655.63,668.09,,0.0019678098618776166
2012-12-25T00:00:00.000000,666.28,679.76,665.88,679.76,,0.0014396552963040646
2012-12-26T00:00:00.000000,679.57,695.91,678.82,694.12,,0.00149730573527679
2012-12-27T00:00:00.000000,693.29,709.08,691.99,709.08,,0.0012085726083006076
2012-12-28T00:00:00.000000,709.91,712.85,699.37,699.57,,0.002019176645378229
2012-12-29T00:00:00.000000,698.91,707.67,694.77,707.67,,0.0014526830968419886
2013-01-01T00:00:00.000000,708.24,713.86,703.62,713.86,,0.0013488536335146525
2013-01-05T00:00:00.000000,717.3,718.39,699.17,705.34,,0.001857941421231889
2013-01-08T00:00:00.000000,704.37,718.11,702.39,718.11,,0.0014939075517132452
2013-01-09T00:00:00.000000,718.43,735.34,716.3,733.14,,0.0020658641125731914
2013-01-10T00:00:00.000000,732.01,740.64,727.91,734.51,,0.002066678141006937
2013-01-11T00:00:00.000000,734.31,743.55,734.31,741.18,,0.0016462954861663477
2013-01-12T00:00:00.000000,740.9,746.04,730.4,731.59,,0.0017704710597459285
2013-01-15T00:00:00.000000,735.65,761.73,735.18,760.55,,0.0019588508801814124
2013-01-16T00:00:00.000000,763.63,781.42,763.63,778.6,,0.002053889613072545
2013-01-17T00:00:00.000000,777.04,779.93,762.04,774.49,,0.0021646649885116074
2013-01-18T00:00:00.000000,773.79,775.82,767.49,768.31,,0.0020133552393307446
2013-01-19T00:00:00.000000,771.31,787.5,771.31,787.39,,0.002187102891277984
2013-01-22T00:00:00.000000,788.07,793.23,783.42,792.6,,0.0013436117930424305
2013-01-23T00:00:00.000000,792.31,792.55,769.09,775.13,,0.0019760627071580524
2013-01-24T00:00:00.000000,773.74,779.56,765.36,778.48,,0.0018185897500490296
2013-01-25T00:00:00.000000,778.64,784.32,750.36,757.87,,0.002707865439010729
2013-01-26T00:00:00.000000,757.61,766.78,756.61,762.85,,0.0016326969010625968
2013-01-29T00:00:00.000000,764.09,784.76,764.09,784.76,,0.0013895219580564605
2013-01-30T00:00:00.000000,785.76,795.07,785.76,791.67,,0.001621930404344368
2013-01-31T00:00:00.000000,791.96,792.77,778.3,783.68,,0.0015624189971643419
2013-02-01T00:00:00.000000,784.11,784.11,771.15,776.0,,0.0013813620075534888
2013-02-02T00:00:00.000000,775.11,785.52,772.94,782.36,,0.0014493089819325913
2013-02-05T00:00:00.000000,783.74,786.56,767.85,771.9,,0.0015275716088268842
2013-02-06T00:00:00.000000,768.41,781.57,765.97,780.98,,0.001574457192748916
2013-02-07T00:00:00.000000,781.32,794.5,781.32,791.26,,0.0010930101766301425
2013-02-08T00:00:00.000000,792.86,806.31,789.37,805.59,,0.001478646389836092
2013-02-09T00:00:00.000000,804.96,824.31,804.96,823.03,,0.0012056618920760027
2013-02-19T00:00:00.000000,829.66,835.66,825.95,835.28,,0.0016265352756800635
2013-02-20T00:00:00.000000,834.97,835.41,816.96,819.71,,0.0016697953865259217
2013-02-21T00:00:00.000000,819.03,850.86,819.03,850.86,,0.0017036668129381059
2013-02-22T00:00:00.000000,846.64,853.27,829.6,839.3,,0.0030113784892058103
2013-02-23T00:00:00.000000,837.13,848.16,836.87,838.76,,0.0014431664600705373
2013-02-26T00:00:00.000000,838.88,857.85,838.88,855.69,,0.0013775687267375011
2013-02-27T00:00:00.000000,853.28,865.8,849.94,851.22,,0.001755833315078734
2013-02-28T00:00:00.000000,852.13,856.12,835.94,846.09,,0.0018202538267171186
2013-03-01T00:00:00.000000,846.34,861.1,844.2,861.1,,0.0011897303857153804
2013-03-02T00:00:00.000000,860.8,885.18,859.83,884.89,,0.0016030933665396015
2013-03-05T00:00:00.000000,880.25,888.79,855.05,863.5,,0.0024223747361455253
2013-03-06T00:00:00.000000,861.23,888.32,857.54,888.1,,0.0017113988717827428
2013-03-07T00:00:00.000000,890.23,905.16,890.23,902.9,,0.0016001966718827375
2013-03-08T00:00:00.000000,902.41,902.41,867.87,877.34,,0.002491246170556589
2013-03-09T00:00:00.000000,877.73,882.14,861.81,864.7,,0.0016730294898597198
2013-03-12T00:00:00.000000,863.12,872.18,858.04,869.15,,0.0016218891222954134
2013-03-13T00:00:00.000000,869.72,873.47,828.04,839.84,,0.002852535613097543
2013-03-14T00:00:00.000000,835.46,836.28,821.35,834.05,,0.0021038866996488637
2013-03-15T00:00:00.000000,832.29,845.6,831.57,842.04,,0.0017067121788750662
2013-03-16T00:00:00.000000,841.71,867.87,839.58,853.91,,0.001978174937034159
2013-03-19T00:00:00.000000,852.15,862.82,850.1,852.12,,0.0018132403733062705
2013-03-20T00:00:00.000000,850.06,854.25,829.19,842.68,,0.0020004145435457334
2013-03-21T00:00:00.000000,842.71,866.27,842.58,866.27,,0.0013646262524408255
2013-03-22T00:00:00.000000,867.9,885.98,866.68,882.73,,0.0015941956789030632
2013-03-23T00:00:00.000000,881.9,884.24,876.92,882.0,,0.0012713791132017516
2013-03-26T00:00:00.000000,882.75,884.85,874.01,881.76,,0.001347097467851262
2013-03-27T00:00:00.000000,878.56,879.85,862.67,876.36,,0.0019405661047605818
2013-03-28T00:00:00.000000,876.55,885.77,874.25,882.75,,0.0014538921159447308
2013-03-29T00:00:00.000000,877.85,877.85,861.65,867.51,,0.003337007019685001
2013-03-30T00:00:00.000000,868.09,872.78,860.96,866.46,,0.0014787815591962977
2013-04-02T00:00:00.000000,866.65,879.92,865.98,877.0,,0.0012244155653606673
2013-04-03T00:00:00.000000,875.33,883.15,843.21,845.16,,0.002093831021646368
2013-04-04T00:00:00.000000,842.36,845.49,827.27,835.14,,0.001968394852878895
2013-04-09T00:00:00.000000,824.78,853.62,817.35,853.48,,0.0034797762795616225
2013-04-10T00:00:00.000000,854.51,864.12,853.94,861.99,,0.001111505078889465
2013-04-11T00:00:00.000000,861.27,861.91,843.1,850.53,,0.0016107317111080785
2013-04-12T00:00:00.000000,853.14,855.96,847.39,847.78,,0.0010793596632588567
2013-04-13T00:00:00.000000,847.2,854.22,845.85,846.61,,0.0012638495546528654
2013-04-16T00:00:00.000000,844.11,845.75,834.01,836.34,,0.0014624818673503032
2013-04-17T00:00:00.000000,828.94,846.05,824.84,846.05,,0.002264823987933764
2013-04-18T00:00:00.000000,845.09,867.51,844.92,867.51,,0.001387139225094601
2013-04-19T00:00:00.000000,862.7,876.0,860.72,873.48,,0.0014386042113730547
2013-04-20T00:00:00.000000,874.88,895.87,874.88,892.21,,0.0013386511479979756
2013-04-23T00:00:00.000000,890.93,916.02,889.26,916.02,,0.0015640987623828672
2013-04-24T00:00:00.000000,916.42,916.54,892.11,893.79,,0.001958513066217681
2013-04-25T00:00:00.000000,894.69,925.01,894.69,923.41,,0.0019338228855906132
2013-04-26T00:00:00.000000,924.22,937.56,903.61,903.63,,0.002471669898440942
2013-04-27T00:00:00.000000,902.0,904.3,886.4,889.38,,0.0024092414406128473
2013-05-03T00:00:00.000000,887.08,914.17,883.79,913.65,,0.0018174987107406199
2013-05-04T00:00:00.000000,916.01,940.28,916.01,939.21,,0.0017896854408167844
2013-05-07T00:00:00.000000,941.09,962.63,941.09,958.02,,0.0018003687212642526
2013-05-08T00:00:00.000000,956.42,964.71,949.84,957.44,,0.0017537234468617646
2013-05-09T00:00:00.000000,960.98,980.08,960.7,980.08,,0.0018814338572673535
2013-05-10T00:00:00.000000,978.94,994.27,978.07,992.16,,0.0018195295583246112
2013-05-11T00:00:00.000000,989.15,996.59,977.43,988.3,,0.0018566518313062278
2013-05-14T00:00:00.000000,989.37,995.25,978.72,995.11,,0.0018281272374621794
2013-05-15T00:00:00.000000,992.62,992.62,971.35,976.33,,0.001752527099393409
2013-05-16T00:00:00.000000,976.95,999.2,1000.08,1012.66,,0.0017394214648919332
2013-05-17T00:00:00.000000,1010.95,1034.35,1000.06,1009.53,,0.001984247926523979
2013-05-18T00:00:00.000000,1006.47,1029.11,1004.42,1023.4,,0.0013374349456819613
2013-05-21T00:00:00.000000,1025.17,1052.7,1025.17,1051.65,,0.0017814676638616825
2013-05-22T00:00:00.000000,1049.6,1074.89,1045.46,1073.58,,0.001619283548601824
2013-05-23T00:00:00.000000,1067.44,1067.5,1036.31,1039.81,,0.0028451023631332925
2013-05-24T00:00:00.000000,1035.31,1061.53,1033.12,1042.9,,0.0020754761166956216
2013-05-25T00:00:00.000000,1044.29,1073.78,1044.29,1073.78,,0.0021450867308911116
2013-05-28T00:00:00.000000,1075.83,1091.25,1075.83,1089.72,,0.0018587548497804723
2013-05-29T00:00:00.000000,1089.77,1090.16,1055.64,1059.0,,0.002192727410144057
2013-05-30T00:00:00.000000,1055.6,1067.03,1053.18,1065.96,,0.0011882142478737631
2013-05-31T00:00:00.000000,1063.0,1078.46,1059.83,1073.87,,0.0012791504733224359
2013-06-01T00:00:00.000000,1074.48,1086.33,1068.07,1073.02,,0.0015073071995126853
2013-06-04T00:00:00.000000,1070.73,1074.82,1050.21,1052.14,,0.001423429360803739
2013-06-05T00:00:00.000000,1049.1,1049.26,1011.4,1022.46,,0.0020917815623308646
2013-06-06T00:00:00.000000,1021.02,1038.03,1021.02,1032.76,,0.0015238730876056367
2013-06-07T00:00:00.000000,1027.05,1031.36,1020.83,1022.13,,0.0015284030198695004
2013-06-08T00:00:00.000000,1022.56,1039.65,1018.45,1030.14,,0.0019623632067347777
2013-06-14T00:00:00.000000,1019.47,999.86,1000.0,1029.28,,0.004231119644584679
2013-06-15T00:00:00.000000,1029.93,1069.81,1029.93,1068.15,,0.0017678972238825911
2013-06-18T00:00:00.000000,1074.53,1091.91,1068.61,1073.69,,0.002212968674216412
2013-06-19T00:00:00.000000,1073.31,1078.53,1053.33,1072.93,,0.0021586913171313875
2013-06-20T00:00:00.000000,1064.74,1070.35,1053.8,1067.63,,0.0028398376650805093
2013-06-21T00:00:00.000000,1060.38,1067.95,1027.84,1029.53,,0.0022825207599014487
2013-06-22T00:00:00.000000,1007.87,999.97,1000.44,1025.5,,0.005104298443148809
2013-06-25T00:00:00.000000,1023.22,999.69,1000.64,971.45,,0.003403795167232258
2013-06-26T00:00:00.000000,958.35,991.64,903.67,984.75,,0.006815270411942729
2013-06-27T00:00:00.000000,984.94,999.7,1000.05,1038.98,,0.0033208495128891034
2013-06-28T00:00:00.000000,1043.66,1063.02,1020.46,1022.5,,0.003260424959551695
2013-06-29T00:00:00.000000,1012.64,1037.42,1002.19,1011.66,,0.003531570892817241
2013-07-02T00:00:00.000000,1011.27,1055.84,1005.8,1055.84,,0.0027927087401193084
2013-07-03T00:00:00.000000,1056.91,1086.4,1056.91,1083.25,,0.0023183270962164443
2013-07-04T00:00:00.000000,1079.65,1108.49,1065.51,1104.58,,0.00277504872710296
2013-07-05T00:00:00.000000,1097.77,1105.79,1085.4,1087.9,,0.002607989188972411
2013-07-06T00:00:00.000000,1087.69,1091.82,1057.13,1057.27,,0.0023285968485142945
2013-07-09T00:00:00.000000,1035.94,1057.04,1015.67,1030.6,,0.005633641214726042
2013-07-10T00:00:00.000000,1028.56,1051.51,1026.46,1050.71,,0.002297530106184329
2013-07-11T00:00:00.000000,1049.21,1069.39,1048.73,1068.86,,0.0015177543689886982
2013-07-12T00:00:00.000000,1066.7,1082.78,1057.44,1080.78,,0.0017051416974502825
2013-07-13T00:00:00.000000,1079.33,1117.69,1077.31,1096.3,,0.00240604735993227
2013-07-16T00:00:00.000000,1096.19,1139.57,1096.19,1139.57,,0.0020784968958342514
2013-07-17T00:00:00.000000,1141.57,1153.07,1129.74,1143.19,,0.0024140866072800303
2013-07-18T00:00:00.000000,1140.73,1149.47,1118.85,1129.48,,0.0021913786486457694
2013-07-19T00:00:00.000000,1124.79,1138.09,1118.63,1127.97,,0.0017371507631504723
2013-07-20T00:00:00.000000,1125.77,1156.09,1116.01,1116.01,,0.002786969161206701
2013-07-23T00:00:00.000000,1109.96,1153.77,1107.34,1153.77,,0.002487848987425657
2013-07-24T00:00:00.000000,1161.08,1179.46,1160.45,1178.59,,0.002524339292132193
2013-07-25T00:00:00.000000,1181.36,1208.13,1177.59,1203.31,,0.002204202581531277
2013-07-26T00:00:00.000000,1205.62,1207.23,1148.81,1150.39,,0.0035923668498125234
2013-07-27T00:00:00.000000,1150.25,1166.21,1133.16,1158.35,,0.0030180582828011598
2013-07-30T00:00:00.000000,1155.81,1168.47,1136.4,1136.98,,0.0025918287285191265
2013-07-31T00:00:00.000000,1137.15,1147.02,1095.65,1124.1,,0.003889268020286909
2013-08-01T00:00:00.000000,1126.1,1143.37,1117.34,1134.02,,0.0022242189805534176
2013-08-02T00:00:00.000000,1135.45,1191.12,1135.45,1190.11,,0.002420001400805163
2013-08-03T00:00:00.000000,1196.17,1208.21,1187.31,1188.85,,0.0025120462468786963
2013-08-06T00:00:00.000000,1186.73,1202.83,1182.54,1202.83,,0.0016387440851718487
2013-08-07T00:00:00.000000,1202.09,1219.12,1200.69,1211.78,,0.0016513650213942435
2013-08-08T00:00:00.000000,1208.5,1209.37,1173.26,1175.7,,0.0024118998508386724
2013-08-09T00:00:00.000000,1172.09,1195.92,1165.32,1185.95,,0.0019888037523537903
2013-08-10T00:00:00.000000,1185.64,1194.78,1153.45,1172.52,,0.0023315161147896774
2013-08-13T00:00:00.000000,1174.09,1185.37,1146.02,1161.87,,0.002112474260756828
2013-08-14T00:00:00.000000,1161.49,1180.61,1151.68,1172.33,,0.0017978087864848212
2013-08-15T00:00:00.000000,1175.63,1186.29,1160.02,1180.66,,0.0017892178463210214
2013-08-16T00:00:00.000000,1177.85,1184.4,1165.77,1167.09,,0.001883464600140006
2013-08-17T00:00:00.000000,1158.96,1178.84,1131.44,1132.09,,0.0027336956199456495
2013-08-20T00:00:00.000000,1126.64,1172.03,1125.59,1171.4,,0.0020611585473339755
2013-08-21T00:00:00.000000,1170.99,1180.99,1164.38,1175.78,,0.00180034267334626
2013-08-22T00:00:00.000000,1173.61,1185.54,1169.49,1181.34,,0.0016133756916597581
2013-08-23T00:00:00.000000,1180.19,1204.59,1178.41,1197.13,,0.0011507274836380845
2013-08-24T00:00:00.000000,1200.68,1225.89,1188.82,1219.83,,0.0027547420037799504
2013-08-27T00:00:00.000000,1220.98,1241.47,1220.58,1238.17,,0.0016247737755257256
2013-08-28T00:00:00.000000,1238.27,1251.04,1226.38,1250.75,,0.001541584664148787
2013-08-29T00:00:00.000000,1244.01,1253.4,1227.99,1227.99,,0.0018754492874651658
2013-08-30T00:00:00.000000,1224.61,1236.46,1217.52,1226.3,,0.0017846181464450726
2013-08-31T00:00:00.000000,1221.87,1226.36,1181.94,1185.14,,0.002320567942857987
2013-09-03T00:00:00.000000,1179.32,1210.53,1178.01,1210.18,,0.0019195355621290425
2013-09-04T00:00:00.000000,1217.77,1234.59,1214.3,1234.59,,0.0015210043910142085
2013-09-05T00:00:00.000000,1233.5,1245.78,1227.32,1236.35,,0.001640431279724297
2013-09-06T00:00:00.000000,1233.82,1267.53,1233.26,1267.26,,0.0014277698977214126
2013-09-07T00:00:00.000000,1267.84,1288.26,1261.58,1282.75,,0.001777434636655498
2013-09-10T00:00:00.000000,1282.65,1283.7,1258.13,1275.91,,0.0017955547694242912
2013-09-11T00:00:00.000000,1277.87,1278.04,1254.01,1263.59,,0.0013101835046516058
2013-09-12T00:00:00.000000,1256.66,1256.66,1216.37,1220.7,,0.0027731914537704144
2013-09-13T00:00:00.000000,1215.69,1236.59,1211.6,1220.63,,0.0016784541574221855
2013-09-14T00:00:00.000000,1221.15,1256.04,1210.4,1253.45,,0.0018836672001595366
2013-09-17T00:00:00.000000,1254.47,1297.64,1254.47,1278.8,,0.001997168705253693
2013-09-18T00:00:00.000000,1279.26,1285.63,1267.71,1269.36,,0.0017975236208431214
2013-09-19T00:00:00.000000,1268.34,1292.33,1262.33,1289.64,,0.001702708567981809
2013-09-24T00:00:00.000000,1292.76,1326.41,1291.33,1326.09,,0.0018674071563581582
2013-09-25T00:00:00.000000,1325.89,1340.52,1310.33,1328.4,,0.0019847259241172594
2013-09-26T00:00:00.000000,1324.19,1344.39,1320.11,1323.04,,0.0020107977252616484
2013-09-27T00:00:00.000000,1318.52,1332.12,1301.14,1306.34,,0.0022284212137618055
2013-09-28T00:00:00.000000,1305.51,1330.69,1301.48,1323.76,,0.0021728762362816334
2013-10-01T00:00:00.000000,1329.56,1368.66,1329.56,1367.91,,0.001822763234980517
2013-10-09T00:00:00.000000,1376.37,1389.73,1363.9,1387.66,,0.002220309892892823
2013-10-10T00:00:00.000000,1385.96,1418.48,1382.1,1415.83,,0.0015416965909111288
2013-10-11T00:00:00.000000,1422.36,1423.97,1377.32,1378.15,,0.002408320825043107
2013-10-12T00:00:00.000000,1377.98,1386.54,1357.49,1379.9,,0.0018520562224594174
2013-10-15T00:00:00.000000,1374.47,1394.34,1370.72,1393.6,,0.0016627017471629352
2013-10-16T00:00:00.000000,1397.21,1409.5,1378.81,1389.75,,0.0019461319121276016
2013-10-17T00:00:00.000000,1393.01,1393.1,1323.87,1335.1,,0.0033058207212310915
2013-10-18T00:00:00.000000,1339.31,1355.65,1317.75,1322.99,,0.00215213762195554
2013-10-19T00:00:00.000000,1327.1,1353.97,1327.1,1349.94,,0.002026102357984821
2013-10-22T00:00:00.000000,1358.88,1403.11,1358.88,1400.97,,0.0022745911044012236
2013-10-23T00:00:00.000000,1401.47,1408.46,1348.69,1350.47,,0.002366509539392922
2013-10-24T00:00:00.000000,1336.23,1336.23,1293.82,1311.23,,0.004186634403891235
2013-10-25T00:00:00.000000,1307.11,1319.37,1287.88,1295.93,,0.00246728406945275
2013-10-26T00:00:00.000000,1298.72,1304.49,1255.59,1269.17,,0.0031293916444619005
2013-10-29T00:00:00.000000,1264.14,1286.0,1262.34,1279.05,,0.0021596559125433346
2013-10-30T00:00:00.000000,1276.27,1292.97,1205.0,1261.68,,0.004345108543079823
2013-10-31T00:00:00.000000,1256.24,1274.34,1251.01,1273.29,,0.0024458771600286227
2013-11-01T00:00:00.000000,1266.56,1266.56,1232.4,1235.56,,0.002996505765774667
2013-11-02T00:00:00.000000,1227.69,1233.57,1198.81,1221.96,,0.0033422811524220684
2013-11-05T00:00:00.000000,1217.28,1240.88,1216.85,1222.46,,0.0019638479713028323
2013-11-06T00:00:00.000000,1217.64,1260.37,1208.35,1260.03,,0.002521731242086626
2013-11-07T00:00:00.000000,1255.47,1277.43,1241.76,1241.79,,0.0022346280899279364
2013-11-08T00:00:00.000000,1234.24,1250.57,1219.31,1224.05,,0.0030700797930694446
2013-11-09T00:00:00.000000,1215.68,1226.32,1204.52,1211.11,,0.0026386478946143353
2013-11-12T00:00:00.000000,1208.26,1223.77,1191.18,1212.69,,0.002752821060079716
2013-11-13T00:00:00.000000,1213.31,1233.19,1209.54,1228.35,,0.0022224116518413093
2013-11-14T00:00:00.000000,1226.53,1236.39,1210.66,1212.08,,0.002024639573375
2013-11-15T00:00:00.000000,1207.45,1251.77,1200.71,1249.67,,0.002605063080774561
2013-11-16T00:00:00.000000,1248.26,1287.08,1248.07,1269.05,,0.0020050910693577484
2013-11-19T00:00:00.000000,1275.55,1295.21,1275.55,1291.15,,0.0018102980969242556
2013-11-20T00:00:00.000000,1293.06,1312.07,1289.91,1298.17,,0.001689005812926019
2013-11-21T00:00:00.000000,1299.68,1303.45,1283.66,1299.26,,0.0016340219737746122
2013-11-22T00:00:00.000000,1295.93,1304.74,1288.21,1298.95,,0.0019989946006278513
2013-11-23T00:00:00.000000,1298.47,1300.96,1283.88,1295.07,,0.0014049238033525813
2013-11-26T00:00:00.000000,1290.84,1305.23,1283.66,1293.8,,0.0015058706920897521
2013-11-27T00:00:00.000000,1291.62,1299.67,1280.01,1291.85,,0.0016300065346447797
2013-11-28T00:00:00.000000,1290.19,1336.17,1288.58,1329.48,,0.0018637362747135667
2013-11-29T00:00:00.000000,1333.05,1342.82,1331.45,1336.66,,0.0011884679044411456
2013-11-30T00:00:00.000000,1335.63,1369.12,1335.63,1366.83,,0.0016015776032114505
2013-12-03T00:00:00.000000,1296.7,1317.69,1253.34,1253.93,,0.009626443983685421
2013-12-04T00:00:00.000000,1223.38,1261.77,1198.06,1255.33,,0.004786320055120808
2013-12-05T00:00:00.000000,1249.59,1276.06,1240.08,1240.29,,0.001827270650270873
2013-12-06T00:00:00.000000,1234.5,1236.1,1200.46,1202.07,,0.0021520549147078056
2013-12-07T00:00:00.000000,1196.32,1215.49,1194.75,1206.78,,0.001903870865580551
2013-12-10T00:00:00.000000,1211.39,1241.77,1211.39,1241.71,,0.0018054202273144115
2013-12-11T00:00:00.000000,1244.57,1249.36,1227.06,1231.92,,0.0017092252130492004
2013-12-12T00:00:00.000000,1230.78,1255.06,1226.58,1244.51,,0.0020086340467598746
2013-12-13T00:00:00.000000,1242.15,1285.27,1238.95,1279.32,,0.0019719985677494217
2013-12-14T00:00:00.000000,1274.17,1286.72,1268.65,1278.14,,0.0014521620600740442
2013-12-17T00:00:00.000000,1279.06,1293.94,1266.94,1279.96,,0.0019378086234196315
2013-12-18T00:00:00.000000,1278.53,1282.17,1248.82,1267.67,,0.0022275014124892075
2013-12-19T00:00:00.000000,1267.77,1267.77,1245.96,1256.0,,0.0027169173245476614
2013-12-20T00:00:00.000000,1253.43,1281.82,1253.43,1256.08,,0.0019358537325350937
2013-12-21T00:00:00.000000,1255.82,1266.03,1246.39,1253.71,,0.00199000618629085
2013-12-24T00:00:00.000000,1251.41,1253.67,1224.99,1242.81,,0.0022281372605513243
2013-12-25T00:00:00.000000,1242.0,1264.72,1241.91,1258.82,,0.0019312552208675185
2013-12-26T00:00:00.000000,1262.0,1288.85,1258.41,1288.34,,0.001501715145904337
2013-12-27T00:00:00.000000,1290.87,1297.47,1268.14,1269.54,,0.0019358849878539869
2013-12-28T00:00:00.000000,1265.08,1297.62,1265.08,1294.3,,0.0015513891034885504
2013-12-31T00:00:00.000000,1294.42,1307.99,1292.83,1307.99,,0.001440791002702196
2014-01-01T00:00:00.000000,1302.67,1309.34,1288.94,1304.44,,0.0016915722845724731
2014-01-03T00:00:00.000000,1302.3,1333.03,1299.34,1333.0,,0.0014070419100732298
2014-01-04T00:00:00.000000,1332.35,1355.12,1331.97,1352.84,,0.0015766591720969632
2014-01-07T00:00:00.000000,1350.31,1354.15,1322.72,1323.33,,0.0019425201723722693
2014-01-08T00:00:00.000000,1315.44,1355.4,1312.27,1352.28,,0.001909590189774917
2014-01-09T00:00:00.000000,1363.31,1409.21,1363.31,1405.02,,0.0032837783228953405
2014-01-10T00:00:00.000000,1401.8,1423.84,1379.65,1380.24,,0.0019852667987027292
2014-01-11T00:00:00.000000,1373.52,1385.86,1347.61,1353.3,,0.001983683870224905
2014-01-14T00:00:00.000000,1352.01,1374.11,1349.25,1362.79,,0.0014277575556838253
2014-01-15T00:00:00.000000,1364.8,1400.92,1364.8,1400.92,,0.0015830186640569993
2014-01-16T00:00:00.000000,1399.67,1417.42,1397.95,1415.32,,0.0016171180297781997
2014-01-17T00:00:00.000000,1415.57,1423.12,1392.01,1395.16,,0.001524519499338377
2014-01-18T00:00:00.000000,1395.03,1411.55,1391.62,1395.51,,0.001773813760099916
2014-01-21T00:00:00.000000,1393.88,1400.94,1362.45,1372.74,,0.0017928740751797147
2014-01-22T00:00:00.000000,1370.69,1407.45,1370.69,1407.15,,0.001707163639550236
2014-01-23T00:00:00.000000,1407.46,1432.0,1407.46,1431.74,,0.00200187141105223
2014-01-24T00:00:00.000000,1433.7,1472.34,1433.17,1461.53,,0.0015315138329797535
2014-01-25T00:00:00.000000,1458.21,1493.64,1455.95,1484.43,,0.0013863971450999181
2014-01-28T00:00:00.000000,1477.46,1500.46,1465.14,1477.67,,0.0019206935700316241
2014-01-29T00:00:00.000000,1476.59,1486.42,1448.47,1471.34,,0.001799287318622787
2014-01-30T00:00:00.000000,1472.54,1497.72,1469.58,1496.53,,0.0013473305893950578
2014-01-31T00:00:00.000000,1494.12,1507.87,1486.82,1495.98,,0.0014908935374540447
2014-02-08T00:00:00.000000,1489.05,1532.82,1483.69,1532.69,,0.001157943407469486
2014-02-11T00:00:00.000000,1536.99,1557.03,1525.94,1553.41,,0.0016143275444276746
2014-02-12T00:00:00.000000,1550.62,1559.77,1506.04,1527.15,,0.0023625521089063167
2014-02-13T00:00:00.000000,1527.1,1540.33,1513.91,1539.97,,0.0017832397817720631
2014-02-14T00:00:00.000000,1537.26,1539.66,1484.42,1485.13,,0.0019448826449294883
2014-02-15T00:00:00.000000,1484.56,1516.43,1475.95,1515.78,,0.002153460598063594
2014-02-18T00:00:00.000000,1521.17,1559.12,1521.17,1558.62,,0.0016262923585742418
2014-02-19T00:00:00.000000,1558.74,1561.77,1539.21,1545.34,,0.0017911927755610458
2014-02-20T00:00:00.000000,1544.64,1551.88,1524.39,1544.4,,0.0020162233040539376
2014-02-21T00:00:00.000000,1545.26,1545.51,1504.17,1515.16,,0.0023027891953191805
2014-02-22T00:00:00.000000,1512.17,1526.03,1503.81,1519.66,,0.001736317861295507
2014-02-25T00:00:00.000000,1517.97,1542.31,1510.46,1540.03,,0.0018623839202526308
2014-02-26T00:00:00.000000,1543.97,1571.4,1460.41,1472.69,,0.003595920130923155
2014-02-27T00:00:00.000000,1452.06,1468.0,1415.25,1465.98,,0.0044945119455672535
2014-02-28T00:00:00.000000,1467.27,1496.62,1410.97,1414.66,,0.002969260457466746
2014-03-01T00:00:00.000000,1410.4,1436.88,1393.0,1434.89,,0.0030917881021703415
2014-03-04T00:00:00.000000,1433.9,1466.23,1431.14,1465.14,,0.0017915493856379174
2014-03-05T00:00:00.000000,1462.26,1475.5,1446.27,1460.45,,0.002193673001877844
2014-03-06T00:00:00.000000,1467.06,1471.04,1454.94,1464.58,,0.0017075027398099755
2014-03-07T00:00:00.000000,1461.12,1464.41,1427.0,1462.53,,0.002504545318553749
2014-03-08T00:00:00.000000,1463.93,1477.96,1453.63,1460.61,,0.001959220102052488
2014-03-11T00:00:00.000000,1446.06,1446.06,1404.59,1407.07,,0.002894739512432334
2014-03-12T00:00:00.000000,1399.9,1410.38,1380.97,1395.81,,0.0021586633330729246
2014-03-13T00:00:00.000000,1390.86,1418.61,1378.89,1399.27,,0.0026792063927293815
2014-03-14T00:00:00.000000,1401.55,1437.15,1401.43,1436.86,,0.0018698527539383891
2014-03-15T00:00:00.000000,1433.46,1450.38,1424.01,1434.02,,0.001736660972892559
2014-03-18T00:00:00.000000,1436.11,1477.68,1435.32,1477.41,,0.001480355742218453
2014-03-19T00:00:00.000000,1479.38,1493.39,1478.72,1485.64,,0.0015009341149253273
2014-03-20T00:00:00.000000,1481.49,1482.3,1456.9,1466.22,,0.0016289939871608457
2014-03-21T00:00:00.000000,1463.07,1466.42,1417.17,1417.66,,0.0019809571186711642
2014-03-22T00:00:00.000000,1405.9,1427.92,1379.74,1419.84,,0.002967913227903137
2014-03-25T00:00:00.000000,1411.78,1416.86,1392.51,1397.29,,0.0014911602329161526
2014-03-26T00:00:00.000000,1392.14,1410.48,1385.0,1394.82,,0.0018261310842967937
2014-03-27T00:00:00.000000,1396.91,1424.25,1396.91,1417.61,,0.0017106672682455498
2014-03-28T00:00:00.000000,1415.55,1417.36,1367.96,1367.96,,0.0022599575100543477
2014-03-29T00:00:00.000000,1363.87,1364.26,1317.41,1330.5,,0.0030361140843506323
2014-04-01T00:00:00.000000,1327.23,1340.47,1315.49,1327.8,,0.0020431197617441577
2014-04-02T00:00:00.000000,1327.18,1355.74,1326.25,1355.05,,0.001592112132958796
2014-04-03T00:00:00.000000,1356.68,1360.88,1316.9,1327.98,,0.0018974138249816227
2014-04-04T00:00:00.000000,1326.81,1344.32,1318.82,1326.18,,0.0015516277954043514
2014-04-05T00:00:00.000000,1323.41,1347.05,1316.95,1346.74,,0.0017821885902020958
2014-04-09T00:00:00.000000,1335.39,1351.83,1327.8,1351.18,,0.0016338616716754669
2014-04-10T00:00:00.000000,1355.37,1376.69,1355.37,1370.46,,0.0016819361880847023
2014-04-11T00:00:00.000000,1374.61,1395.04,1374.61,1381.14,,0.0013823185151939958
2014-04-12T00:00:00.000000,1370.4,1370.4,1352.13,1363.9,,0.002384106993798119
2014-04-15T00:00:00.000000,1367.75,1378.32,1367.75,1372.73,,0.0013402941142469788
2014-04-16T00:00:00.000000,1375.69,1380.86,1367.23,1369.89,,0.0011009142879746267
2014-04-17T00:00:00.000000,1365.83,1367.91,1353.78,1359.3,,0.001075168867653056
2014-04-18T00:00:00.000000,1360.75,1373.85,1360.75,1367.59,,0.0012791166097303125
2014-04-19T00:00:00.000000,1365.36,1377.84,1362.61,1377.42,,0.0009841247030802146
2014-04-22T00:00:00.000000,1367.93,1384.69,1363.01,1363.85,,0.001434984704437629
2014-04-23T00:00:00.000000,1361.58,1367.63,1317.1,1336.19,,0.0019644715975400745
2014-04-24T00:00:00.000000,1332.93,1338.67,1318.24,1326.44,,0.001198508892982347
2014-04-25T00:00:00.000000,1325.86,1326.96,1303.23,1319.51,,0.0017000209476397692
2014-04-26T00:00:00.000000,1316.37,1318.07,1290.36,1291.9,,0.0014089553768508766
2014-04-29T00:00:00.000000,1283.64,1283.87,1256.12,1257.26,,0.0028264814495341265
2014-04-30T00:00:00.000000,1253.24,1274.21,1248.32,1266.54,,0.0018373988430240827
2014-05-01T00:00:00.000000,1266.34,1287.77,1266.34,1283.21,,0.0012705953696904447
2014-05-06T00:00:00.000000,1281.16,1302.68,1279.31,1302.15,,0.0012379343963371382
2014-05-07T00:00:00.000000,1301.59,1327.8,1301.59,1316.86,,0.0013823342706427875
2014-05-08T00:00:00.000000,1313.38,1313.38,1289.56,1290.03,,0.0015669449893040257
2014-05-09T00:00:00.000000,1284.44,1300.83,1279.29,1279.84,,0.0015227296997306192
2014-05-10T00:00:00.000000,1279.68,1282.82,1249.56,1258.58,,0.001794912326544492
2014-05-13T00:00:00.000000,1263.92,1281.0,1250.94,1278.28,,0.0015177974825770102
2014-05-14T00:00:00.000000,1274.57,1293.82,1273.33,1276.24,,0.0014721735615340456
2014-05-15T00:00:00.000000,1273.21,1282.35,1269.24,1278.66,,0.0012823929250217047
2014-05-16T00:00:00.000000,1276.64,1283.43,1253.62,1253.88,,0.0014022570225079632
2014-05-17T00:00:00.000000,1250.38,1252.39,1210.81,1226.47,,0.0020280171344289406
2014-05-20T00:00:00.000000,1224.65,1233.84,1213.99,1228.37,,0.002046904556574593
2014-05-21T00:00:00.000000,1239.65,1261.94,1239.65,1244.65,,0.0033097461722662227
2014-05-22T00:00:00.000000,1241.02,1257.8,1231.87,1257.8,,0.0018663294742928375
2014-05-23T00:00:00.000000,1259.87,1287.87,1259.87,1269.51,,0.0017097437685497047
2014-05-24T00:00:00.000000,1269.18,1296.84,1262.1,1296.0,,0.0014126275579373104
2014-05-27T00:00:00.000000,1301.87,1323.84,1301.87,1320.76,,0.0019967129564839666
2014-05-28T00:00:00.000000,1319.66,1319.66,1303.15,1306.28,,0.0012770444761777936
2014-05-29T00:00:00.000000,1306.29,1339.03,1306.29,1338.97,,0.001185437685365806
2014-05-30T00:00:00.000000,1338.3,1341.57,1312.42,1314.21,,0.0012276031780985872
2014-05-31T00:00:00.000000,1312.3,1323.59,1300.09,1318.13,,0.001578946813955566
2014-06-04T00:00:00.000000,1317.99,1332.78,1317.99,1319.63,,0.00131079759487211
2014-06-05T00:00:00.000000,1318.33,1321.72,1303.36,1321.72,,0.0016307240422727067
2014-06-06T00:00:00.000000,1320.14,1356.53,1317.53,1355.48,,0.0012795265952224633
2014-06-07T00:00:00.000000,1354.91,1362.98,1340.83,1350.45,,0.001761267259229501
2014-06-10T00:00:00.000000,1348.77,1349.92,1326.63,1326.67,,0.0015046401766035094
2014-06-11T00:00:00.000000,1327.11,1356.97,1316.84,1353.87,,0.0020280181373274133
2014-06-12T00:00:00.000000,1350.38,1371.25,1348.4,1367.39,,0.0013937202541137977
2014-06-13T00:00:00.000000,1364.41,1375.98,1358.08,1363.74,,0.0013279674400990817
2014-06-14T00:00:00.000000,1361.09,1386.35,1359.65,1382.73,,0.0013266258521641857
2014-06-17T00:00:00.000000,1384.16,1397.63,1384.16,1395.61,,0.0013153090538558783
2014-06-18T00:00:00.000000,1396.38,1396.38,1377.4,1377.43,,0.0013383163729284023
2014-06-19T00:00:00.000000,1377.58,1384.87,1363.75,1363.99,,0.0012307408009279508
2014-06-20T00:00:00.000000,1363.45,1370.31,1310.49,1320.65,,0.00242180062633717
2014-06-21T00:00:00.000000,1319.11,1335.65,1313.14,1333.98,,0.0020379737635317354
2014-06-24T00:00:00.000000,1335.18,1366.59,1335.18,1361.28,,0.0017454601781103159
2014-06-25T00:00:00.000000,1360.08,1372.16,1359.13,1369.44,,0.0011628006812788405
2014-06-26T00:00:00.000000,1368.66,1368.66,1347.82,1358.71,,0.001629770909431463
2014-06-27T00:00:00.000000,1360.2,1391.3,1360.2,1386.27,,0.0014459344677164433
2014-06-28T00:00:00.000000,1388.38,1397.97,1382.07,1388.82,,0.0011492592103915487
2014-07-01T00:00:00.000000,1388.47,1404.71,1374.3,1404.71,,0.0015627583440285552
2014-07-02T00:00:00.000000,1405.44,1415.33,1398.15,1411.74,,0.0011438936435922268
2014-07-03T00:00:00.000000,1413.17,1425.3,1402.22,1419.94,,0.0015433950964269937
2014-07-04T00:00:00.000000,1419.81,1428.67,1412.16,1422.6,,0.0013808239343776234
2014-07-05T00:00:00.000000,1421.68,1423.89,1406.21,1411.64,,0.0013180881919564425
2014-07-08T00:00:00.000000,1411.99,1411.99,1381.94,1393.89,,0.001361214554263167
2014-07-09T00:00:00.000000,1392.35,1410.73,1379.49,1410.72,,0.0013259475882054304
2014-07-10T00:00:00.000000,1410.39,1418.68,1384.26,1384.58,,0.001702384774771285
2014-07-11T00:00:00.000000,1384.45,1387.89,1362.35,1363.88,,0.0014834735954912333
2014-07-12T00:00:00.000000,1361.57,1372.12,1351.77,1359.34,,0.0013489545943143875
2014-07-15T00:00:00.000000,1358.17,1367.82,1342.56,1367.07,,0.0012365868658307357
2014-07-16T00:00:00.000000,1364.08,1366.16,1332.87,1341.27,,0.0015450818473983828
2014-07-17T00:00:00.000000,1338.92,1344.36,1310.86,1318.62,,0.0017254492434273484
2014-07-18T00:00:00.000000,1315.09,1323.24,1304.58,1312.81,,0.00157164738887806
2014-07-19T00:00:00.000000,1309.96,1321.93,1300.76,1305.92,,0.001084015837274477
2014-07-22T00:00:00.000000,1304.72,1313.56,1287.24,1306.96,,0.0015944878538791684
2014-07-23T00:00:00.000000,1306.32,1330.29,1305.03,1329.35,,0.0009358881315780819
2014-07-24T00:00:00.000000,1330.14,1332.36,1287.64,1293.09,,0.0015788280776441927
2014-07-25T00:00:00.000000,1291.49,1291.49,1255.69,1271.88,,0.002102648623144527
2014-07-26T00:00:00.000000,1271.43,1288.67,1270.37,1285.77,,0.0013043368329675078
2014-07-29T00:00:00.000000,1289.1,1316.04,1286.66,1314.53,,0.001331029492437249
2014-07-30T00:00:00.000000,1315.75,1337.53,1310.84,1331.76,,0.0013635923122552185
2014-07-31T00:00:00.000000,1330.19,1345.35,1329.07,1342.74,,0.0010780466491682023
2014-08-01T00:00:00.000000,1342.73,1346.22,1334.26,1344.54,,0.0008860414147063224
2014-08-02T00:00:00.000000,1339.98,1343.58,1324.19,1325.94,,0.0016046445687047358
2014-08-05T00:00:00.000000,1325.01,1331.8,1324.26,1329.82,,0.0008535931421544723
2014-08-06T00:00:00.000000,1330.32,1363.12,1321.2,1360.69,,0.0017217326502164826
2014-08-07T00:00:00.000000,1357.53,1368.53,1353.95,1365.74,,0.001132914894773384
2014-08-08T00:00:00.000000,1365.18,1381.46,1361.33,1362.03,,0.0014238394806945342
2014-08-09T00:00:00.000000,1368.06,1381.44,1368.06,1377.44,,0.001355976208578257
2014-08-12T00:00:00.000000,1379.47,1397.97,1379.47,1397.78,,0.0008686095668705211
2014-08-13T00:00:00.000000,1398.15,1402.75,1393.11,1396.44,,0.0009717142824729667
2014-08-14T00:00:00.000000,1396.26,1397.1,1370.08,1384.31,,0.0013143021059746779
2014-08-15T00:00:00.000000,1384.72,1394.52,1378.95,1380.3,,0.0013065606117958848
2014-08-16T00:00:00.000000,1382.87,1392.49,1377.93,1392.45,,0.0011020157590853304
2014-08-19T00:00:00.000000,1394.64,1429.0,1394.64,1428.74,,0.0013969612319546004
2014-08-20T00:00:00.000000,1436.42,1446.79,1427.06,1436.4,,0.001564252940063178
2014-08-21T00:00:00.000000,1438.29,1438.29,1421.92,1427.4,,0.0011895722140310694
2014-08-22T00:00:00.000000,1428.63,1447.91,1421.24,1447.88,,0.0015090368079575824
2014-08-23T00:00:00.000000,1450.1,1465.67,1446.04,1461.72,,0.0010889304636869266
2014-08-26T00:00:00.000000,1461.21,1461.49,1439.86,1443.81,,0.001440369420934656
2014-08-27T00:00:00.000000,1440.7,1443.6,1406.34,1411.15,,0.0017091512021819568
2014-08-28T00:00:00.000000,1411.76,1427.32,1411.76,1420.54,,0.0012640116004139067
2014-08-29T00:00:00.000000,1423.34,1424.29,1398.56,1403.8,,0.0013840165362677037
2014-08-30T00:00:00.000000,1400.84,1424.47,1400.83,1424.47,,0.0011345191574652106
2014-09-02T00:00:00.000000,1428.37,1453.12,1427.93,1452.84,,0.0011883246205451681
2014-09-03T00:00:00.000000,1457.51,1465.04,1452.71,1465.03,,0.0009886625248643108
2014-09-04T00:00:00.000000,1468.09,1479.83,1461.23,1477.67,,0.00127137239278971
2014-09-05T00:00:00.000000,1478.33,1495.81,1472.89,1495.51,,0.0010391382397133228
2014-09-06T00:00:00.000000,1497.99,1498.26,1482.04,1489.84,,0.0009310443667817147
2014-09-10T00:00:00.000000,1492.45,1497.42,1479.06,1494.02,,0.0011942878945532774
2014-09-11T00:00:00.000000,1491.41,1506.47,1484.71,1504.91,,0.0010243305125848502
2014-09-12T00:00:00.000000,1506.0,1532.31,1502.39,1513.01,,0.0018077884164443567
2014-09-13T00:00:00.000000,1512.4,1524.33,1506.88,1524.12,,0.001065146618918766
2014-09-16T00:00:00.000000,1522.57,1528.57,1517.3,1526.13,,0.0009650595974115822
2014-09-17T00:00:00.000000,1527.07,1529.4,1471.61,1473.13,,0.002130067348164335
2014-09-18T00:00:00.000000,1473.52,1481.06,1456.5,1479.12,,0.002224268805621851
2014-09-19T00:00:00.000000,1477.31,1492.61,1474.65,1490.79,,0.0012127333211787417
2014-09-20T00:00:00.000000,1492.1,1501.39,1486.28,1499.12,,0.0009982638509254604
2014-09-23T00:00:00.000000,1496.96,1496.96,1480.18,1483.35,,0.001410791823885061
2014-09-24T00:00:00.000000,1485.51,1502.04,1483.04,1500.99,,0.0010422653363742907
2014-09-25T00:00:00.000000,1501.04,1517.42,1497.89,1517.42,,0.0007473407231984431
2014-09-26T00:00:00.000000,1520.1,1523.25,1505.65,1508.42,,0.0010802762341732307
2014-09-27T00:00:00.000000,1506.31,1512.8,1502.5,1511.36,,0.0009839296409600703
2014-09-30T00:00:00.000000,1515.38,1526.36,1515.38,1526.17,,0.0012943129988155985
2014-10-01T00:00:00.000000,1527.26,1540.95,1527.26,1540.87,,0.0006990065299682175
2014-10-09T00:00:00.000000,1543.59,1557.57,1537.01,1557.57,,0.0008724352755877465
2014-10-10T00:00:00.000000,1562.1,1569.06,1541.67,1561.17,,0.001489654993142437
2014-10-11T00:00:00.000000,1559.93,1563.87,1546.22,1554.22,,0.0013484200077437086
2014-10-14T00:00:00.000000,1548.18,1548.88,1527.7,1548.33,,0.0016425526383434237
2014-10-15T00:00:00.000000,1546.67,1560.04,1532.44,1539.12,,0.0012256518695910657
2014-10-16T00:00:00.000000,1539.35,1545.75,1527.19,1545.62,,0.0012718978648913186
2014-10-17T00:00:00.000000,1539.86,1551.84,1526.54,1526.56,,0.0014493096484217778
2014-10-18T00:00:00.000000,1527.46,1529.55,1488.47,1511.05,,0.002052068050662699
2014-10-21T00:00:00.000000,1513.42,1532.38,1513.42,1532.38,,0.00102517573469993
2014-10-22T00:00:00.000000,1535.07,1537.67,1515.93,1517.48,,0.0010648692069753368
2014-10-23T00:00:00.000000,1518.8,1524.8,1503.82,1504.55,,0.0012742123816336642
2014-10-24T00:00:00.000000,1500.55,1501.72,1474.04,1477.84,,0.0016372513666627082
2014-10-25T00:00:00.000000,1478.34,1493.53,1473.06,1477.59,,0.0014488296730394467
2014-10-28T00:00:00.000000,1473.66,1492.01,1465.96,1492.01,,0.0012228267655509527
2014-10-29T00:00:00.000000,1495.69,1522.05,1495.69,1522.05,,0.001170588848792873
2014-10-30T00:00:00.000000,1525.98,1535.8,1524.08,1530.08,,0.0011551488858629725
2014-10-31T00:00:00.000000,1532.91,1539.21,1522.64,1525.77,,0.0011156990175995407
2014-11-01T00:00:00.000000,1527.61,1529.55,1502.25,1513.27,,0.0011967226879758728
2014-11-04T00:00:00.000000,1513.25,1529.9,1513.2,1529.89,,0.0009820744707778465
2014-11-05T00:00:00.000000,1531.82,1538.18,1514.47,1516.4,,0.0011148000207786344
2014-11-06T00:00:00.000000,1514.77,1517.02,1505.98,1512.49,,0.0009676192378394946
2014-11-07T00:00:00.000000,1513.72,1532.87,1510.78,1532.52,,0.0012459742849243302
2014-11-08T00:00:00.000000,1535.49,1543.72,1517.29,1522.63,,0.001307945176025135
2014-11-11T00:00:00.000000,1525.2,1526.38,1506.8,1514.82,,0.001029695036173559
2014-11-12T00:00:00.000000,1513.53,1514.37,1452.03,1461.51,,0.00196095687842596
2014-11-13T00:00:00.000000,1457.24,1476.03,1455.09,1475.75,,0.0010443598624209154
2014-11-14T00:00:00.000000,1473.74,1473.74,1434.27,1442.86,,0.0018024347747534555
2014-11-15T00:00:00.000000,1438.97,1449.1,1435.5,1441.21,,0.0012449864466027953
2014-11-18T00:00:00.000000,1444.06,1474.36,1437.99,1471.68,,0.0016330493650562761
2014-11-19T00:00:00.000000,1471.08,1483.14,1470.51,1481.86,,0.001124944696358062
2014-11-20T00:00:00.000000,1488.46,1509.73,1488.46,1505.55,,0.0014806130647303975
2014-11-21T00:00:00.000000,1504.58,1504.58,1491.65,1494.59,,0.0009882265478307725
2014-11-22T00:00:00.000000,1493.16,1508.22,1493.16,1504.83,,0.0011033917973356437
2014-11-25T00:00:00.000000,1513.43,1515.84,1497.85,1507.81,,0.0008513333797150291
2014-11-26T00:00:00.000000,1510.62,1541.92,1510.25,1541.92,,0.001260350129221519
2014-11-27T00:00:00.000000,1544.69,1561.3,1544.1,1554.22,,0.0011368523937513022
2014-11-28T00:00:00.000000,1557.77,1566.83,1548.29,1563.41,,0.0015425765721402709
2014-11-29T00:00:00.000000,1562.83,1582.48,1558.31,1570.85,,0.0013716421553797657
2014-12-02T00:00:00.000000,1569.65,1569.65,1544.18,1552.31,,0.0014542813778893498
2014-12-03T00:00:00.000000,1554.46,1567.54,1552.13,1565.42,,0.0011180810355037886
2014-12-04T00:00:00.000000,1568.47,1604.88,1540.42,1604.45,,0.002433930176707109
2014-12-05T00:00:00.000000,1604.89,1631.31,1604.89,1621.85,,0.0014868612083810326
2014-12-06T00:00:00.000000,1626.12,1626.12,1544.47,1581.91,,0.003928406583071204
2014-12-09T00:00:00.000000,1575.3,1600.87,1554.79,1567.16,,0.002828563870955659
2014-12-10T00:00:00.000000,1557.02,1577.75,1504.23,1504.62,,0.0034924283826161502
2014-12-11T00:00:00.000000,1499.33,1576.89,1499.33,1572.68,,0.0026896561500205393
2014-12-12T00:00:00.000000,1572.61,1593.38,1563.32,1587.66,,0.002498790073521926
2014-12-13T00:00:00.000000,1588.24,1626.34,1586.75,1623.57,,0.0018774469417466475
2014-12-16T00:00:00.000000,1623.6,1664.26,1619.7,1657.5,,0.0016876264666132205
2014-12-17T00:00:00.000000,1665.3,1674.98,1636.18,1649.58,,0.0022391444686982913
2014-12-18T00:00:00.000000,1639.15,1652.98,1623.7,1644.21,,0.002606436970268374
2014-12-19T00:00:00.000000,1641.58,1663.67,1633.26,1634.05,,0.002063657287557794
2014-12-20T00:00:00.000000,1627.8,1627.8,1568.98,1596.81,,0.002426232869835293
2014-12-23T00:00:00.000000,1583.96,1583.96,1510.05,1517.93,,0.004349338107796481
2014-12-24T00:00:00.000000,1501.53,1543.35,1489.12,1496.53,,0.0023544965765935743
2014-12-25T00:00:00.000000,1502.67,1524.27,1501.23,1519.8,,0.0020706461042162587
2014-12-26T00:00:00.000000,1522.0,1531.64,1514.23,1529.47,,0.0017746168766441814
2014-12-27T00:00:00.000000,1531.2,1539.16,1524.01,1536.08,,0.0011437175756243533
2014-12-30T00:00:00.000000,1531.12,1531.12,1491.21,1499.4,,0.0022594688628547748
2014-12-31T00:00:00.000000,1491.1,1493.44,1450.05,1460.11,,0.001743407094086275
2015-01-01T00:00:00.000000,1455.68,1479.86,1451.29,1471.76,,0.001855728623143139
2015-01-06T00:00:00.000000,1470.58,1470.58,1429.08,1464.77,,0.002382404156214514
2015-01-07T00:00:00.000000,1458.57,1542.15,1454.14,1539.83,,0.0027621444042284604
2015-01-08T00:00:00.000000,1542.4,1547.25,1517.37,1523.39,,0.0024973521036657453
2015-01-09T00:00:00.000000,1516.83,1565.77,1516.83,1541.89,,0.0024718372652570214
2015-01-10T00:00:00.000000,1535.33,1583.75,1534.61,1553.24,,0.0021328462686084826
2015-01-13T00:00:00.000000,1552.05,1587.18,1550.62,1586.12,,0.0023768039492904998
2015-01-14T00:00:00.000000,1587.69,1611.13,1578.4,1601.17,,0.0016718359915430915
2015-01-15T00:00:00.000000,1598.72,1605.16,1579.55,1588.01,,0.0014039732032941625
2015-01-16T00:00:00.000000,1584.68,1606.56,1578.22,1586.34,,0.001580266621205535
2015-01-17T00:00:00.000000,1586.71,1641.53,1586.64,1639.56,,0.001994558642486474
2015-01-20T00:00:00.000000,1608.25,1691.14,1600.4,1630.07,,0.00432247147517774
2015-01-21T00:00:00.000000,1635.57,1700.94,1635.57,1700.85,,0.002637399165507921
2015-01-22T00:00:00.000000,1704.1,1729.84,1701.87,1722.58,,0.0020984055779836542
2015-01-23T00:00:00.000000,1723.24,1744.08,1716.39,1744.04,,0.0016892024372700874
2015-01-24T00:00:00.000000,1742.09,1742.09,1693.52,1697.29,,0.0017683468927968385
2015-01-27T00:00:00.000000,1698.99,1740.37,1698.99,1739.79,,0.0018368533646805775
2015-01-28T00:00:00.000000,1742.47,1754.21,1715.53,1743.67,,0.0019102766692071379
2015-01-29T00:00:00.000000,1741.07,1759.0,1727.92,1731.41,,0.0018072619640504158
2015-01-30T00:00:00.000000,1717.4,1733.63,1709.36,1711.37,,0.0016886677405320463
2015-01-31T00:00:00.000000,1712.85,1721.14,1679.69,1680.58,,0.0019501785770238852
2015-02-03T00:00:00.000000,1667.12,1708.71,1660.05,1696.83,,0.002010624652766528
2015-02-04T00:00:00.000000,1703.93,1762.73,1703.93,1750.91,,0.0021639778362415023
2015-02-05T00:00:00.000000,1753.77,1770.2,1743.02,1757.74,,0.0016992715072457457
2015-02-06T00:00:00.000000,1757.23,1809.72,1741.96,1774.31,,0.0020934980198378614
2015-02-07T00:00:00.000000,1772.35,1783.62,1725.64,1730.97,,0.0025644126021601562
2015-02-10T00:00:00.000000,1727.22,1753.5,1702.56,1708.85,,0.001892192976567808
2015-02-11T00:00:00.000000,1707.26,1747.86,1700.88,1747.67,,0.001822224694770654
2015-02-12T00:00:00.000000,1748.23,1783.24,1748.23,1772.85,,0.0014982086368593608
2015-02-13T00:00:00.000000,1777.22,1799.46,1776.35,1788.81,,0.0013430854706425101
2015-02-14T00:00:00.000000,1798.54,1828.24,1796.41,1825.49,,0.0018837769442884055
2015-02-17T00:00:00.000000,1836.71,1897.66,1836.71,1896.63,,0.002166568916053599
2015-02-18T00:00:00.000000,1908.18,1909.91,1873.17,1894.31,,0.0018837580966981496
2015-02-26T00:00:00.000000,1899.39,1909.65,1872.1,1876.74,,0.0019352775570017843
2015-02-27T00:00:00.000000,1875.33,1891.78,1847.73,1880.39,,0.0015706806990404035
2015-02-28T00:00:00.000000,1880.63,1928.04,1880.63,1928.04,,0.0016774352908988039
2015-03-03T00:00:00.000000,1944.11,1987.8,1940.32,1986.99,,0.0019376945279968416
2015-03-04T00:00:00.000000,1987.33,2004.03,1961.01,1961.74,,0.0019868744746157417
2015-03-05T00:00:00.000000,1960.54,2011.08,1960.54,2009.83,,0.0017754930361671404
2015-03-06T00:00:00.000000,2015.7,2032.22,1997.46,2014.79,,0.0022164128212835833
2015-03-07T00:00:00.000000,2016.81,2018.18,1949.29,1951.4,,0.0019301894431242967
2015-03-10T00:00:00.000000,1941.42,1996.9,1932.82,1994.39,,0.0019629410460923497
2015-03-11T00:00:00.000000,2001.19,2048.3,2001.19,2045.32,,0.0017833190210624099
2015-03-12T00:00:00.000000,2050.76,2054.77,2022.32,2035.83,,0.0018359702559549275
2015-03-13T00:00:00.000000,2034.62,2054.39,1984.91,2018.13,,0.002441956147344209
2015-03-14T00:00:00.000000,2020.66,2070.95,2011.17,2069.07,,0.0022549498674849875
2015-03-17T00:00:00.000000,2088.2,2144.78,2088.2,2142.67,,0.002909411083437279
2015-03-18T00:00:00.000000,2149.37,2164.49,2117.78,2137.46,,0.0018052522009387158
2015-03-19T00:00:00.000000,2138.37,2186.02,2124.98,2182.92,,0.0016578348862395014
2015-03-20T00:00:00.000000,2184.76,2192.55,2160.99,2183.88,,0.001380907546347927
2015-03-21T00:00:00.000000,2187.47,2232.08,2187.01,2213.77,,0.0019613636006304645
2015-03-24T00:00:00.000000,2225.85,2293.92,2221.71,2293.65,,0.0018980265964423672
2015-03-25T00:00:00.000000,2310.51,2363.06,2253.2,2357.97,,0.004128234245560869
2015-03-26T00:00:00.000000,2364.94,2405.56,2344.11,2385.01,,0.002907279358343612
2015-03-27T00:00:00.000000,2362.45,2370.3,2270.79,2291.79,,0.0037880840661710623
2015-03-28T00:00:00.000000,2274.68,2326.42,2267.87,2323.82,,0.002018961582111729
2015-03-31T00:00:00.000000,2319.31,2332.53,2266.85,2290.48,,0.0018348617457052067
2015-04-01T00:00:00.000000,2294.32,2358.21,2288.31,2335.17,,0.0025547519075239545
2015-04-02T00:00:00.000000,2347.0,2407.49,2345.75,2404.91,,0.0021001767517435477
2015-04-03T00:00:00.000000,2434.76,2475.33,2420.19,2475.32,,0.003313036840388383
2015-04-04T00:00:00.000000,2469.85,2515.58,2460.94,2510.16,,0.002212905592113177
2015-04-08T00:00:00.000000,2530.07,2557.8,2522.26,2556.7,,0.001600447185692339
2015-04-09T00:00:00.000000,2566.94,2568.09,2442.82,2488.16,,0.003455209919801326
2015-04-10T00:00:00.000000,2481.69,2501.3,2346.89,2496.49,,0.004327905127633378
2015-04-11T00:00:00.000000,2475.56,2567.68,2457.82,2552.83,,0.002308268248163715
2015-04-14T00:00:00.000000,2558.19,2596.92,2545.26,2577.78,,0.0019396431350124736
2015-04-15T00:00:00.000000,2584.59,2593.7,2539.94,2558.85,,0.0024285839349631683
2015-04-16T00:00:00.000000,2548.99,2548.99,2441.74,2441.74,,0.0036502594935616793
2015-04-17T00:00:00.000000,2420.93,2532.31,2407.85,2484.33,,0.0033437005136435338
2015-04-18T00:00:00.000000,2507.47,2511.98,2453.28,2463.99,,0.0027307529487962936
2015-04-21T00:00:00.000000,2462.41,2493.2,2411.34,2424.85,,0.0036841060837701344
2015-04-22T00:00:00.000000,2443.12,2566.09,2443.12,2566.09,,0.003299987116884847
2015-04-23T00:00:00.000000,2610.74,2655.37,2610.74,2634.93,,0.003974389819892411
2015-04-24T00:00:00.000000,2656.18,2718.26,2656.18,2706.18,,0.0035048561227142777
2015-04-25T00:00:00.000000,2689.91,2747.62,2672.2,2734.75,,0.002514645254327452
2015-04-28T00:00:00.000000,2781.6,2806.76,2737.15,2747.5,,0.0032573184586439717
2015-04-29T00:00:00.000000,2764.41,2779.2,2650.43,2687.97,,0.004004181201319717
2015-04-30T00:00:00.000000,2693.48,2798.52,2674.76,2797.52,,0.002339277778346312
2015-05-01T00:00:00.000000,2825.16,2918.75,2825.16,2857.89,,0.0036108965980996537
2015-05-05T00:00:00.000000,2868.1,2884.44,2803.82,2845.25,,0.004133316182846902
2015-05-06T00:00:00.000000,2830.79,2845.71,2753.87,2783.44,,0.0030164013061937793
2015-05-07T00:00:00.000000,2806.3,2927.03,2806.3,2846.56,,0.004014213963202296
2015-05-08T00:00:00.000000,2824.82,2879.68,2801.47,2806.05,,0.0037229994646807182
2015-05-09T00:00:00.000000,2838.97,2974.37,2838.97,2973.6,,0.003937438983501847
2015-05-12T00:00:00.000000,3015.43,3150.49,2991.33,3146.83,,0.004143688259003919
2015-05-13T00:00:00.000000,3176.54,3254.99,3133.96,3250.3,,0.0045624647408001335
2015-05-14T00:00:00.000000,3185.34,3271.18,3123.92,3192.15,,0.0053316446717015294
2015-05-15T00:00:00.000000,3174.45,3228.03,3137.28,3141.59,,0.0035214244282018997
2015-05-16T00:00:00.000000,3109.11,3176.12,3059.86,3145.34,,0.004079871802453698
2015-05-19T00:00:00.000000,3178.37,3286.41,3178.37,3278.48,,0.004272264362826903
2015-05-20T00:00:00.000000,3310.09,3340.42,3206.78,3322.77,,0.0038614169454711856
2015-05-21T00:00:00.000000,3339.17,3471.95,3339.17,3406.28,,0.0036585751674311647
2015-05-22T00:00:00.000000,3421.61,3531.84,3421.45,3527.41,,0.003103734093468546
2015-05-23T00:00:00.000000,3594.59,3618.24,3438.57,3516.63,,0.004776258598076501
2015-05-26T00:00:00.000000,3415.67,3499.54,3370.84,3467.92,,0.005229939852495576
2015-05-27T00:00:00.000000,3471.8,3619.49,3471.8,3618.23,,0.003298928169254961
2015-05-28T00:00:00.000000,3638.21,3662.97,3546.58,3628.67,,0.0031384191287273334
2015-05-29T00:00:00.000000,3618.34,3677.33,3432.98,3432.98,,0.005305065392599678
2015-05-30T00:00:00.000000,3444.06,3595.17,3328.46,3542.84,,0.008013918511877462
2015-06-02T00:00:00.000000,3580.08,3722.86,3580.08,3718.75,,0.0031185646254336726
2015-06-03T00:00:00.000000,3757.1,3912.48,3756.09,3901.54,,0.004206052858404121
2015-06-04T00:00:00.000000,3949.28,4011.04,3838.22,3982.25,,0.005417256583772237
2015-06-05T00:00:00.000000,3991.8,4015.2,3695.83,3943.47,,0.007536799033772006
2015-06-06T00:00:00.000000,3994.44,4037.96,3841.42,3885.83,,0.004515914027572528
2015-06-09T00:00:00.000000,3862.8,3862.8,3643.04,3704.55,,0.005156258871208461
2015-06-10T00:00:00.000000,3664.37,3793.26,3633.72,3705.54,,0.0035775899808135163
2015-06-11T00:00:00.000000,3695.06,3876.85,3676.76,3834.7,,0.0030736721809910003
2015-06-12T00:00:00.000000,3843.98,3884.37,3815.06,3862.14,,0.002765771472091544
2015-06-13T00:00:00.000000,3889.16,3922.7,3850.59,3899.7,,0.0030263076198252313
2015-06-16T00:00:00.000000,3919.36,3919.36,3688.89,3696.03,,0.003831227313347752
2015-06-17T00:00:00.000000,3636.79,3669.82,3475.35,3590.67,,0.005912288912523498
2015-06-18T00:00:00.000000,3586.37,3754.37,3511.11,3741.36,,0.004603543979182057
2015-06-19T00:00:00.000000,3734.91,3752.18,3497.73,3504.55,,0.004351880794673543
2015-06-20T00:00:00.000000,3408.53,3476.03,3304.65,3314.98,,0.005457595632597758
2015-06-24T00:00:00.000000,3314.89,3397.27,3154.6,3393.94,,0.008005104831179501
2015-06-25T00:00:00.000000,3425.57,3459.46,3304.67,3383.4,,0.004503139242481617
2015-06-26T00:00:00.000000,3403.63,3408.23,3172.37,3206.38,,0.004142298168079486
2015-06-27T00:00:00.000000,3078.4,3078.4,2915.94,2920.7,,0.00818330215683034
2015-06-30T00:00:00.000000,2943.5,2950.13,2663.44,2689.76,,0.0075353601015255844
2015-07-01T00:00:00.000000,2566.02,2875.09,2485.46,2858.61,,0.011261811040682702
2015-07-02T00:00:00.000000,2842.17,3008.19,2743.61,2759.41,,0.007504261472419796
2015-07-03T00:00:00.000000,2756.25,2825.15,2591.05,2649.32,,0.012316416920438366
2015-07-04T00:00:00.000000,2559.03,2788.76,2458.29,2605.28,,0.01097706635587864
2015-07-07T00:00:00.000000,2795.67,2795.67,2417.56,2493.83,,0.012064351859661591
2015-07-08T00:00:00.000000,2398.1,2415.68,2350.97,2352.01,,0.005241118951442103
2015-07-09T00:00:00.000000,2304.76,2364.08,2304.76,2364.05,,0.0034609575306625276
2015-07-10T00:00:00.000000,2338.11,2435.76,2338.11,2435.76,,0.0030674404750402288
2015-07-11T00:00:00.000000,2487.39,2535.89,2478.87,2535.89,,0.004864425128248677
2015-07-14T00:00:00.000000,2612.77,2683.07,2592.2,2683.07,,0.006291813134307283
2015-07-15T00:00:00.000000,2725.04,2827.55,2715.98,2726.05,,0.005987361005631085
2015-07-16T00:00:00.000000,2750.66,2750.66,2583.46,2590.03,,0.004095860563420021
2015-07-17T00:00:00.000000,2526.65,2698.16,2439.24,2627.08,,0.011797999880577038
2015-07-18T00:00:00.000000,2651.44,2805.8,2646.5,2783.32,,0.004243501359563764
2015-07-21T00:00:00.000000,2820.72,2907.15,2777.91,2848.3,,0.006766326292622804
2015-07-22T00:00:00.000000,2802.02,2917.41,2779.53,2882.9,,0.004575408744068164
2015-07-23T00:00:00.000000,2882.06,2932.06,2828.45,2897.37,,0.004098419836739924
2015-07-24T00:00:00.000000,2896.25,2969.35,2864.43,2967.95,,0.0029348065960582157
2015-07-25T00:00:00.000000,2976.94,3014.18,2879.26,2897.82,,0.0041558226621967054
2015-07-28T00:00:00.000000,2822.37,2924.08,2683.05,2683.45,,0.00605793072556039
2015-07-29T00:00:00.000000,2546.41,2705.18,2492.19,2581.96,,0.011401005366079
2015-07-30T00:00:00.000000,2617.94,2693.99,2483.92,2693.86,,0.007484049874651653
2015-07-31T00:00:00.000000,2671.46,2707.76,2556.09,2561.19,,0.006040398286816313
2015-08-01T00:00:00.000000,2507.27,2605.34,2499.25,2539.84,,0.004327044567456764
2015-08-04T00:00:00.000000,2475.33,2494.8,2371.48,2399.27,,0.005304042928862023
2015-08-05T00:00:00.000000,2396.41,2546.16,2380.28,2546.16,,0.0042647633238404705
2015-08-06T00:00:00.000000,2542.27,2584.19,2480.45,2502.04,,0.004683482901412379
2015-08-07T00:00:00.000000,2441.96,2517.99,2430.53,2480.93,,0.004749152494149254
2015-08-08T00:00:00.000000,2509.96,2586.53,2505.27,2576.99,,0.003812408856401647
2015-08-11T00:00:00.000000,2606.74,2726.9,2593.41,2706.72,,0.0028728152296284538
2015-08-12T00:00:00.000000,2705.04,2747.83,2675.15,2698.91,,0.0037004757927519066
2015-08-13T00:00:00.000000,2658.84,2700.4,2622.19,2622.19,,0.003242880836988772
2015-08-14T00:00:00.000000,2608.74,2684.26,2578.91,2684.26,,0.003313757376135417
2015-08-15T00:00:00.000000,2713.78,2725.47,2664.42,2674.02,,0.0030947485085204307
2015-08-18T00:00:00.000000,2665.37,2676.72,2613.78,2666.29,,0.002815004092575629
2015-08-19T00:00:00.000000,2674.42,2720.58,2488.61,2504.17,,0.005593363205860301
2015-08-20T00:00:00.000000,2427.94,2584.36,2359.17,2570.69,,0.00815198889216084
2015-08-21T00:00:00.000000,2556.77,2610.9,2508.35,2508.82,,0.0043674784843805384
2015-08-22T00:00:00.000000,2452.62,2480.68,2340.92,2341.95,,0.006403102098476394
2015-08-25T00:00:00.000000,2222.54,2246.55,2152.61,2152.61,,0.009166286286741562
2015-08-26T00:00:00.000000,1996.04,2048.03,1987.12,1990.71,,0.011524885280821202
2015-08-27T00:00:00.000000,1975.92,2044.66,1875.03,1890.04,,0.009787357988852894
2015-08-28T00:00:00.000000,1924.78,1959.98,1843.19,1959.49,,0.008437157032912647
2015-08-29T00:00:00.000000,1990.35,2086.87,1960.39,2082.12,,0.005059487654970447
2015-09-01T00:00:00.000000,2056.29,2058.85,1987.58,1996.87,,0.00456790750869155
2015-09-02T00:00:00.000000,1959.46,1959.46,1877.36,1889.49,,0.006250607192720102
2015-09-03T00:00:00.000000,1787.71,1953.91,1779.18,1855.03,,0.010523607889767521
2015-09-08T00:00:00.000000,1882.86,1953.4,1878.26,1893.52,,0.006349601838998579
2015-09-09T00:00:00.000000,1875.67,2004.81,1859.21,2001.16,,0.0050970044130792804
2015-09-10T00:00:00.000000,2023.31,2102.23,2017.1,2071.72,,0.00445525572294248
2015-09-11T00:00:00.000000,2030.03,2078.42,2024.89,2039.12,,0.004321448552408738
2015-09-12T00:00:00.000000,2039.01,2084.05,2029.81,2060.51,,0.003206294876748784
2015-09-15T00:00:00.000000,2068.2,2075.67,1905.2,1906.21,,0.004387594405768254
2015-09-16T00:00:00.000000,1843.23,1892.81,1794.29,1797.56,,0.0069858923253859305
2015-09-17T00:00:00.000000,1813.73,1928.78,1808.75,1926.24,,0.004953816635129418
2015-09-18T00:00:00.000000,1943.29,2020.55,1922.8,1933.3,,0.004900487317487653
2015-09-19T00:00:00.000000,1948.12,1995.5,1922.14,1983.3,,0.0049288005596993196
2015-09-22T00:00:00.000000,1950.33,2080.22,1945.35,2079.06,,0.004245983817115079
2015-09-23T00:00:00.000000,2082.34,2108.56,2042.13,2078.72,,0.0034951010826251823
2015-09-24T00:00:00.000000,2039.49,2103.22,2036.06,2077.99,,0.004140769021539222
2015-09-25T00:00:00.000000,2090.56,2130.47,2084.4,2106.59,,0.002843926459155728
2015-09-26T00:00:00.000000,2091.85,2106.95,2002.45,2020.97,,0.004415918967064964
2015-09-29T00:00:00.000000,2024.89,2124.06,2007.92,2122.26,,0.003034231264464675
2015-09-30T00:00:00.000000,2089.54,2135.51,2075.97,2098.57,,0.003752566779696962
2015-10-01T00:00:00.000000,2111.99,2124.29,2049.43,2082.67,,0.0034366019459199683
2015-10-09T00:00:00.000000,2153.12,2210.04,2138.54,2190.31,,0.005050742469846014
2015-10-10T00:00:00.000000,2190.84,2230.03,2184.55,2216.66,,0.0021610128170998118
2015-10-13T00:00:00.000000,2233.61,2344.21,2232.27,2316.78,,0.0032821309763286614
2015-10-14T00:00:00.000000,2297.93,2351.52,2290.64,2342.04,,0.002506768240478616
2015-10-15T00:00:00.000000,2330.08,2350.59,2295.6,2305.0,,0.003346428114653977
2015-10-16T00:00:00.000000,2300.62,2406.21,2296.8,2404.53,,0.0026321311212128833
2015-10-17T00:00:00.000000,2424.62,2452.94,2401.09,2449.03,,0.0032831067294857436
2015-10-20T00:00:00.000000,2465.11,2466.48,2398.34,2433.6,,0.0032264772483619835
2015-10-21T00:00:00.000000,2430.18,2520.08,2427.78,2511.16,,0.002828836119514776
2015-10-22T00:00:00.000000,2504.78,2527.77,2335.66,2344.74,,0.0056376532277334305
2015-10-23T00:00:00.000000,2355.16,2465.1,2355.16,2458.14,,0.004944229237897605
2015-10-24T00:00:00.000000,2488.31,2549.76,2461.49,2538.38,,0.004066633267817478
2015-10-27T00:00:00.000000,2570.13,2570.13,2481.59,2527.48,,0.00416729257958684
2015-10-28T00:00:00.000000,2497.16,2586.95,2423.6,2563.96,,0.005376842482479629
2015-10-29T00:00:00.000000,2551.7,2583.82,2473.47,2485.24,,0.0037921610634144027
2015-10-30T00:00:00.000000,2504.85,2528.7,2436.78,2485.28,,0.0038518792185213203
2015-10-31T00:00:00.000000,2475.23,2534.47,2439.16,2478.28,,0.00310924417891988
2015-11-03T00:00:00.000000,2416.1,2513.32,2408.78,2432.04,,0.004570421886659763
2015-11-04T00:00:00.000000,2444.05,2461.33,2407.55,2429.27,,0.00331729412474728
2015-11-05T00:00:00.000000,2451.23,2584.32,2451.23,2584.32,,0.0032551665323345804
2015-11-06T00:00:00.000000,2587.82,2630.83,2542.85,2564.72,,0.0036319944328481965
2015-11-07T00:00:00.000000,2571.66,2666.4,2571.66,2661.41,,0.0029858284000093506
2015-11-10T00:00:00.000000,2653.31,2747.79,2612.26,2724.62,,0.0035252584713486457
2015-11-11T00:00:00.000000,2710.9,2783.12,2700.29,2746.61,,0.003428664938130601
2015-11-12T00:00:00.000000,2738.58,2806.54,2730.52,2804.68,,0.002605973580538712
2015-11-13T00:00:00.000000,2818.57,2827.71,2743.26,2783.3,,0.003653243283058132
2015-11-14T00:00:00.000000,2751.39,2772.82,2681.61,2710.16,,0.004457047139185333
2015-11-17T00:00:00.000000,2656.57,2797.16,2654.64,2797.16,,0.003668982873730387
2015-11-18T00:00:00.000000,2834.98,2847.9,2711.58,2717.05,,0.0036757450232635545
2015-11-19T00:00:00.000000,2727.61,2741.33,2655.06,2661.16,,0.0034811195976363588
2015-11-20T00:00:00.000000,2678.36,2770.75,2676.76,2770.75,,0.0031990884749491374
2015-11-21T00:00:00.000000,2783.04,2817.96,2757.84,2800.15,,0.002969516625188859
2015-11-24T00:00:00.000000,2797.12,2839.84,2759.31,2770.58,,0.002968787464671061
2015-11-25T00:00:00.000000,2767.72,2816.05,2739.52,2816.05,,0.0027667742432312134
2015-11-26T00:00:00.000000,2813.51,2906.8,2806.82,2897.57,,0.0024868181882555926
2015-11-27T00:00:00.000000,2911.85,2915.95,2831.38,2833.2,,0.002465378388050537
2015-11-28T00:00:00.000000,2819.36,2844.05,2629.13,2649.55,,0.005699524024301031
2015-12-01T00:00:00.000000,2658.97,2687.05,2507.38,2672.58,,0.005951286733134228
2015-12-02T00:00:00.000000,2669.3,2700.35,2621.17,2655.34,,0.003928732955616832
2015-12-03T00:00:00.000000,2653.24,2660.12,2525.34,2613.26,,0.004167112156552764
2015-12-04T00:00:00.000000,2622.49,2710.81,2622.49,2708.12,,0.003054011285597575
2015-12-05T00:00:00.000000,2702.56,2749.18,2679.35,2692.16,,0.002561753593761141
2015-12-08T00:00:00.000000,2699.34,2751.24,2687.02,2738.15,,0.002273485133352786
2015-12-09T00:00:00.000000,2723.62,2731.72,2678.66,2691.66,,0.0025510300603637306
2015-12-10T00:00:00.000000,2677.59,2699.64,2650.45,2667.91,,0.002047846852485752
2015-12-11T00:00:00.000000,2665.28,2729.24,2663.37,2695.51,,0.0026842058887812854
2015-12-12T00:00:00.000000,2686.31,2701.69,2666.89,2671.29,,0.0022700088831550157
2015-12-15T00:00:00.000000,2642.82,2709.27,2622.47,2709.26,,0.002522589295982314
2015-12-16T00:00:00.000000,2718.25,2764.8,2718.25,2745.7,,0.0019823153093654336
2015-12-17T00:00:00.000000,2760.26,2789.28,2749.8,2763.11,,0.002067450745226738
2015-12-18T00:00:00.000000,2784.97,2835.7,2784.97,2835.7,,0.0019455782567943027
2015-12-19T00:00:00.000000,2836.92,2850.69,2801.64,2830.26,,0.00204772388161682
2015-12-22T00:00:00.000000,2825.32,2836.61,2800.35,2829.92,,0.0013175699184581776
2015-12-23T00:00:00.000000,2836.96,2849.36,2811.61,2839.85,,0.0014870479708983322
2015-12-24T00:00:00.000000,2845.43,2848.83,2779.93,2783.94,,0.0017292728454863003
2015-12-25T00:00:00.000000,2775.98,2801.57,2735.97,2795.78,,0.0021218915635167835
2015-12-26T00:00:00.000000,2807.51,2820.53,2777.46,2794.73,,0.0016370171856389918
2015-12-29T00:00:00.000000,2809.52,2823.75,2735.49,2735.49,,0.002953678702365105
2015-12-30T00:00:00.000000,2732.55,2749.82,2710.2,2749.82,,0.0021482318345630324
2015-12-31T00:00:00.000000,2758.25,2781.84,2749.29,2779.51,,0.0015381175720977896
2016-01-01T00:00:00.000000,2780.54,2785.66,2713.69,2714.05,,0.002007858886752358
2016-01-05T00:00:00.000000,2706.28,2710.3,2490.47,2491.24,,0.005049199318410455
2016-01-06T00:00:00.000000,2353.23,2481.2,2333.61,2416.72,,0.007556903276110981
2016-01-07T00:00:00.000000,2433.36,2472.19,2388.69,2468.37,,0.0035809600537202962
2016-01-08T00:00:00.000000,2415.33,2415.33,2254.5,2254.5,,0.006865873531724321
2016-01-09T00:00:00.000000,2297.59,2318.12,2142.33,2248.99,,0.007220863585035192
2016-01-12T00:00:00.000000,2188.19,2230.42,2105.77,2106.36,,0.0061863899019705655
2016-01-13T00:00:00.000000,2117.25,2179.09,2087.27,2147.53,,0.0045173603558014835
2016-01-14T00:00:00.000000,2160.32,2174.23,2059.78,2059.78,,0.0042205945314003875
2016-01-15T00:00:00.000000,1991.23,2179.38,1989.87,2175.01,,0.0068385120674594345
2016-01-16T00:00:00.000000,2160.17,2184.56,2096.19,2112.9,,0.00464998555445444
2016-01-19T00:00:00.000000,2074.86,2206.84,2074.86,2174.93,,0.004140605854703499
2016-01-20T00:00:00.000000,2170.09,2244.79,2148.72,2241.7,,0.002961307463733597
2016-01-21T00:00:00.000000,2222.6,2249.36,2190.51,2204.65,,0.0028422278487464235
2016-01-22T00:00:00.000000,2173.32,2241.47,2112.4,2112.4,,0.0048747427226856705
2016-01-23T00:00:00.000000,2140.28,2161.24,2078.12,2149.59,,0.004195644224138572
2016-01-26T00:00:00.000000,2165.73,2185.21,2136.88,2158.82,,0.0029351462520479893
2016-01-27T00:00:00.000000,2132.22,2135.57,1990.51,1994.05,,0.005172040679609887
2016-01-28T00:00:00.000000,1997.32,2012.3,1888.25,1997.46,,0.0065990276952272095
2016-01-29T00:00:00.000000,1969.31,1990.92,1900.88,1906.46,,0.00439602845481294
2016-01-30T00:00:00.000000,1908.26,2011.06,1907.29,1994.07,,0.003303905317019439
2016-02-02T00:00:00.000000,1989.21,2011.68,1956.92,1992.69,,0.003200678077968399
2016-02-03T00:00:00.000000,1996.59,2089.21,1996.59,2075.29,,0.0028834843554832673
2016-02-04T00:00:00.000000,2049.32,2105.38,2034.6,2090.51,,0.003459656419119943
2016-02-05T00:00:00.000000,2095.62,2142.87,2095.62,2126.64,,0.0025340914196399374
2016-02-06T00:00:00.000000,2127.35,2141.56,2096.99,2096.99,,0.0018685769002056765
2016-02-16T00:00:00.000000,2029.56,2130.36,2029.56,2116.84,,0.004694593675636447
2016-02-17T00:00:00.000000,2128.06,2208.57,2128.06,2201.93,,0.0025412653071144216
2016-02-18T00:00:00.000000,2197.93,2219.78,2171.0,2215.34,,0.002229446662268086
2016-02-19T00:00:00.000000,2230.8,2239.91,2188.19,2190.91,,0.0023901014354202887
2016-02-20T00:00:00.000000,2186.02,2230.22,2182.96,2211.01,,0.002247336625399827
2016-02-23T00:00:00.000000,2235.17,2245.56,2216.16,2245.56,,0.0023874309220145882
2016-02-24T00:00:00.000000,2245.75,2249.69,2189.53,2218.12,,0.002247648758832075
2016-02-25T00:00:00.000000,2212.59,2230.01,2154.27,2203.74,,0.0026702977625243725
2016-02-26T00:00:00.000000,2198.93,2198.93,2030.42,2037.14,,0.004130672323364045
2016-02-27T00:00:00.000000,2045.51,2057.8,1980.17,2014.92,,0.003978248257044925
2016-03-01T00:00:00.000000,2000.57,2000.57,1866.25,1880.15,,0.006619556768085437
2016-03-02T00:00:00.000000,1881.32,1952.43,1841.22,1934.92,,0.004127915753909662
2016-03-03T00:00:00.000000,1930.84,2022.86,1925.02,2017.6,,0.0027327558906114586
2016-03-04T00:00:00.000000,2014.18,2063.53,2006.71,2007.08,,0.0032963407441041126
2016-03-05T00:00:00.000000,1994.06,2003.69,1895.4,1907.04,,0.004859366326964507
2016-03-08T00:00:00.000000,1935.09,1995.94,1935.09,1953.33,,0.004317354069562928
2016-03-09T00:00:00.000000,1944.65,2002.19,1865.65,2002.19,,0.0054074853160447234
2016-03-10T00:00:00.000000,1962.28,2015.71,1947.05,1970.81,,0.005313617379576932
2016-03-11T00:00:00.000000,1968.77,1991.36,1935.49,1936.97,,0.0033079565604807416
2016-03-12T00:00:00.000000,1911.33,1948.6,1903.92,1934.87,,0.003357622232429273
2016-03-15T00:00:00.000000,1962.11,2048.5,1962.11,2023.13,,0.0037843342534793147
2016-03-16T00:00:00.000000,2016.81,2034.7,1995.46,1996.92,,0.0022118006638017183
2016-03-17T00:00:00.000000,2029.92,2039.49,1961.42,1977.54,,0.003668115206735976
2016-03-18T00:00:00.000000,1986.14,2089.14,1986.14,2087.29,,0.0030803119206773686
2016-03-19T00:00:00.000000,2102.19,2194.36,2102.08,2177.87,,0.0031296508056563427
2016-03-22T00:00:00.000000,2214.91,2234.35,2191.66,2227.03,,0.003530748891841359
2016-03-23T00:00:00.000000,2201.19,2248.19,2189.94,2221.7,,0.003371253149326871
2016-03-24T00:00:00.000000,2214.87,2259.11,2205.07,2259.11,,0.002651089422555945
2016-03-25T00:00:00.000000,2234.22,2277.92,2217.84,2219.77,,0.003623400975743526
2016-03-26T00:00:00.000000,2209.26,2232.07,2183.6,2216.09,,0.002488218922992029
2016-03-29T00:00:00.000000,2233.13,2259.13,2192.35,2199.68,,0.002991040004607509
2016-03-30T00:00:00.000000,2190.88,2194.89,2130.85,2152.55,,0.003707971146385361
2016-03-31T00:00:00.000000,2172.74,2248.78,2172.74,2248.78,,0.00311978583666527
2016-04-01T00:00:00.000000,2256.43,2271.96,2232.3,2238.29,,0.00245215919445714
2016-04-02T00:00:00.000000,2223.38,2227.0,2171.34,2205.37,,0.0028925331754319637
2016-04-06T00:00:00.000000,2207.46,2285.2,2205.44,2279.52,,0.002423329939413148
2016-04-07T00:00:00.000000,2274.77,2305.41,2271.5,2297.04,,0.0021481904992120583
2016-04-08T00:00:00.000000,2310.92,2316.63,2248.68,2248.68,,0.0027538151572624047
2016-04-09T00:00:00.000000,2230.95,2239.81,2194.23,2229.93,,0.003065963800920292
2016-04-12T00:00:00.000000,2255.07,2301.41,2255.07,2283.14,,0.0027719485186576123
2016-04-13T00:00:00.000000,2283.21,2289.55,2236.44,2264.02,,0.002258098920575728
2016-04-14T00:00:00.000000,2278.52,2330.06,2278.52,2294.01,,0.002511712461572379
2016-04-15T00:00:00.000000,2310.6,2325.38,2289.57,2324.39,,0.0023025632450900434
2016-04-16T00:00:00.000000,2328.31,2328.31,2297.68,2309.68,,0.0016865022279821046
2016-04-19T00:00:00.000000,2288.42,2288.42,2249.34,2265.59,,0.0029984185932169097
2016-04-20T00:00:00.000000,2278.31,2289.05,2253.59,2272.52,,0.0022570729180741017
2016-04-21T00:00:00.000000,2279.76,2284.1,2119.42,2145.24,,0.004910732331931913
2016-04-22T00:00:00.000000,2135.93,2160.26,2106.97,2110.16,,0.0027777410338905213
2016-04-23T00:00:00.000000,2093.78,2136.92,2090.95,2136.92,,0.002328070580576589
2016-04-26T00:00:00.000000,2128.66,2130.06,2083.64,2126.83,,0.002586009469662316
2016-04-27T00:00:00.000000,2123.87,2155.7,2119.38,2155.7,,0.0017328047406234555
2016-04-28T00:00:00.000000,2162.76,2176.33,2142.46,2146.61,,0.0015853478118061073
2016-04-29T00:00:00.000000,2149.1,2158.49,2108.27,2155.23,,0.00247879201396993
2016-04-30T00:00:00.000000,2141.58,2162.19,2138.74,2138.74,,0.0016999261465725783
2016-05-04T00:00:00.000000,2138.96,2217.23,2126.87,2217.23,,0.0018900787692223212
2016-05-05T00:00:00.000000,2210.13,2233.59,2206.26,2211.02,,0.0016333438917467186
2016-05-06T00:00:00.000000,2208.4,2226.55,2198.76,2224.09,,0.0016115693653593025
2016-05-07T00:00:00.000000,2226.44,2235.96,2129.19,2129.19,,0.003160868187183217
2016-05-10T00:00:00.000000,2107.33,2107.33,2045.12,2053.6,,0.00386158300134987
2016-05-11T00:00:00.000000,2051.38,2067.62,2044.28,2054.22,,0.0020480297807708046
2016-05-12T00:00:00.000000,2067.69,2073.83,2032.3,2034.92,,0.0022652382145406233
2016-05-13T00:00:00.000000,2006.26,2039.32,1977.0,2034.57,,0.004265129800225711
2016-05-14T00:00:00.000000,2030.94,2058.66,2013.86,2025.22,,0.0018813301980384622
2016-05-17T00:00:00.000000,2017.84,2057.86,2009.05,2057.86,,0.002065275877237841
2016-05-18T00:00:00.000000,2059.52,2107.71,2036.88,2081.44,,0.002405394640891114
2016-05-19T00:00:00.000000,2062.81,2062.81,2000.53,2020.48,,0.0033997393383890626
2016-05-20T00:00:00.000000,2023.96,2076.48,2023.96,2037.4,,0.002342704631356544
2016-05-21T00:00:00.000000,2018.38,2065.3,2013.53,2065.3,,0.002424061863302009
2016-05-24T00:00:00.000000,2073.0,2107.05,2073.0,2098.23,,0.0020595347975770266
2016-05-25T00:00:00.000000,2094.21,2094.21,2061.52,2075.51,,0.001784713846705974
2016-05-26T00:00:00.000000,2091.97,2111.26,2062.64,2067.25,,0.002383355373371734
2016-05-27T00:00:00.000000,2060.43,2086.49,2019.3,2086.01,,0.002644122514224351
2016-05-28T00:00:00.000000,2076.3,2090.17,2065.37,2069.89,,0.0018955931490210482
2016-05-31T00:00:00.000000,2054.62,2083.83,2033.67,2058.52,,0.0027807012264327506
2016-06-01T00:00:00.000000,2061.84,2160.53,2060.14,2159.8,,0.002421762294652852
2016-06-02T00:00:00.000000,2164.73,2188.88,2163.05,2168.82,,0.002078454534091151
2016-06-03T00:00:00.000000,2163.59,2188.56,2160.25,2188.56,,0.00159517647725612
2016-06-04T00:00:00.000000,2176.36,2236.58,2175.82,2204.97,,0.0023705369281123703
2016-06-07T00:00:00.000000,2212.46,2219.28,2181.99,2199.3,,0.0019836616413486706
2016-06-08T00:00:00.000000,2202.04,2204.18,2181.3,2196.73,,0.0016367798774069282
2016-06-09T00:00:00.000000,2191.27,2201.53,2166.97,2186.54,,0.0015387227965586166
2016-06-14T00:00:00.000000,2150.39,2165.28,2054.71,2054.71,,0.0038040354929817317
2016-06-15T00:00:00.000000,2045.21,2070.15,2032.44,2058.31,,0.0024323855366855246
2016-06-16T00:00:00.000000,2033.6,2143.45,2031.67,2128.8,,0.002425997818641354
2016-06-17T00:00:00.000000,2124.16,2137.18,2097.35,2101.42,,0.002021897170012144
2016-06-18T00:00:00.000000,2109.57,2154.52,2105.24,2122.89,,0.0023995364073410783
2016-06-21T00:00:00.000000,2117.99,2127.68,2088.29,2119.63,,0.002006671250972722
2016-06-22T00:00:00.000000,2135.46,2153.23,2083.69,2092.0,,0.0025003344797303543
2016-06-23T00:00:00.000000,2085.98,2144.82,2085.65,2144.82,,0.002094024513791611
2016-06-24T00:00:00.000000,2144.58,2153.58,2115.84,2137.49,,0.002064548973710515
2016-06-25T00:00:00.000000,2131.15,2157.94,2060.2,2127.36,,0.0052246170860938195
2016-06-28T00:00:00.000000,2111.1,2194.13,2110.6,2191.81,,0.001974911825632389
2016-06-29T00:00:00.000000,2181.41,2221.46,2173.53,2216.71,,0.0020300364605174578
2016-06-30T00:00:00.000000,2228.51,2238.35,2203.49,2209.79,,0.0017916029331382967
2016-07-01T00:00:00.000000,2213.6,2233.28,2206.81,2227.79,,0.002056349797556721
2016-07-02T00:00:00.000000,2231.18,2241.63,2203.93,2211.18,,0.0016592636529162942
2016-07-05T00:00:00.000000,2195.62,2254.15,2193.84,2248.71,,0.0014567570661568813
2016-07-06T00:00:00.000000,2253.69,2259.29,2229.0,2246.02,,0.0014558543848594999
2016-07-07T00:00:00.000000,2239.76,2246.73,2229.27,2241.56,,0.001235150478638131
2016-07-08T00:00:00.000000,2240.9,2247.58,2212.41,2233.92,,0.00176956901893417
2016-07-09T00:00:00.000000,2231.97,2257.32,2220.21,2239.0,,0.001434133655891755
2016-07-12T00:00:00.000000,2242.26,2252.66,2216.57,2218.59,,0.0015443952049885598
2016-07-13T00:00:00.000000,2218.02,2247.36,2182.03,2247.36,,0.0022209031917324483
2016-07-14T00:00:00.000000,2258.26,2299.86,2250.64,2285.37,,0.0020525667958096443
2016-07-15T00:00:00.000000,2282.16,2295.59,2273.42,2293.08,,0.0016279827632988079
2016-07-16T00:00:00.000000,2289.1,2293.09,2260.16,2263.78,,0.001508137720784606
2016-07-19T00:00:00.000000,2257.42,2268.79,2234.21,2249.87,,0.0016515135729051201
2016-07-20T00:00:00.000000,2249.74,2273.72,2237.0,2273.72,,0.0017574261215530576
2016-07-21T00:00:00.000000,2272.64,2288.65,2268.53,2268.53,,0.0014247699449901315
2016-07-22T00:00:00.000000,2266.08,2289.67,2259.2,2265.13,,0.0013988878254647548
2016-07-23T00:00:00.000000,2262.1,2269.55,2248.3,2250.0,,0.0013156780406348297
2016-07-26T00:00:00.000000,2245.86,2264.44,2235.45,2245.89,,0.001374448060664018
2016-07-27T00:00:00.000000,2245.94,2279.55,2245.94,2279.55,,0.0012985168994926514
2016-07-28T00:00:00.000000,2282.07,2284.28,2138.78,2155.39,,0.00437168546847075
2016-07-29T00:00:00.000000,2150.32,2166.6,2109.87,2139.74,,0.0027524608487149264
2016-07-30T00:00:00.000000,2144.27,2147.19,2109.13,2122.41,,0.0018298855212790014
2016-08-02T00:00:00.000000,2113.67,2118.09,2066.18,2099.18,,0.0030397758001454384
2016-08-03T00:00:00.000000,2096.55,2114.95,2094.12,2113.21,,0.0013028830917006444
2016-08-04T00:00:00.000000,2110.23,2117.62,2096.73,2108.32,,0.001293732713255914
2016-08-05T00:00:00.000000,2107.62,2133.18,2102.27,2129.65,,0.001118198326529032
2016-08-06T00:00:00.000000,2128.74,2129.33,2107.44,2109.06,,0.0011538635629441262
2016-08-09T00:00:00.000000,2102.24,2130.59,2083.98,2130.59,,0.001723041417407098
2016-08-10T00:00:00.000000,2128.64,2154.51,2128.22,2154.51,,0.0008997148946854581
2016-08-11T00:00:00.000000,2155.39,2164.63,2136.83,2137.0,,0.0012960551025652967
2016-08-12T00:00:00.000000,2134.6,2139.2,2103.4,2103.4,,0.0016672887449948445
2016-08-13T00:00:00.000000,2098.77,2123.87,2097.91,2123.84,,0.001262085262114445
2016-08-16T00:00:00.000000,2126.79,2200.92,2112.25,2193.21,,0.002544915790073711
2016-08-17T00:00:00.000000,2195.02,2211.01,2192.97,2201.1,,0.001284104502238368
2016-08-18T00:00:00.000000,2200.24,2218.29,2195.37,2208.2,,0.001290329535805971
2016-08-19T00:00:00.000000,2204.95,2213.3,2191.93,2201.59,,0.001303798933050905
2016-08-20T00:00:00.000000,2200.68,2211.06,2194.11,2204.56,,0.000992481330607323
2016-08-23T00:00:00.000000,2205.58,2213.41,2167.4,2167.4,,0.0015021798429076636
2016-08-24T00:00:00.000000,2168.34,2186.74,2160.3,2174.16,,0.001412786187340794
2016-08-25T00:00:00.000000,2178.53,2204.8,2176.35,2192.17,,0.0011615501657112701
2016-08-26T00:00:00.000000,2179.01,2183.73,2152.11,2180.66,,0.0022244596582369166
2016-08-27T00:00:00.000000,2186.0,2211.63,2182.11,2189.75,,0.001150877946308046
2016-08-30T00:00:00.000000,2187.72,2209.25,2183.81,2193.2,,0.0009783103926448026
2016-08-31T00:00:00.000000,2197.49,2210.4,2193.07,2195.53,,0.001119062208272339
2016-09-01T00:00:00.000000,2194.61,2198.25,2175.84,2191.76,,0.001209040455726556
2016-09-02T00:00:00.000000,2192.94,2201.28,2181.33,2181.33,,0.0009832196676308291
2016-09-03T00:00:00.000000,2176.39,2187.69,2160.12,2170.86,,0.0010429952889315982
2016-09-06T00:00:00.000000,2178.63,2199.65,2178.09,2182.69,,0.001197357069253159
2016-09-07T00:00:00.000000,2183.23,2225.26,2161.93,2222.84,,0.0018567141390854376
2016-09-08T00:00:00.000000,2223.02,2232.12,2208.83,2212.05,,0.0010930939014310364
2016-09-09T00:00:00.000000,2211.39,2223.47,2207.12,2223.47,,0.0010653316302166429
2016-09-10T00:00:00.000000,2223.58,2228.54,2202.97,2202.97,,0.001103389707668114
2016-09-13T00:00:00.000000,2163.45,2179.98,2145.03,2145.56,,0.0030918957475633193
2016-09-14T00:00:00.000000,2157.95,2165.58,2139.34,2145.87,,0.001640640735083334
2016-09-15T00:00:00.000000,2137.4,2156.98,2131.71,2144.56,,0.0010845500395083804
2016-09-20T00:00:00.000000,2149.37,2174.4,2149.37,2165.21,,0.0012549998337657014
2016-09-21T00:00:00.000000,2164.42,2167.64,2153.94,2158.43,,0.0007285265372042507
2016-09-22T00:00:00.000000,2158.06,2170.09,2157.38,2162.13,,0.0007829036453319478
2016-09-23T00:00:00.000000,2174.3,2178.53,2166.62,2168.42,,0.0010008620204813865
2016-09-24T00:00:00.000000,2171.63,2173.49,2156.04,2156.51,,0.0007648891426837131
2016-09-27T00:00:00.000000,2154.4,2161.76,2122.9,2122.9,,0.0012916885913837855
2016-09-28T00:00:00.000000,2118.95,2140.8,2112.7,2140.8,,0.001387051444875679
2016-09-29T00:00:00.000000,2143.72,2143.72,2132.55,2139.63,,0.0007872453269510771
2016-09-30T00:00:00.000000,2141.34,2155.42,2140.98,2146.18,,0.0007484281029504469
2016-10-01T00:00:00.000000,2144.47,2154.4,2143.34,2149.9,,0.0006390461048275901
2016-10-11T00:00:00.000000,2165.85,2208.47,2163.41,2208.47,,0.0017360333391135253
2016-10-12T00:00:00.000000,2207.43,2210.86,2201.31,2210.86,,0.0007052278298612378
2016-10-13T00:00:00.000000,2202.36,2216.52,2198.89,2209.68,,0.0008646543338254139
2016-10-14T00:00:00.000000,2211.76,2216.09,2200.52,2208.57,,0.0007840946293087454
2016-10-15T00:00:00.000000,2203.87,2203.87,2178.91,2194.23,,0.001013900714607175
2016-10-18T00:00:00.000000,2199.18,2200.47,2160.01,2167.86,,0.0010837930928610674
2016-10-19T00:00:00.000000,2164.6,2198.14,2164.6,2198.14,,0.0009859656655961042
2016-10-20T00:00:00.000000,2200.53,2201.16,2180.47,2184.91,,0.0009114229666858689
2016-10-21T00:00:00.000000,2187.41,2199.06,2184.35,2193.26,,0.0007184057086907289
2016-10-22T00:00:00.000000,2196.85,2202.49,2167.83,2181.0,,0.0011336917213844273
2016-10-25T00:00:00.000000,2184.11,2204.36,2176.92,2200.8,,0.0009158542795983087
2016-10-26T00:00:00.000000,2202.79,2207.81,2196.57,2200.21,,0.0007467048493638699
2016-10-27T00:00:00.000000,2203.48,2204.84,2179.76,2184.49,,0.0009591720611227904
2016-10-28T00:00:00.000000,2182.91,2184.32,2171.24,2182.48,,0.0008730125891614149
2016-10-29T00:00:00.000000,2182.56,2192.9,2165.03,2165.43,,0.0008202766469795557
2016-11-01T00:00:00.000000,2158.57,2162.67,2145.57,2159.76,,0.0012580000507434513
2016-11-02T00:00:00.000000,2160.39,2177.83,2159.71,2176.45,,0.0007761932570718482
2016-11-03T00:00:00.000000,2170.81,2171.66,2145.07,2146.4,,0.001053321964112229
2016-11-04T00:00:00.000000,2137.13,2167.93,2135.28,2153.18,,0.001221368965321803
2016-11-05T00:00:00.000000,2151.92,2168.34,2142.41,2145.23,,0.0009615873157186482
2016-11-08T00:00:00.000000,2141.3,2145.82,2126.95,2130.3,,0.0009015803246121005
2016-11-09T00:00:00.000000,2138.45,2154.57,2136.25,2150.3,,0.0009358427754467243
2016-11-10T00:00:00.000000,2150.62,2154.85,2098.56,2123.84,,0.0016208562965793502
2016-11-11T00:00:00.000000,2143.564,2149.088,2138.939,2143.32,,0.0014735993488434707
2016-11-12T00:00:00.000000,2143.58,2147.11,2125.49,2147.11,,0.0009813738750776711
2016-11-15T00:00:00.000000,2146.83,2175.25,2146.83,2161.69,,0.0013890150295207129
2016-11-16T00:00:00.000000,2161.57,2179.3,2152.38,2179.3,,0.0010345475981584213
2016-11-17T00:00:00.000000,2187.5,2208.98,2182.12,2182.47,,0.0013473505602967497
2016-11-18T00:00:00.000000,2176.12,2176.12,2157.54,2163.04,,0.0011018485760461764
2016-11-19T00:00:00.000000,2164.71,2170.79,2155.23,2157.96,,0.0006338999209077505
2016-11-22T00:00:00.000000,2156.46,2162.37,2147.05,2152.6,,0.0007780822813972375
2016-11-23T00:00:00.000000,2156.52,2177.65,2146.62,2177.65,,0.0013794731238331514
2016-11-24T00:00:00.000000,2182.1,2191.26,2163.0,2165.71,,0.0015100402247845857
2016-11-25T00:00:00.000000,2159.61,2172.18,2142.95,2146.63,,0.0011445933312942834
2016-11-26T00:00:00.000000,2145.97,2167.53,2123.74,2167.53,,0.0018574639895371943
2016-11-29T00:00:00.000000,2172.97,2175.51,2159.73,2166.05,,0.001116408993834786
2016-11-30T00:00:00.000000,2161.78,2178.19,2153.72,2160.34,,0.0015610128284031643
2016-12-01T00:00:00.000000,2157.54,2201.56,2155.24,2183.05,,0.0017767530693806764
2016-12-02T00:00:00.000000,2181.73,2188.09,2175.5,2181.93,,0.0009959761878970542
2016-12-03T00:00:00.000000,2180.39,2186.69,2143.21,2143.45,,0.0013157222442512241
2016-12-06T00:00:00.000000,2129.25,2162.3,2124.75,2143.88,,0.0015335283491049948
2016-12-07T00:00:00.000000,2149.75,2156.69,2121.25,2122.26,,0.0011830601039694857
2016-12-08T00:00:00.000000,2123.55,2134.99,2116.54,2134.99,,0.0007307148488245677
2016-12-09T00:00:00.000000,2135.79,2136.26,2114.04,2114.71,,0.0007225799875441484
2016-12-10T00:00:00.000000,2114.45,2118.63,2097.09,2099.89,,0.0009515250850553409
2016-12-13T00:00:00.000000,2095.58,2096.4,1981.17,1984.39,,0.002337842270196916
2016-12-14T00:00:00.000000,1982.08,1995.35,1961.91,1985.04,,0.0019625774040280754
2016-12-15T00:00:00.000000,1982.98,1988.46,1958.04,1963.08,,0.0013171093282802564
2016-12-16T00:00:00.000000,1957.71,1991.32,1956.55,1975.85,,0.0014856858238045004
2016-12-17T00:00:00.000000,1977.86,2005.28,1972.22,1998.11,,0.0012887182461391675
2016-12-20T00:00:00.000000,1995.0,1995.0,1976.77,1980.41,,0.0010806875292164132
2016-12-21T00:00:00.000000,1981.69,1989.99,1974.93,1982.3,,0.0009286696464048469
2016-12-22T00:00:00.000000,1987.76,1996.1,1985.05,1991.7,,0.0007636357104544118
2016-12-23T00:00:00.000000,1993.04,1993.04,1978.74,1986.27,,0.0006906475789293194
2016-12-24T00:00:00.000000,1987.73,1992.21,1964.23,1964.54,,0.0010434933263323933
2016-12-27T00:00:00.000000,1959.19,1974.01,1933.52,1974.01,,0.0017832022945211679
2016-12-28T00:00:00.000000,1972.51,1977.31,1968.57,1968.62,,0.000789135416726636
2016-12-29T00:00:00.000000,1968.15,1971.51,1954.96,1957.15,,0.0006299813138045131
2016-12-30T00:00:00.000000,1956.72,1971.94,1955.62,1959.24,,0.0007554145793162745
2016-12-31T00:00:00.000000,1961.22,1964.7,1952.68,1962.06,,0.0007604876666640237
2017-01-04T00:00:00.000000,1965.04,1971.91,1959.14,1963.26,,0.0006669276194337631
2017-01-05T00:00:00.000000,1963.02,1992.76,1959.57,1991.57,,0.0008874537923401823
2017-01-06T00:00:00.000000,1990.7,1993.71,1983.84,1983.97,,0.0007130467734294252
2017-01-07T00:00:00.000000,1980.84,1982.4,1963.32,1965.03,,0.0007660155374616355
2017-01-10T00:00:00.000000,1962.2,1968.87,1951.49,1961.62,,0.0009246872432318265
2017-01-11T00:00:00.000000,1960.1,1967.47,1951.18,1951.68,,0.0007598217391592686
2017-01-12T00:00:00.000000,1947.42,1959.3,1932.46,1937.55,,0.0011622204560930232
2017-01-13T00:00:00.000000,1935.52,1946.59,1929.05,1930.14,,0.0010579404814840454
2017-01-14T00:00:00.000000,1930.11,1934.48,1899.11,1899.94,,0.001346573501143022
2017-01-17T00:00:00.000000,1897.45,1897.82,1783.74,1830.85,,0.004263867294683629
2017-01-18T00:00:00.000000,1824.1,1875.8,1805.39,1867.87,,0.003022112017892604
2017-01-19T00:00:00.000000,1860.24,1862.83,1845.57,1845.79,,0.0019292689393948655
2017-01-20T00:00:00.000000,1842.66,1853.11,1833.5,1844.14,,0.0013692347794952422
2017-01-21T00:00:00.000000,1844.37,1892.36,1842.62,1880.75,,0.0014847232658154838
2017-01-24T00:00:00.000000,1879.97,1897.1,1879.71,1887.32,,0.0008449586510718092
2017-01-25T00:00:00.000000,1885.24,1885.95,1859.71,1861.22,,0.000987338627023823
2017-01-26T00:00:00.000000,1857.32,1874.63,1856.22,1870.7,,0.0007899893317199217
2017-01-27T00:00:00.000000,1872.14,1887.67,1872.14,1886.23,,0.0006229729654097919
2017-02-04T00:00:00.000000,1886.97,1888.81,1872.7,1876.76,,0.0008404380139807564
2017-02-07T00:00:00.000000,1877.14,1903.33,1874.71,1900.45,,0.0010076563065867703
2017-02-08T00:00:00.000000,1897.87,1900.35,1881.73,1889.13,,0.0007831486141813239
2017-02-09T00:00:00.000000,1887.34,1903.63,1881.14,1903.63,,0.0009313854766671589
2017-02-10T00:00:00.000000,1903.67,1916.41,1901.88,1914.08,,0.0005908612952666599
2017-02-11T00:00:00.000000,1913.23,1915.43,1900.71,1904.68,,0.0006835042750189081
2017-02-14T00:00:00.000000,1902.46,1919.2,1894.15,1913.68,,0.001149032488953699
2017-02-15T00:00:00.000000,1914.14,1918.79,1906.41,1909.39,,0.0006822573953269327
2017-02-16T00:00:00.000000,1911.04,1920.29,1890.09,1892.36,,0.0009264970751044312
2017-02-17T00:00:00.000000,1891.87,1900.97,1886.41,1897.63,,0.0007955636562081375
2017-02-18T00:00:00.000000,1896.7,1904.87,1881.0,1882.87,,0.0009293574115566181
2017-02-21T00:00:00.000000,1884.99,1894.96,1876.67,1894.96,,0.0008294174946375178
2017-02-22T00:00:00.000000,1896.86,1924.03,1895.43,1921.08,,0.0010502341044103737
2017-02-23T00:00:00.000000,1921.55,1925.3,1909.12,1919.97,,0.0008437080981885478
2017-02-24T00:00:00.000000,1919.24,1925.95,1906.81,1925.95,,0.0010569524387909167
2017-02-25T00:00:00.000000,1925.1,1939.39,1921.3,1938.44,,0.0010686239848542198
2017-02-28T00:00:00.000000,1937.56,1943.98,1923.53,1926.77,,0.0008379696851461894
2017-03-01T00:00:00.000000,1926.14,1931.82,1918.32,1927.16,,0.0006998951943700619
2017-03-02T00:00:00.000000,1925.7,1938.68,1923.75,1931.97,,0.0007104321657136824
2017-03-03T00:00:00.000000,1936.08,1937.9,1919.74,1920.4,,0.0006580276886583053
2017-03-04T00:00:00.000000,1916.2,1932.21,1908.32,1928.29,,0.0009872123809482427
2017-03-07T00:00:00.000000,1931.62,1962.77,1931.62,1962.77,,0.0011685586808027227
2017-03-08T00:00:00.000000,1967.18,1977.85,1957.29,1977.85,,0.0008781737157789504
2017-03-09T00:00:00.000000,1976.85,1976.85,1960.07,1964.63,,0.0006857363256874729
2017-03-10T00:00:00.000000,1962.64,1962.64,1948.79,1953.94,,0.001100123525310738
2017-03-11T00:00:00.000000,1952.5,1957.71,1945.57,1950.01,,0.0007059548547367117
2017-03-14T00:00:00.000000,1948.52,1972.08,1939.03,1970.88,,0.0009808260148802663
2017-03-15T00:00:00.000000,1967.47,1970.48,1952.1,1958.02,,0.0007795711271954777
2017-03-16T00:00:00.000000,1951.71,1964.43,1943.61,1957.82,,0.0012807868199740146
2017-03-17T00:00:00.000000,1959.05,1968.43,1959.05,1966.73,,0.0007055417090869114
2017-03-18T00:00:00.000000,1968.15,1981.69,1949.35,1949.66,,0.0010744262737292381
2017-03-21T00:00:00.000000,1948.6,1953.82,1939.65,1953.82,,0.000864155438938222
2017-03-22T00:00:00.000000,1953.56,1961.65,1948.89,1961.06,,0.0006571072020779677
2017-03-23T00:00:00.000000,1952.8,1959.71,1939.29,1948.58,,0.0012024049971535978
2017-03-24T00:00:00.000000,1951.87,1960.34,1930.44,1948.37,,0.0011101486602349928
2017-03-25T00:00:00.000000,1948.27,1966.42,1946.12,1965.14,,0.000753464680570456
2017-03-28T00:00:00.000000,1964.62,1967.11,1947.53,1947.53,,0.0008041603120536936
2017-03-29T00:00:00.000000,1946.33,1953.24,1940.38,1944.36,,0.0007781961119919304
2017-03-30T00:00:00.000000,1945.14,1948.72,1926.6,1929.2,,0.0011978551831309796
2017-03-31T00:00:00.000000,1924.51,1926.53,1893.3,1893.7,,0.0014877004037981442
2017-04-01T00:00:00.000000,1895.81,1908.53,1895.81,1907.34,,0.0011901939845854166
2017-04-06T00:00:00.000000,1914.91,1943.43,1914.91,1943.16,,0.001298552874698448
2017-04-07T00:00:00.000000,1947.09,1951.23,1939.37,1944.23,,0.0007190325351172372
2017-04-08T00:00:00.000000,1942.11,1953.57,1939.32,1946.05,,0.0006524887820144991
2017-04-11T00:00:00.000000,1940.3,1940.3,1911.11,1912.45,,0.0011912508832903805
2017-04-12T00:00:00.000000,1907.1,1920.78,1887.89,1917.63,,0.0013910403114579006
2017-04-13T00:00:00.000000,1913.78,1915.02,1896.85,1897.51,,0.0013958029542363625
2017-04-14T00:00:00.000000,1896.49,1920.23,1896.49,1910.48,,0.0009974063501240892
2017-04-15T00:00:00.000000,1910.99,1910.99,1887.35,1887.46,,0.0012284134476576469
2017-04-18T00:00:00.000000,1880.77,1886.61,1862.36,1868.28,,0.0014649720156254794
2017-04-19T00:00:00.000000,1867.58,1878.1,1847.2,1848.2,,0.0010933026909046323
2017-04-20T00:00:00.000000,1841.6,1845.64,1812.39,1845.38,,0.0017119992558531293
2017-04-21T00:00:00.000000,1843.97,1856.73,1836.44,1850.39,,0.0013376452578147818
2017-04-22T00:00:00.000000,1849.28,1863.58,1836.52,1839.01,,0.001134806113505467
2017-04-25T00:00:00.000000,1832.82,1832.82,1796.36,1809.91,,0.002614655888012523
2017-04-26T00:00:00.000000,1809.56,1829.26,1807.67,1818.87,,0.0013023265449979915
2017-04-27T00:00:00.000000,1812.86,1822.12,1811.04,1820.48,,0.0009220926043545552
2017-04-28T00:00:00.000000,1815.11,1847.93,1794.4,1842.92,,0.0017957764939860392
2017-04-29T00:00:00.000000,1838.74,1856.4,1834.43,1850.73,,0.0010222454409167274
2017-05-03T00:00:00.000000,1849.22,1855.34,1843.83,1850.85,,0.0008879012021712591
2017-05-04T00:00:00.000000,1848.71,1854.68,1832.56,1840.45,,0.0009145550865980779
2017-05-05T00:00:00.000000,1838.71,1858.56,1828.63,1838.1,,0.001155128949232786
2017-05-06T00:00:00.000000,1832.68,1839.65,1818.19,1818.19,,0.0012394268511328056
2017-05-09T00:00:00.000000,1814.1,1825.76,1788.71,1788.71,,0.0015782496458277967
2017-05-10T00:00:00.000000,1780.52,1803.21,1770.59,1802.49,,0.001589335145642097
2017-05-11T00:00:00.000000,1801.78,1815.83,1771.32,1771.32,,0.0015880711170137539
2017-05-12T00:00:00.000000,1761.47,1772.47,1727.58,1772.41,,0.002251094968989667
2017-05-13T00:00:00.000000,1768.3,1774.9,1750.4,1774.63,,0.0015760845334860498
2017-05-16T00:00:00.000000,1778.18,1788.56,1776.01,1778.64,,0.001039583364321497
2017-05-17T00:00:00.000000,1774.39,1814.94,1764.29,1814.94,,0.0015234545635477658
2017-05-18T00:00:00.000000,1812.71,1833.87,1810.21,1822.64,,0.0011193162688388507
2017-05-19T00:00:00.000000,1807.18,1827.78,1803.86,1813.51,,0.001667025881130827
2017-05-20T00:00:00.000000,1812.73,1815.81,1793.04,1801.08,,0.0011179038692892777
2017-05-23T00:00:00.000000,1798.56,1814.41,1779.47,1788.08,,0.001482491121027157
2017-05-24T00:00:00.000000,1784.53,1790.11,1757.37,1758.23,,0.0016769844714548602
2017-05-25T00:00:00.000000,1749.16,1776.44,1730.36,1776.28,,0.002441321640059383
2017-05-26T00:00:00.000000,1770.65,1785.67,1745.23,1777.69,,0.002146688801714599
2017-05-27T00:00:00.000000,1769.12,1772.93,1754.77,1759.63,,0.0016212122209424318
2017-06-01T00:00:00.000000,1777.65,1783.15,1762.08,1763.73,,0.001831432586654504
2017-06-02T00:00:00.000000,1757.8,1757.89,1728.49,1728.49,,0.0017511739952829816
2017-06-03T00:00:00.000000,1721.4,1754.21,1711.82,1745.93,,0.0018211867697927743
2017-06-06T00:00:00.000000,1747.53,1767.29,1747.53,1761.25,,0.0013959717776486989
2017-06-07T00:00:00.000000,1759.29,1773.07,1758.32,1766.39,,0.0009009230674520237
2017-06-08T00:00:00.000000,1764.96,1802.52,1762.73,1799.85,,0.001045357877601441
2017-06-09T00:00:00.000000,1798.69,1804.66,1792.1,1794.75,,0.0008183241076831107
2017-06-10T00:00:00.000000,1793.65,1797.64,1782.18,1796.13,,0.0009373988082921193
2017-06-13T00:00:00.000000,1787.56,1787.56,1773.53,1775.55,,0.0013937327177976431
2017-06-14T00:00:00.000000,1773.01,1800.2,1771.85,1795.63,,0.000873263886430018
2017-06-15T00:00:00.000000,1794.04,1798.2,1787.06,1790.63,,0.0010153022391788543
2017-06-16T00:00:00.000000,1788.81,1823.42,1788.43,1816.26,,0.0011347962908481424
2017-06-17T00:00:00.000000,1816.16,1819.1,1809.48,1810.05,,0.0007248421596493384
2017-06-20T00:00:00.000000,1809.51,1817.5,1805.88,1816.4,,0.0007931834523780206
2017-06-21T00:00:00.000000,1818.69,1833.94,1818.69,1820.98,,0.000957502326253745
2017-06-22T00:00:00.000000,1827.89,1829.4,1810.04,1824.69,,0.0009557822022290099
2017-06-23T00:00:00.000000,1821.84,1828.8,1798.38,1798.38,,0.0011857216635443339
2017-06-24T00:00:00.000000,1794.5,1807.43,1776.6,1807.43,,0.001503586264561766
2017-06-27T00:00:00.000000,1805.88,1821.28,1801.21,1821.28,,0.0009437485630001501
2017-06-28T00:00:00.000000,1821.37,1830.22,1816.66,1819.93,,0.0009049489844768852
2017-06-29T00:00:00.000000,1817.43,1818.11,1802.38,1808.2,,0.0009714928127363989
2017-06-30T00:00:00.000000,1808.29,1822.82,1807.62,1813.55,,0.0007121370343287619
2017-07-01T00:00:00.000000,1808.08,1819.88,1802.61,1818.07,,0.0008823704764121969
2017-07-04T00:00:00.000000,1818.2,1836.49,1816.03,1835.99,,0.0008969471575324938
2017-07-05T00:00:00.000000,1833.89,1834.24,1823.85,1829.51,,0.0007488267960950952
2017-07-06T00:00:00.000000,1827.26,1836.66,1820.96,1836.63,,0.0009103979371083663
2017-07-07T00:00:00.000000,1835.81,1844.2,1823.37,1838.99,,0.001009246337031315
2017-07-08T00:00:00.000000,1833.88,1836.78,1828.72,1835.44,,0.0007900525587235139
2017-07-11T00:00:00.000000,1831.37,1831.37,1803.23,1803.25,,0.0009918002174548854
2017-07-12T00:00:00.000000,1799.52,1804.72,1783.91,1783.91,,0.001009008323399457
2017-07-13T00:00:00.000000,1779.9,1788.69,1764.1,1786.75,,0.0013326053298954494
2017-07-14T00:00:00.000000,1784.26,1786.22,1774.78,1778.86,,0.0008817080884303876
2017-07-15T00:00:00.000000,1771.33,1771.33,1742.22,1745.57,,0.0016247156965911087
2017-07-18T00:00:00.000000,1730.7,1730.7,1656.43,1656.43,,0.00403037466774476
2017-07-19T00:00:00.000000,1646.64,1672.72,1641.38,1667.49,,0.0019334850916933118
2017-07-20T00:00:00.000000,1663.16,1685.74,1654.77,1684.77,,0.0014000476188374684
2017-07-21T00:00:00.000000,1684.26,1712.7,1683.11,1688.61,,0.001208448378987533
2017-07-22T00:00:00.000000,1688.79,1699.67,1685.79,1690.14,,0.0009994310946790873
2017-07-25T00:00:00.000000,1685.71,1689.38,1674.72,1686.44,,0.001114470347823209
2017-07-26T00:00:00.000000,1686.58,1694.4,1680.95,1688.09,,0.0009326115450902281
2017-07-27T00:00:00.000000,1689.48,1692.62,1674.22,1681.31,,0.0008936606395365168
2017-07-28T00:00:00.000000,1678.87,1742.92,1675.3,1742.19,,0.002112414902980071
2017-07-29T00:00:00.000000,1740.54,1746.54,1732.89,1734.07,,0.0013848465509173423
2017-08-01T00:00:00.000000,1731.92,1744.05,1725.5,1736.3,,0.0011147538374430153
2017-08-02T00:00:00.000000,1735.91,1742.01,1727.59,1741.07,,0.0011800486139240277
2017-08-03T00:00:00.000000,1740.39,1744.3,1723.23,1724.83,,0.0010771792878716306
2017-08-04T00:00:00.000000,1723.03,1757.76,1716.53,1733.12,,0.0016851489020099726
2017-08-05T00:00:00.000000,1731.03,1734.18,1718.91,1719.62,,0.0011036307767757908
2017-08-08T00:00:00.000000,1722.24,1743.62,1720.99,1732.43,,0.0014382012249677663
2017-08-09T00:00:00.000000,1731.73,1762.44,1728.59,1762.42,,0.0017046935084989005
2017-08-10T00:00:00.000000,1756.5,1770.75,1751.83,1763.05,,0.0010911690789033477
2017-08-11T00:00:00.000000,1761.43,1777.19,1741.4,1753.67,,0.0015646804164124652
2017-08-12T00:00:00.000000,1742.0,1763.91,1738.14,1742.14,,0.0018632454094522997
2017-08-15T00:00:00.000000,1745.01,1794.07,1745.01,1793.48,,0.001478428370970112
2017-08-16T00:00:00.000000,1796.24,1803.19,1785.62,1798.57,,0.000950270044919259
2017-08-17T00:00:00.000000,1797.05,1835.62,1792.72,1825.19,,0.001435044708026886
2017-08-18T00:00:00.000000,1819.43,1845.25,1816.14,1833.4,,0.0012148982569677922
2017-08-19T00:00:00.000000,1822.07,1835.67,1817.64,1821.8,,0.0012285707852726154
2017-08-22T00:00:00.000000,1823.37,1834.66,1818.86,1829.22,,0.000987040604697575
2017-08-23T00:00:00.000000,1829.4,1831.66,1811.97,1814.91,,0.0011053694608780286
2017-08-24T00:00:00.000000,1813.43,1818.65,1801.15,1807.37,,0.0009711632487252101
2017-08-25T00:00:00.000000,1807.85,1812.08,1792.7,1795.74,,0.001157060651531255
2017-08-26T00:00:00.000000,1794.7,1814.54,1794.7,1812.88,,0.0010703253691650002
2017-08-29T00:00:00.000000,1815.84,1856.21,1815.84,1842.83,,0.0012184589025314098
2017-08-30T00:00:00.000000,1842.15,1850.82,1828.54,1831.59,,0.0011074098315412685
2017-08-31T00:00:00.000000,1830.7,1849.24,1830.55,1838.63,,0.0010629027415144832
2017-09-01T00:00:00.000000,1841.0,1850.81,1839.81,1849.38,,0.0009848150566227336
2017-09-02T00:00:00.000000,1850.02,1865.81,1840.52,1865.25,,0.0009786717746015129
2017-09-05T00:00:00.000000,1863.02,1888.98,1858.39,1883.62,,0.0011469778836550627
2017-09-06T00:00:00.000000,1881.67,1891.79,1873.16,1885.16,,0.0009746941975608351
2017-09-07T00:00:00.000000,1880.7,1902.86,1877.27,1902.86,,0.0008798559458672394
2017-09-08T00:00:00.000000,1904.54,1917.96,1889.33,1890.38,,0.0013711868021445217
2017-09-09T00:00:00.000000,1888.39,1895.86,1872.91,1885.27,,0.0011402639775781073
2017-09-12T00:00:00.000000,1883.65,1896.38,1880.14,1896.38,,0.0007765325334189895
2017-09-13T00:00:00.000000,1897.52,1904.3,1882.57,1884.48,,0.001015175776507247
2017-09-14T00:00:00.000000,1884.54,1888.44,1874.87,1888.43,,0.001005201073529256
2017-09-15T00:00:00.000000,1887.36,1892.99,1874.22,1879.25,,0.0008490347807123515
2017-09-16T00:00:00.000000,1877.17,1882.53,1869.63,1875.63,,0.0009975292772153635
2017-09-19T00:00:00.000000,1874.45,1894.81,1873.97,1894.8,,0.0007695329097971748
2017-09-20T00:00:00.000000,1896.62,1901.27,1877.14,1880.3,,0.0008960153299308144
2017-09-21T00:00:00.000000,1878.57,1892.67,1876.68,1892.67,,0.0008918069338536613
2017-09-22T00:00:00.000000,1892.95,1898.21,1872.65,1872.77,,0.0010148889035094988
2017-09-23T00:00:00.000000,1869.11,1871.24,1854.94,1866.42,,0.0013396157693868114
2017-09-26T00:00:00.000000,1864.86,1869.39,1841.36,1843.62,,0.0010512839731861411
2017-09-27T00:00:00.000000,1840.48,1848.14,1826.92,1839.45,,0.001058226487736534
2017-09-28T00:00:00.000000,1840.16,1857.33,1840.16,1854.94,,0.0007157053506225003
2017-09-29T00:00:00.000000,1853.38,1864.25,1852.46,1854.73,,0.0006472957805256503
2017-09-30T00:00:00.000000,1858.06,1866.98,1856.86,1866.98,,0.0008003082482878059
2017-10-10T00:00:00.000000,1889.89,1894.91,1880.39,1889.84,,0.001679576470366037
2017-10-11T00:00:00.000000,1890.66,1917.46,1887.47,1917.46,,0.0010310834026882427
2017-10-12T00:00:00.000000,1918.35,1924.0,1899.96,1901.55,,0.0008594674838646542
2017-10-13T00:00:00.000000,1900.87,1909.48,1889.44,1899.99,,0.0008996501572489186
2017-10-14T00:00:00.000000,1901.18,1927.02,1898.34,1926.07,,0.0009117221445574682
2017-10-17T00:00:00.000000,1920.94,1921.64,1882.69,1882.69,,0.0013400677476169622
2017-10-18T00:00:00.000000,1876.69,1888.62,1868.92,1876.99,,0.0011053858251577038
2017-10-19T00:00:00.000000,1878.29,1890.32,1867.83,1868.16,,0.0010974551202012532
2017-10-20T00:00:00.000000,1865.93,1876.67,1855.36,1862.61,,0.001306515625701359
2017-10-21T00:00:00.000000,1858.62,1880.21,1856.1,1880.21,,0.0008280951363904314
2017-10-24T00:00:00.000000,1881.41,1900.38,1878.34,1898.76,,0.0009390403259372576
2017-10-25T00:00:00.000000,1895.44,1901.69,1882.68,1901.69,,0.0010379550836590984
2017-10-26T00:00:00.000000,1898.63,1913.26,1893.94,1913.26,,0.000928621088626552
2017-10-27T00:00:00.000000,1911.85,1918.79,1902.27,1910.72,,0.0009369253898930921
2017-10-28T00:00:00.000000,1909.57,1910.93,1895.26,1896.22,,0.0007088767127430154
2017-10-31T00:00:00.000000,1894.86,1902.05,1848.04,1855.99,,0.002090159425988974
2017-11-01T00:00:00.000000,1855.94,1869.79,1855.23,1869.79,,0.0009734138067059336
2017-11-02T00:00:00.000000,1867.99,1881.49,1866.52,1872.75,,0.0008818732712501517
2017-11-03T00:00:00.000000,1869.72,1869.72,1847.41,1847.57,,0.0014886903189208936
2017-11-04T00:00:00.000000,1843.8,1856.22,1825.29,1832.97,,0.0014623888987429859
2017-11-07T00:00:00.000000,1831.9,1850.3,1818.41,1850.3,,0.0010716999926768278
2017-11-08T00:00:00.000000,1849.32,1859.11,1843.92,1859.07,,0.0009352741425409178
2017-11-09T00:00:00.000000,1858.64,1881.05,1856.39,1866.14,,0.000993579133873916
2017-11-10T00:00:00.000000,1864.25,1884.11,1858.73,1884.11,,0.0010277264699649945
2017-11-11T00:00:00.000000,1882.72,1905.06,1882.28,1900.63,,0.001076253983097724
2017-11-14T00:00:00.000000,1904.58,1911.17,1895.87,1906.44,,0.0010106004447342958
2017-11-15T00:00:00.000000,1908.04,1912.49,1888.86,1896.72,,0.0013156851838836694
2017-11-16T00:00:00.000000,1892.65,1894.61,1861.59,1868.08,,0.001602885538107358
2017-11-17T00:00:00.000000,1865.72,1883.02,1859.77,1878.26,,0.0012179885157916081
2017-11-18T00:00:00.000000,1879.43,1884.02,1831.01,1833.89,,0.0021301096867250738
2017-11-21T00:00:00.000000,1819.17,1859.75,1795.69,1859.75,,0.0028426521188145352
2017-11-22T00:00:00.000000,1856.73,1871.71,1844.42,1856.96,,0.0012691656365593947
2017-11-23T00:00:00.000000,1854.58,1867.79,1837.3,1853.38,,0.0017201466559761752
2017-11-24T00:00:00.000000,1848.22,1848.22,1793.49,1794.78,,0.0023813011945131345
2017-11-25T00:00:00.000000,1789.51,1804.21,1782.6,1782.66,,0.0017809026670069046
2017-11-28T00:00:00.000000,1781.22,1794.01,1758.45,1760.9,,0.0017469130918878319
2017-11-29T00:00:00.000000,1761.52,1794.14,1761.52,1793.87,,0.0016116495975400486
2017-11-30T00:00:00.000000,1793.28,1795.51,1767.63,1787.38,,0.0013734183243712048
2017-12-01T00:00:00.000000,1783.23,1792.14,1765.3,1770.3,,0.0013260818531116388
2017-12-02T00:00:00.000000,1772.04,1808.69,1771.89,1804.62,,0.0016317691247811166
2017-12-05T00:00:00.000000,1803.03,1812.4,1795.13,1797.77,,0.0011975953090798191
2017-12-06T00:00:00.000000,1794.7,1799.88,1746.12,1758.59,,0.0016069479960818384
2017-12-07T00:00:00.000000,1755.77,1784.82,1744.49,1784.32,,0.0020660699280980036
2017-12-08T00:00:00.000000,1780.97,1791.06,1774.99,1776.99,,0.0012875716068484655
2017-12-09T00:00:00.000000,1776.26,1803.36,1776.26,1792.15,,0.0011878743718443943
2017-12-12T00:00:00.000000,1800.13,1816.98,1800.13,1816.98,,0.0011262269997943432
2017-12-13T00:00:00.000000,1818.41,1821.48,1798.69,1798.69,,0.0010020363316369549
2017-12-14T00:00:00.000000,1795.47,1806.19,1787.71,1806.09,,0.0009938051137432992
2017-12-15T00:00:00.000000,1804.19,1809.67,1787.67,1794.34,,0.001126212940571882
2017-12-16T00:00:00.000000,1793.24,1801.41,1780.27,1783.97,,0.0012558248565870428
2017-12-19T00:00:00.000000,1784.41,1790.87,1773.32,1780.64,,0.0011927621780214042
2017-12-20T00:00:00.000000,1781.81,1802.58,1781.81,1798.5,,0.0010035706113182478
2017-12-21T00:00:00.000000,1798.36,1799.36,1779.68,1782.41,,0.0011840034249746357
2017-12-22T00:00:00.000000,1776.45,1796.58,1762.98,1789.74,,0.0012443514881708305
2017-12-23T00:00:00.000000,1788.66,1795.07,1778.61,1779.34,,0.0008437372453586971
2017-12-26T00:00:00.000000,1778.96,1780.52,1751.91,1755.81,,0.0010478943113384487
2017-12-27T00:00:00.000000,1755.14,1760.46,1742.26,1758.82,,0.0012053888095346526
2017-12-28T00:00:00.000000,1756.04,1760.42,1743.77,1745.24,,0.00100276373713127
2017-12-29T00:00:00.000000,1742.47,1759.1,1742.02,1745.02,,0.0010886155288114927
2017-12-30T00:00:00.000000,1745.95,1753.98,1741.0,1752.65,,0.0007623298230985023
2018-01-03T00:00:00.000000,1759.02,1770.01,1748.53,1769.67,,0.0009246615092002908
2018-01-04T00:00:00.000000,1770.03,1798.78,1766.34,1795.38,,0.0008643278983010029
2018-01-05T00:00:00.000000,1790.65,1795.25,1788.54,1794.61,,0.0008360849922933348
2018-01-06T00:00:00.000000,1797.26,1804.88,1795.26,1801.42,,0.0007914797400451941
2018-01-09T00:00:00.000000,1801.18,1806.16,1785.38,1806.16,,0.0010305759532403358
2018-01-10T00:00:00.000000,1803.36,1808.66,1799.42,1803.59,,0.0007645673673354903
2018-01-11T00:00:00.000000,1803.6,1804.73,1780.1,1791.08,,0.0009953935304656755
2018-01-12T00:00:00.000000,1787.38,1807.15,1776.01,1804.23,,0.00129458206993243
2018-01-13T00:00:00.000000,1800.89,1802.52,1785.61,1785.7,,0.0009543452287209919
2018-01-16T00:00:00.000000,1778.79,1780.19,1727.0,1732.62,,0.0018182876947295953
2018-01-17T00:00:00.000000,1729.56,1740.85,1720.65,1729.6,,0.0010795613486237865
2018-01-18T00:00:00.000000,1722.45,1750.06,1697.62,1742.03,,0.002278314374876467
2018-01-19T00:00:00.000000,1735.46,1754.62,1734.77,1738.0,,0.0013310663559632251
2018-01-20T00:00:00.000000,1735.03,1745.59,1726.53,1728.14,,0.0011307847751756742
2018-01-23T00:00:00.000000,1726.32,1776.18,1715.43,1768.21,,0.0016844394973819623
2018-01-24T00:00:00.000000,1767.33,1776.49,1760.34,1767.83,,0.0011834060329975553
2018-01-25T00:00:00.000000,1763.69,1817.08,1752.3,1813.28,,0.001907839384987081
2018-01-26T00:00:00.000000,1811.11,1852.23,1807.51,1810.84,,0.0019408635470104542
2018-01-27T00:00:00.000000,1809.13,1830.55,1809.13,1816.8,,0.0015273187792449582
2018-01-30T00:00:00.000000,1811.54,1826.1,1791.58,1799.77,,0.0019934414333522793
2018-01-31T00:00:00.000000,1794.33,1808.01,1779.33,1782.4,,0.0013546598143625414
2018-02-01T00:00:00.000000,1766.77,1767.78,1732.98,1735.06,,0.0024894884683579863
2018-02-02T00:00:00.000000,1735.66,1746.55,1697.39,1697.39,,0.002576700856560695
2018-02-03T00:00:00.000000,1683.18,1726.89,1676.24,1702.43,,0.002568294977385273
2018-02-06T00:00:00.000000,1678.19,1698.28,1674.98,1688.27,,0.001997803367194564
2018-02-07T00:00:00.000000,1653.45,1675.56,1597.89,1598.12,,0.0036640660433910547
2018-02-08T00:00:00.000000,1632.87,1637.78,1571.47,1616.4,,0.004690160707436782
2018-02-09T00:00:00.000000,1608.73,1651.59,1608.63,1641.43,,0.0018873134818266615
2018-02-10T00:00:00.000000,1598.48,1629.36,1576.89,1592.51,,0.005463223064586169
2018-02-13T00:00:00.000000,1604.56,1654.65,1604.56,1648.07,,0.0022756798704491312
2018-02-14T00:00:00.000000,1657.13,1669.08,1644.87,1648.58,,0.0015491873055019211
2018-02-15T00:00:00.000000,1649.57,1652.01,1633.76,1646.77,,0.0012112682145825017
2018-02-23T00:00:00.000000,1661.56,1679.79,1650.88,1677.77,,0.0015861407266710445
2018-02-24T00:00:00.000000,1674.62,1681.24,1656.95,1668.83,,0.0010478294139750469
2018-02-27T00:00:00.000000,1683.15,1733.71,1673.95,1729.15,,0.0019280603064306572
2018-02-28T00:00:00.000000,1729.94,1757.37,1728.31,1743.54,,0.0018325917041110524
2018-03-01T00:00:00.000000,1730.15,1773.73,1723.39,1753.63,,0.002207494249608394
2018-03-02T00:00:00.000000,1744.34,1789.85,1741.03,1789.85,,0.0016388005309163692
2018-03-03T00:00:00.000000,1777.46,1804.25,1767.9,1772.01,,0.0017056123475883798
2018-03-06T00:00:00.000000,1780.82,1795.69,1768.88,1795.69,,0.001502465579590351
2018-03-07T00:00:00.000000,1798.03,1810.26,1790.54,1797.61,,0.001297204224257955
2018-03-08T00:00:00.000000,1795.17,1800.45,1780.3,1785.27,,0.001318830749652612
2018-03-09T00:00:00.000000,1783.1,1795.82,1781.46,1793.22,,0.0012573464290250328
2018-03-10T00:00:00.000000,1794.25,1858.03,1793.92,1856.45,,0.0015403426210959905
2018-03-13T00:00:00.000000,1872.03,1900.88,1872.03,1882.41,,0.0023099046354300855
2018-03-14T00:00:00.000000,1879.63,1896.5,1863.16,1872.68,,0.0016669905906554704
2018-03-15T00:00:00.000000,1863.57,1874.15,1840.35,1841.29,,0.0015389552319263426
2018-03-16T00:00:00.000000,1833.77,1848.72,1812.48,1848.71,,0.0018403465593066614
2018-03-17T00:00:00.000000,1847.18,1857.15,1821.32,1821.32,,0.0015207202730579499
2018-03-20T00:00:00.000000,1822.6,1860.2,1818.62,1842.92,,0.00155448025482437
2018-03-21T00:00:00.000000,1828.01,1867.46,1825.67,1864.62,,0.0018063082473600892
2018-03-22T00:00:00.000000,1866.81,1877.13,1829.91,1829.91,,0.0017869225419609943
2018-03-23T00:00:00.000000,1830.56,1841.4,1814.69,1817.23,,0.0019490706636693738
2018-03-24T00:00:00.000000,1751.74,1792.23,1710.4,1726.02,,0.005533886616154101
2018-03-27T00:00:00.000000,1704.35,1781.84,1693.73,1780.61,,0.003046961721371841
2018-03-28T00:00:00.000000,1799.15,1846.54,1797.09,1844.69,,0.0027864991177596224
2018-03-29T00:00:00.000000,1817.78,1856.76,1816.44,1835.15,,0.002510732166778642
2018-03-30T00:00:00.000000,1843.44,1857.32,1825.97,1842.19,,0.0024800638957142482
2018-03-31T00:00:00.000000,1850.2,1900.96,1849.25,1900.48,,0.0021156679619817507
2018-04-03T00:00:00.000000,1911.57,1918.22,1891.96,1900.26,,0.0019482379068520635
2018-04-04T00:00:00.000000,1869.87,1886.97,1850.02,1872.47,,0.0025538264079803894
2018-04-05T00:00:00.000000,1881.92,1887.11,1834.67,1836.81,,0.002058929458489184
2018-04-10T00:00:00.000000,1833.71,1862.97,1819.19,1841.65,,0.001980559913507848
2018-04-11T00:00:00.000000,1838.88,1842.22,1811.35,1835.52,,0.00181697052517309
2018-04-12T00:00:00.000000,1840.09,1857.92,1832.42,1834.63,,0.0016539188370984237
2018-04-13T00:00:00.000000,1830.91,1848.63,1826.69,1826.89,,0.0013640085791779965
2018-04-14T00:00:00.000000,1840.87,1848.92,1822.66,1824.59,,0.002230991048820442
2018-04-17T00:00:00.000000,1818.25,1852.08,1816.33,1838.71,,0.0016526094166959345
2018-04-18T00:00:00.000000,1844.63,1849.69,1783.74,1783.74,,0.0021676906632692467
2018-04-19T00:00:00.000000,1793.83,1832.99,1757.39,1822.26,,0.0027393986495918426
2018-04-20T00:00:00.000000,1815.45,1839.13,1812.93,1820.28,,0.0017437232077870911
2018-04-21T00:00:00.000000,1811.69,1830.73,1781.21,1782.81,,0.002259126931671338
2018-04-24T00:00:00.000000,1784.15,1794.68,1729.9,1753.05,,0.002268698710961906
2018-04-25T00:00:00.000000,1753.64,1806.9,1749.18,1806.86,,0.0018549564575024546
2018-04-26T00:00:00.000000,1798.0,1825.23,1795.79,1819.41,,0.0016493412071815255
2018-04-27T00:00:00.000000,1818.69,1819.43,1780.62,1781.28,,0.001612603946261502
2018-04-28T00:00:00.000000,1790.3,1813.57,1779.17,1805.6,,0.0025039385121258637
2018-05-03T00:00:00.000000,1814.63,1833.27,1788.01,1801.57,,0.0018956574001660182
2018-05-04T00:00:00.000000,1797.12,1827.77,1767.6,1826.79,,0.0022838308259767576
2018-05-05T00:00:00.000000,1821.02,1832.96,1812.07,1814.86,,0.0015657464947887857
2018-05-08T00:00:00.000000,1819.67,1854.3,1819.02,1852.34,,0.0013669373501132122
2018-05-09T00:00:00.000000,1852.69,1857.95,1842.63,1856.87,,0.0012345729524219904
2018-05-10T00:00:00.000000,1853.83,1861.94,1845.9,1855.81,,0.0010898403939711787
2018-05-11T00:00:00.000000,1857.99,1866.82,1846.11,1865.36,,0.0013000658840068464
2018-05-12T00:00:00.000000,1866.93,1870.0,1834.78,1834.78,,0.0015614809618227923
2018-05-15T00:00:00.000000,1835.7,1844.65,1825.69,1830.98,,0.0014013077889823721
2018-05-16T00:00:00.000000,1830.84,1858.99,1825.5,1858.01,,0.0013404008473330857
2018-05-17T00:00:00.000000,1850.01,1862.29,1845.09,1846.67,,0.0015369197649015474
2018-05-18T00:00:00.000000,1845.28,1851.12,1826.23,1831.2,,0.0012991571996778888
2018-05-19T00:00:00.000000,1829.06,1839.0,1812.66,1836.75,,0.0013761308821636758
2018-05-22T00:00:00.000000,1845.76,1870.57,1845.76,1862.48,,0.0017119433193190899
2018-05-23T00:00:00.000000,1860.63,1876.16,1858.11,1876.0,,0.0011103192223137844
2018-05-24T00:00:00.000000,1869.5,1876.2,1845.81,1845.97,,0.0011461843454799346
2018-05-25T00:00:00.000000,1847.81,1855.99,1837.44,1838.4,,0.001417760138177849
2018-05-26T00:00:00.000000,1835.41,1841.64,1804.55,1804.55,,0.0014817221700816456
2018-05-29T00:00:00.000000,1804.78,1815.22,1788.03,1796.91,,0.0014029347944280323
2018-05-30T00:00:00.000000,1795.72,1815.2,1773.62,1773.65,,0.0017634194336075464
2018-05-31T00:00:00.000000,1744.24,1758.87,1724.28,1726.22,,0.0034145036315439397
2018-06-01T00:00:00.000000,1741.33,1748.53,1714.85,1743.74,,0.0023705143241535367
2018-06-02T00:00:00.000000,1734.35,1744.01,1699.68,1709.55,,0.0017915187865516107
2018-06-05T00:00:00.000000,1709.57,1715.41,1690.99,1702.93,,0.0013950232606221226
2018-06-06T00:00:00.000000,1702.37,1747.75,1702.37,1746.11,,0.001609270010670735
2018-06-07T00:00:00.000000,1744.17,1751.97,1735.37,1743.25,,0.000980761684829834
2018-06-08T00:00:00.000000,1747.93,1750.51,1728.06,1730.38,,0.001269173919687648
2018-06-09T00:00:00.000000,1726.3,1727.49,1698.25,1711.52,,0.0014110029395134039
2018-06-12T00:00:00.000000,1707.14,1708.2,1684.31,1688.62,,0.0020889239246303557
2018-06-13T00:00:00.000000,1692.67,1715.66,1681.0,1712.77,,0.0019442669927133792
2018-06-14T00:00:00.000000,1711.53,1711.53,1685.89,1685.89,,0.0013393724269768117
2018-06-15T00:00:00.000000,1682.84,1702.69,1669.38,1673.32,,0.0020962436840839998
2018-06-16T00:00:00.000000,1673.9,1681.89,1636.7,1641.66,,0.002033003905235615
2018-06-20T00:00:00.000000,1612.9,1626.87,1532.32,1547.14,,0.0035677931339986725
2018-06-21T00:00:00.000000,1540.61,1577.62,1525.29,1563.79,,0.0025722080638925994
2018-06-22T00:00:00.000000,1562.37,1570.6,1521.56,1521.68,,0.002279231378062143
2018-06-23T00:00:00.000000,1514.04,1555.72,1506.62,1549.66,,0.0029673262659290203
2018-06-26T00:00:00.000000,1563.74,1566.78,1537.27,1538.57,,0.001713260082741263
2018-06-27T00:00:00.000000,1518.5,1570.28,1515.27,1564.92,,0.002058507395390739
2018-06-28T00:00:00.000000,1564.29,1572.61,1542.52,1546.23,,0.0019261897990685655
2018-06-29T00:00:00.000000,1544.64,1570.9,1540.89,1543.66,,0.0017467785483630367
2018-06-30T00:00:00.000000,1547.15,1609.73,1547.15,1606.71,,0.002155857251596176
2018-07-03T00:00:00.000000,1605.21,1614.34,1572.56,1588.37,,0.002125842547500341
2018-07-04T00:00:00.000000,1589.5,1613.83,1558.0,1607.12,,0.0028994847891428083
2018-07-05T00:00:00.000000,1595.89,1596.0,1557.54,1565.61,,0.0027651930765827063
2018-07-06T00:00:00.000000,1560.98,1576.99,1532.43,1532.68,,0.002236138753469404
2018-07-07T00:00:00.000000,1532.05,1571.02,1517.06,1541.31,,0.0034485594650650827
2018-07-10T00:00:00.000000,1546.01,1582.53,1546.01,1581.93,,0.0023911935813303925
2018-07-11T00:00:00.000000,1583.74,1594.0,1577.39,1592.98,,0.0015411700451480293
2018-07-12T00:00:00.000000,1562.59,1577.17,1540.7,1563.01,,0.004228691728811404
2018-07-13T00:00:00.000000,1563.79,1620.64,1563.79,1614.63,,0.001933102530409109
2018-07-14T00:00:00.000000,1612.19,1626.27,1608.6,1618.46,,0.0015631388476417443
2018-07-17T00:00:00.000000,1614.56,1624.33,1605.21,1616.91,,0.0016935657391030827
2018-07-18T00:00:00.000000,1615.84,1622.09,1597.88,1621.63,,0.0016492287052105826
2018-07-19T00:00:00.000000,1622.29,1635.91,1607.88,1607.88,,0.0017075771302338344
2018-07-20T00:00:00.000000,1607.93,1619.39,1582.97,1590.06,,0.0019383206633221915
2018-07-21T00:00:00.000000,1589.31,1615.06,1578.8,1609.55,,0.0018662371821867888
2018-07-24T00:00:00.000000,1592.24,1621.17,1589.64,1620.97,,0.0015602758741290808
2018-07-25T00:00:00.000000,1615.72,1641.97,1607.54,1629.61,,0.001931071040723758
2018-07-26T00:00:00.000000,1629.13,1645.44,1626.09,1632.32,,0.001291485829531161
2018-07-27T00:00:00.000000,1631.46,1635.05,1601.46,1606.12,,0.0014631852347331338
2018-07-28T00:00:00.000000,1601.27,1607.3,1590.43,1594.57,,0.0015006215768689432
2018-07-31T00:00:00.000000,1593.6,1596.73,1554.04,1559.64,,0.0019559327550254927
2018-08-01T00:00:00.000000,1557.6,1571.87,1551.09,1561.26,,0.0017225586534285193
2018-08-02T00:00:00.000000,1568.12,1580.84,1541.86,1541.86,,0.0019136840408693532
2018-08-03T00:00:00.000000,1538.28,1538.94,1484.48,1510.09,,0.0023325568730117176
2018-08-04T00:00:00.000000,1512.57,1523.24,1481.61,1481.61,,0.002193719666345397
2018-08-07T00:00:00.000000,1471.36,1485.85,1434.79,1440.8,,0.0027760415540898325
2018-08-08T00:00:00.000000,1445.62,1482.03,1435.09,1479.44,,0.002461757756835405
2018-08-09T00:00:00.000000,1475.32,1480.28,1446.81,1447.76,,0.0018323342111715715
2018-08-10T00:00:00.000000,1443.87,1509.87,1443.3,1497.61,,0.002055123327642602
2018-08-11T00:00:00.000000,1496.1,1514.51,1496.1,1511.71,,0.001737700195581931
2018-08-14T00:00:00.000000,1494.32,1534.12,1490.82,1531.34,,0.0020750999701438914
2018-08-15T00:00:00.000000,1530.45,1533.07,1512.16,1518.49,,0.0013490984548299456
2018-08-16T00:00:00.000000,1518.28,1519.72,1472.44,1478.51,,0.0018698650809981644
2018-08-17T00:00:00.000000,1458.39,1489.34,1449.93,1463.87,,0.003952262217830676
2018-08-18T00:00:00.000000,1475.89,1480.42,1432.06,1434.31,,0.0019940087955385728
2018-08-21T00:00:00.000000,1428.26,1444.0,1404.19,1435.69,,0.003327930204378839
2018-08-22T00:00:00.000000,1435.36,1461.38,1431.84,1456.97,,0.0014409739372466801
2018-08-23T00:00:00.000000,1454.71,1457.79,1437.26,1439.55,,0.0014780919889192826
2018-08-24T00:00:00.000000,1439.66,1463.02,1438.28,1455.5,,0.002123000448888551
2018-08-25T00:00:00.000000,1450.95,1460.65,1442.81,1450.09,,0.0018094964150716397
2018-08-28T00:00:00.000000,1455.66,1495.68,1454.28,1493.43,,0.001823562253046139
2018-08-29T00:00:00.000000,1495.9,1499.68,1485.54,1493.11,,0.0012078836159007836
2018-08-30T00:00:00.000000,1491.78,1491.78,1475.97,1481.19,,0.0013705539156100204
2018-08-31T00:00:00.000000,1479.85,1484.16,1456.24,1457.92,,0.0013503524083618428
2018-09-01T00:00:00.000000,1450.47,1455.51,1434.31,1435.2,,0.001967858145726539
2018-09-04T00:00:00.000000,1433.63,1445.3,1416.24,1443.69,,0.0018713319800055684
2018-09-05T00:00:00.000000,1442.27,1461.11,1430.66,1455.5,,0.0018138160813003026
2018-09-06T00:00:00.000000,1450.39,1457.59,1430.24,1430.24,,0.0016403462878880357
2018-09-07T00:00:00.000000,1424.46,1443.56,1416.57,1422.87,,0.0018546064461508215
2018-09-08T00:00:00.000000,1426.98,1453.09,1415.17,1425.23,,0.0022732841811890364
2018-09-11T00:00:00.000000,1424.01,1427.33,1390.14,1390.82,,0.0019635786466769994
2018-09-12T00:00:00.000000,1389.54,1405.98,1383.13,1395.17,,0.0021027148263519737
2018-09-13T00:00:00.000000,1394.16,1406.4,1382.84,1385.8,,0.0020457471040892156
2018-09-14T00:00:00.000000,1401.96,1408.87,1369.51,1391.28,,0.002466798624757804
2018-09-15T00:00:00.000000,1394.09,1396.47,1366.57,1366.57,,0.0018787651279901353
2018-09-18T00:00:00.000000,1360.72,1365.4,1345.58,1349.78,,0.0019362430620935155
2018-09-19T00:00:00.000000,1348.11,1379.38,1347.12,1377.3,,0.0019473552043543752
2018-09-20T00:00:00.000000,1375.21,1405.71,1369.47,1392.4,,0.0020358148537063013
2018-09-21T00:00:00.000000,1391.25,1400.04,1384.71,1387.62,,0.0013960742491247971
2018-09-22T00:00:00.000000,1393.67,1413.56,1382.4,1411.12,,0.0015443874168205648
2018-09-26T00:00:00.000000,1401.86,1416.78,1398.4,1405.81,,0.0013279614656156007
2018-09-27T00:00:00.000000,1409.02,1430.12,1403.56,1420.75,,0.0014766851064944167
2018-09-28T00:00:00.000000,1418.37,1423.39,1399.15,1400.36,,0.0012539101112582312
2018-09-29T00:00:00.000000,1403.96,1412.95,1394.25,1411.34,,0.001307158025741327
2018-10-09T00:00:00.000000,1380.65,1388.16,1353.23,1353.67,,0.0035770473184556935
2018-10-10T00:00:00.000000,1357.97,1365.83,1338.73,1345.95,,0.001689649038797576
2018-10-11T00:00:00.000000,1350.68,1358.49,1333.84,1346.7,,0.001964042780715196
2018-10-12T00:00:00.000000,1299.17,1311.84,1255.42,1261.88,,0.004945033517543058
2018-10-13T00:00:00.000000,1253.92,1276.59,1230.4,1268.41,,0.0031929475295385955
2018-10-16T00:00:00.000000,1268.88,1282.29,1249.2,1250.22,,0.0019105620881404574
2018-10-17T00:00:00.000000,1249.56,1252.04,1210.1,1216.69,,0.002216263081232454
2018-10-18T00:00:00.000000,1231.0,1237.77,1204.08,1231.86,,0.00344552953403632
2018-10-19T00:00:00.000000,1220.29,1230.13,1205.03,1205.03,,0.0033708320397028047
2018-10-20T00:00:00.000000,1186.49,1252.69,1184.91,1249.89,,0.0024864591991221054
2018-10-23T00:00:00.000000,1270.5,1329.55,1270.49,1314.94,,0.0038415400180779216
2018-10-24T00:00:00.000000,1313.68,1321.97,1281.11,1292.06,,0.002213441198440747
2018-10-25T00:00:00.000000,1285.86,1303.23,1277.59,1284.1,,0.0024562820042899162
2018-10-26T00:00:00.000000,1245.3,1279.94,1239.59,1273.6,,0.0055084656662131755
2018-10-27T00:00:00.000000,1283.07,1290.57,1257.5,1263.19,,0.0023611068685518897
2018-10-30T00:00:00.000000,1262.54,1271.35,1245.15,1250.48,,0.0024210620059484274
2018-10-31T00:00:00.000000,1248.67,1279.04,1222.62,1259.95,,0.0031113947620901297
2018-11-01T00:00:00.000000,1263.34,1287.35,1259.66,1275.57,,0.002008935863710496
2018-11-02T00:00:00.000000,1291.88,1312.77,1286.33,1286.33,,0.002830224173814745
2018-11-03T00:00:00.000000,1328.46,1349.43,1320.74,1348.28,,0.004890367913087029
2018-11-06T00:00:00.000000,1347.47,1371.43,1325.02,1348.88,,0.002722964340105321
2018-11-07T00:00:00.000000,1346.53,1350.82,1327.4,1349.11,,0.002284161271538269
2018-11-08T00:00:00.000000,1349.62,1367.27,1345.2,1345.77,,0.001766988679067499
2018-11-09T00:00:00.000000,1357.89,1359.29,1328.99,1329.59,,0.0017564991484874367
2018-11-10T00:00:00.000000,1321.33,1337.39,1318.21,1322.83,,0.0016247666539567507
2018-11-13T00:00:00.000000,1322.87,1370.87,1320.52,1368.79,,0.0020616516651380495
2018-11-14T00:00:00.000000,1356.62,1400.87,1353.63,1392.05,,0.001985346890623354
2018-11-15T00:00:00.000000,1388.23,1401.43,1382.79,1385.73,,0.0015227544698421089
2018-11-16T00:00:00.000000,1382.34,1405.39,1381.29,1405.25,,0.0017101550266722732
2018-11-17T00:00:00.000000,1406.73,1415.38,1390.81,1403.28,,0.001719669646432351
2018-11-20T00:00:00.000000,1399.0,1403.94,1380.6,1394.4,,0.0018390369683011732
2018-11-21T00:00:00.000000,1384.18,1385.96,1352.73,1355.33,,0.001927879086308585
2018-11-22T00:00:00.000000,1344.4,1364.76,1342.16,1363.03,,0.001760868376360392
2018-11-23T00:00:00.000000,1365.48,1371.39,1349.99,1353.92,,0.0014364706193872824
2018-11-24T00:00:00.000000,1355.17,1355.17,1306.56,1308.74,,0.0023024684622370813
2018-11-27T00:00:00.000000,1309.47,1316.47,1296.03,1304.56,,0.0016718028931309527
2018-11-28T00:00:00.000000,1314.09,1322.41,1307.2,1315.43,,0.0018228097211926639
2018-11-29T00:00:00.000000,1314.53,1341.51,1305.02,1341.08,,0.0017164537483909217
2018-11-30T00:00:00.000000,1347.74,1351.98,1312.72,1312.72,,0.001810469523798063
2018-12-01T00:00:00.000000,1309.89,1332.93,1304.66,1329.39,,0.001816442920280424
2018-12-04T00:00:00.000000,1365.9,1380.82,1358.1,1372.79,,0.0036406991112256466
2018-12-05T00:00:00.000000,1370.29,1378.99,1366.49,1378.75,,0.0013558168561767121
2018-12-06T00:00:00.000000,1359.27,1391.03,1355.7,1381.77,,0.0025620897706021715
2018-12-07T00:00:00.000000,1371.34,1376.32,1342.81,1345.76,,0.002522456821868271
2018-12-08T00:00:00.000000,1344.13,1349.26,1334.39,1341.02,,0.0015867023684999755
2018-12-11T00:00:00.000000,1328.06,1340.16,1325.91,1326.85,,0.0015186706537743658
2018-12-12T00:00:00.000000,1332.52,1339.02,1328.44,1338.08,,0.001365008710142776
2018-12-13T00:00:00.000000,1343.9,1347.74,1335.35,1338.73,,0.0013645471785742101
2018-12-14T00:00:00.000000,1341.55,1357.02,1327.02,1348.5,,0.0016070087119171004
2018-12-15T00:00:00.000000,1346.9,1346.9,1309.44,1310.46,,0.0014513197018229049
2018-12-18T00:00:00.000000,1303.88,1306.95,1284.66,1299.17,,0.001891679544695766
2018-12-19T00:00:00.000000,1293.15,1307.9,1282.96,1293.34,,0.0018402091975421228
2018-12-20T00:00:00.000000,1295.89,1296.86,1265.75,1268.81,,0.0014279884715032594
2018-12-21T00:00:00.000000,1266.76,1282.11,1265.88,1278.16,,0.0018947930193015116
2018-12-22T00:00:00.000000,1274.04,1279.5,1259.81,1270.3,,0.0017347486844080978
2018-12-25T00:00:00.000000,1267.23,1285.69,1263.57,1284.33,,0.001587201147733397
2018-12-26T00:00:00.000000,1269.14,1279.7,1243.97,1273.45,,0.0030957018339487267
2018-12-27T00:00:00.000000,1272.24,1280.36,1262.34,1264.07,,0.0017227295942469634
2018-12-28T00:00:00.000000,1283.17,1285.52,1246.79,1248.08,,0.0022968818080480367
2018-12-29T00:00:00.000000,1248.06,1253.84,1236.28,1250.53,,0.0016883415099966535
2019-01-03T00:00:00.000000,1250.62,1251.23,1226.87,1228.77,,0.0017078035185541802
2019-01-04T00:00:00.000000,1226.74,1240.29,1213.87,1214.5,,0.0017041193235534037
2019-01-05T00:00:00.000000,1203.67,1246.39,1201.8,1245.16,,0.002398916011855247
2019-01-08T00:00:00.000000,1250.4,1270.36,1244.82,1268.06,,0.0017128831345733823
2019-01-09T00:00:00.000000,1262.2,1270.43,1258.57,1263.51,,0.0013655585112978825
2019-01-10T00:00:00.000000,1263.73,1285.31,1258.62,1262.52,,0.0016493884596029272
2019-01-11T00:00:00.000000,1262.1,1270.66,1255.74,1258.99,,0.00131359563538253
2019-01-12T00:00:00.000000,1260.0,1266.67,1252.3,1261.56,,0.0013612369762406834
2019-01-15T00:00:00.000000,1263.02,1264.04,1243.53,1246.0,,0.0010519599304532185
2019-01-16T00:00:00.000000,1243.93,1267.65,1238.59,1266.27,,0.001549626254927052
2019-01-17T00:00:00.000000,1267.14,1277.27,1262.27,1267.3,,0.0014175905085538239
2019-01-18T00:00:00.000000,1267.82,1267.82,1251.15,1251.41,,0.001318417210918427
2019-01-19T00:00:00.000000,1255.6,1270.0,1248.85,1269.5,,0.0015450882618211917
2019-01-22T00:00:00.000000,1271.39,1283.14,1266.8,1274.79,,0.0011213014058464221
2019-01-23T00:00:00.000000,1273.47,1273.47,1247.45,1252.24,,0.001221765442907369
2019-01-24T00:00:00.000000,1250.83,1255.41,1244.94,1251.13,,0.0010809713156949053
2019-01-25T00:00:00.000000,1252.38,1272.49,1248.06,1265.16,,0.001252570100256684
2019-01-26T00:00:00.000000,1266.63,1276.99,1261.41,1265.49,,0.0011944165889200995
2019-01-29T00:00:00.000000,1272.37,1279.82,1257.53,1259.74,,0.0014026336074485892
2019-01-30T00:00:00.000000,1259.8,1259.8,1229.48,1243.59,,0.0022693367826299602
2019-01-31T00:00:00.000000,1238.28,1248.96,1230.82,1230.82,,0.0017140164819793263
2019-02-01T00:00:00.000000,1231.0,1243.59,1220.95,1227.99,,0.0016788216963080531
2019-02-02T00:00:00.000000,1233.38,1272.19,1233.38,1271.27,,0.0018787031349333594
2019-02-12T00:00:00.000000,1275.22,1319.18,1274.73,1316.1,,0.0021698909911584746
2019-02-13T00:00:00.000000,1316.91,1336.14,1314.91,1332.27,,0.0016544945823242355
2019-02-14T00:00:00.000000,1335.16,1362.64,1333.11,1357.67,,0.0014718121743848918
2019-02-15T00:00:00.000000,1357.78,1369.78,1349.47,1361.94,,0.0016843631999153878
2019-02-16T00:00:00.000000,1360.76,1371.96,1355.78,1357.84,,0.0014002779547676277
2019-02-19T00:00:00.000000,1364.94,1413.77,1364.94,1413.6,,0.002623482658483818
2019-02-20T00:00:00.000000,1419.04,1427.14,1391.57,1406.04,,0.0024523077757970337
2019-02-21T00:00:00.000000,1406.99,1417.89,1387.9,1408.38,,0.0019281592286373498
2019-02-22T00:00:00.000000,1405.52,1452.39,1401.77,1412.54,,0.002816770207061048
2019-02-23T00:00:00.000000,1409.86,1456.3,1407.29,1456.3,,0.0021547408698727576
2019-02-26T00:00:00.000000,1487.3,1538.16,1481.17,1536.37,,0.003685079973160589
2019-02-27T00:00:00.000000,1549.24,1581.83,1532.44,1546.99,,0.00390963265214515
2019-02-28T00:00:00.000000,1544.16,1555.59,1503.68,1520.42,,0.002953005647885676
2019-03-01T00:00:00.000000,1522.63,1549.33,1519.76,1535.68,,0.0029737634224847776
2019-03-02T00:00:00.000000,1558.9,1568.32,1532.45,1567.87,,0.0036137536369025285
2019-03-05T00:00:00.000000,1596.55,1651.01,1593.26,1619.71,,0.004596005754757758
2019-03-06T00:00:00.000000,1615.59,1676.57,1613.5,1676.57,,0.002669908394224422
2019-03-07T00:00:00.000000,1684.97,1704.1,1661.01,1700.5,,0.0034453140905081076
2019-03-08T00:00:00.000000,1699.6,1719.15,1666.37,1692.42,,0.0034632367185386246
2019-03-09T00:00:00.000000,1647.85,1718.38,1635.45,1654.49,,0.0046268899421230796
2019-03-12T00:00:00.000000,1673.4,1728.33,1656.14,1727.8,,0.0037111933550876535
2019-03-13T00:00:00.000000,1733.43,1789.16,1733.43,1773.43,,0.003395470382405566
2019-03-14T00:00:00.000000,1769.55,1769.55,1682.36,1693.86,,0.003912384890982226
2019-03-15T00:00:00.000000,1676.61,1700.52,1628.63,1650.19,,0.0035597809684738417
2019-03-16T00:00:00.000000,1667.78,1685.08,1642.7,1662.62,,0.003198165334427508
2019-03-19T00:00:00.000000,1671.28,1707.06,1652.88,1707.06,,0.0025067532331950666
2019-03-20T00:00:00.000000,1706.19,1730.35,1693.54,1708.87,,0.002274729386246893
2019-03-21T00:00:00.000000,1701.73,1705.59,1654.3,1687.9,,0.002687960993137734
2019-03-22T00:00:00.000000,1683.55,1716.45,1677.65,1703.85,,0.0024419723608092962
2019-03-23T00:00:00.000000,1703.97,1703.97,1660.33,1693.87,,0.0025729700397599947
2019-03-26T00:00:00.000000,1662.76,1695.09,1658.45,1668.84,,0.0029112545667704464
2019-03-27T00:00:00.000000,1680.78,1684.36,1627.23,1630.19,,0.002572468303849713
2019-03-28T00:00:00.000000,1640.21,1645.56,1616.6,1637.77,,0.0023187302068378274
2019-03-29T00:00:00.000000,1632.04,1659.94,1624.01,1626.82,,0.0022410321600846556
2019-03-30T00:00:00.000000,1633.38,1693.55,1628.74,1693.55,,0.002355773025765448
2019-04-02T00:00:00.000000,1710.16,1766.37,1710.16,1760.89,,0.003408769893870694
2019-04-03T00:00:00.000000,1771.69,1774.98,1747.44,1754.16,,0.0024889448770308155
2019-04-04T00:00:00.000000,1743.99,1769.76,1739.14,1768.18,,0.001955254870596065
2019-04-05T00:00:00.000000,1780.28,1784.12,1761.05,1777.26,,0.00221151754130478
2019-04-09T00:00:00.000000,1787.96,1792.03,1720.0,1739.66,,0.002323985086834376
2019-04-10T00:00:00.000000,1734.18,1753.52,1721.32,1741.17,,0.0024396702259795694
2019-04-11T00:00:00.000000,1727.97,1740.85,1714.64,1726.64,,0.002549222105793549
2019-04-12T00:00:00.000000,1727.22,1732.61,1688.1,1691.1,,0.0025111364338069753
2019-04-13T00:00:00.000000,1692.43,1702.35,1683.29,1695.73,,0.001783600426046961
2019-04-16T00:00:00.000000,1721.64,1726.2,1666.65,1666.9,,0.002726140958736635
2019-04-17T00:00:00.000000,1656.76,1697.53,1638.3,1697.53,,0.0026623282335509874
2019-04-18T00:00:00.000000,1699.19,1729.21,1697.97,1717.44,,0.002128860779620631
2019-04-19T00:00:00.000000,1715.18,1719.96,1702.93,1704.55,,0.0016532886101304144
2019-04-20T00:00:00.000000,1704.72,1715.8,1692.49,1715.8,,0.0018747214435554927
2019-04-23T00:00:00.000000,1720.78,1723.56,1690.64,1697.51,,0.0020381877623485076
2019-04-24T00:00:00.000000,1695.27,1706.08,1677.73,1683.8,,0.002332439025493459
2019-04-25T00:00:00.000000,1690.28,1721.42,1676.64,1718.85,,0.0023434098702926408
2019-04-26T00:00:00.000000,1709.83,1723.66,1669.24,1669.98,,0.0023828835049087083
2019-04-27T00:00:00.000000,1664.04,1682.46,1653.69,1657.82,,0.002485961354560981
2019-04-30T00:00:00.000000,1658.19,1661.06,1611.22,1615.62,,0.002805232022220329
2019-05-01T00:00:00.000000,1612.11,1634.71,1608.72,1623.78,,0.002170405182694137
2019-05-07T00:00:00.000000,1551.72,1563.61,1487.45,1494.89,,0.006228717728636079
2019-05-08T00:00:00.000000,1506.97,1523.66,1474.5,1504.16,,0.0035222713324631087
2019-05-09T00:00:00.000000,1469.24,1515.16,1465.09,1481.87,,0.0038924119559171507
2019-05-10T00:00:00.000000,1470.98,1491.38,1466.97,1469.48,,0.0022122801483170852
2019-05-11T00:00:00.000000,1489.19,1535.16,1463.19,1533.87,,0.00557165548725866
2019-05-14T00:00:00.000000,1513.96,1523.88,1494.48,1503.06,,0.0029136703594707025
2019-05-15T00:00:00.000000,1492.9,1517.67,1491.44,1494.6,,0.00221535113310779
2019-05-16T00:00:00.000000,1509.45,1533.73,1503.67,1528.69,,0.0016970156890207169
2019-05-17T00:00:00.000000,1528.63,1537.59,1515.61,1533.67,,0.0015498861856012643
2019-05-18T00:00:00.000000,1537.45,1537.45,1472.46,1478.75,,0.0023068268833235546
2019-05-21T00:00:00.000000,1478.2,1481.19,1450.28,1469.31,,0.0029179688134462613
2019-05-22T00:00:00.000000,1469.97,1504.21,1465.88,1493.72,,0.002124202084395537
2019-05-23T00:00:00.000000,1493.66,1503.81,1477.46,1488.63,,0.0018140193658014612
2019-05-24T00:00:00.000000,1486.95,1486.95,1449.14,1451.24,,0.00236865516967496
2019-05-25T00:00:00.000000,1452.04,1465.24,1437.93,1443.75,,0.0020316440128187083
2019-05-28T00:00:00.000000,1447.98,1496.79,1445.79,1491.95,,0.0025806150295327327
2019-05-29T00:00:00.000000,1497.12,1506.78,1483.76,1505.16,,0.0020374058641641326
2019-05-30T00:00:00.000000,1492.58,1507.18,1488.04,1497.89,,0.0017599645026667053
2019-05-31T00:00:00.000000,1494.35,1495.24,1466.83,1485.24,,0.0016680120646765321
2019-06-01T00:00:00.000000,1487.28,1498.24,1474.53,1483.66,,0.00142392281683568
2019-06-04T00:00:00.000000,1489.43,1499.01,1466.27,1468.98,,0.00224238960616285
2019-06-05T00:00:00.000000,1467.59,1476.21,1448.0,1456.27,,0.0017436494181536344
2019-06-06T00:00:00.000000,1471.95,1475.54,1448.99,1451.18,,0.0018348106765645365
2019-06-07T00:00:00.000000,1450.1,1450.1,1411.61,1416.06,,0.0018589790396046472
2019-06-11T00:00:00.000000,1422.34,1441.17,1410.57,1431.34,,0.0019962908321454385
2019-06-12T00:00:00.000000,1432.95,1488.93,1430.09,1487.35,,0.001688134952313158
2019-06-13T00:00:00.000000,1481.42,1486.6,1467.54,1473.9,,0.0012373921058184704
2019-06-14T00:00:00.000000,1474.55,1485.72,1464.84,1479.83,,0.0015560880800392293
2019-06-15T00:00:00.000000,1478.53,1489.47,1451.66,1453.96,,0.0015228937600486445
2019-06-18T00:00:00.000000,1450.56,1459.21,1437.14,1442.35,,0.0013785861152939606
2019-06-19T00:00:00.000000,1443.65,1460.19,1437.04,1455.75,,0.0015184658959080592
2019-06-20T00:00:00.000000,1501.25,1504.41,1469.59,1469.99,,0.004176406413852349
2019-06-21T00:00:00.000000,1469.81,1507.62,1463.82,1498.01,,0.0016650217700312582
2019-06-22T00:00:00.000000,1531.39,1534.49,1515.91,1523.81,,0.0032634743571915707
2019-06-25T00:00:00.000000,1526.7,1526.7,1507.69,1514.46,,0.0015478355814361841
2019-06-26T00:00:00.000000,1512.93,1512.93,1480.27,1498.47,,0.0017494544634212904
2019-06-27T00:00:00.000000,1490.56,1511.53,1487.75,1504.55,,0.0011641938995516521
2019-06-28T00:00:00.000000,1510.09,1529.72,1507.97,1525.24,,0.001497764547289014
2019-06-29T00:00:00.000000,1523.79,1523.79,1501.63,1511.51,,0.0013319880159915365
2019-07-02T00:00:00.000000,1545.06,1568.4,1534.56,1568.16,,0.002893675928907566
2019-07-03T00:00:00.000000,1565.99,1577.03,1560.6,1570.51,,0.0010562307168582692
2019-07-04T00:00:00.000000,1566.3,1566.3,1538.37,1544.36,,0.0014823177105438925
2019-07-05T00:00:00.000000,1548.56,1551.14,1525.29,1532.74,,0.0012855399994911574
2019-07-06T00:00:00.000000,1535.48,1551.94,1532.86,1547.74,,0.0012280849487995777
2019-07-09T00:00:00.000000,1547.6,1547.6,1495.23,1506.66,,0.0020966980965250446
2019-07-10T00:00:00.000000,1507.39,1521.71,1501.74,1517.79,,0.0011704851373692021
2019-07-11T00:00:00.000000,1521.95,1523.81,1504.66,1510.43,,0.0012699032931283163
2019-07-12T00:00:00.000000,1522.81,1531.64,1507.7,1514.2,,0.0015080077656719885
2019-07-13T00:00:00.000000,1517.04,1525.69,1506.7,1518.07,,0.001437431865789499
2019-07-16T00:00:00.000000,1512.77,1556.05,1496.81,1547.47,,0.002451563103399158
2019-07-17T00:00:00.000000,1545.34,1551.99,1538.62,1545.27,,0.0010403418116611731
2019-07-18T00:00:00.000000,1544.42,1563.05,1541.37,1550.22,,0.0011457676988489698
2019-07-19T00:00:00.000000,1542.43,1542.66,1524.48,1524.48,,0.001468386123431066
2019-07-20T00:00:00.000000,1532.38,1552.74,1532.38,1541.98,,0.001755808779698411
2019-07-23T00:00:00.000000,1545.91,1545.93,1511.52,1515.97,,0.0019840563755185595
2019-07-24T00:00:00.000000,1519.63,1535.04,1516.86,1534.93,,0.0015305514201798187
2019-07-25T00:00:00.000000,1539.23,1562.13,1538.67,1553.72,,0.001329709738009385
2019-07-26T00:00:00.000000,1552.85,1567.33,1549.49,1566.08,,0.0012115736116196643
2019-07-27T00:00:00.000000,1562.2,1565.44,1552.39,1561.86,,0.001143726833908714
2019-07-30T00:00:00.000000,1561.27,1566.74,1556.38,1566.52,,0.0008369223307720949
2019-07-31T00:00:00.000000,1568.16,1593.69,1566.6,1580.13,,0.0012516682486114576
2019-08-01T00:00:00.000000,1577.2,1578.75,1567.99,1570.39,,0.0010245118051757129
2019-08-02T00:00:00.000000,1562.53,1578.86,1561.2,1573.87,,0.0009503266482294921
2019-08-03T00:00:00.000000,1539.92,1559.12,1536.4,1556.74,,0.002878703155818429
2019-08-06T00:00:00.000000,1552.35,1566.73,1531.37,1531.37,,0.0015008842813752645
2019-08-07T00:00:00.000000,1501.4,1517.68,1478.54,1507.91,,0.004315333928212842
2019-08-08T00:00:00.000000,1520.58,1523.62,1500.07,1500.25,,0.0016520369523267
2019-08-09T00:00:00.000000,1512.27,1526.18,1511.34,1522.97,,0.0019908830852290765
2019-08-10T00:00:00.000000,1532.98,1536.25,1504.89,1507.71,,0.0015133971134708708
2019-08-13T00:00:00.000000,1511.32,1539.91,1506.68,1539.91,,0.0014586350942086652
2019-08-14T00:00:00.000000,1526.08,1535.98,1519.01,1524.36,,0.0015502198278606366
2019-08-15T00:00:00.000000,1546.21,1551.44,1534.85,1536.66,,0.002015624003152881
2019-08-16T00:00:00.000000,1507.95,1556.01,1505.43,1555.77,,0.002591283780605194
2019-08-17T00:00:00.000000,1554.72,1584.38,1553.82,1567.99,,0.0013725821608144841
2019-08-20T00:00:00.000000,1586.01,1622.84,1581.71,1622.84,,0.002152029434336691
2019-08-21T00:00:00.000000,1624.8,1630.32,1607.4,1611.59,,0.0014106983300706812
2019-08-22T00:00:00.000000,1614.3,1616.08,1605.4,1609.83,,0.0010449292195134395
2019-08-23T00:00:00.000000,1614.13,1615.61,1599.31,1613.46,,0.001087180874783877
2019-08-24T00:00:00.000000,1614.54,1623.19,1605.01,1615.56,,0.001650269981344473
2019-08-27T00:00:00.000000,1588.55,1608.2,1587.9,1600.8,,0.0020006199890907185
2019-08-28T00:00:00.000000,1611.9,1646.87,1610.0,1628.12,,0.001925213508623423
2019-08-29T00:00:00.000000,1629.986,1632.694,1617.2517,1625.19,,0.0011414028366794663
2019-08-30T00:00:00.000000,1625.96,1632.96,1615.57,1620.86,,0.001115689508758509
2019-08-31T00:00:00.000000,1630.05,1637.26,1600.45,1610.9,,0.0016523145748976755
2019-09-03T00:00:00.000000,1614.03,1655.42,1610.81,1652.29,,0.0015950754513259116
2019-09-04T00:00:00.000000,1656.05,1662.38,1646.92,1660.43,,0.0013691074590053201
2019-09-05T00:00:00.000000,1656.59,1669.41,1650.03,1669.41,,0.001524747900345394
2019-09-06T00:00:00.000000,1682.44,1708.97,1682.44,1689.05,,0.001877828992241182
2019-09-07T00:00:00.000000,1699.66,1700.19,1674.67,1692.24,,0.0016946970208406408
2019-09-10T00:00:00.000000,1702.99,1733.23,1691.94,1733.23,,0.001483623556346584
2019-09-11T00:00:00.000000,1733.63,1734.97,1715.75,1725.31,,0.0013258738771299828
2019-09-12T00:00:00.000000,1730.35,1736.18,1700.91,1703.54,,0.0016353643297205326
2019-09-13T00:00:00.000000,1713.59,1715.33,1695.29,1710.57,,0.001227226140642517
2019-09-17T00:00:00.000000,1715.92,1723.11,1703.38,1714.37,,0.0011740117087880395
2019-09-18T00:00:00.000000,1710.77,1710.77,1671.07,1677.99,,0.0015834903904305272
2019-09-19T00:00:00.000000,1683.15,1687.11,1668.66,1679.31,,0.0013502726554472002
2019-09-20T00:00:00.000000,1684.93,1706.86,1676.5,1705.6,,0.0012071225925216736
2019-09-21T00:00:00.000000,1709.23,1716.84,1701.4,1705.05,,0.0010950624823278514
2019-09-24T00:00:00.000000,1699.34,1699.34,1669.89,1684.32,,0.0019272053353953452
2019-09-25T00:00:00.000000,1685.12,1706.82,1678.18,1694.6,,0.0013871270995939311
2019-09-26T00:00:00.000000,1686.19,1689.23,1670.68,1672.65,,0.0016655034131398722
2019-09-27T00:00:00.000000,1677.79,1680.93,1623.65,1623.79,,0.0020918307399790345
2019-09-28T00:00:00.000000,1628.14,1653.06,1624.75,1647.53,,0.0014054433600394875
2019-10-01T00:00:00.000000,1648.9,1651.87,1626.05,1627.55,,0.0014516464378980134
2019-10-09T00:00:00.000000,1631.92,1638.72,1615.16,1616.58,,0.0013278490492243701
2019-10-10T00:00:00.000000,1613.02,1623.18,1601.81,1622.41,,0.0013487205654688415
2019-10-11T00:00:00.000000,1632.22,1668.17,1627.43,1666.97,,0.001574278715160662
2019-10-12T00:00:00.000000,1667.95,1675.74,1654.56,1666.83,,0.0011958982432433553
2019-10-15T00:00:00.000000,1678.79,1690.94,1671.09,1679.38,,0.0015878185941600165
2019-10-16T00:00:00.000000,1676.24,1676.24,1659.11,1660.89,,0.0011748016175233827
2019-10-17T00:00:00.000000,1661.0,1671.77,1655.3,1656.37,,0.0009975120490781733
2019-10-18T00:00:00.000000,1657.93,1664.1,1652.43,1658.26,,0.0009626945869539926
2019-10-19T00:00:00.000000,1662.61,1674.92,1644.27,1648.63,,0.0013288721332926391
2019-10-22T00:00:00.000000,1651.29,1651.29,1628.93,1644.51,,0.0015297721576847643
2019-10-23T00:00:00.000000,1649.76,1667.21,1647.31,1666.87,,0.0011823158880539758
2019-10-24T00:00:00.000000,1668.71,1672.43,1646.99,1650.29,,0.0009917547246638511
2019-10-25T00:00:00.000000,1650.79,1658.39,1640.16,1653.86,,0.0010615587583535544
2019-10-26T00:00:00.000000,1655.29,1677.03,1649.14,1675.34,,0.0010935479909934783
2019-10-29T00:00:00.000000,1687.37,1704.78,1684.11,1704.42,,0.001667445912187866
2019-10-30T00:00:00.000000,1702.15,1706.31,1686.58,1686.58,,0.0010224688470852304
2019-10-31T00:00:00.000000,1684.6,1689.83,1672.1,1684.08,,0.0015852584062404104
2019-11-01T00:00:00.000000,1688.42,1693.39,1669.33,1671.31,,0.0012832881667117404
2019-11-02T00:00:00.000000,1667.86,1688.71,1663.61,1687.0,,0.0013110613871156786
2019-11-05T00:00:00.000000,1689.58,1707.11,1689.0,1699.92,,0.0009932248313300758
2019-11-06T00:00:00.000000,1704.06,1718.18,1695.4,1713.29,,0.0011985543731554708
2019-11-07T00:00:00.000000,1720.68,1721.1,1696.79,1703.02,,0.0011602792430070008
2019-11-08T00:00:00.000000,1698.63,1724.37,1695.34,1715.58,,0.001177004099040663
2019-11-09T00:00:00.000000,1724.4,1731.0,1709.96,1711.22,,0.0011943005017119835
2019-11-12T00:00:00.000000,1699.17,1700.28,1671.67,1673.13,,0.002182207655110382
2019-11-13T00:00:00.000000,1676.43,1679.73,1654.91,1671.44,,0.0013069195150881483
2019-11-14T00:00:00.000000,1673.55,1683.63,1666.57,1681.79,,0.0011926501965332824
2019-11-15T00:00:00.000000,1682.87,1696.73,1681.07,1692.58,,0.0011181174748497956
2019-11-16T00:00:00.000000,1692.08,1695.97,1674.78,1674.78,,0.0012219182362076505
2019-11-19T00:00:00.000000,1671.59,1683.46,1665.11,1682.49,,0.001194708117147055
2019-11-20T00:00:00.000000,1685.75,1729.16,1683.57,1729.08,,0.0011606158742068396
2019-11-21T00:00:00.000000,1730.03,1745.09,1717.01,1719.66,,0.0010829247666880402
2019-11-22T00:00:00.000000,1713.44,1726.76,1706.88,1713.2,,0.0011005828241725014
2019-11-23T00:00:00.000000,1721.88,1736.83,1670.93,1679.8,,0.0022806189294764505
2019-11-26T00:00:00.000000,1682.23,1684.45,1652.54,1661.77,,0.0017118361172111355
2019-11-27T00:00:00.000000,1667.78,1679.73,1659.03,1679.08,,0.0012404478502216444
2019-11-28T00:00:00.000000,1671.15,1686.49,1659.0,1674.39,,0.0016956123924053979
2019-11-29T00:00:00.000000,1675.17,1683.25,1668.16,1673.79,,0.0010922039326970916
2019-11-30T00:00:00.000000,1670.39,1673.23,1647.29,1664.9,,0.0013362149231558765
2019-12-03T00:00:00.000000,1670.16,1680.24,1665.11,1669.54,,0.0009041059933976842
2019-12-04T00:00:00.000000,1664.79,1675.42,1647.67,1675.39,,0.0014057311343533617
2019-12-05T00:00:00.000000,1666.6,1683.79,1663.93,1673.78,,0.0014381683952216892
2019-12-06T00:00:00.000000,1681.25,1714.08,1679.4,1709.83,,0.001439280652105302
2019-12-07T00:00:00.000000,1711.64,1726.8,1707.22,1726.8,,0.0011440753177503283
2019-12-10T00:00:00.000000,1733.48,1734.06,1715.39,1721.07,,0.0011916759279244195
2019-12-11T00:00:00.000000,1715.71,1734.02,1711.01,1734.02,,0.001047552910602705
2019-12-12T00:00:00.000000,1730.4,1733.74,1713.9,1718.26,,0.001189058523243351
2019-12-13T00:00:00.000000,1720.42,1733.75,1716.78,1720.99,,0.0010442238752431587
2019-12-14T00:00:00.000000,1738.56,1757.75,1733.12,1755.41,,0.0016029404342933972
2019-12-17T00:00:00.000000,1760.8,1780.33,1752.01,1780.33,,0.0009857083856200113
2019-12-18T00:00:00.000000,1782.99,1807.95,1780.52,1801.62,,0.0011057385175843003
2019-12-19T00:00:00.000000,1798.4,1804.38,1787.23,1792.42,,0.0010397979272449532
2019-12-20T00:00:00.000000,1792.71,1797.02,1781.03,1790.44,,0.0009525627536711521
2019-12-21T00:00:00.000000,1792.05,1798.09,1771.71,1771.71,,0.0011441044217072802
2019-12-24T00:00:00.000000,1763.73,1775.01,1735.72,1736.62,,0.0023212045101412594
2019-12-25T00:00:00.000000,1742.89,1769.87,1742.86,1769.87,,0.0011379290808504465
2019-12-26T00:00:00.000000,1766.22,1787.5,1764.81,1784.39,,0.0012045294375145558
2019-12-27T00:00:00.000000,1784.43,1793.64,1777.7,1793.64,,0.0010282881193659915
2019-12-28T00:00:00.000000,1795.41,1805.19,1767.17,1767.58,,0.0014333636942274646
2019-12-31T00:00:00.000000,1763.58,1790.91,1749.16,1790.24,,0.001825687722316458
2020-01-01T00:00:00.000000,1790.8,1804.82,1787.45,1798.12,,0.0009112248721801409
2020-01-03T00:00:00.000000,1811.22,1839.41,1797.54,1832.74,,0.0014413489177653583
2020-01-04T00:00:00.000000,1836.86,1842.56,1821.67,1836.01,,0.0012886275409924647
2020-01-07T00:00:00.000000,1825.55,1876.46,1824.35,1859.92,,0.001684623576758708
2020-01-08T00:00:00.000000,1866.26,1893.21,1866.26,1893.21,,0.0014565885314511337
2020-01-09T00:00:00.000000,1881.01,1892.58,1858.28,1862.7,,0.001666370137401405
2020-01-10T00:00:00.000000,1884.42,1913.78,1884.42,1913.14,,0.002591847425289848
2020-01-11T00:00:00.000000,1917.61,1917.83,1894.67,1904.19,,0.0014198845376827652
2020-01-14T00:00:00.000000,1905.4,1935.07,1893.57,1935.07,,0.001510496183124817
2020-01-15T00:00:00.000000,1941.12,1945.77,1922.13,1922.56,,0.0012869811169793537
2020-01-16T00:00:00.000000,1920.66,1928.69,1902.61,1924.24,,0.0013766555123035792
2020-01-17T00:00:00.000000,1924.52,1936.03,1917.56,1929.96,,0.0010414551388255807
2020-01-18T00:00:00.000000,1935.3,1949.04,1928.35,1932.51,,0.0014322516000560561
2020-01-21T00:00:00.000000,1940.12,1982.18,1935.83,1982.18,,0.001538661691697086
2020-01-22T00:00:00.000000,1979.37,1987.66,1959.44,1967.03,,0.0013035246405049335
2020-01-23T00:00:00.000000,1958.08,2004.39,1928.03,1993.9,,0.0026138769893883046
2020-01-24T00:00:00.000000,1973.33,1996.55,1904.28,1927.74,,0.0035537242879377213
2020-02-04T00:00:00.000000,1769.16,1830.81,1769.16,1795.77,,0.011346985752007524
2020-02-05T00:00:00.000000,1786.16,1886.8,1786.16,1882.69,,0.002992272382600243
2020-02-06T00:00:00.000000,1908.97,1966.26,1901.8,1939.62,,0.003383781698296385
2020-02-07T00:00:00.000000,1934.98,2014.88,1918.66,2012.25,,0.003196816170032583
2020-02-08T00:00:00.000000,2014.16,2025.32,1976.79,2015.8,,0.0026393124065702974
2020-02-11T00:00:00.000000,2019.31,2043.68,2007.23,2042.18,,0.0028232236706419523
2020-02-12T00:00:00.000000,2044.22,2046.81,2015.76,2028.44,,0.0021457815956633024
2020-02-13T00:00:00.000000,2024.38,2086.94,2022.68,2085.28,,0.0017629746296831722
2020-02-14T00:00:00.000000,2080.82,2093.37,2052.57,2064.6,,0.002218553395161321
2020-02-15T00:00:00.000000,2063.31,2104.01,2049.26,2069.22,,0.002032158595337896
2020-02-18T00:00:00.000000,2089.21,2146.18,2089.21,2146.18,,0.0028632655967587195
2020-02-19T00:00:00.000000,2149.3,2170.95,2134.34,2170.95,,0.001941477175365891
2020-02-20T00:00:00.000000,2168.85,2171.95,2137.41,2139.44,,0.001911788617105645
2020-02-21T00:00:00.000000,2151.42,2190.5,2140.06,2186.74,,0.0023825466636050886
2020-02-22T00:00:00.000000,2191.98,2247.42,2189.25,2226.64,,0.0021698855323869864
2020-02-25T00:00:00.000000,2223.19,2271.7,2213.82,2263.97,,0.0022984203763808165
2020-02-26T00:00:00.000000,2218.33,2293.46,2171.68,2287.31,,0.0038076078524848576
2020-02-27T00:00:00.000000,2248.65,2263.07,2173.2,2180.7,,0.003955204536826645
2020-02-28T00:00:00.000000,2200.38,2233.76,2163.88,2196.71,,0.0026737582350477122
2020-02-29T00:00:00.000000,2114.32,2155.97,2068.93,2071.57,,0.0050732664909456104
2020-03-03T00:00:00.000000,2110.45,2153.22,2082.97,2135.42,,0.00395313070395318
2020-03-04T00:00:00.000000,2190.5,2238.73,2151.52,2173.35,,0.004772722894739268
2020-03-05T00:00:00.000000,2159.86,2180.43,2122.45,2169.44,,0.002732363398203499
2020-03-06T00:00:00.000000,2206.08,2216.82,2176.49,2209.59,,0.002600134063868783
2020-03-07T00:00:00.000000,2178.5,2220.36,2175.01,2192.94,,0.0021494767473446367
2020-03-10T00:00:00.000000,2151.27,2163.73,2091.86,2093.06,,0.0033274738989421695
2020-03-11T00:00:00.000000,2083.2,2151.45,2052.06,2148.81,,0.004268508697787744
2020-03-12T00:00:00.000000,2157.93,2162.6,2100.51,2101.46,,0.002109844673356966
2020-03-13T00:00:00.000000,2070.22,2076.01,2025.91,2045.93,,0.0039239186915535846
2020-03-14T00:00:00.000000,1937.95,2055.33,1937.95,2030.58,,0.008781419236808434
2020-03-17T00:00:00.000000,2034.75,2036.73,1902.4,1910.77,,0.0033817185063587845
2020-03-18T00:00:00.000000,1941.2,1955.62,1847.51,1917.7,,0.005234896207417988
2020-03-19T00:00:00.000000,1941.3,1980.79,1887.04,1887.04,,0.0034712010254416546
2020-03-20T00:00:00.000000,1898.76,1908.69,1838.31,1894.94,,0.004016070337319147
2020-03-21T00:00:00.000000,1923.96,1928.88,1878.85,1915.05,,0.002840379212292459
2020-03-24T00:00:00.000000,1856.3,1884.45,1819.77,1827.05,,0.0038843533555630635
2020-03-25T00:00:00.000000,1869.04,1880.86,1817.55,1876.91,,0.003871355835533397
2020-03-26T00:00:00.000000,1924.99,1940.07,1915.53,1937.85,,0.0039992412276653655
2020-03-27T00:00:00.000000,1922.79,1948.63,1914.35,1927.28,,0.0016433746653145348
2020-03-28T00:00:00.000000,1955.87,1957.7,1902.79,1903.88,,0.002706601649354747
2020-03-31T00:00:00.000000,1875.31,1877.5,1833.01,1860.48,,0.003855306050352714
2020-04-01T00:00:00.000000,1876.69,1886.27,1862.86,1871.92,,0.0022558740735728667
2020-04-02T00:00:00.000000,1875.36,1900.18,1862.27,1864.8,,0.001888679940449931
2020-04-03T00:00:00.000000,1860.08,1916.95,1857.32,1916.95,,0.0019551180458356617
2020-04-04T00:00:00.000000,1912.74,1928.34,1898.79,1906.67,,0.0014843215310760796
2020-04-08T00:00:00.000000,1944.96,1972.87,1942.8,1969.78,,0.003373568324797653
2020-04-09T00:00:00.000000,1960.36,1974.72,1956.9,1964.76,,0.0013481064496495621
2020-04-10T00:00:00.000000,1981.24,2001.36,1975.04,1997.14,,0.0013998302888255918
2020-04-11T00:00:00.000000,1990.26,1994.35,1943.69,1950.41,,0.002080587263284342
2020-04-14T00:00:00.000000,1929.8,1937.33,1913.96,1923.08,,0.002941233000769954
2020-04-15T00:00:00.000000,1937.29,1985.43,1934.48,1985.43,,0.0016936308640409907
2020-04-16T00:00:00.000000,1991.6,2002.76,1975.8,1977.51,,0.0013315143155304572
2020-04-17T00:00:00.000000,1970.73,2012.46,1968.25,2008.39,,0.0016608346900321938
2020-04-18T00:00:00.000000,2025.65,2048.28,2015.83,2020.77,,0.002343378208062701
2020-04-21T00:00:00.000000,2027.84,2043.56,2022.59,2043.44,,0.0013250227502043014
2020-04-22T00:00:00.000000,2035.77,2035.77,1996.96,2023.94,,0.001781640258616841
2020-04-23T00:00:00.000000,2005.65,2043.56,2002.96,2043.17,,0.0015535948479623314
2020-04-24T00:00:00.000000,2053.12,2057.85,2027.33,2029.52,,0.0017105390735097214
2020-04-25T00:00:00.000000,2032.55,2038.24,1997.12,2003.75,,0.0013280211954033669
2020-04-28T00:00:00.000000,2011.16,2035.89,1995.51,2018.67,,0.0013770417755235847
2020-04-29T00:00:00.000000,2023.96,2046.93,1967.4,2030.72,,0.0031567130406872884
2020-04-30T00:00:00.000000,2022.51,2053.38,2020.98,2030.48,,0.001254589233269718
2020-05-01T00:00:00.000000,2044.68,2077.81,2043.82,2069.43,,0.0017212631461993484
2020-05-07T00:00:00.000000,2052.39,2111.66,2051.29,2110.27,,0.0013810056572486505
2020-05-08T00:00:00.000000,2113.75,2116.23,2095.74,2106.84,,0.0011941274879409718
2020-05-09T00:00:00.000000,2117.87,2137.79,2112.89,2125.24,,0.001355950537086714
2020-05-12T00:00:00.000000,2137.98,2139.67,2088.66,2102.83,,0.0014232456956469234
2020-05-13T00:00:00.000000,2106.22,2125.32,2092.58,2124.15,,0.0012829871223636827
2020-05-14T00:00:00.000000,2120.01,2145.02,2116.55,2140.68,,0.0009855333405492284
2020-05-15T00:00:00.000000,2131.46,2137.14,2116.35,2117.65,,0.00120389097927196
2020-05-16T00:00:00.000000,2128.88,2138.97,2109.55,2124.31,,0.0012984294362681278
2020-05-19T00:00:00.000000,2122.31,2137.15,2096.25,2114.86,,0.0018097467867628115
2020-05-20T00:00:00.000000,2137.42,2144.98,2128.89,2144.12,,0.0018541761763911583
2020-05-21T00:00:00.000000,2149.29,2153.24,2112.09,2118.12,,0.001119246297472694
2020-05-22T00:00:00.000000,2130.96,2138.72,2092.54,2099.43,,0.0016094669413924548
2020-05-23T00:00:00.000000,2099.42,2099.42,2036.68,2046.6,,0.0019873638924769537
2020-05-26T00:00:00.000000,2049.71,2055.19,2036.0,2052.3,,0.001524891105291336
2020-05-27T00:00:00.000000,2070.14,2113.29,2067.14,2112.97,,0.0019746079880264425
2020-05-28T00:00:00.000000,2114.07,2114.86,2064.41,2071.47,,0.0014217542787898895
2020-05-29T00:00:00.000000,2071.17,2075.87,2021.98,2054.96,,0.0019427973078178415
2020-05-30T00:00:00.000000,2049.75,2090.3,2043.95,2086.67,,0.00160253405575543
2020-06-02T00:00:00.000000,2105.24,2163.35,2105.24,2158.22,,0.0019714383415023453
2020-06-03T00:00:00.000000,2164.99,2164.99,2132.4,2145.29,,0.0013846372267525377
2020-06-04T00:00:00.000000,2151.5,2165.45,2139.99,2143.12,,0.001160656344144395
2020-06-05T00:00:00.000000,2150.5,2157.28,2137.35,2151.38,,0.001335227738752917
2020-06-06T00:00:00.000000,2152.42,2166.38,2143.28,2166.38,,0.001185772390900188
2020-06-09T00:00:00.000000,2184.58,2186.97,2147.86,2153.56,,0.0015731261279432523
2020-06-10T00:00:00.000000,2160.34,2186.47,2147.17,2181.59,,0.0012868447480596948
2020-06-11T00:00:00.000000,2186.56,2205.27,2180.35,2201.99,,0.0011674835776659808
2020-06-12T00:00:00.000000,2202.14,2236.08,2181.59,2195.64,,0.0018464954138235055
2020-06-13T00:00:00.000000,2149.96,2220.97,2147.42,2206.76,,0.0022726396210839017
2020-06-16T00:00:00.000000,2223.43,2256.65,2217.29,2219.55,,0.002119361133189346
2020-06-17T00:00:00.000000,2246.89,2261.18,2239.34,2260.46,,0.002293645508768397
2020-06-18T00:00:00.000000,2265.09,2274.49,2248.72,2263.96,,0.0014436524675900818
2020-06-19T00:00:00.000000,2266.88,2270.11,2243.63,2266.03,,0.0010961420438187813
2020-06-20T00:00:00.000000,2271.65,2328.58,2271.59,2319.45,,0.0016065369552360038
2020-06-23T00:00:00.000000,2328.4,2358.91,2328.4,2342.88,,0.0017040103786676618
2020-06-24T00:00:00.000000,2344.05,2382.33,2335.22,2382.05,,0.001237124085965201
2020-06-25T00:00:00.000000,2386.26,2397.36,2367.68,2382.47,,0.0012904262430328923
2020-06-30T00:00:00.000000,2375.99,2387.16,2360.16,2372.54,,0.0011824286308804088
2020-07-01T00:00:00.000000,2387.59,2441.9,2387.59,2438.2,,0.001767951466025226
2020-07-02T00:00:00.000000,2449.87,2450.84,2381.59,2419.63,,0.0019415247694950092
2020-07-03T00:00:00.000000,2418.31,2435.12,2397.69,2424.39,,0.0015193098292385762
2020-07-04T00:00:00.000000,2426.3,2467.5,2408.0,2462.56,,0.0019029354931295595
2020-07-07T00:00:00.000000,2469.24,2535.71,2460.13,2529.49,,0.0019922768488997112
2020-07-08T00:00:00.000000,2548.41,2632.81,2538.82,2591.26,,0.002739426092514496
2020-07-09T00:00:00.000000,2603.65,2653.07,2577.48,2651.97,,0.002243042091453885
2020-07-10T00:00:00.000000,2649.45,2771.22,2646.47,2757.65,,0.003026197528631278
2020-07-11T00:00:00.000000,2744.61,2799.0,2734.97,2778.46,,0.00268351723441231
2020-07-14T00:00:00.000000,2789.98,2896.31,2789.98,2889.43,,0.003230746017688573
2020-07-15T00:00:00.000000,2876.85,2892.89,2789.04,2858.67,,0.003352863828550593
2020-07-16T00:00:00.000000,2866.24,2894.42,2787.83,2813.06,,0.004503889486106698
2020-07-17T00:00:00.000000,2814.8,2849.1,2638.17,2646.26,,0.004963960085564756
2020-07-18T00:00:00.000000,2659.45,2726.28,2618.68,2662.4,,0.004282991023015529
2020-07-21T00:00:00.000000,2707.61,2717.0,2619.03,2697.3,,0.003367251035119742
2020-07-22T00:00:00.000000,2708.13,2745.05,2692.87,2736.51,,0.0021748055575097234
2020-07-23T00:00:00.000000,2725.45,2807.42,2716.45,2769.03,,0.0024419654426128218
2020-07-24T00:00:00.000000,2740.41,2799.67,2707.55,2799.67,,0.0029320119949594434
2020-07-25T00:00:00.000000,2769.97,2781.79,2614.78,2627.84,,0.004066308072472957
2020-07-28T00:00:00.000000,2639.26,2671.45,2605.77,2631.76,,0.0034070641224289017
2020-07-29T00:00:00.000000,2668.25,2677.74,2627.65,2666.52,,0.003120309756697002
2020-07-30T00:00:00.000000,2659.94,2768.17,2652.9,2767.4,,0.0017956040692793237
2020-07-31T00:00:00.000000,2782.11,2787.38,2734.06,2743.63,,0.002064312030618476
2020-08-01T00:00:00.000000,2747.41,2817.42,2741.44,2795.4,,0.0031668537177359348
2020-08-04T00:00:00.000000,2831.35,2870.65,2801.11,2868.88,,0.0021993685925181536
2020-08-05T00:00:00.000000,2863.32,2893.4,2819.01,2832.84,,0.0020563582613146365
2020-08-06T00:00:00.000000,2826.41,2875.44,2803.77,2860.24,,0.0022082542240687265
2020-08-07T00:00:00.000000,2868.82,2868.82,2774.69,2814.37,,0.0029205989398770824
2020-08-08T00:00:00.000000,2807.1,2823.97,2703.13,2749.95,,0.00309207495597441
2020-08-11T00:00:00.000000,2735.43,2757.43,2693.73,2735.26,,0.0023696217583381012
2020-08-12T00:00:00.000000,2740.15,2774.9,2686.19,2688.7,,0.0022942833128328545
2020-08-13T00:00:00.000000,2689.58,2694.95,2577.71,2635.5,,0.002880104566103278
2020-08-14T00:00:00.000000,2657.2,2660.71,2611.14,2622.64,,0.00197811878122022
2020-08-15T00:00:00.000000,2624.83,2669.48,2615.63,2668.71,,0.0017345468534749097
2020-08-18T00:00:00.000000,2682.21,2696.7,2652.05,2696.39,,0.0015466634160935166
2020-08-19T00:00:00.000000,2702.42,2724.04,2689.03,2701.06,,0.0016742956706929677
2020-08-20T00:00:00.000000,2695.89,2695.89,2612.84,2612.84,,0.0021863290220277757
2020-08-21T00:00:00.000000,2592.88,2629.29,2578.39,2587.86,,0.002081997380799659
2020-08-22T00:00:00.000000,2611.54,2644.02,2607.82,2632.45,,0.0032301917119867277
2020-08-25T00:00:00.000000,2653.63,2704.8,2592.66,2684.63,,0.002693274909281927
2020-08-26T00:00:00.000000,2687.29,2737.47,2683.19,2701.6,,0.00213131769528915
2020-08-27T00:00:00.000000,2701.48,2717.8,2635.13,2644.14,,0.0022286599135655934
2020-08-28T00:00:00.000000,2653.74,2699.88,2637.42,2689.17,,0.002001013201709906
2020-08-29T00:00:00.000000,2687.23,2762.89,2680.49,2757.84,,0.0017747960604515903
2020-09-01T00:00:00.000000,2769.83,2779.52,2726.68,2728.31,,0.001472291256640249
2020-09-02T00:00:00.000000,2721.18,2750.42,2701.56,2750.42,,0.0017816816395645927
2020-09-03T00:00:00.000000,2753.93,2785.35,2731.41,2771.85,,0.0016597743773424927
2020-09-04T00:00:00.000000,2766.98,2789.12,2738.13,2746.95,,0.0018217067145387881
2020-09-05T00:00:00.000000,2690.29,2739.9,2686.87,2732.15,,0.002648130432056517
2020-09-08T00:00:00.000000,2728.74,2745.61,2628.86,2641.2,,0.002366411145955429
2020-09-09T00:00:00.000000,2648.44,2663.69,2612.64,2650.63,,0.0025038385272770163
2020-09-10T00:00:00.000000,2609.13,2609.37,2506.9,2523.4,,0.004044246047748047
2020-09-11T00:00:00.000000,2551.3,2565.85,2477.67,2483.03,,0.0027748689854947286
2020-09-12T00:00:00.000000,2474.7,2542.13,2474.7,2536.62,,0.001959285787015725
2020-09-15T00:00:00.000000,2568.01,2604.39,2548.09,2572.6,,0.0027259844603788096
2020-09-16T00:00:00.000000,2578.69,2599.54,2563.07,2595.15,,0.0017389752355025578
2020-09-17T00:00:00.000000,2597.64,2597.64,2540.02,2554.8,,0.0013494564812538954
2020-09-18T00:00:00.000000,2551.29,2582.26,2521.6,2557.32,,0.0020991938777208106
2020-09-19T00:00:00.000000,2558.29,2600.58,2537.84,2596.08,,0.0017708221302547608
2020-09-22T00:00:00.000000,2605.55,2607.65,2565.04,2569.22,,0.0014688593208312946
2020-09-23T00:00:00.000000,2556.46,2596.81,2547.36,2555.54,,0.0015386542738938856
2020-09-24T00:00:00.000000,2563.71,2608.42,2549.34,2599.88,,0.0019368074632135494
2020-09-25T00:00:00.000000,2576.04,2583.62,2535.87,2535.87,,0.0019303641688840619
2020-09-26T00:00:00.000000,2551.44,2570.36,2529.13,2540.43,,0.0019795352683075447
2020-09-29T00:00:00.000000,2551.78,2555.02,2517.04,2521.25,,0.0015198810411249381
2020-09-30T00:00:00.000000,2538.36,2579.27,2521.7,2563.38,,0.001884242621822049
2020-10-01T00:00:00.000000,2575.46,2601.8,2561.05,2574.76,,0.0016872480078537722
2020-10-10T00:00:00.000000,2632.59,2679.01,2629.22,2672.93,,0.00377059877402274
2020-10-13T00:00:00.000000,2702.16,2777.39,2698.76,2777.39,,0.002687542329059787
2020-10-14T00:00:00.000000,2769.66,2792.97,2754.15,2784.72,,0.0015262062706750837
2020-10-15T00:00:00.000000,2777.89,2793.49,2759.54,2764.24,,0.0016180404411405475
2020-10-16T00:00:00.000000,2767.17,2770.34,2735.34,2737.96,,0.001419796059557709
2020-10-17T00:00:00.000000,2735.68,2754.35,2697.25,2724.5,,0.001620584413061379
2020-10-20T00:00:00.000000,2750.95,2752.76,2684.46,2689.67,,0.0019169245610205796
2020-10-21T00:00:00.000000,2698.05,2740.58,2686.82,2740.58,,0.001356285210253134
2020-10-22T00:00:00.000000,2746.73,2746.73,2689.34,2700.53,,0.0013126687573539926
2020-10-23T00:00:00.000000,2686.78,2686.89,2645.75,2673.59,,0.001953491148718715
2020-10-24T00:00:00.000000,2680.71,2701.46,2592.42,2600.84,,0.0020258080040310785
2020-10-27T00:00:00.000000,2585.79,2629.31,2555.32,2617.74,,0.0026594110632325633
2020-10-28T00:00:00.000000,2618.7,2656.16,2613.08,2650.76,,0.0015686906617729014
2020-10-29T00:00:00.000000,2648.49,2684.95,2628.47,2670.48,,0.0015453695961991478
2020-10-30T00:00:00.000000,2635.69,2713.88,2631.23,2699.92,,0.002505260340314603
2020-10-31T00:00:00.000000,2709.0,2712.45,2647.31,2655.86,,0.0020998048418146035
2020-11-03T00:00:00.000000,2670.52,2721.31,2664.76,2708.39,,0.002323721299060931
2020-11-04T00:00:00.000000,2720.7,2750.47,2701.07,2744.31,,0.0015257413926227767
2020-11-05T00:00:00.000000,2747.54,2758.42,2725.52,2750.55,,0.0017115636345003417
2020-11-06T00:00:00.000000,2782.06,2791.57,2744.78,2787.88,,0.0022626262363125344
2020-11-07T00:00:00.000000,2798.55,2798.55,2708.08,2733.07,,0.001869204321496308
2020-11-10T00:00:00.000000,2753.93,2831.37,2753.93,2814.0,,0.0027840382317173614
2020-11-11T00:00:00.000000,2811.48,2811.48,2757.95,2773.22,,0.0027170033199426487
2020-11-12T00:00:00.000000,2762.71,2766.64,2681.52,2681.52,,0.0019769846753083416
2020-11-13T00:00:00.000000,2705.76,2721.43,2687.76,2700.51,,0.0018696831869592747
2020-11-14T00:00:00.000000,2699.52,2717.46,2679.09,2706.81,,0.0015777059276622233
2020-11-17T00:00:00.000000,2716.02,2722.52,2679.1,2712.41,,0.0014636025678668135
2020-11-18T00:00:00.000000,2715.09,2715.69,2626.37,2658.09,,0.0017466127083124495
2020-11-19T00:00:00.000000,2656.89,2680.62,2612.82,2620.67,,0.0017182394282660187
2020-11-20T00:00:00.000000,2614.78,2651.37,2593.83,2645.16,,0.0020902530464747123
2020-11-21T00:00:00.000000,2649.56,2677.13,2649.56,2667.09,,0.0015251023784510428
2020-11-24T00:00:00.000000,2677.35,2705.77,2653.08,2686.36,,0.0018968614024287404
2020-11-25T00:00:00.000000,2689.8,2700.02,2664.95,2674.8,,0.0013199426270495398
2020-11-26T00:00:00.000000,2678.11,2679.03,2615.53,2615.53,,0.0016679992461559531
2020-11-27T00:00:00.000000,2616.74,2632.87,2584.69,2609.39,,0.0016180504276893694
2020-11-28T00:00:00.000000,2614.66,2635.69,2594.07,2618.99,,0.001535405889658303
2020-12-01T00:00:00.000000,2627.87,2653.44,2593.7,2631.89,,0.0019269341139570649
2020-12-02T00:00:00.000000,2628.73,2700.28,2627.45,2698.44,,0.0015309113291545387
2020-12-03T00:00:00.000000,2697.44,2703.25,2662.18,2682.97,,0.0013342365799063989
2020-12-04T00:00:00.000000,2681.59,2721.85,2670.21,2712.52,,0.0012621642454637547
2020-12-05T00:00:00.000000,2701.37,2736.27,2696.95,2730.84,,0.0012055651939355358
2020-12-08T00:00:00.000000,2720.85,2739.77,2715.93,2726.48,,0.0013319190294009025
2020-12-09T00:00:00.000000,2736.03,2757.34,2735.83,2746.28,,0.0013324625377653025
2020-12-10T00:00:00.000000,2752.35,2763.41,2693.19,2697.83,,0.0017845483743708342
2020-12-11T00:00:00.000000,2689.21,2734.64,2675.46,2718.55,,0.0016191457017796739
2020-12-12T00:00:00.000000,2727.97,2733.94,2665.1,2687.78,,0.0016667093515053796
2020-12-15T00:00:00.000000,2695.19,2729.07,2674.51,2726.6,,0.0016183263285208557
2020-12-16T00:00:00.000000,2727.95,2761.32,2720.14,2758.85,,0.001422312542772649
2020-12-17T00:00:00.000000,2764.34,2771.59,2732.58,2760.64,,0.0014509626448964057
2020-12-18T00:00:00.000000,2758.44,2789.25,2739.16,2785.62,,0.0017094735722478864
2020-12-19T00:00:00.000000,2787.78,2803.11,2768.47,2780.73,,0.0013500321133992897
2020-12-22T00:00:00.000000,2789.64,2882.44,2783.39,2882.44,,0.0018837840881258535
2020-12-23T00:00:00.000000,2867.21,2888.35,2809.92,2811.75,,0.002067442070007799
2020-12-24T00:00:00.000000,2822.26,2865.47,2809.79,2842.97,,0.0020971739665658147
2020-12-25T00:00:00.000000,2838.94,2848.34,2811.93,2820.75,,0.0016321648611054766
2020-12-26T00:00:00.000000,2811.55,2841.57,2793.78,2840.8,,0.0015992868935839762
2020-12-29T00:00:00.000000,2847.12,2861.0,2823.0,2842.81,,0.001432708612753941
2020-12-30T00:00:00.000000,2838.71,2843.72,2795.65,2813.0,,0.0018742265292280933
2020-12-31T00:00:00.000000,2828.01,2909.19,2827.07,2900.54,,0.0018464158023652776
2021-01-01T00:00:00.000000,2911.39,2969.75,2909.67,2966.26,,0.002690138477758661
2021-01-05T00:00:00.000000,2977.32,3094.53,2963.41,3078.11,,0.0023565705496392114
2021-01-06T00:00:00.000000,3050.18,3100.0,3027.76,3097.98,,0.002601703321738398
2021-01-07T00:00:00.000000,3113.85,3134.76,3057.56,3115.09,,0.0030467140587814383
2021-01-08T00:00:00.000000,3106.34,3162.4,3086.06,3162.4,,0.0024537268067534417
2021-01-09T00:00:00.000000,3179.37,3194.37,3115.99,3150.78,,0.00301149854168692
2021-01-12T00:00:00.000000,3159.59,3159.59,3066.74,3092.86,,0.0033235133905899633
2021-01-13T00:00:00.000000,3079.84,3180.35,3057.74,3180.35,,0.002363962951672066
2021-01-14T00:00:00.000000,3180.75,3207.07,3100.07,3130.3,,0.0029495553148059304
2021-01-15T00:00:00.000000,3101.96,3142.85,3061.02,3089.18,,0.0031097087002134247
2021-01-16T00:00:00.000000,3074.0,3109.87,3020.78,3089.94,,0.0030862386530277827
2021-01-19T00:00:00.000000,3078.03,3164.58,3056.81,3149.2,,0.0022959517872874102
2021-01-20T00:00:00.000000,3146.27,3157.46,3074.19,3084.49,,0.0020016043659678443
2021-01-21T00:00:00.000000,3106.35,3204.93,3098.43,3204.93,,0.0027052660079835444
2021-01-22T00:00:00.000000,3217.83,3303.32,3217.83,3283.72,,0.0022723203848895833
2021-01-23T00:00:00.000000,3282.04,3366.69,3281.4,3358.24,,0.0024563396936338085
2021-01-26T00:00:00.000000,3363.6,3427.44,3333.74,3355.24,,0.0030175107916458332
2021-01-27T00:00:00.000000,3335.44,3335.44,3253.27,3258.36,,0.0030750161572028404
2021-01-28T00:00:00.000000,3269.77,3296.16,3196.09,3281.03,,0.002856730646122367
2021-01-29T00:00:00.000000,3219.93,3248.02,3160.53,3161.86,,0.0034718860603516087
2021-01-30T00:00:00.000000,3201.67,3221.11,3070.04,3128.86,,0.003953854031032297
2021-02-02T00:00:00.000000,3134.79,3189.85,3123.44,3159.99,,0.002660494265850136
2021-02-03T00:00:00.000000,3176.25,3232.43,3130.76,3228.7,,0.0020164955137858638
2021-02-04T00:00:00.000000,3245.26,3276.23,3218.87,3223.77,,0.002325205951031852
2021-02-05T00:00:00.000000,3208.65,3248.28,3155.79,3200.55,,0.0027122929453706154
2021-02-06T00:00:00.000000,3224.85,3256.72,3191.46,3193.71,,0.0022875670016490202
2021-02-09T00:00:00.000000,3202.48,3278.06,3162.59,3278.06,,0.002295356054394686
2021-02-10T00:00:00.000000,3291.5,3339.97,3273.06,3334.24,,0.0018297462217444532
2021-02-11T00:00:00.000000,3350.32,3427.82,3314.67,3413.81,,0.0016998913671683062
2021-02-19T00:00:00.000000,3475.89,3476.0,3300.18,3320.14,,0.002887327082313486
2021-02-20T00:00:00.000000,3289.01,3308.75,3195.95,3285.53,,0.0031035658690900894
2021-02-23T00:00:00.000000,3278.59,3278.59,3138.65,3138.67,,0.003504598841309942
2021-02-24T00:00:00.000000,3099.19,3156.37,3090.32,3112.36,,0.0029435608598029324
2021-02-25T00:00:00.000000,3112.72,3125.24,2973.88,3007.46,,0.003127366067053491
2021-02-26T00:00:00.000000,3040.9,3045.0,2969.03,2977.18,,0.0026047295823862283
2021-02-27T00:00:00.000000,2907.48,2961.03,2887.81,2914.11,,0.004357516487795625
2021-03-02T00:00:00.000000,2958.53,2998.03,2935.08,2994.75,,0.002565362679337744
2021-03-03T00:00:00.000000,3019.1,3023.21,2937.89,2966.89,,0.0020750796901673942
2021-03-04T00:00:00.000000,2951.29,2997.99,2933.83,2997.75,,0.0021217303762132616
2021-03-05T00:00:00.000000,2962.52,2962.52,2841.15,2851.87,,0.003694839126356083
2021-03-06T00:00:00.000000,2800.25,2897.17,2800.25,2871.97,,0.003887205177920519
2021-03-09T00:00:00.000000,2889.08,2905.47,2726.34,2728.84,,0.003145356136267423
2021-03-10T00:00:00.000000,2717.17,2733.98,2608.24,2633.45,,0.005311374050716463
2021-03-11T00:00:00.000000,2708.23,2720.25,2665.7,2676.7,,0.005123453088460786
2021-03-12T00:00:00.000000,2682.95,2768.95,2677.57,2746.58,,0.002743975800901779
2021-03-13T00:00:00.000000,2768.58,2771.87,2711.33,2756.81,,0.002301380055687468
2021-03-16T00:00:00.000000,2737.45,2737.45,2612.45,2644.01,,0.004168856914629776
2021-03-17T00:00:00.000000,2664.69,2678.92,2629.36,2672.12,,0.002833665382977067
2021-03-18T00:00:00.000000,2662.93,2717.67,2631.73,2704.14,,0.0027729076350922668
2021-03-19T00:00:00.000000,2717.27,2760.79,2713.85,2748.73,,0.002146179572060054
2021-03-20T00:00:00.000000,2697.83,2726.87,2654.0,2671.52,,0.0029745843266299607
2021-03-23T00:00:00.000000,2683.64,2729.1,2665.62,2698.26,,0.00262901511000265
2021-03-24T00:00:00.000000,2684.64,2708.96,2641.37,2668.08,,0.0023610138336467284
2021-03-25T00:00:00.000000,2650.37,2678.4,2623.29,2634.61,,0.0019472759362317924
2021-03-26T00:00:00.000000,2609.38,2670.9,2603.94,2656.0,,0.002598091721100466
2021-03-27T00:00:00.000000,2672.91,2754.3,2672.91,2745.4,,0.00272848191028271
2021-03-30T00:00:00.000000,2747.86,2768.14,2716.95,2733.96,,0.001970982325555476
2021-03-31T00:00:00.000000,2728.49,2779.87,2722.23,2771.32,,0.0015045360148955823
2021-04-01T00:00:00.000000,2770.33,2777.08,2731.22,2758.5,,0.0015364344968478855
2021-04-02T00:00:00.000000,2766.42,2819.41,2766.42,2815.41,,0.0019559363586676296
2021-04-03T00:00:00.000000,2828.35,2871.11,2820.01,2852.23,,0.0017949023965131118
2021-04-07T00:00:00.000000,2865.44,2871.87,2814.49,2831.6,,0.0016542676579637174
2021-04-08T00:00:00.000000,2843.57,2843.57,2773.67,2807.2,,0.0016077268332603124
2021-04-09T00:00:00.000000,2793.17,2838.94,2778.87,2826.99,,0.0013385590510638999
2021-04-10T00:00:00.000000,2823.78,2829.96,2772.31,2783.33,,0.001498970978504194
2021-04-13T00:00:00.000000,2789.78,2813.49,2711.84,2719.95,,0.0023425341699894954
2021-04-14T00:00:00.000000,2719.56,2785.14,2719.56,2742.85,,0.001966603767006203
2021-04-15T00:00:00.000000,2753.67,2809.16,2753.67,2804.41,,0.0018800099744090421
2021-04-16T00:00:00.000000,2787.25,2793.67,2761.29,2790.64,,0.0018305705124008157
2021-04-17T00:00:00.000000,2801.74,2802.62,2744.68,2783.37,,0.0019003864266936017
2021-04-20T00:00:00.000000,2777.02,2899.73,2769.65,2898.73,,0.0018500313491461317
2021-04-21T00:00:00.000000,2880.06,2922.03,2870.29,2896.11,,0.002092026388255814
2021-04-22T00:00:00.000000,2873.36,2920.72,2867.21,2916.97,,0.0015616933763562368
2021-04-23T00:00:00.000000,2941.3,2950.23,2901.92,2939.39,,0.0015730052719479105
2021-04-24T00:00:00.000000,2938.93,3009.27,2937.94,2994.49,,0.0018637422573169595
2021-04-27T00:00:00.000000,3019.3,3057.12,2965.01,2969.4,,0.002540093646232496
2021-04-28T00:00:00.000000,2964.03,2986.03,2946.8,2986.03,,0.0016926498026123894
2021-04-29T00:00:00.000000,2990.7,3052.04,2980.65,3050.58,,0.001735914389078358
2021-04-30T00:00:00.000000,3053.74,3068.6,3014.55,3051.42,,0.002052720288169321
2021-05-01T00:00:00.000000,3040.65,3110.16,3037.31,3091.4,,0.0019457357152854893
2021-05-07T00:00:00.000000,3059.58,3059.58,2961.99,3014.81,,0.003815485195378763
2021-05-08T00:00:00.000000,3021.87,3026.85,2910.41,2910.41,,0.0023534102849426825
2021-05-11T00:00:00.000000,2920.42,2960.33,2901.08,2921.72,,0.0025198300017930733
2021-05-12T00:00:00.000000,2898.8,2932.48,2864.05,2921.34,,0.002712041322685844
2021-05-13T00:00:00.000000,2913.06,2965.21,2887.21,2960.36,,0.001775560182350203
2021-05-14T00:00:00.000000,2922.73,2967.62,2912.52,2943.62,,0.002369366742718951
2021-05-15T00:00:00.000000,2954.17,3039.73,2942.98,3033.81,,0.0021251472742898885
2021-05-18T00:00:00.000000,3049.02,3130.2,3049.02,3112.74,,0.0031680669060756635
2021-05-19T00:00:00.000000,3108.63,3128.94,3068.76,3090.12,,0.0013554742466216595
2021-05-20T00:00:00.000000,3081.22,3128.6,3075.8,3114.72,,0.0015134821934489184
2021-05-21T00:00:00.000000,3113.55,3158.45,3112.56,3143.62,,0.002269163744851546
2021-05-22T00:00:00.000000,3162.79,3171.9,3098.24,3113.26,,0.001983031897866592
2021-05-25T00:00:00.000000,3128.78,3140.95,3075.45,3139.69,,0.0019126835727217475
2021-05-26T00:00:00.000000,3155.27,3232.74,3151.9,3227.36,,0.0017700547988950305
2021-05-27T00:00:00.000000,3226.7,3228.77,3185.77,3196.85,,0.0013704517602833794
2021-05-28T00:00:00.000000,3192.04,3238.45,3169.03,3226.11,,0.0018292955621099806
2021-05-29T00:00:00.000000,3226.08,3285.28,3215.03,3232.29,,0.0020019583978282134
2021-06-01T00:00:00.000000,3246.15,3309.75,3246.15,3309.07,,0.0016178114598890663
2021-06-02T00:00:00.000000,3290.53,3307.47,3242.9,3300.16,,0.0019162505293732655
2021-06-03T00:00:00.000000,3309.18,3310.49,3228.85,3243.02,,0.0017997833184482319
2021-06-04T00:00:00.000000,3241.16,3255.16,3201.23,3201.78,,0.0020780148789027544
2021-06-05T00:00:00.000000,3194.39,3281.26,3183.67,3242.61,,0.002182855474214742
2021-06-08T00:00:00.000000,3240.95,3241.77,3197.91,3228.24,,0.0022544972142140877
2021-06-09T00:00:00.000000,3227.27,3275.78,3185.22,3208.57,,0.0020381558351429915
2021-06-10T00:00:00.000000,3203.15,3222.18,3183.06,3207.63,,0.0015721391398100372
2021-06-11T00:00:00.000000,3213.44,3301.16,3213.44,3285.51,,0.002353729846165068
2021-06-12T00:00:00.000000,3305.53,3320.26,3266.36,3298.5,,0.0017198885516113095
2021-06-16T00:00:00.000000,3298.21,3306.44,3240.52,3262.19,,0.0019580084917473935
2021-06-17T00:00:00.000000,3258.6,3258.69,3122.81,3125.7,,0.0024568837300233794
2021-06-18T00:00:00.000000,3133.91,3197.54,3133.91,3188.59,,0.0022147970146517808
2021-06-19T00:00:00.000000,3210.14,3260.73,3198.29,3239.23,,0.0026949360158759414
2021-06-22T00:00:00.000000,3235.69,3288.74,3205.36,3270.58,,0.0027574258103815427
2021-06-23T00:00:00.000000,3273.63,3291.18,3220.42,3281.99,,0.0016795712431014855
2021-06-24T00:00:00.000000,3288.76,3341.96,3266.9,3318.95,,0.002017005546606248
2021-06-25T00:00:00.000000,3326.33,3328.56,3260.03,3279.16,,0.001875517356083434
2021-06-26T00:00:00.000000,3288.27,3355.88,3286.27,3347.7,,0.001971373180551336
2021-06-29T00:00:00.000000,3356.22,3422.73,3345.21,3412.86,,0.0016569253252721287
2021-06-30T00:00:00.000000,3438.88,3445.87,3392.63,3406.24,,0.0017761430406938903
2021-07-01T00:00:00.000000,3418.81,3484.19,3389.96,3477.18,,0.0018287196746217703
2021-07-02T00:00:00.000000,3486.78,3500.74,3431.77,3455.36,,0.0021995744968740486
2021-07-03T00:00:00.000000,3429.61,3429.61,3329.82,3333.9,,0.003296556235411701
2021-07-06T00:00:00.000000,3332.49,3387.1,3318.34,3352.12,,0.0019310513560086365
2021-07-07T00:00:00.000000,3359.26,3367.75,3240.87,3291.99,,0.003021284826562629
2021-07-08T00:00:00.000000,3278.13,3419.7,3261.32,3409.59,,0.002636481568908356
2021-07-09T00:00:00.000000,3435.31,3469.6,3418.7,3432.96,,0.0024706578387801966
2021-07-10T00:00:00.000000,3413.02,3428.3,3334.27,3409.31,,0.002663844250966858
2021-07-13T00:00:00.000000,3453.01,3554.07,3426.01,3534.76,,0.0028781983790909962
2021-07-14T00:00:00.000000,3518.53,3560.88,3478.27,3514.98,,0.0019271592290378953
2021-07-15T00:00:00.000000,3491.42,3539.55,3464.92,3488.63,,0.0025607074049542673
2021-07-16T00:00:00.000000,3476.11,3537.39,3453.35,3537.39,,0.002167795199929907
2021-07-17T00:00:00.000000,3525.27,3525.27,3428.98,3432.65,,0.0032264687141369502
2021-07-20T00:00:00.000000,3438.2,3482.09,3420.4,3449.53,,0.002324205205016367
2021-07-21T00:00:00.000000,3431.0,3491.05,3418.76,3463.79,,0.0017089330774947389
2021-07-22T00:00:00.000000,3480.7,3568.7,3473.15,3560.05,,0.0016403383099065298
2021-07-23T00:00:00.000000,3572.44,3576.12,3512.72,3544.44,,0.0016141144179615428
2021-07-24T00:00:00.000000,3539.42,3542.28,3461.62,3469.87,,0.002111734346713485
2021-07-27T00:00:00.000000,3450.9,3464.74,3292.2,3371.23,,0.003737360280267781
2021-07-28T00:00:00.000000,3384.46,3423.45,3232.84,3232.84,,0.00386352766140412
2021-07-29T00:00:00.000000,3204.31,3306.5,3157.99,3284.92,,0.005421599343475234
2021-07-30T00:00:00.000000,3375.33,3467.9,3338.13,3459.72,,0.004250759539747628
2021-07-31T00:00:00.000000,3454.03,3479.38,3402.33,3440.18,,0.0026772184279238937
2021-08-03T00:00:00.000000,3448.26,3500.33,3399.64,3493.36,,0.0030339746776832967
2021-08-04T00:00:00.000000,3490.86,3517.1,3447.14,3477.23,,0.0027474769291837673
2021-08-05T00:00:00.000000,3463.73,3564.27,3445.05,3563.13,,0.0018859831508369897
2021-08-06T00:00:00.000000,3547.84,3569.84,3507.03,3532.5,,0.002828809366496897
2021-08-07T00:00:00.000000,3539.97,3546.1,3469.12,3490.9,,0.0021898886393912883
2021-08-10T00:00:00.000000,3455.7,3466.88,3412.86,3456.75,,0.0026697559932324496
2021-08-11T00:00:00.000000,3453.85,3470.97,3422.38,3468.67,,0.002041101289782201
2021-08-12T00:00:00.000000,3457.79,3471.94,3422.86,3437.06,,0.0020238413047195176
2021-08-13T00:00:00.000000,3413.52,3439.41,3379.42,3386.43,,0.0021884944236948826
2021-08-14T00:00:00.000000,3360.52,3432.82,3328.7,3345.13,,0.0020002030616384755
2021-08-17T00:00:00.000000,3330.82,3346.8,3288.05,3301.39,,0.0016548762979623972
2021-08-18T00:00:00.000000,3311.95,3326.08,3211.24,3224.15,,0.0021330524563047014
2021-08-19T00:00:00.000000,3238.26,3269.22,3219.05,3248.37,,0.0026731521339202354
2021-08-20T00:00:00.000000,3259.09,3304.43,3231.36,3278.36,,0.0017482718616204857
2021-08-21T00:00:00.000000,3256.49,3265.63,3162.76,3192.9,,0.0028220726534528492
2021-08-24T00:00:00.000000,3218.97,3296.36,3202.81,3293.77,,0.001834897307461792
2021-08-25T00:00:00.000000,3301.86,3351.93,3269.86,3330.58,,0.0018008133429256346
2021-08-26T00:00:00.000000,3330.81,3348.89,3295.46,3348.66,,0.0018287683244764864
2021-08-27T00:00:00.000000,3361.91,3368.65,3262.68,3264.45,,0.00203918582782504
2021-08-28T00:00:00.000000,3259.15,3296.68,3243.18,3257.07,,0.001766368113672641
2021-08-31T00:00:00.000000,3275.97,3316.63,3249.87,3271.8,,0.0021648490400898147
2021-09-01T00:00:00.000000,3273.81,3273.81,3181.35,3214.12,,0.001860900116007534
2021-09-02T00:00:00.000000,3214.17,3222.47,3128.27,3186.85,,0.003187172310610163
2021-09-03T00:00:00.000000,3181.26,3200.04,3133.76,3138.8,,0.0014915458201135762
2021-09-04T00:00:00.000000,3150.3,3165.21,3088.78,3102.14,,0.0023522711985995695
2021-09-07T00:00:00.000000,3106.26,3231.57,3085.15,3228.09,,0.002311887236983601
2021-09-08T00:00:00.000000,3222.43,3256.53,3203.68,3251.49,,0.001445820436630481
2021-09-09T00:00:00.000000,3259.53,3282.45,3215.47,3219.95,,0.0018062280508445048
2021-09-10T00:00:00.000000,3224.45,3244.07,3174.03,3221.94,,0.0014411457676579776
2021-09-11T00:00:00.000000,3207.86,3241.87,3189.97,3232.01,,0.0018080268579657615
2021-09-14T00:00:00.000000,3231.39,3260.33,3183.44,3194.27,,0.001927943198396434
2021-09-15T00:00:00.000000,3199.41,3275.94,3197.9,3236.55,,0.002227904540989502
2021-09-16T00:00:00.000000,3233.15,3234.13,3185.65,3200.4,,0.0020752207703367527
2021-09-17T00:00:00.000000,3199.46,3199.46,3127.79,3128.84,,0.0018385740630897892
2021-09-18T00:00:00.000000,3124.32,3201.45,3122.32,3193.26,,0.002126358165455699
2021-09-23T00:00:00.000000,3144.45,3199.77,3141.24,3164.33,,0.0019480800253752438
2021-09-24T00:00:00.000000,3197.26,3210.64,3160.58,3182.47,,0.0013867393437911725
2021-09-25T00:00:00.000000,3176.87,3250.14,3169.5,3207.82,,0.0017203025354418872
2021-09-28T00:00:00.000000,3228.07,3280.3,3211.61,3231.58,,0.003105550881921606
2021-09-29T00:00:00.000000,3219.38,3272.94,3202.62,3211.45,,0.0020420601827493973
2021-09-30T00:00:00.000000,3181.98,3209.69,3165.49,3175.15,,0.0019866940995218146
2021-10-01T00:00:00.000000,3188.39,3257.67,3180.91,3244.65,,0.001658398850921595
2021-10-09T00:00:00.000000,3259.46,3285.73,3224.06,3243.2,,0.0015691113019630047
2021-10-12T00:00:00.000000,3242.18,3257.36,3190.66,3196.19,,0.0014349442404573496
2021-10-13T00:00:00.000000,3194.01,3196.71,3106.47,3138.26,,0.0017245816556231107
2021-10-14T00:00:00.000000,3141.42,3211.34,3140.02,3210.16,,0.0015973735278339799
2021-10-15T00:00:00.000000,3216.86,3238.15,3204.92,3215.74,,0.0015361535160368582
2021-10-16T00:00:00.000000,3198.89,3284.65,3187.4,3276.32,,0.002048788616113477
2021-10-19T00:00:00.000000,3287.04,3287.04,3231.05,3276.48,,0.0015881448369002118
2021-10-20T00:00:00.000000,3293.8,3310.02,3273.55,3297.29,,0.0018213806442048733
2021-10-21T00:00:00.000000,3304.55,3320.33,3276.82,3285.12,,0.0015675935474241255
2021-10-22T00:00:00.000000,3286.27,3304.01,3256.85,3279.49,,0.0014375322935920958
2021-10-23T00:00:00.000000,3290.54,3309.56,3268.94,3284.91,,0.0010174745156580445
2021-10-26T00:00:00.000000,3303.22,3342.22,3302.49,3338.62,,0.0021960789389363607
2021-10-27T00:00:00.000000,3370.79,3370.79,3322.19,3327.54,,0.0014526709312867373
2021-10-28T00:00:00.000000,3321.64,3324.35,3283.73,3308.96,,0.0013050116419926934
2021-10-29T00:00:00.000000,3301.91,3335.93,3266.31,3278.36,,0.0020462797681964446
2021-10-30T00:00:00.000000,3275.83,3358.35,3253.04,3350.67,,0.0019258202548960105
2021-11-02T00:00:00.000000,3341.47,3374.54,3302.96,3331.91,,0.002182901735489899
2021-11-03T00:00:00.000000,3329.41,3373.18,3307.5,3339.6,,0.002340036097195811
2021-11-04T00:00:00.000000,3334.41,3363.75,3301.44,3327.09,,0.0018776042038156898
2021-11-05T00:00:00.000000,3351.3,3380.21,3344.76,3362.25,,0.0015654213608063128
2021-11-06T00:00:00.000000,3354.38,3383.3,3347.16,3352.75,,0.0012261579507769794
2021-11-09T00:00:00.000000,3353.89,3393.39,3341.6,3380.29,,0.001386780319825057
2021-11-10T00:00:00.000000,3400.97,3409.94,3377.51,3409.94,,0.001295057591883085
2021-11-11T00:00:00.000000,3388.05,3403.31,3338.46,3399.66,,0.0015964605853490605
2021-11-12T00:00:00.000000,3396.65,3443.96,3393.98,3433.24,,0.001222381735511073
2021-11-13T00:00:00.000000,3436.26,3446.04,3409.48,3430.14,,0.0009240953747116864
2021-11-16T00:00:00.000000,3435.62,3435.68,3387.53,3401.87,,0.0013678732861645063
2021-11-17T00:00:00.000000,3400.34,3423.52,3389.55,3393.71,,0.001168225437664118
2021-11-18T00:00:00.000000,3413.43,3425.57,3400.77,3421.33,,0.0011873034357465753
2021-11-19T00:00:00.000000,3416.64,3416.64,3374.01,3383.91,,0.0015006976958512506
2021-11-20T00:00:00.000000,3385.83,3419.75,3378.38,3418.96,,0.0011609404058763972
2021-11-23T00:00:00.000000,3434.57,3505.73,3430.59,3505.73,,0.001634093690961837
2021-11-24T00:00:00.000000,3501.22,3508.9,3482.69,3492.77,,0.0010052545633163351
2021-11-25T00:00:00.000000,3488.38,3501.58,3469.36,3478.66,,0.0013249395499934998
2021-11-26T00:00:00.000000,3477.6,3490.62,3462.13,3474.45,,0.001008533528734782
2021-11-27T00:00:00.000000,3470.21,3501.34,3461.19,3468.87,,0.0011256325826151377
2021-11-30T00:00:00.000000,3455.61,3522.5,3455.61,3503.41,,0.002091031010055089
2021-12-01T00:00:00.000000,3520.29,3520.29,3472.58,3495.59,,0.0009820989789722406
2021-12-02T00:00:00.000000,3492.44,3501.33,3459.51,3473.37,,0.0009867369762889243
2021-12-03T00:00:00.000000,3464.92,3487.94,3456.31,3466.91,,0.0011590815861641601
2021-12-04T00:00:00.000000,3467.41,3482.46,3446.95,3478.67,,0.0010668161620151165
2021-12-07T00:00:00.000000,3460.96,3479.86,3403.16,3405.93,,0.0013648602546213436
2021-12-08T00:00:00.000000,3429.76,3429.84,3338.0,3368.78,,0.0016961338283212543
2021-12-09T00:00:00.000000,3388.32,3428.23,3378.28,3424.7,,0.0014914629417496442
2021-12-10T00:00:00.000000,3422.38,3463.65,3400.38,3459.32,,0.0012795888865266105
2021-12-11T00:00:00.000000,3431.29,3485.08,3429.57,3466.8,,0.0012624561308994249
2021-12-14T00:00:00.000000,3473.39,3508.19,3457.54,3496.96,,0.0013435813427501368
2021-12-15T00:00:00.000000,3491.82,3507.27,3486.91,3495.06,,0.0007716927571067605
2021-12-16T00:00:00.000000,3492.58,3520.47,3462.51,3464.76,,0.0010856431894030274
2021-12-17T00:00:00.000000,3479.18,3491.18,3467.73,3490.45,,0.0014510333250059683
2021-12-18T00:00:00.000000,3480.51,3486.24,3427.02,3434.34,,0.001414829812784916
2021-12-21T00:00:00.000000,3420.86,3434.09,3327.79,3332.61,,0.0017142069570601354
2021-12-22T00:00:00.000000,3328.89,3354.92,3306.96,3350.43,,0.00166351690314402
2021-12-23T00:00:00.000000,3360.28,3379.08,3354.38,3368.7,,0.0011040193271801063
2021-12-24T00:00:00.000000,3379.81,3389.85,3358.92,3373.7,,0.001207106343721276
2021-12-25T00:00:00.000000,3381.54,3384.29,3280.94,3297.11,,0.0019900464272080425
2021-12-28T00:00:00.000000,3296.41,3315.75,3273.82,3293.81,,0.0010959353802961849
2021-12-29T00:00:00.000000,3300.31,3331.32,3280.07,3328.56,,0.0013496419507190462
2021-12-30T00:00:00.000000,3326.08,3326.21,3281.9,3281.9,,0.0012503275167989165
2021-12-31T00:00:00.000000,3285.77,3339.65,3280.31,3322.79,,0.0011414078615920415
2022-01-01T00:00:00.000000,3342.19,3353.57,3315.07,3322.67,,0.0013681038400988278
2022-01-05T00:00:00.000000,3348.13,3349.45,3238.24,3250.16,,0.0016356407211096063
2022-01-06T00:00:00.000000,3242.44,3245.76,3145.05,3161.51,,0.001857039362245005
2022-01-07T00:00:00.000000,3133.05,3150.11,3093.04,3127.48,,0.0018616906793799668
2022-01-08T00:00:00.000000,3137.07,3147.23,3093.21,3096.88,,0.0017108569737796907
2022-01-11T00:00:00.000000,3082.78,3115.47,3051.53,3095.69,,0.002137846460484481
2022-01-12T00:00:00.000000,3094.7,3103.83,3050.59,3056.15,,0.001505073522566147
2022-01-13T00:00:00.000000,3091.67,3139.38,3088.78,3136.69,,0.002464517737746539
2022-01-14T00:00:00.000000,3145.02,3145.02,3083.14,3083.14,,0.002089521549868461
2022-01-15T00:00:00.000000,3059.14,3128.25,3057.94,3119.41,,0.0017577570040474546
2022-01-18T00:00:00.000000,3124.63,3176.24,3113.98,3170.41,,0.00166232205128511
2022-01-19T00:00:00.000000,3168.79,3177.82,3136.25,3144.33,,0.0016218093111416369
2022-01-20T00:00:00.000000,3139.23,3141.28,3052.65,3075.98,,0.0017382732400000518
2022-01-21T00:00:00.000000,3072.39,3102.31,3056.96,3065.99,,0.0017694363427469334
2022-01-22T00:00:00.000000,3052.98,3069.88,3020.3,3034.68,,0.002260328802630618
2022-01-25T00:00:00.000000,3011.63,3071.06,3010.2,3056.43,,0.0015032530025806713
2022-01-26T00:00:00.000000,3035.82,3055.88,2974.96,2974.96,,0.0015214250322862584
2022-01-27T00:00:00.000000,2993.16,3008.38,2952.91,3004.41,,0.002253637728706705
2022-01-28T00:00:00.000000,2994.0,3001.55,2904.71,2906.76,,0.0020621644396468554
2022-01-29T00:00:00.000000,2945.72,2962.77,2882.67,2908.94,,0.0033439845065669385
2022-02-08T00:00:00.000000,2972.19,2987.5,2905.25,2917.86,,0.0034023977628918735
2022-02-09T00:00:00.000000,2913.32,2913.32,2782.28,2846.48,,0.003169796112933275
2022-02-10T00:00:00.000000,2844.84,2887.73,2818.39,2883.6,,0.0021645432021665484
2022-02-11T00:00:00.000000,2891.3,2891.3,2796.9,2826.52,,0.002489098437597482
2022-02-12T00:00:00.000000,2800.75,2811.78,2742.51,2746.38,,0.002176605750530981
2022-02-15T00:00:00.000000,2723.51,2776.23,2710.88,2732.01,,0.0024676710341205725
2022-02-16T00:00:00.000000,2744.39,2817.81,2739.42,2816.44,,0.0020063403049050024
2022-02-17T00:00:00.000000,2829.65,2841.33,2808.27,2818.4,,0.001240298989955258
2022-02-18T00:00:00.000000,2813.48,2861.97,2804.89,2839.83,,0.0019181307588156502
2022-02-19T00:00:00.000000,2819.55,2829.82,2803.24,2826.81,,0.0016887531676777646
2022-02-22T00:00:00.000000,2830.6,2836.28,2794.26,2804.6,,0.0013408045987209755
2022-02-23T00:00:00.000000,2783.28,2783.28,2741.97,2765.91,,0.002822581431531601
2022-02-24T00:00:00.000000,2770.21,2845.08,2770.21,2843.87,,0.0017314124823586104
2022-02-25T00:00:00.000000,2817.8,2852.72,2746.62,2783.9,,0.002723759648741162
2022-02-26T00:00:00.000000,2827.83,2882.07,2827.83,2855.8,,0.003282847849308385
2022-03-01T00:00:00.000000,2844.82,2881.31,2834.54,2881.31,,0.0021256912372162036
2022-03-02T00:00:00.000000,2895.39,2905.13,2865.88,2885.79,,0.0014013035469490726
2022-03-03T00:00:00.000000,2866.69,2866.69,2811.12,2834.64,,0.0025994861470995125
2022-03-04T00:00:00.000000,2850.67,2853.47,2789.51,2791.95,,0.0015196859604989133
2022-03-05T00:00:00.000000,2763.06,2797.82,2737.47,2748.64,,0.0019145362627060348
2022-03-08T00:00:00.000000,2718.44,2720.78,2620.83,2630.37,,0.0033942798611359395
2022-03-09T00:00:00.000000,2645.11,2654.64,2567.91,2582.99,,0.0034226397224794906
2022-03-10T00:00:00.000000,2594.96,2608.21,2462.17,2566.72,,0.004136607308386361
2022-03-11T00:00:00.000000,2645.36,2664.58,2625.6,2635.19,,0.00475499658017467
2022-03-12T00:00:00.000000,2589.7,2668.24,2566.03,2665.46,,0.004302274220112969
2022-03-15T00:00:00.000000,2638.49,2647.25,2570.28,2570.45,,0.003413954224716193
2022-03-16T00:00:00.000000,2547.72,2615.71,2504.78,2504.78,,0.004116831270434802
2022-03-17T00:00:00.000000,2549.15,2639.93,2478.44,2635.08,,0.004603163612023763
2022-03-18T00:00:00.000000,2684.84,2764.25,2684.04,2710.73,,0.004524479189417554
2022-03-19T00:00:00.000000,2693.15,2725.69,2668.93,2713.79,,0.0022599094602146494
2022-03-22T00:00:00.000000,2730.21,2756.35,2702.18,2726.18,,0.00229400795626121
2022-03-23T00:00:00.000000,2718.0,2718.0,2676.84,2688.23,,0.002343887141268481
2022-03-24T00:00:00.000000,2707.57,2725.56,2682.13,2715.95,,0.0015084139593113007
2022-03-25T00:00:00.000000,2697.43,2725.28,2655.92,2706.21,,0.0027983077501993075
2022-03-26T00:00:00.000000,2702.65,2714.15,2637.94,2637.94,,0.0017161266539250878
2022-03-29T00:00:00.000000,2622.47,2622.59,2576.23,2594.13,,0.002243757469501314
2022-03-30T00:00:00.000000,2603.42,2633.45,2581.38,2592.67,,0.002050932525605783
2022-03-31T00:00:00.000000,2612.71,2696.83,2610.41,2696.83,,0.0023719801138064166
2022-04-01T00:00:00.000000,2683.19,2686.28,2646.24,2659.49,,0.0017963387833259113
2022-04-02T00:00:00.000000,2641.75,2687.15,2632.98,2666.97,,0.001855914567874613
2022-04-07T00:00:00.000000,2662.28,2662.62,2615.92,2633.91,,0.0020660981338441256
2022-04-08T00:00:00.000000,2611.98,2632.1,2576.53,2578.53,,0.0020413427090512034
2022-04-09T00:00:00.000000,2578.74,2609.35,2546.51,2569.91,,0.0022687495823981337
2022-04-12T00:00:00.000000,2536.15,2536.15,2455.46,2462.04,,0.003171136833480848
2022-04-13T00:00:00.000000,2461.6,2523.69,2459.26,2523.69,,0.0027519255311990853
2022-04-14T00:00:00.000000,2499.19,2513.47,2466.84,2466.84,,0.002368910974347955
2022-04-15T00:00:00.000000,2495.16,2498.81,2443.15,2466.29,,0.002709908022113343
2022-04-16T00:00:00.000000,2443.35,2483.75,2416.7,2460.36,,0.003537712963989773
2022-04-19T00:00:00.000000,2435.85,2491.6,2410.86,2487.77,,0.003510784647958616
2022-04-20T00:00:00.000000,2484.52,2510.41,2444.59,2453.55,,0.002008767753075693
2022-04-21T00:00:00.000000,2440.3,2443.31,2357.91,2363.65,,0.002846614587664691
2022-04-22T00:00:00.000000,2352.22,2378.34,2298.75,2312.46,,0.0024933062286551233
2022-04-23T00:00:00.000000,2299.16,2321.14,2279.78,2296.6,,0.002497080520791277
2022-04-26T00:00:00.000000,2240.04,2262.77,2168.9,2169.0,,0.004552249791836177
2022-04-27T00:00:00.000000,2172.8,2218.56,2149.6,2150.51,,0.0031104639272468803
2022-04-28T00:00:00.000000,2122.32,2271.17,2122.32,2269.17,,0.004533557597746601
2022-04-29T00:00:00.000000,2249.51,2266.43,2206.96,2227.65,,0.0031372035777070743
2022-04-30T00:00:00.000000,2247.7,2322.97,2221.99,2319.14,,0.004118846468112512
2022-05-06T00:00:00.000000,2263.92,2317.17,2242.96,2288.4,,0.00408176605871899
2022-05-07T00:00:00.000000,2227.68,2274.39,2222.49,2244.97,,0.004328258474329808
2022-05-10T00:00:00.000000,2236.17,2263.12,2213.58,2228.07,,0.0019358158540392853
2022-05-11T00:00:00.000000,2192.06,2287.87,2187.44,2276.34,,0.003064741174358333
2022-05-12T00:00:00.000000,2280.96,2401.1,2275.27,2346.15,,0.0026726459361251786
2022-05-13T00:00:00.000000,2325.95,2367.31,2324.76,2351.27,,0.00225294625293367
2022-05-14T00:00:00.000000,2367.55,2373.3,2334.37,2358.16,,0.0020128796233431774
2022-05-17T00:00:00.000000,2376.64,2395.75,2328.74,2331.23,,0.0028181717548241597
2022-05-18T00:00:00.000000,2335.12,2370.66,2323.07,2369.09,,0.002030143498379063
2022-05-19T00:00:00.000000,2373.89,2384.6,2352.92,2365.38,,0.0017626898653009039
2022-05-20T00:00:00.000000,2329.96,2377.31,2325.67,2377.13,,0.0021183674884316054
2022-05-21T00:00:00.000000,2395.35,2426.58,2384.11,2417.35,,0.002748519333585821
2022-05-24T00:00:00.000000,2422.13,2423.79,2385.7,2410.12,,0.001581294114484444
2022-05-25T00:00:00.000000,2404.6,2404.6,2316.79,2318.07,,0.002511551042473427
2022-05-26T00:00:00.000000,2320.78,2332.96,2303.15,2325.6,,0.0018373333745507871
2022-05-27T00:00:00.000000,2329.43,2343.21,2283.44,2321.13,,0.0027052449129532454
2022-05-28T00:00:00.000000,2340.62,2377.4,2311.06,2322.48,,0.0027767526920459327
2022-05-31T00:00:00.000000,2338.35,2359.58,2323.82,2350.38,,0.0017441743403118774
2022-06-01T00:00:00.000000,2349.79,2411.18,2323.35,2405.08,,0.0021808009858010394
2022-06-02T00:00:00.000000,2403.35,2441.39,2395.97,2428.96,,0.002071251538886075
2022-06-03T00:00:00.000000,2418.66,2463.34,2411.71,2458.26,,0.001737568567508868
2022-06-07T00:00:00.000000,2456.16,2562.02,2455.95,2554.66,,0.002417048241810016
2022-06-08T00:00:00.000000,2555.55,2575.89,2532.78,2554.63,,0.0018479964660552775
2022-06-09T00:00:00.000000,2558.15,2576.34,2507.11,2576.34,,0.002378353962356882
2022-06-10T00:00:00.000000,2558.33,2561.41,2491.82,2500.21,,0.0022777420713424464
2022-06-11T00:00:00.000000,2482.31,2556.98,2481.96,2556.47,,0.001699688835976925
2022-06-14T00:00:00.000000,2522.73,2563.24,2520.0,2546.49,,0.00237414512714249
2022-06-15T00:00:00.000000,2515.51,2551.08,2461.54,2548.31,,0.003100809003726278
2022-06-16T00:00:00.000000,2560.64,2631.94,2550.5,2575.09,,0.004096725755701479
2022-06-17T00:00:00.000000,2575.96,2616.82,2574.95,2585.47,,0.0022919688513348847
2022-06-18T00:00:00.000000,2561.4,2666.08,2559.67,2657.21,,0.0025764797344684943
2022-06-21T00:00:00.000000,2672.77,2741.59,2672.32,2710.14,,0.0035647032348890516
2022-06-22T00:00:00.000000,2707.98,2723.03,2664.69,2692.98,,0.0025386376208714734
2022-06-23T00:00:00.000000,2701.63,2721.81,2677.01,2677.29,,0.0022114397752798355
2022-06-24T00:00:00.000000,2693.75,2760.1,2672.58,2760.1,,0.0020878187897616636
2022-06-25T00:00:00.000000,2779.41,2824.44,2761.46,2824.44,,0.0021772081460023416
2022-06-28T00:00:00.000000,2838.58,2863.66,2819.29,2830.6,,0.002110463421842203
2022-06-29T00:00:00.000000,2827.35,2850.29,2771.93,2840.42,,0.0025210453140569133
2022-06-30T00:00:00.000000,2817.12,2845.46,2764.4,2768.61,,0.0025615262770814977
2022-07-01T00:00:00.000000,2776.39,2834.49,2772.77,2810.6,,0.0026848281048752498
2022-07-02T00:00:00.000000,2810.11,2822.8,2768.48,2781.94,,0.0019750761129234315
2022-07-05T00:00:00.000000,2764.62,2834.69,2748.13,2834.69,,0.0027516907757842717
2022-07-06T00:00:00.000000,2845.74,2867.43,2780.36,2825.13,,0.0027535222280554725
2022-07-07T00:00:00.000000,2826.35,2858.05,2776.7,2802.72,,0.0019607652703230883
2022-07-08T00:00:00.000000,2814.15,2852.8,2792.18,2849.71,,0.001659653018965418
2022-07-09T00:00:00.000000,2868.69,2887.72,2810.65,2817.64,,0.002506872556776564
2022-07-12T00:00:00.000000,2804.55,2804.8,2742.46,2767.46,,0.002745725455352131
2022-07-13T00:00:00.000000,2768.82,2774.12,2697.68,2702.69,,0.0023298409654078974
2022-07-14T00:00:00.000000,2708.1,2762.51,2674.47,2746.86,,0.002441784307080572
2022-07-15T00:00:00.000000,2739.92,2841.39,2736.32,2819.13,,0.002051170023449615
2022-07-16T00:00:00.000000,2804.18,2835.01,2760.5,2760.5,,0.0022044915527530936
2022-07-19T00:00:00.000000,2778.4,2812.67,2736.26,2800.36,,0.002505138807891697
2022-07-20T00:00:00.000000,2799.38,2799.38,2736.67,2750.87,,0.0021172068377488277
2022-07-21T00:00:00.000000,2764.25,2786.29,2754.18,2765.16,,0.0015170098725234722
2022-07-22T00:00:00.000000,2756.32,2794.37,2741.31,2751.41,,0.002295769763752928
2022-07-23T00:00:00.000000,2776.98,2788.94,2714.12,2737.31,,0.002260099685606865
2022-07-26T00:00:00.000000,2732.61,2736.73,2693.16,2704.95,,0.002057537495010585
2022-07-27T00:00:00.000000,2708.74,2729.38,2682.21,2713.46,,0.0015444644012189191
2022-07-28T00:00:00.000000,2710.74,2730.17,2696.2,2714.25,,0.0016780112660394722
2022-07-29T00:00:00.000000,2734.63,2749.14,2704.05,2705.9,,0.0019280638094885676
2022-07-30T00:00:00.000000,2716.1,2718.53,2665.65,2670.45,,0.0017899770037310449
2022-08-02T00:00:00.000000,2662.76,2734.64,2641.18,2733.74,,0.0026173132264800517
2022-08-03T00:00:00.000000,2692.12,2716.04,2651.85,2678.62,,0.003983221735857507
2022-08-04T00:00:00.000000,2687.25,2716.22,2620.39,2628.82,,0.002677306490661079
2022-08-05T00:00:00.000000,2645.0,2655.66,2610.5,2640.78,,0.00193287059947639
2022-08-06T00:00:00.000000,2648.05,2686.23,2637.24,2683.6,,0.0020320039997348545
2022-08-09T00:00:00.000000,2668.99,2679.68,2647.25,2675.69,,0.001828419509229329
2022-08-10T00:00:00.000000,2668.92,2698.46,2658.69,2694.8,,0.0012539231465427034
2022-08-11T00:00:00.000000,2688.13,2692.25,2645.55,2658.58,,0.0014669061501480622
2022-08-12T00:00:00.000000,2672.18,2724.85,2650.88,2721.49,,0.001564445501362566
2022-08-13T00:00:00.000000,2712.69,2717.68,2689.67,2690.83,,0.001423812402015129
2022-08-16T00:00:00.000000,2688.66,2734.33,2686.82,2718.59,,0.0015569844431301215
2022-08-17T00:00:00.000000,2725.93,2759.52,2718.17,2731.39,,0.0015126934885877688
2022-08-18T00:00:00.000000,2739.48,2783.93,2719.22,2777.91,,0.0018221861634604207
2022-08-19T00:00:00.000000,2771.15,2797.49,2769.21,2775.82,,0.0013188237489195156
2022-08-20T00:00:00.000000,2779.99,2780.1,2733.05,2734.22,,0.0014496318431725058
2022-08-23T00:00:00.000000,2730.42,2782.67,2715.16,2779.02,,0.0018292365395911148
2022-08-24T00:00:00.000000,2775.21,2802.05,2764.52,2780.31,,0.0017849857255958228
2022-08-25T00:00:00.000000,2800.38,2803.43,2675.88,2679.05,,0.002137852377314431
2022-08-26T00:00:00.000000,2688.86,2694.16,2634.85,2667.3,,0.0022029045038585004
2022-08-27T00:00:00.000000,2666.21,2677.73,2634.43,2640.29,,0.0013436871728230587
2022-08-30T00:00:00.000000,2599.84,2641.17,2595.71,2630.51,,0.00180911244861486
2022-08-31T00:00:00.000000,2630.13,2632.13,2594.78,2612.14,,0.0017545025399772138
2022-09-01T00:00:00.000000,2596.16,2611.65,2550.99,2570.41,,0.002350423699639629
2022-09-02T00:00:00.000000,2561.93,2584.62,2531.81,2533.85,,0.0016188234767449754
2022-09-03T00:00:00.000000,2548.18,2552.34,2517.46,2533.02,,0.00199689528852461
2022-09-06T00:00:00.000000,2528.71,2553.11,2519.89,2538.2,,0.0019517729808305507
2022-09-07T00:00:00.000000,2541.12,2542.98,2493.43,2540.64,,0.0022058796336979635
2022-09-08T00:00:00.000000,2525.15,2584.85,2522.38,2570.8,,0.0014064636812123642
2022-09-09T00:00:00.000000,2570.05,2572.12,2521.54,2523.01,,0.0013141180077843686
2022-09-10T00:00:00.000000,2535.74,2551.05,2525.77,2548.22,,0.0015190173411464367
2022-09-14T00:00:00.000000,2566.84,2569.11,2537.28,2550.63,,0.0013285234789804205
2022-09-15T00:00:00.000000,2512.28,2527.28,2486.08,2503.82,,0.0018169856883510265
2022-09-16T00:00:00.000000,2512.45,2515.21,2404.44,2424.19,,0.0020539739986508133
2022-09-17T00:00:00.000000,2418.44,2430.23,2366.89,2367.4,,0.0022771900162602697
2022-09-20T00:00:00.000000,2360.58,2389.48,2339.03,2350.38,,0.0019300419345394954
2022-09-21T00:00:00.000000,2366.79,2397.92,2351.89,2366.9,,0.002323388487432052
2022-09-22T00:00:00.000000,2353.78,2358.96,2322.95,2331.52,,0.00246011189686209
2022-09-23T00:00:00.000000,2309.29,2348.76,2302.64,2319.42,,0.002273501633033418
2022-09-24T00:00:00.000000,2320.92,2336.29,2275.29,2303.91,,0.002320329740203581
2022-09-27T00:00:00.000000,2288.23,2358.48,2285.64,2323.05,,0.0021898403797764748
2022-09-28T00:00:00.000000,2336.04,2374.74,2325.65,2374.74,,0.0020726988275455356
2022-09-29T00:00:00.000000,2367.48,2367.48,2313.77,2313.77,,0.0019593542749942808
2022-09-30T00:00:00.000000,2343.28,2359.12,2321.56,2333.0,,0.002300661337818809
2022-10-01T00:00:00.000000,2335.54,2339.19,2288.19,2288.97,,0.0020428974842390825
2022-10-11T00:00:00.000000,2294.72,2301.24,2230.64,2236.24,,0.0026746707113781054
2022-10-12T00:00:00.000000,2256.34,2273.9,2245.47,2261.89,,0.002476626921920935
2022-10-13T00:00:00.000000,2260.68,2343.5,2234.46,2343.3,,0.0025875874462967146
2022-10-14T00:00:00.000000,2324.47,2374.61,2318.27,2350.69,,0.001906376160459291
2022-10-15T00:00:00.000000,2379.83,2453.04,2365.14,2434.22,,0.0025701960639574343
2022-10-18T00:00:00.000000,2419.64,2446.7,2409.52,2435.02,,0.0018759535538848795
2022-10-19T00:00:00.000000,2446.36,2469.03,2428.15,2446.93,,0.0016602908295030561
2022-10-20T00:00:00.000000,2440.03,2463.78,2425.73,2425.96,,0.001490117116499982
2022-10-21T00:00:00.000000,2402.76,2444.41,2365.72,2401.72,,0.003221123436337368
2022-10-22T00:00:00.000000,2390.41,2410.01,2381.21,2395.16,,0.0015626568041939761
2022-10-25T00:00:00.000000,2385.82,2412.6,2323.85,2336.84,,0.00283122434624524
2022-10-26T00:00:00.000000,2323.84,2344.39,2281.4,2314.55,,0.00409197121215452
2022-10-27T00:00:00.000000,2324.77,2397.13,2320.27,2372.88,,0.0022034823518732117
2022-10-28T00:00:00.000000,2377.18,2377.68,2337.25,2337.25,,0.002291822558136728
2022-10-29T00:00:00.000000,2309.96,2326.49,2245.46,2250.51,,0.002600365606067619
2022-11-01T00:00:00.000000,2228.62,2295.95,2227.83,2265.08,,0.0026363180452811602
2022-11-02T00:00:00.000000,2270.04,2337.82,2251.8,2337.65,,0.0025229222221651985
2022-11-03T00:00:00.000000,2322.98,2396.21,2320.55,2375.86,,0.0020782387108850132
2022-11-04T00:00:00.000000,2352.56,2385.06,2349.75,2376.06,,0.001966436137986362
2022-11-05T00:00:00.000000,2378.42,2464.51,2377.91,2451.22,,0.002221835412764707
2022-11-08T00:00:00.000000,2447.13,2470.64,2432.05,2454.69,,0.0022333644531217205
2022-11-09T00:00:00.000000,2452.86,2460.99,2411.72,2432.4,,0.0015662005694494928
2022-11-10T00:00:00.000000,2422.17,2432.29,2398.07,2399.34,,0.001719072878712236
2022-11-11T00:00:00.000000,2380.23,2393.61,2344.68,2357.13,,0.001846869462313304
2022-11-12T00:00:00.000000,2443.11,2446.09,2402.94,2405.32,,0.004934894391832628
2022-11-15T00:00:00.000000,2406.87,2418.52,2364.44,2375.21,,0.0015918818893927878
2022-11-16T00:00:00.000000,2373.99,2432.46,2356.35,2431.73,,0.0018400503715145576
2022-11-17T00:00:00.000000,2427.41,2443.79,2399.7,2402.91,,0.0015776732837265645
2022-11-18T00:00:00.000000,2389.46,2389.46,2351.0,2385.86,,0.0019160606462151853
2022-11-19T00:00:00.000000,2394.31,2420.38,2384.65,2389.76,,0.001917665105787563
2022-11-22T00:00:00.000000,2369.76,2389.64,2360.85,2387.3,,0.001611897533368
2022-11-23T00:00:00.000000,2380.71,2382.14,2334.47,2343.55,,0.0019689252332828282
2022-11-24T00:00:00.000000,2338.86,2357.0,2302.99,2340.34,,0.002195412540681292
2022-11-25T00:00:00.000000,2349.27,2356.67,2330.37,2335.52,,0.001623908665950199
2022-11-26T00:00:00.000000,2325.57,2327.28,2304.98,2309.36,,0.0018951836278815264
2022-11-29T00:00:00.000000,2264.83,2300.95,2261.05,2298.8,,0.0025808320636834907
2022-11-30T00:00:00.000000,2301.21,2347.71,2298.31,2339.79,,0.0016491546072400739
2022-12-01T00:00:00.000000,2335.95,2348.16,2323.19,2345.31,,0.0012535923248143423
2022-12-02T00:00:00.000000,2386.08,2403.77,2380.67,2381.18,,0.0030110992718925156
2022-12-03T00:00:00.000000,2378.4,2408.74,2369.31,2383.32,,0.001182313003121578
2022-12-06T00:00:00.000000,2391.1,2394.43,2366.12,2377.11,,0.0011621188164838874
2022-12-07T00:00:00.000000,2366.11,2414.2,2365.69,2393.28,,0.001503347767281175
2022-12-08T00:00:00.000000,2382.56,2432.11,2382.56,2414.04,,0.0015297513351168511
2022-12-09T00:00:00.000000,2411.8,2423.16,2398.21,2411.81,,0.001603134410850376
2022-12-10T00:00:00.000000,2412.16,2421.65,2391.67,2420.63,,0.0013062480242989761
2022-12-13T00:00:00.000000,2409.44,2418.06,2399.69,2401.52,,0.0012417915177538267
2022-12-14T00:00:00.000000,2403.74,2404.88,2371.07,2376.2,,0.0012744457345241168
2022-12-15T00:00:00.000000,2384.7,2391.21,2362.61,2368.08,,0.0014137262871975669
2022-12-16T00:00:00.000000,2365.23,2399.36,2363.34,2399.12,,0.0013856629691340388
2022-12-17T00:00:00.000000,2381.68,2390.66,2361.89,2373.72,,0.0016802218758126557
2022-12-20T00:00:00.000000,2372.93,2389.3,2337.4,2346.7,,0.0013696866555621353
2022-12-21T00:00:00.000000,2340.51,2340.73,2308.57,2310.8,,0.0015366802463701627
2022-12-22T00:00:00.000000,2312.52,2322.52,2293.58,2303.7,,0.0013796557281830122
2022-12-23T00:00:00.000000,2318.71,2328.71,2288.52,2295.32,,0.0012315332079309066
2022-12-24T00:00:00.000000,2282.32,2301.62,2273.04,2286.19,,0.001728405968412115
2022-12-27T00:00:00.000000,2290.26,2334.98,2290.16,2331.41,,0.0013482088637911545
2022-12-28T00:00:00.000000,2335.57,2363.15,2326.31,2359.5,,0.0012459416652312644
2022-12-29T00:00:00.000000,2346.04,2348.85,2323.48,2338.26,,0.001657288990088366
2022-12-30T00:00:00.000000,2328.73,2365.69,2327.69,2349.38,,0.0010203011879368576
2022-12-31T00:00:00.000000,2361.97,2369.14,2346.77,2346.77,,0.0012167391382483883
2023-01-04T00:00:00.000000,2339.98,2361.55,2312.31,2356.42,,0.0016524179773708821
2023-01-05T00:00:00.000000,2347.0,2352.33,2323.72,2335.12,,0.0012022638491464253
2023-01-06T00:00:00.000000,2343.78,2405.43,2343.72,2399.46,,0.0014508976605434576
2023-01-07T00:00:00.000000,2392.65,2442.23,2391.33,2422.14,,0.0014095923129830914
2023-01-10T00:00:00.000000,2433.35,2455.6,2427.81,2440.37,,0.0013953650402034224
2023-01-11T00:00:00.000000,2441.5,2478.89,2435.19,2474.01,,0.0012270149829062141
2023-01-12T00:00:00.000000,2470.64,2480.16,2442.73,2445.97,,0.0011975569581236115
2023-01-13T00:00:00.000000,2455.73,2477.01,2448.76,2458.49,,0.0013232274542861948
2023-01-14T00:00:00.000000,2475.14,2493.13,2462.87,2493.13,,0.0015072124768335897
2023-01-17T00:00:00.000000,2490.72,2566.69,2490.72,2539.52,,0.001598848836842271
2023-01-18T00:00:00.000000,2540.57,2556.64,2535.18,2545.55,,0.0010478329309811353
2023-01-19T00:00:00.000000,2548.7,2555.69,2534.43,2543.9,,0.0008804012428177043
2023-01-20T00:00:00.000000,2539.89,2571.44,2531.96,2571.44,,0.0009666227695768699
2023-01-21T00:00:00.000000,2580.27,2588.89,2571.83,2585.96,,0.0009915013260994832
2023-01-31T00:00:00.000000,2657.39,2661.28,2611.13,2613.89,,0.004020959664384524
2023-02-01T00:00:00.000000,2608.12,2618.28,2575.53,2580.84,,0.001146833829312726
2023-02-02T00:00:00.000000,2592.45,2613.69,2572.33,2613.69,,0.0016318405786684264
2023-02-03T00:00:00.000000,2619.79,2631.86,2598.12,2602.32,,0.0013316974707771405
2023-02-04T00:00:00.000000,2592.84,2606.0,2551.83,2580.11,,0.0014031842385924492
2023-02-07T00:00:00.000000,2560.46,2560.46,2523.71,2544.09,,0.0022462967649184247
2023-02-08T00:00:00.000000,2551.13,2557.38,2522.55,2537.97,,0.001285253065162698
2023-02-09T00:00:00.000000,2542.24,2550.37,2522.53,2525.88,,0.0011356720022888543
2023-02-10T00:00:00.000000,2520.83,2569.99,2515.51,2569.73,,0.0012326178050717147
2023-02-11T00:00:00.000000,2567.09,2571.2,2531.87,2545.16,,0.0010584233184474684
2023-02-14T00:00:00.000000,2546.14,2576.04,2540.85,2573.18,,0.0016023574673480394
2023-02-15T00:00:00.000000,2585.97,2586.18,2551.47,2565.15,,0.0007210270310455565
2023-02-16T00:00:00.000000,2564.54,2574.58,2543.64,2547.2,,0.000994032106369325
2023-02-17T00:00:00.000000,2549.43,2567.29,2495.16,2512.5,,0.0019021940993321827
2023-02-18T00:00:00.000000,2508.26,2513.21,2449.35,2449.35,,0.0019533536326760467
2023-02-21T00:00:00.000000,2445.64,2481.57,2424.63,2480.79,,0.0018565257435663644
2023-02-22T00:00:00.000000,2473.6,2480.35,2452.84,2469.81,,0.0015483807575767073
2023-02-23T00:00:00.000000,2452.39,2470.5,2446.19,2451.9,,0.0012702847027503644
2023-02-24T00:00:00.000000,2450.96,2470.4,2446.41,2457.48,,0.0014213535278199628
2023-02-25T00:00:00.000000,2457.53,2458.29,2425.66,2428.94,,0.0010418804053357327
2023-02-28T00:00:00.000000,2416.43,2432.39,2403.65,2409.79,,0.00177919403168099
2023-03-01T00:00:00.000000,2417.58,2432.32,2407.76,2429.03,,0.0014634699138342889
2023-03-02T00:00:00.000000,2428.1,2449.44,2415.95,2443.95,,0.0013699997089708141
2023-03-03T00:00:00.000000,2438.58,2442.19,2415.12,2418.6,,0.0009793830202978417
2023-03-04T00:00:00.000000,2423.67,2434.12,2405.3,2422.44,,0.001176845265531011
2023-03-07T00:00:00.000000,2421.42,2435.9,2393.92,2431.56,,0.001374779179101507
2023-03-08T00:00:00.000000,2423.03,2430.64,2383.5,2383.73,,0.0012653595521647293
2023-03-09T00:00:00.000000,2375.87,2390.07,2366.25,2377.58,,0.0010754833353408336
2023-03-10T00:00:00.000000,2377.97,2386.9,2365.86,2372.68,,0.0012135131590337222
2023-03-11T00:00:00.000000,2366.59,2388.61,2354.02,2370.36,,0.0014796165284401335
2023-03-14T00:00:00.000000,2359.72,2374.97,2345.99,2357.07,,0.001178090790521942
2023-03-15T00:00:00.000000,2353.21,2356.9,2308.93,2343.11,,0.0014971976857263898
2023-03-16T00:00:00.000000,2359.22,2375.28,2335.59,2337.46,,0.0018631967253459017
2023-03-17T00:00:00.000000,2320.38,2333.31,2298.44,2302.05,,0.0015265529859970334
2023-03-18T00:00:00.000000,2320.2,2324.83,2289.28,2293.67,,0.0018048672819734443
2023-03-21T00:00:00.000000,2291.39,2317.64,2280.14,2291.92,,0.001990636220400596
2023-03-22T00:00:00.000000,2298.28,2337.37,2298.28,2337.26,,0.001681756061577704
2023-03-23T00:00:00.000000,2348.52,2358.63,2330.82,2341.92,,0.0014269541575471657
2023-03-24T00:00:00.000000,2330.98,2361.41,2327.39,2361.41,,0.0012249759483895337
2023-03-25T00:00:00.000000,2366.43,2373.77,2355.74,2370.38,,0.0010383093296846744
2023-03-28T00:00:00.000000,2363.01,2399.44,2363.01,2398.02,,0.001315227000524112
2023-03-29T00:00:00.000000,2389.85,2389.92,2364.63,2369.17,,0.0012882229752470122
2023-03-30T00:00:00.000000,2371.3,2382.0,2367.38,2371.19,,0.001177369357630145
2023-03-31T00:00:00.000000,2370.73,2384.96,2362.66,2383.04,,0.0012190004557151967
2023-04-01T00:00:00.000000,2386.86,2402.55,2385.41,2399.5,,0.0010915096396226086
2023-04-04T00:00:00.000000,2406.14,2442.97,2406.14,2440.21,,0.0012643843362415508
2023-04-05T00:00:00.000000,2441.43,2442.57,2407.48,2421.65,,0.001302636249195795
2023-04-07T00:00:00.000000,2404.26,2428.8,2402.3,2426.57,,0.0013868962139567164
2023-04-08T00:00:00.000000,2421.75,2454.04,2421.06,2446.95,,0.0011533395315363444
2023-04-11T00:00:00.000000,2457.19,2461.3,2432.05,2443.52,,0.0013846942119135521
2023-04-12T00:00:00.000000,2449.27,2463.27,2426.67,2439.4,,0.001218579254748744
2023-04-13T00:00:00.000000,2436.89,2440.33,2417.28,2429.29,,0.0009332168152772247
2023-04-14T00:00:00.000000,2418.27,2426.83,2403.92,2405.76,,0.0014944926572497204
2023-04-15T00:00:00.000000,2409.77,2432.36,2409.6,2428.09,,0.0014839405459082476
2023-04-18T00:00:00.000000,2420.01,2440.73,2420.01,2434.44,,0.0008387517958049261
2023-04-19T00:00:00.000000,2428.18,2443.77,2423.93,2431.1,,0.0010597942687504977
2023-04-20T00:00:00.000000,2429.33,2429.33,2413.34,2415.76,,0.0009610368012329263
2023-04-21T00:00:00.000000,2414.01,2414.01,2378.05,2386.67,,0.001117606391196076
2023-04-22T00:00:00.000000,2393.19,2400.79,2340.61,2341.19,,0.0015467630536432591
2023-04-25T00:00:00.000000,2337.38,2340.26,2288.78,2301.24,,0.0014285055500385345
2023-04-26T00:00:00.000000,2302.86,2305.92,2243.83,2259.19,,0.0020141586875873398
2023-04-27T00:00:00.000000,2249.53,2306.66,2247.95,2294.06,,0.0014642764974797228
2023-04-28T00:00:00.000000,2283.63,2315.32,2281.6,2307.27,,0.0012654082856156693
2023-04-29T00:00:00.000000,2309.35,2328.89,2303.31,2324.72,,0.0015203199172132546
2023-05-05T00:00:00.000000,2316.33,2319.83,2290.92,2297.67,,0.0012802464923947765
2023-05-06T00:00:00.000000,2291.24,2293.84,2260.64,2267.63,,0.0015765595999101354
2023-05-09T00:00:00.000000,2274.72,2277.23,2251.77,2273.4,,0.001299994667986638
2023-05-10T00:00:00.000000,2270.76,2277.29,2245.72,2245.82,,0.0011310750041016611
2023-05-11T00:00:00.000000,2241.44,2273.68,2228.18,2262.22,,0.001844097692968927
2023-05-12T00:00:00.000000,2264.9,2296.45,2264.86,2276.57,,0.001190004442239568
2023-05-13T00:00:00.000000,2277.42,2287.47,2251.76,2252.38,,0.0014000586699652797
2023-05-16T00:00:00.000000,2259.17,2299.93,2257.82,2299.93,,0.0014436957186613152
2023-05-17T00:00:00.000000,2300.8,2307.17,2286.23,2294.19,,0.0010025943380679626
2023-05-18T00:00:00.000000,2293.55,2300.29,2281.17,2293.64,,0.0010158231767398015
2023-05-19T00:00:00.000000,2299.63,2300.62,2264.84,2277.97,,0.0010364209793758464
2023-05-20T00:00:00.000000,2275.8,2293.1,2270.39,2278.59,,0.0013454358044011705
2023-05-23T00:00:00.000000,2278.71,2291.33,2265.76,2280.15,,0.0012773333456403018
2023-05-24T00:00:00.000000,2282.9,2284.07,2253.33,2253.33,,0.0010840275525833174
2023-05-25T00:00:00.000000,2245.47,2268.86,2239.9,2245.26,,0.001317981855210309
2023-05-26T00:00:00.000000,2245.31,2257.22,2228.84,2244.18,,0.0015723430875701427
2023-05-27T00:00:00.000000,2244.34,2244.34,2215.29,2229.27,,0.0014231306042478567
2023-05-30T00:00:00.000000,2236.98,2238.4,2196.06,2203.84,,0.0012395489503692193
2023-05-31T00:00:00.000000,2200.8,2218.6,2180.7,2218.6,,0.0015485528311939205
2023-06-01T00:00:00.000000,2215.27,2215.49,2183.42,2193.41,,0.0016106591552039378
2023-06-02T00:00:00.000000,2191.8,2225.13,2184.92,2206.43,,0.00172104052462147
2023-06-03T00:00:00.000000,2213.77,2240.57,2211.98,2233.27,,0.0011432667539998922
2023-06-06T00:00:00.000000,2226.2,2226.59,2195.66,2202.14,,0.0019018681617434085
2023-06-07T00:00:00.000000,2196.98,2197.58,2162.72,2164.81,,0.0015616832005859145
2023-06-08T00:00:00.000000,2159.16,2162.56,2124.52,2129.9,,0.001957006715911592
2023-06-09T00:00:00.000000,2136.02,2139.96,2118.33,2123.96,,0.0013333140930583752
2023-06-10T00:00:00.000000,2122.16,2143.01,2118.79,2143.01,,0.0010292136976686093
2023-06-13T00:00:00.000000,2135.88,2162.53,2131.12,2152.42,,0.0010946299870077795
2023-06-14T00:00:00.000000,2148.4,2169.66,2147.56,2166.96,,0.0008488623911648542
2023-06-15T00:00:00.000000,2175.92,2177.8,2163.34,2163.34,,0.0008076344708631431
2023-06-16T00:00:00.000000,2174.54,2237.74,2174.54,2237.74,,0.001545883760118925
2023-06-17T00:00:00.000000,2243.54,2272.02,2234.48,2270.06,,0.0011218944012845187
2023-06-20T00:00:00.000000,2271.76,2276.56,2257.64,2265.18,,0.0009069677292171364
2023-06-21T00:00:00.000000,2264.18,2277.33,2257.88,2271.42,,0.0012276329923335096
2023-06-22T00:00:00.000000,2260.5,2266.76,2211.84,2211.84,,0.0013508540897016227
2023-06-27T00:00:00.000000,2185.15,2212.41,2171.59,2186.25,,0.002064300598112978
2023-06-28T00:00:00.000000,2186.16,2205.56,2179.32,2191.83,,0.0014916592892930945
2023-06-29T00:00:00.000000,2184.99,2189.02,2160.19,2182.1,,0.001518161985056922
2023-06-30T00:00:00.000000,2178.88,2194.25,2178.43,2180.06,,0.0011060742151192194
2023-07-01T00:00:00.000000,2178.53,2227.99,2171.42,2215.0,,0.0016006637124131935
2023-07-04T00:00:00.000000,2223.33,2239.43,2215.36,2228.21,,0.0018153282313167081
2023-07-05T00:00:00.000000,2222.33,2234.86,2215.77,2232.75,,0.0008870123548093809
2023-07-06T00:00:00.000000,2235.2,2239.93,2209.11,2212.42,,0.0009761327957891398
2023-07-07T00:00:00.000000,2206.3,2218.39,2190.03,2192.19,,0.0010346968270916576
2023-07-08T00:00:00.000000,2185.73,2186.04,2169.21,2169.21,,0.0010508895141632688
2023-07-11T00:00:00.000000,2174.33,2213.76,2174.33,2198.86,,0.0015439067210332948
2023-07-12T00:00:00.000000,2202.93,2217.66,2194.17,2216.78,,0.0008608776311759
2023-07-13T00:00:00.000000,2216.03,2217.75,2194.61,2196.85,,0.0011492305941717537
2023-07-14T00:00:00.000000,2208.22,2238.67,2208.22,2237.52,,0.0019518722036774795
2023-07-15T00:00:00.000000,2237.24,2239.42,2221.79,2224.1,,0.0006864021963961738
2023-07-18T00:00:00.000000,2212.76,2214.42,2198.27,2207.44,,0.0009901142922644833
2023-07-19T00:00:00.000000,2215.05,2215.25,2196.23,2200.62,,0.000762911128919845
2023-07-20T00:00:00.000000,2196.59,2201.43,2170.33,2177.25,,0.0010053209523260328
2023-07-21T00:00:00.000000,2180.71,2199.64,2153.98,2155.65,,0.001444920747894551
2023-07-22T00:00:00.000000,2151.85,2177.8,2151.07,2163.12,,0.0011929186742795478
2023-07-25T00:00:00.000000,2148.29,2167.19,2142.91,2146.93,,0.0011935948703455442
2023-07-26T00:00:00.000000,2183.05,2195.75,2169.72,2192.9,,0.00186031785275572
2023-07-27T00:00:00.000000,2185.81,2194.54,2180.2,2191.17,,0.0008364704464352735
2023-07-28T00:00:00.000000,2199.48,2205.72,2180.69,2184.1,,0.0011710851215335793
2023-07-29T00:00:00.000000,2176.49,2224.03,2172.37,2219.54,,0.0013587098322739041
2023-08-01T00:00:00.000000,2233.26,2256.05,2230.13,2236.67,,0.0020507175055613828
2023-08-02T00:00:00.000000,2234.61,2249.38,2215.58,2223.8,,0.0009872285940487752
2023-08-03T00:00:00.000000,2220.77,2231.87,2213.04,2218.57,,0.0009795182966646318
2023-08-04T00:00:00.000000,2214.09,2242.57,2214.09,2241.98,,0.0011369035323357977
2023-08-05T00:00:00.000000,2263.4,2282.65,2247.9,2263.37,,0.0020107288816217893
2023-08-08T00:00:00.000000,2252.43,2256.0,2234.04,2240.77,,0.001234347393372215
2023-08-09T00:00:00.000000,2238.66,2244.9,2226.24,2228.91,,0.0010134571329561233
2023-08-10T00:00:00.000000,2222.51,2241.87,2222.51,2228.73,,0.0009653020235364819
2023-08-11T00:00:00.000000,2226.91,2241.85,2220.83,2239.31,,0.0013010978113281886
2023-08-12T00:00:00.000000,2241.48,2241.48,2187.04,2187.04,,0.0012361879216323283
2023-08-15T00:00:00.000000,2163.28,2170.22,2139.97,2164.69,,0.0021969906927925102
2023-08-16T00:00:00.000000,2164.82,2171.56,2130.38,2148.67,,0.0012796523989572523
2023-08-17T00:00:00.000000,2140.01,2158.0,2132.89,2132.97,,0.001216255952763553
2023-08-18T00:00:00.000000,2130.54,2151.23,2113.3,2147.06,,0.001889527911219021
2023-08-19T00:00:00.000000,2145.8,2156.17,2118.92,2118.92,,0.0011574348454909363
2023-08-22T00:00:00.000000,2108.7,2115.02,2084.97,2084.97,,0.0015772028306454315
2023-08-23T00:00:00.000000,2099.84,2104.74,2049.09,2086.94,,0.002194424610180622
2023-08-24T00:00:00.000000,2081.21,2081.21,2038.98,2038.98,,0.0017472965797433566
2023-08-25T00:00:00.000000,2050.53,2083.64,2042.58,2064.57,,0.0018462312645409055
2023-08-26T00:00:00.000000,2053.65,2059.15,2032.58,2040.4,,0.0020024357042965034
2023-08-29T00:00:00.000000,2182.39,2182.39,2055.61,2060.04,,0.005861270118282239
2023-08-30T00:00:00.000000,2054.98,2133.6,2054.98,2118.19,,0.0020343424412195355
2023-08-31T00:00:00.000000,2122.65,2141.6,2110.87,2117.13,,0.001351381424018898
2023-09-01T00:00:00.000000,2111.02,2117.4,2100.73,2102.57,,0.0010120605410607931
2023-09-02T00:00:00.000000,2108.08,2118.51,2093.1,2100.26,,0.0013572492503822686
2023-09-05T00:00:00.000000,2110.17,2120.98,2088.99,2118.03,,0.0013581492783389048
2023-09-06T00:00:00.000000,2113.6,2122.62,2107.86,2111.33,,0.0010388091436712894
2023-09-07T00:00:00.000000,2103.3,2105.1,2089.45,2101.4,,0.001279991252074933
2023-09-08T00:00:00.000000,2096.61,2097.28,2056.98,2056.98,,0.0013162554306847664
2023-09-09T00:00:00.000000,2047.6,2057.12,2038.57,2049.77,,0.0011502745460147221
2023-09-12T00:00:00.000000,2048.95,2076.9,2041.77,2063.19,,0.0015363481057990608
2023-09-13T00:00:00.000000,2060.62,2063.92,2049.48,2051.04,,0.0009940378492892088
2023-09-14T00:00:00.000000,2045.31,2053.45,2015.39,2027.73,,0.0009986510521563078
2023-09-15T00:00:00.000000,2021.6,2024.86,2002.43,2011.88,,0.0011868544479520207
2023-09-16T00:00:00.000000,2009.33,2022.94,1996.12,2002.73,,0.0016401987016126773
2023-09-19T00:00:00.000000,1994.87,2033.15,1993.68,2020.47,,0.0015354985586507558
2023-09-20T00:00:00.000000,2017.89,2017.89,1995.24,2002.66,,0.001373458144309355
2023-09-21T00:00:00.000000,2000.72,2001.5,1987.3,1987.3,,0.0008552021170399773
2023-09-22T00:00:00.000000,1983.02,1990.33,1967.61,1967.61,,0.0009831932882568353
2023-09-23T00:00:00.000000,1965.69,2013.96,1963.23,2013.34,,0.0012868910622650508
2023-09-26T00:00:00.000000,2015.32,2015.32,2000.81,2005.26,,0.0009846986421305354
2023-09-27T00:00:00.000000,2000.23,2007.91,1989.65,1989.83,,0.0009874273539033573
2023-09-28T00:00:00.000000,1994.01,2027.82,1990.16,2006.22,,0.0014551155889729623
2023-09-29T00:00:00.000000,2013.62,2019.29,1995.56,2003.91,,0.0011593662493849589
2023-10-10T00:00:00.000000,2000.13,2006.43,1977.77,1998.61,,0.0020751576498366157
2023-10-11T00:00:00.000000,2004.95,2014.3,1987.35,1987.94,,0.0012317212004789465
2023-10-12T00:00:00.000000,2000.52,2021.11,1996.82,2003.9,,0.001562536921998608
2023-10-13T00:00:00.000000,2015.55,2022.36,2001.91,2019.1,,0.0016248425804264303
2023-10-14T00:00:00.000000,2004.2,2005.72,1986.19,1996.6,,0.001359874541898697
2023-10-17T00:00:00.000000,1993.91,1994.26,1949.33,1956.72,,0.0013423514513466587
2023-10-18T00:00:00.000000,1963.83,1969.47,1950.33,1961.89,,0.001435854402667622
2023-10-19T00:00:00.000000,1953.0,1953.0,1934.84,1938.44,,0.0016426492911355572
2023-10-20T00:00:00.000000,1925.53,1936.22,1913.43,1913.7,,0.0012792204816069596
2023-10-21T00:00:00.000000,1899.99,1922.93,1893.95,1896.95,,0.0017412840573387024
2023-10-24T00:00:00.000000,1891.48,1891.48,1854.45,1864.91,,0.0017149811053210119
2023-10-25T00:00:00.000000,1872.29,1890.1,1859.86,1880.81,,0.0017678351839562276
2023-10-26T00:00:00.000000,1890.48,1894.54,1863.77,1863.8,,0.0014982051999551922
2023-10-27T00:00:00.000000,1851.19,1877.45,1840.26,1875.86,,0.001767203598400481
2023-10-28T00:00:00.000000,1868.23,1937.31,1863.53,1929.91,,0.0019672883439948567
2023-10-31T00:00:00.000000,1933.79,1983.46,1931.7,1977.69,,0.002017475754601696
2023-11-01T00:00:00.000000,1974.8,1975.39,1958.35,1968.23,,0.001210243367459926
2023-11-02T00:00:00.000000,1969.08,1971.41,1949.99,1959.13,,0.0011327365319308811
2023-11-03T00:00:00.000000,1964.43,1973.23,1939.41,1939.7,,0.0011456771187673637
2023-11-04T00:00:00.000000,1943.21,1975.52,1943.21,1968.21,,0.001442205033802463
2023-11-07T00:00:00.000000,1984.33,2034.57,1984.33,2032.34,,0.0025026987952655507
2023-11-08T00:00:00.000000,2025.1,2031.79,2012.06,2022.77,,0.001372788147601355
2023-11-09T00:00:00.000000,2016.6,2035.91,2010.02,2023.13,,0.0013543806174618192
2023-11-10T00:00:00.000000,2019.69,2035.42,2013.51,2018.38,,0.0013698467920813429
2023-11-11T00:00:00.000000,2006.09,2011.93,2000.49,2005.24,,0.001428657689779516
2023-11-14T00:00:00.000000,2018.83,2022.84,1998.02,2009.21,,0.001038276175938154
2023-11-15T00:00:00.000000,2008.29,2024.66,1995.76,2004.81,,0.0009784511560866492
2023-11-16T00:00:00.000000,2032.26,2033.39,2008.48,2015.36,,0.0015618078448860222
2023-11-17T00:00:00.000000,2012.2,2012.2,1978.12,1978.12,,0.0009511085978102072
2023-11-18T00:00:00.000000,1971.22,1986.67,1971.22,1986.53,,0.00097317549782238
2023-11-21T00:00:00.000000,1987.85,1998.1,1969.92,1992.97,,0.001146610406866543
2023-11-22T00:00:00.000000,2001.07,2014.59,1981.29,1984.27,,0.001453907898390748
2023-11-23T00:00:00.000000,1973.66,1980.02,1950.01,1950.01,,0.0010453253585326618
2023-11-24T00:00:00.000000,1945.9,1961.35,1940.21,1961.35,,0.0011530958687347322
2023-11-25T00:00:00.000000,1960.38,1960.38,1935.0,1937.94,,0.001230211557640985
2023-11-28T00:00:00.000000,1936.61,1936.61,1916.55,1926.2,,0.0013496589281292188
2023-11-29T00:00:00.000000,1923.36,1938.73,1918.35,1938.42,,0.001254266942181546
2023-11-30T00:00:00.000000,1934.55,1937.85,1917.22,1917.9,,0.001202127503564015
2023-12-01T00:00:00.000000,1915.05,1932.83,1912.17,1922.59,,0.001432065639197415
2023-12-02T00:00:00.000000,1922.37,1934.09,1904.65,1926.28,,0.0012652026001415625
2023-12-05T00:00:00.000000,1923.22,1926.17,1908.53,1908.92,,0.0014299997036932553
2023-12-06T00:00:00.000000,1900.99,1905.73,1870.98,1871.1,,0.0014051680520428518
2023-12-07T00:00:00.000000,1867.5,1898.6,1866.9,1881.94,,0.0015532024669324958
2023-12-08T00:00:00.000000,1877.03,1888.75,1864.24,1877.21,,0.0012913881203367133
2023-12-09T00:00:00.000000,1881.1,1896.78,1870.88,1892.18,,0.0013841659604802079
2023-12-12T00:00:00.000000,1880.58,1919.84,1866.09,1915.74,,0.0021023683102985116
2023-12-13T00:00:00.000000,1909.6,1913.29,1899.56,1903.87,,0.0009662907094690999
2023-12-14T00:00:00.000000,1899.34,1899.93,1871.77,1872.34,,0.0010273582996603151
2023-12-15T00:00:00.000000,1884.55,1895.6,1859.25,1860.51,,0.001794872412090228
2023-12-16T00:00:00.000000,1869.51,1877.78,1844.18,1848.5,,0.0016788955396063673
2023-12-19T00:00:00.000000,1839.32,1845.97,1814.93,1820.0,,0.0011923082767581218
2023-12-20T00:00:00.000000,1818.88,1837.94,1813.6,1827.67,,0.0013973173624358198
2023-12-21T00:00:00.000000,1830.72,1832.31,1802.36,1802.88,,0.0012668321451313374
2023-12-22T00:00:00.000000,1795.27,1840.96,1792.38,1832.62,,0.0021024753120268322
2023-12-23T00:00:00.000000,1827.68,1848.32,1812.76,1825.84,,0.0021266032120381287
2023-12-26T00:00:00.000000,1820.25,1838.13,1820.22,1831.57,,0.0011199623118653107
2023-12-27T00:00:00.000000,1828.56,1829.87,1801.38,1808.5,,0.0015374387237904231
2023-12-28T00:00:00.000000,1813.05,1818.05,1796.7,1809.83,,0.0012768796413277035
2023-12-29T00:00:00.000000,1806.79,1887.15,1804.7,1879.5,,0.0020059932100541396
2023-12-30T00:00:00.000000,1879.53,1897.67,1878.04,1891.37,,0.001391179109940553
2024-01-03T00:00:00.000000,1889.02,1889.02,1855.73,1855.92,,0.0014801602412363524
2024-01-04T00:00:00.000000,1850.16,1856.44,1825.55,1834.73,,0.0010688737044335342
2024-01-05T00:00:00.000000,1831.29,1831.38,1794.0,1801.76,,0.0016523847259471128
2024-01-06T00:00:00.000000,1798.82,1815.07,1765.72,1775.58,,0.001442580981964437
2024-01-09T00:00:00.000000,1769.33,1779.38,1744.24,1744.41,,0.0013480049159425985
2024-01-10T00:00:00.000000,1749.77,1774.32,1738.0,1750.78,,0.0023230227977065446
2024-01-11T00:00:00.000000,1741.13,1771.68,1726.56,1743.2,,0.002894515006508625
2024-01-12T00:00:00.000000,1744.3,1790.33,1739.16,1777.27,,0.0022188249992504943
2024-01-13T00:00:00.000000,1770.97,1785.51,1760.87,1761.16,,0.0015584111317512217
2024-01-16T00:00:00.000000,1751.52,1766.26,1738.54,1745.61,,0.0021163314934844945
2024-01-17T00:00:00.000000,1741.37,1755.38,1724.64,1752.23,,0.0019075562525263914
2024-01-18T00:00:00.000000,1747.77,1747.77,1699.62,1699.62,,0.0017105975244904276
2024-01-19T00:00:00.000000,1685.94,1735.09,1678.43,1732.36,,0.0031301111581450393
2024-01-20T00:00:00.000000,1726.55,1743.3,1714.51,1715.44,,0.0021059253712896915
2024-01-23T00:00:00.000000,1710.29,1714.93,1657.35,1666.88,,0.00305311452691111
2024-01-24T00:00:00.000000,1663.98,1700.57,1655.2,1687.61,,0.0025240317944145753
2024-01-25T00:00:00.000000,1696.56,1700.77,1642.16,1696.19,,0.0029127531676393123
2024-01-26T00:00:00.000000,1686.55,1720.85,1672.07,1720.78,,0.0023244702325493707
2024-01-27T00:00:00.000000,1703.48,1714.53,1679.34,1682.48,,0.002023796893785487
2024-01-30T00:00:00.000000,1680.15,1685.6,1623.81,1623.81,,0.0023006217426208915
2024-01-31T00:00:00.000000,1613.46,1631.53,1582.42,1583.77,,0.0020764601979608344
2024-02-01T00:00:00.000000,1585.21,1601.89,1573.16,1573.37,,0.002573176198904688
2024-02-02T00:00:00.000000,1567.83,1616.4,1563.38,1589.04,,0.0025974292801346204
2024-02-03T00:00:00.000000,1585.96,1595.98,1512.06,1550.37,,0.004158504668275957
2024-02-06T00:00:00.000000,1534.19,1600.33,1482.99,1562.61,,0.006135176083128894
2024-02-07T00:00:00.000000,1544.96,1668.89,1544.5,1667.45,,0.004130624721765648
2024-02-08T00:00:00.000000,1663.18,1711.42,1658.47,1707.02,,0.0031298756826405308
2024-02-09T00:00:00.000000,1716.63,1764.39,1713.77,1726.86,,0.003975716142100905
2024-02-20T00:00:00.000000,1752.86,1752.86,1722.84,1746.42,,0.001969910347609483
2024-02-21T00:00:00.000000,1739.03,1749.27,1722.49,1746.18,,0.0020042570278260056
2024-02-22T00:00:00.000000,1728.45,1783.81,1724.29,1752.48,,0.002745238772097516
2024-02-23T00:00:00.000000,1752.79,1761.12,1742.15,1757.87,,0.0014677679778638281
2024-02-24T00:00:00.000000,1766.96,1767.26,1742.49,1758.19,,0.0013536288138383432
2024-02-27T00:00:00.000000,1752.76,1768.1,1738.33,1751.7,,0.0015557920854690507
2024-02-28T00:00:00.000000,1743.49,1793.98,1740.83,1793.98,,0.0015267928917058748
2024-02-29T00:00:00.000000,1799.61,1829.14,1748.97,1748.97,,0.0030466534473559976
2024-03-01T00:00:00.000000,1739.97,1809.66,1739.97,1807.03,,0.002658963300937012
2024-03-02T00:00:00.000000,1808.2,1830.94,1795.85,1824.03,,0.0020563298187650544
2024-03-05T00:00:00.000000,1827.13,1847.25,1817.66,1834.83,,0.002582794897780444
2024-03-06T00:00:00.000000,1818.59,1843.08,1813.27,1833.66,,0.0022544784976297636
2024-03-07T00:00:00.000000,1822.54,1855.61,1810.9,1832.58,,0.002070709433657892
2024-03-08T00:00:00.000000,1830.26,1838.71,1789.87,1789.94,,0.0016125332760452895
2024-03-09T00:00:00.000000,1793.51,1813.1,1779.77,1807.29,,0.0015852248848834574
2024-03-12T00:00:00.000000,1817.07,1890.87,1812.79,1890.41,,0.0025284783741722876
2024-03-13T00:00:00.000000,1896.45,1915.09,1885.64,1906.04,,0.0021667147848612235
2024-03-14T00:00:00.000000,1911.98,1911.98,1890.66,1895.15,,0.0015142260529437423
2024-03-15T00:00:00.000000,1895.73,1912.11,1870.02,1883.02,,0.0016609482550164387
2024-03-16T00:00:00.000000,1877.57,1886.95,1848.22,1884.09,,0.0017448137128111766
2024-03-19T00:00:00.000000,1906.12,1926.4,1902.13,1926.4,,0.0020796472449115936
2024-03-20T00:00:00.000000,1917.92,1925.69,1906.94,1906.94,,0.0014475883659869203
2024-03-21T00:00:00.000000,1898.18,1915.47,1897.6,1909.25,,0.0014034415185852221
2024-03-22T00:00:00.000000,1912.81,1920.55,1897.05,1897.09,,0.00125508705974361
2024-03-23T00:00:00.000000,1893.14,1897.31,1860.35,1869.17,,0.0015132462248579023
2024-03-26T00:00:00.000000,1864.53,1871.06,1833.1,1833.44,,0.0015989180444916065
2024-03-27T00:00:00.000000,1832.66,1856.2,1829.48,1841.54,,0.0024586832285647133
2024-03-28T00:00:00.000000,1840.19,1840.19,1789.82,1789.82,,0.002015340048208571
2024-03-29T00:00:00.000000,1790.58,1829.47,1787.96,1806.9,,0.0018159050003215141
2024-03-30T00:00:00.000000,1806.67,1822.75,1800.2,1818.2,,0.002045730924775279
2024-04-02T00:00:00.000000,1833.49,1872.12,1833.49,1872.12,,0.0024824320081671524
2024-04-03T00:00:00.000000,1869.32,1869.96,1851.25,1860.49,,0.0014934442410778582
2024-04-04T00:00:00.000000,1853.56,1853.87,1839.21,1840.41,,0.0013942255058949796
2024-04-09T00:00:00.000000,1834.45,1840.55,1807.05,1807.05,,0.001333688260650772
2024-04-10T00:00:00.000000,1807.48,1827.68,1801.71,1827.58,,0.0015420604296389848
2024-04-11T00:00:00.000000,1818.41,1818.73,1781.13,1789.94,,0.0018762489287128068
2024-04-12T00:00:00.000000,1777.2,1799.86,1775.66,1782.09,,0.0015665779195801438
2024-04-13T00:00:00.000000,1780.99,1789.27,1760.94,1762.88,,0.0015238547670113332
2024-04-16T00:00:00.000000,1770.17,1807.95,1770.17,1795.52,,0.003474357851674173
2024-04-17T00:00:00.000000,1783.57,1791.3,1759.51,1760.2,,0.002051727219461063
2024-04-18T00:00:00.000000,1765.29,1797.55,1765.29,1797.31,,0.0018607119615559153
2024-04-19T00:00:00.000000,1784.78,1807.79,1765.7,1787.49,,0.0027283403689833037
2024-04-20T00:00:00.000000,1772.18,1775.38,1740.4,1756.0,,0.0021331931177919396
2024-04-23T00:00:00.000000,1739.01,1766.25,1735.28,1750.46,,0.002299883591923033
2024-04-24T00:00:00.000000,1753.58,1764.77,1740.79,1753.16,,0.001714727218527194
2024-04-25T00:00:00.000000,1757.31,1768.24,1744.36,1765.41,,0.0016432443928725005
2024-04-26T00:00:00.000000,1753.12,1778.8,1747.82,1764.73,,0.001630145557227833
2024-04-27T00:00:00.000000,1767.72,1826.49,1767.72,1823.74,,0.00230889175482083
2024-04-30T00:00:00.000000,1831.44,1904.92,1831.44,1887.57,,0.0026498274256628014
2024-05-01T00:00:00.000000,1874.68,1878.83,1857.76,1858.39,,0.0014613948555888363
2024-05-07T00:00:00.000000,1896.84,1907.02,1889.78,1895.21,,0.0031536627241334696
2024-05-08T00:00:00.000000,1896.72,1900.94,1888.26,1892.54,,0.0009948633601658523
2024-05-09T00:00:00.000000,1887.82,1887.82,1863.22,1865.11,,0.00112283079098076
2024-05-10T00:00:00.000000,1872.7,1903.11,1872.7,1900.01,,0.001580245588793819
2024-05-11T00:00:00.000000,1899.05,1900.1,1872.07,1878.17,,0.0011299683045011225
2024-05-14T00:00:00.000000,1859.34,1876.17,1851.25,1860.37,,0.0015995693154912615
2024-05-15T00:00:00.000000,1864.39,1873.14,1851.39,1855.6,,0.0014045116494842587
2024-05-16T00:00:00.000000,1857.58,1866.41,1837.54,1838.89,,0.0008746150981074306
2024-05-17T00:00:00.000000,1846.98,1861.38,1837.02,1844.21,,0.001063904466516114
2024-05-18T00:00:00.000000,1838.99,1865.9,1833.43,1864.94,,0.001738917258471389
2024-05-21T00:00:00.000000,1869.55,1887.05,1865.88,1875.93,,0.0011582301325437185
2024-05-22T00:00:00.000000,1871.78,1873.09,1855.44,1861.48,,0.0008454505804670104
2024-05-23T00:00:00.000000,1863.14,1883.17,1855.25,1877.93,,0.0010300708741110048
2024-05-24T00:00:00.000000,1876.56,1879.62,1847.69,1852.07,,0.0011560327825959414
2024-05-25T00:00:00.000000,1845.01,1861.93,1818.14,1818.56,,0.0013190188886056154
2024-05-28T00:00:00.000000,1824.17,1832.82,1802.77,1830.96,,0.0013722814559977159
2024-05-29T00:00:00.000000,1824.09,1827.74,1805.65,1806.25,,0.0012574663895180056
2024-05-30T00:00:00.000000,1808.49,1832.71,1804.11,1811.07,,0.0019892151031628944
2024-05-31T00:00:00.000000,1810.66,1820.29,1805.35,1813.15,,0.0011400190386154948
2024-06-01T00:00:00.000000,1812.61,1831.71,1805.11,1805.11,,0.0011634442379243142
2024-06-04T00:00:00.000000,1806.41,1823.51,1800.2,1819.46,,0.0014243523739259645
2024-06-05T00:00:00.000000,1816.37,1848.56,1815.07,1843.59,,0.0013684771408832691
2024-06-06T00:00:00.000000,1840.08,1858.69,1833.55,1833.55,,0.0008986656930536757
2024-06-07T00:00:00.000000,1840.25,1845.55,1815.28,1820.45,,0.001724982204519016
2024-06-08T00:00:00.000000,1812.46,1820.74,1764.84,1781.07,,0.0023048873595422088
2024-06-12T00:00:00.000000,1766.92,1791.0,1761.58,1787.3,,0.0015188997638597003
2024-06-13T00:00:00.000000,1779.32,1789.41,1778.13,1779.42,,0.0010530372226875285
2024-06-14T00:00:00.000000,1786.11,1799.09,1776.08,1777.79,,0.0012608926729028881
2024-06-15T00:00:00.000000,1777.28,1792.8,1758.89,1791.36,,0.0019700747975991066
2024-06-18T00:00:00.000000,1780.94,1811.0,1780.51,1806.19,,0.001189230561632642
2024-06-19T00:00:00.000000,1805.16,1822.11,1802.63,1811.36,,0.0011182621593036628
2024-06-20T00:00:00.000000,1816.06,1816.06,1788.17,1788.5,,0.001045557665206859
2024-06-21T00:00:00.000000,1787.24,1793.71,1761.65,1762.7,,0.001442501064011702
2024-06-22T00:00:00.000000,1756.67,1762.43,1742.47,1755.88,,0.0015786781216375122
2024-06-25T00:00:00.000000,1745.93,1755.52,1729.1,1731.51,,0.0015701156527021059
2024-06-26T00:00:00.000000,1724.64,1729.22,1691.02,1700.02,,0.001826799714413928
2024-06-27T00:00:00.000000,1700.95,1733.79,1696.12,1730.64,,0.0016662686590254762
2024-06-28T00:00:00.000000,1719.78,1721.0,1702.24,1703.2,,0.0018035040810205755
2024-06-29T00:00:00.000000,1696.94,1720.95,1680.42,1683.43,,0.0015451298788315678
2024-07-02T00:00:00.000000,1679.66,1689.54,1652.01,1682.69,,0.002021763245031157
2024-07-03T00:00:00.000000,1677.67,1683.85,1660.32,1665.04,,0.0012633439788208697
2024-07-04T00:00:00.000000,1664.99,1675.65,1648.24,1660.12,,0.001503647124067125
2024-07-05T00:00:00.000000,1666.39,1674.75,1647.22,1647.22,,0.0014678936377660373
2024-07-06T00:00:00.000000,1648.74,1662.32,1631.89,1655.59,,0.0013654941603071682
2024-07-09T00:00:00.000000,1651.64,1652.19,1624.55,1628.76,,0.0017684423085631577
2024-07-10T00:00:00.000000,1625.52,1660.33,1614.61,1652.12,,0.002573190101075647
2024-07-11T00:00:00.000000,1642.86,1668.09,1641.84,1651.11,,0.0014724995680021008
2024-07-12T00:00:00.000000,1673.54,1694.78,1658.96,1685.12,,0.0023192570777412005
2024-07-13T00:00:00.000000,1680.14,1692.89,1672.67,1683.63,,0.0012275395131021332
2024-07-16T00:00:00.000000,1674.89,1679.88,1665.34,1673.01,,0.0013499011634535271
2024-07-17T00:00:00.000000,1671.92,1697.14,1671.31,1696.34,,0.0014961255100088562
2024-07-18T00:00:00.000000,1691.95,1707.61,1684.94,1696.45,,0.0015111884184953533
2024-07-19T00:00:00.000000,1680.34,1718.82,1678.56,1717.71,,0.002172821526946353
2024-07-20T00:00:00.000000,1706.84,1731.13,1706.58,1725.49,,0.0016392695767692364
2024-07-23T00:00:00.000000,1729.28,1735.6,1713.37,1723.91,,0.0010356952880547028
2024-07-24T00:00:00.000000,1721.93,1722.08,1671.44,1671.44,,0.0014449557465047753
2024-07-25T00:00:00.000000,1666.62,1682.96,1645.75,1650.91,,0.001753206730864292
2024-07-26T00:00:00.000000,1641.68,1658.13,1638.54,1644.45,,0.00193737282859016
2024-07-27T00:00:00.000000,1649.34,1670.21,1646.63,1659.53,,0.001773940909932014
2024-07-30T00:00:00.000000,1653.39,1653.39,1634.51,1635.67,,0.0019660318843704974
2024-07-31T00:00:00.000000,1629.18,1637.21,1621.94,1630.95,,0.0012437317088577074
2024-08-01T00:00:00.000000,1623.04,1689.49,1623.04,1688.14,,0.0021757576494350435
2024-08-02T00:00:00.000000,1690.22,1694.59,1663.08,1665.97,,0.0013777229386788307
2024-08-03T00:00:00.000000,1649.84,1671.36,1635.44,1638.3,,0.001411177525627542
2024-08-06T00:00:00.000000,1621.19,1656.09,1607.24,1607.29,,0.0021679022000865504
2024-08-07T00:00:00.000000,1628.12,1638.48,1612.0,1627.36,,0.0025399211488743093
2024-08-08T00:00:00.000000,1624.06,1632.64,1618.39,1620.33,,0.0012625535231203413
2024-08-09T00:00:00.000000,1611.26,1628.66,1598.68,1611.51,,0.0018025520162309762
2024-08-10T00:00:00.000000,1621.84,1628.53,1595.64,1595.64,,0.0015454001414946328
2024-08-13T00:00:00.000000,1596.41,1601.85,1589.09,1592.39,,0.001227955868006617
2024-08-14T00:00:00.000000,1592.04,1607.26,1587.52,1607.19,,0.001600747552675012
2024-08-15T00:00:00.000000,1606.44,1606.44,1584.33,1584.33,,0.0012757875761539742
2024-08-16T00:00:00.000000,1581.15,1608.95,1581.05,1592.71,,0.001761549191616563
2024-08-17T00:00:00.000000,1594.51,1603.43,1587.41,1591.46,,0.001402463245427157
2024-08-20T00:00:00.000000,1589.21,1608.27,1588.22,1589.29,,0.0014286597626047813
2024-08-21T00:00:00.000000,1590.17,1591.88,1565.43,1567.97,,0.0010174718704441096
2024-08-22T00:00:00.000000,1561.24,1572.47,1556.93,1558.51,,0.0014056740146111146
2024-08-23T00:00:00.000000,1559.68,1563.37,1544.91,1546.63,,0.001524507200731909
2024-08-24T00:00:00.000000,1540.52,1555.01,1537.78,1546.9,,0.0013863275650680513
2024-08-27T00:00:00.000000,1550.04,1557.91,1540.52,1545.31,,0.0011717602527061622
2024-08-28T00:00:00.000000,1537.81,1541.93,1526.61,1530.74,,0.001434132077510171
2024-08-29T00:00:00.000000,1526.67,1534.54,1522.48,1531.45,,0.0010489248210480357
2024-08-30T00:00:00.000000,1512.37,1551.54,1512.17,1541.4,,0.0022564515537457546
2024-08-31T00:00:00.000000,1543.89,1601.16,1543.89,1580.46,,0.001995398084582099
2024-09-03T00:00:00.000000,1577.44,1581.87,1536.53,1536.95,,0.0015406973584420399
2024-09-04T00:00:00.000000,1533.57,1561.86,1533.46,1556.32,,0.001769664862595655
2024-09-05T00:00:00.000000,1541.9,1569.89,1540.17,1554.64,,0.002006593869182729
2024-09-06T00:00:00.000000,1554.88,1576.03,1554.88,1564.72,,0.0016785668433194577
2024-09-07T00:00:00.000000,1564.33,1566.57,1537.38,1538.07,,0.001355704304682422
2024-09-10T00:00:00.000000,1528.65,1547.73,1526.24,1539.04,,0.0015102489202019785
2024-09-11T00:00:00.000000,1540.21,1551.61,1522.88,1539.98,,0.0019454796092312238
2024-09-12T00:00:00.000000,1539.85,1563.09,1535.62,1558.33,,0.0013718475343796068
2024-09-13T00:00:00.000000,1566.4,1577.17,1551.03,1551.81,,0.00177952526824283
2024-09-14T00:00:00.000000,1552.28,1556.66,1535.17,1535.17,,0.0011394051797531837
2024-09-19T00:00:00.000000,1533.38,1540.08,1522.54,1533.47,,0.0014405749992259108
2024-09-20T00:00:00.000000,1543.32,1565.21,1520.72,1546.47,,0.0023030266105483217
2024-09-21T00:00:00.000000,1546.77,1546.77,1525.68,1536.6,,0.0013888361984079397
2024-09-24T00:00:00.000000,1538.05,1548.41,1528.94,1530.51,,0.0013781803185116627
2024-09-25T00:00:00.000000,1545.9,1616.07,1532.52,1615.32,,0.003690581280464549
2024-09-26T00:00:00.000000,1652.83,1679.64,1639.68,1641.54,,0.003990136252149369
2024-09-27T00:00:00.000000,1638.53,1716.01,1625.66,1714.14,,0.003411807563865601
2024-09-28T00:00:00.000000,1751.33,1919.79,1751.33,1885.49,,0.007177988305321481
2024-10-01T00:00:00.000000,1994.26,2182.39,1966.34,2175.09,,0.014014124373103317
2024-10-09T00:00:00.000000,2576.22,2576.22,2336.44,2550.28,,0.025202370009628747
2024-10-10T00:00:00.000000,2426.75,2514.29,2278.82,2280.1,,0.013572887519789419
2024-10-11T00:00:00.000000,2291.22,2327.6,2181.08,2212.91,,0.006871368989552459
2024-10-12T00:00:00.000000,2173.71,2191.4,2066.58,2100.87,,0.0057369861909456876
2024-10-15T00:00:00.000000,2119.39,2163.27,2062.45,2155.4,,0.0044108634876027465
2024-10-16T00:00:00.000000,2139.65,2175.95,2085.82,2085.99,,0.0038062863518788484
2024-10-17T00:00:00.000000,2037.74,2081.32,2026.52,2039.95,,0.003982574512677776
2024-10-18T00:00:00.000000,2057.96,2081.09,2031.99,2033.48,,0.002832275313017084
2024-10-19T00:00:00.000000,2027.65,2273.0,2027.65,2195.1,,0.006299984846722329
2024-10-22T00:00:00.000000,2211.39,2266.6,2182.23,2210.34,,0.005139072313365208
2024-10-23T00:00:00.000000,2205.4,2226.93,2180.0,2216.99,,0.002964705797514726
2024-10-24T00:00:00.000000,2202.82,2252.52,2186.18,2205.3,,0.002956738695176722
2024-10-25T00:00:00.000000,2187.24,2203.02,2168.24,2175.1,,0.0019327629025994019
2024-10-26T00:00:00.000000,2190.39,2277.17,2180.22,2238.9,,0.0030867877245807345
2024-10-29T00:00:00.000000,2228.08,2236.47,2198.89,2229.12,,0.0022049608760351036
2024-10-30T00:00:00.000000,2231.82,2239.26,2175.81,2177.31,,0.002011311547613968
2024-10-31T00:00:00.000000,2156.28,2179.94,2127.63,2151.51,,0.0024072620513355624
2024-11-01T00:00:00.000000,2145.66,2204.86,2130.27,2164.46,,0.0032818195403250205
2024-11-02T00:00:00.000000,2149.94,2166.52,2120.73,2123.74,,0.0030989458338857735
2024-11-05T00:00:00.000000,2122.98,2187.38,2122.98,2185.98,,0.0025654750407302467
2024-11-06T00:00:00.000000,2184.9,2301.99,2172.52,2289.84,,0.0038413365398080883
2024-11-07T00:00:00.000000,2290.67,2360.88,2247.04,2265.83,,0.004223203666486131
2024-11-08T00:00:00.000000,2244.96,2350.76,2240.25,2350.76,,0.003295832033520828
2024-11-09T00:00:00.000000,2396.87,2402.38,2317.51,2321.59,,0.004392005879214453
2024-11-12T00:00:00.000000,2298.62,2393.58,2296.32,2392.44,,0.0032036015294777515
2024-11-13T00:00:00.000000,2416.21,2448.2,2362.57,2390.8,,0.003932830667500068
2024-11-14T00:00:00.000000,2367.16,2427.16,2345.06,2417.25,,0.003098772322925385
2024-11-15T00:00:00.000000,2411.29,2419.69,2331.68,2334.96,,0.0022447975293370835
2024-11-16T00:00:00.000000,2318.94,2338.56,2243.62,2243.62,,0.0027004231026237537
2024-11-19T00:00:00.000000,2244.32,2254.92,2173.18,2190.95,,0.0033751730553921045
2024-11-20T00:00:00.000000,2200.13,2261.59,2173.45,2256.61,,0.0032763342737023625
2024-11-21T00:00:00.000000,2242.6,2283.75,2239.77,2267.85,,0.00249655387443793
2024-11-22T00:00:00.000000,2254.27,2281.16,2248.38,2265.87,,0.0018472044139358431
2024-11-23T00:00:00.000000,2257.95,2269.27,2175.57,2175.57,,0.0024727173261273427
2024-11-26T00:00:00.000000,2184.1,2193.68,2140.48,2175.18,,0.002618709657276522
2024-11-27T00:00:00.000000,2163.37,2187.12,2148.14,2150.1,,0.002094801318028482
2024-11-28T00:00:00.000000,2136.71,2209.16,2119.54,2208.78,,0.00285916563015181
2024-11-29T00:00:00.000000,2204.49,2206.85,2165.53,2169.8,,0.0018936727610369133
2024-11-30T00:00:00.000000,2162.52,2264.68,2162.52,2224.0,,0.0030254488096012437
