{"op_code":0,"worker_id":"4db8414e-7359-43b2-a303-aba19c969be2-8071483392","study_name":"FNN_1","directions":[1]}
{"op_code":4,"worker_id":"4db8414e-7359-43b2-a303-aba19c969be2-8071483392","study_id":0,"datetime_start":"2024-11-03T19:11:55.860461"}
{"op_code":5,"worker_id":"4db8414e-7359-43b2-a303-aba19c969be2-8071483392","trial_id":0,"param_name":"train_epochs","param_value_internal":274.0,"distribution":"{\"name\": \"IntDistribution\", \"attributes\": {\"log\": false, \"step\": 1, \"low\": 10, \"high\": 300}}"}
{"op_code":5,"worker_id":"4db8414e-7359-43b2-a303-aba19c969be2-8071483392","trial_id":0,"param_name":"hidden_size","param_value_internal":315.0,"distribution":"{\"name\": \"IntDistribution\", \"attributes\": {\"log\": false, \"step\": 1, \"low\": 10, \"high\": 1000}}"}
{"op_code":5,"worker_id":"4db8414e-7359-43b2-a303-aba19c969be2-8071483392","trial_id":0,"param_name":"dropout","param_value_internal":0.3188998064632214,"distribution":"{\"name\": \"FloatDistribution\", \"attributes\": {\"step\": null, \"low\": 0.0, \"high\": 0.8, \"log\": false}}"}
{"op_code":5,"worker_id":"4db8414e-7359-43b2-a303-aba19c969be2-8071483392","trial_id":0,"param_name":"hidden_num","param_value_internal":3.0,"distribution":"{\"name\": \"IntDistribution\", \"attributes\": {\"log\": false, \"step\": 1, \"low\": 1, \"high\": 5}}"}
{"op_code":0,"worker_id":"a58d1921-ae72-4940-a7ba-88ee7aeff3bb-8071483392","study_name":"FNN_1","directions":[1]}
{"op_code":4,"worker_id":"a58d1921-ae72-4940-a7ba-88ee7aeff3bb-8071483392","study_id":0,"datetime_start":"2024-11-03T19:12:20.990977"}
{"op_code":5,"worker_id":"a58d1921-ae72-4940-a7ba-88ee7aeff3bb-8071483392","trial_id":1,"param_name":"train_epochs","param_value_internal":282.0,"distribution":"{\"name\": \"IntDistribution\", \"attributes\": {\"log\": false, \"step\": 1, \"low\": 10, \"high\": 300}}"}
{"op_code":5,"worker_id":"a58d1921-ae72-4940-a7ba-88ee7aeff3bb-8071483392","trial_id":1,"param_name":"hidden_size","param_value_internal":481.0,"distribution":"{\"name\": \"IntDistribution\", \"attributes\": {\"log\": false, \"step\": 1, \"low\": 10, \"high\": 1000}}"}
{"op_code":5,"worker_id":"a58d1921-ae72-4940-a7ba-88ee7aeff3bb-8071483392","trial_id":1,"param_name":"dropout","param_value_internal":0.30812745554029386,"distribution":"{\"name\": \"FloatDistribution\", \"attributes\": {\"step\": null, \"low\": 0.0, \"high\": 0.8, \"log\": false}}"}
{"op_code":5,"worker_id":"a58d1921-ae72-4940-a7ba-88ee7aeff3bb-8071483392","trial_id":1,"param_name":"hidden_num","param_value_internal":1.0,"distribution":"{\"name\": \"IntDistribution\", \"attributes\": {\"log\": false, \"step\": 1, \"low\": 1, \"high\": 5}}"}
{"op_code":6,"worker_id":"a58d1921-ae72-4940-a7ba-88ee7aeff3bb-8071483392","trial_id":1,"state":3,"values":null,"datetime_complete":"2024-11-03T19:17:57.741829"}
{"op_code":6,"worker_id":"4db8414e-7359-43b2-a303-aba19c969be2-8071483392","trial_id":0,"state":3,"values":null,"datetime_complete":"2024-11-03T19:17:58.280234"}
{"op_code":0,"worker_id":"0ee0be59-fb29-409b-9275-0c49245fd05a-8071483392","study_name":"FNN_1","directions":[1]}
{"op_code":4,"worker_id":"0ee0be59-fb29-409b-9275-0c49245fd05a-8071483392","study_id":0,"datetime_start":"2024-11-03T19:18:09.466060"}
{"op_code":5,"worker_id":"0ee0be59-fb29-409b-9275-0c49245fd05a-8071483392","trial_id":2,"param_name":"train_epochs","param_value_internal":73.0,"distribution":"{\"name\": \"IntDistribution\", \"attributes\": {\"log\": false, \"step\": 1, \"low\": 10, \"high\": 100}}"}
{"op_code":5,"worker_id":"0ee0be59-fb29-409b-9275-0c49245fd05a-8071483392","trial_id":2,"param_name":"hidden_size","param_value_internal":92.0,"distribution":"{\"name\": \"IntDistribution\", \"attributes\": {\"log\": false, \"step\": 1, \"low\": 10, \"high\": 100}}"}
{"op_code":5,"worker_id":"0ee0be59-fb29-409b-9275-0c49245fd05a-8071483392","trial_id":2,"param_name":"dropout","param_value_internal":0.18645069099388334,"distribution":"{\"name\": \"FloatDistribution\", \"attributes\": {\"step\": null, \"low\": 0.0, \"high\": 0.8, \"log\": false}}"}
{"op_code":5,"worker_id":"0ee0be59-fb29-409b-9275-0c49245fd05a-8071483392","trial_id":2,"param_name":"hidden_num","param_value_internal":2.0,"distribution":"{\"name\": \"IntDistribution\", \"attributes\": {\"log\": false, \"step\": 1, \"low\": 1, \"high\": 5}}"}
{"op_code":0,"worker_id":"f4942d1f-b54f-434f-850d-654b55766dd8-8071483392","study_name":"FNN_1","directions":[1]}
{"op_code":4,"worker_id":"f4942d1f-b54f-434f-850d-654b55766dd8-8071483392","study_id":0,"datetime_start":"2024-11-03T19:18:11.842332"}
{"op_code":5,"worker_id":"f4942d1f-b54f-434f-850d-654b55766dd8-8071483392","trial_id":3,"param_name":"train_epochs","param_value_internal":96.0,"distribution":"{\"name\": \"IntDistribution\", \"attributes\": {\"log\": false, \"step\": 1, \"low\": 10, \"high\": 100}}"}
{"op_code":5,"worker_id":"f4942d1f-b54f-434f-850d-654b55766dd8-8071483392","trial_id":3,"param_name":"hidden_size","param_value_internal":99.0,"distribution":"{\"name\": \"IntDistribution\", \"attributes\": {\"log\": false, \"step\": 1, \"low\": 10, \"high\": 100}}"}
{"op_code":5,"worker_id":"f4942d1f-b54f-434f-850d-654b55766dd8-8071483392","trial_id":3,"param_name":"dropout","param_value_internal":0.7729782825941766,"distribution":"{\"name\": \"FloatDistribution\", \"attributes\": {\"step\": null, \"low\": 0.0, \"high\": 0.8, \"log\": false}}"}
{"op_code":5,"worker_id":"f4942d1f-b54f-434f-850d-654b55766dd8-8071483392","trial_id":3,"param_name":"hidden_num","param_value_internal":5.0,"distribution":"{\"name\": \"IntDistribution\", \"attributes\": {\"log\": false, \"step\": 1, \"low\": 1, \"high\": 5}}"}
{"op_code":6,"worker_id":"0ee0be59-fb29-409b-9275-0c49245fd05a-8071483392","trial_id":2,"state":1,"values":[0.08308754302996481],"datetime_complete":"2024-11-03T19:21:08.526534"}
{"op_code":4,"worker_id":"0ee0be59-fb29-409b-9275-0c49245fd05a-8071483392","study_id":0,"datetime_start":"2024-11-03T19:21:08.527622"}
{"op_code":5,"worker_id":"0ee0be59-fb29-409b-9275-0c49245fd05a-8071483392","trial_id":4,"param_name":"train_epochs","param_value_internal":71.0,"distribution":"{\"name\": \"IntDistribution\", \"attributes\": {\"log\": false, \"step\": 1, \"low\": 10, \"high\": 100}}"}
{"op_code":5,"worker_id":"0ee0be59-fb29-409b-9275-0c49245fd05a-8071483392","trial_id":4,"param_name":"hidden_size","param_value_internal":93.0,"distribution":"{\"name\": \"IntDistribution\", \"attributes\": {\"log\": false, \"step\": 1, \"low\": 10, \"high\": 100}}"}
{"op_code":5,"worker_id":"0ee0be59-fb29-409b-9275-0c49245fd05a-8071483392","trial_id":4,"param_name":"dropout","param_value_internal":0.6817902693663215,"distribution":"{\"name\": \"FloatDistribution\", \"attributes\": {\"step\": null, \"low\": 0.0, \"high\": 0.8, \"log\": false}}"}
{"op_code":5,"worker_id":"0ee0be59-fb29-409b-9275-0c49245fd05a-8071483392","trial_id":4,"param_name":"hidden_num","param_value_internal":1.0,"distribution":"{\"name\": \"IntDistribution\", \"attributes\": {\"log\": false, \"step\": 1, \"low\": 1, \"high\": 5}}"}
{"op_code":6,"worker_id":"0ee0be59-fb29-409b-9275-0c49245fd05a-8071483392","trial_id":4,"state":1,"values":[0.006976093898884186],"datetime_complete":"2024-11-03T19:23:22.018936"}
{"op_code":4,"worker_id":"0ee0be59-fb29-409b-9275-0c49245fd05a-8071483392","study_id":0,"datetime_start":"2024-11-03T19:23:22.019956"}
{"op_code":5,"worker_id":"0ee0be59-fb29-409b-9275-0c49245fd05a-8071483392","trial_id":5,"param_name":"train_epochs","param_value_internal":52.0,"distribution":"{\"name\": \"IntDistribution\", \"attributes\": {\"log\": false, \"step\": 1, \"low\": 10, \"high\": 100}}"}
{"op_code":5,"worker_id":"0ee0be59-fb29-409b-9275-0c49245fd05a-8071483392","trial_id":5,"param_name":"hidden_size","param_value_internal":74.0,"distribution":"{\"name\": \"IntDistribution\", \"attributes\": {\"log\": false, \"step\": 1, \"low\": 10, \"high\": 100}}"}
{"op_code":5,"worker_id":"0ee0be59-fb29-409b-9275-0c49245fd05a-8071483392","trial_id":5,"param_name":"dropout","param_value_internal":0.6231159491088827,"distribution":"{\"name\": \"FloatDistribution\", \"attributes\": {\"step\": null, \"low\": 0.0, \"high\": 0.8, \"log\": false}}"}
{"op_code":5,"worker_id":"0ee0be59-fb29-409b-9275-0c49245fd05a-8071483392","trial_id":5,"param_name":"hidden_num","param_value_internal":5.0,"distribution":"{\"name\": \"IntDistribution\", \"attributes\": {\"log\": false, \"step\": 1, \"low\": 1, \"high\": 5}}"}
{"op_code":6,"worker_id":"f4942d1f-b54f-434f-850d-654b55766dd8-8071483392","trial_id":3,"state":1,"values":[0.009713010123504378],"datetime_complete":"2024-11-03T19:24:57.479526"}
{"op_code":4,"worker_id":"f4942d1f-b54f-434f-850d-654b55766dd8-8071483392","study_id":0,"datetime_start":"2024-11-03T19:24:57.480653"}
{"op_code":5,"worker_id":"f4942d1f-b54f-434f-850d-654b55766dd8-8071483392","trial_id":6,"param_name":"train_epochs","param_value_internal":66.0,"distribution":"{\"name\": \"IntDistribution\", \"attributes\": {\"log\": false, \"step\": 1, \"low\": 10, \"high\": 100}}"}
{"op_code":5,"worker_id":"f4942d1f-b54f-434f-850d-654b55766dd8-8071483392","trial_id":6,"param_name":"hidden_size","param_value_internal":23.0,"distribution":"{\"name\": \"IntDistribution\", \"attributes\": {\"log\": false, \"step\": 1, \"low\": 10, \"high\": 100}}"}
{"op_code":5,"worker_id":"f4942d1f-b54f-434f-850d-654b55766dd8-8071483392","trial_id":6,"param_name":"dropout","param_value_internal":0.1505043964095142,"distribution":"{\"name\": \"FloatDistribution\", \"attributes\": {\"step\": null, \"low\": 0.0, \"high\": 0.8, \"log\": false}}"}
{"op_code":5,"worker_id":"f4942d1f-b54f-434f-850d-654b55766dd8-8071483392","trial_id":6,"param_name":"hidden_num","param_value_internal":4.0,"distribution":"{\"name\": \"IntDistribution\", \"attributes\": {\"log\": false, \"step\": 1, \"low\": 1, \"high\": 5}}"}
{"op_code":0,"worker_id":"5af0432b-4548-4a12-8f4a-7658fe7d5d41-8071483392","study_name":"FNN_1","directions":[1]}
{"op_code":4,"worker_id":"5af0432b-4548-4a12-8f4a-7658fe7d5d41-8071483392","study_id":0,"datetime_start":"2024-11-03T19:26:54.464980"}
{"op_code":5,"worker_id":"5af0432b-4548-4a12-8f4a-7658fe7d5d41-8071483392","trial_id":7,"param_name":"train_epochs","param_value_internal":24.0,"distribution":"{\"name\": \"IntDistribution\", \"attributes\": {\"log\": false, \"step\": 1, \"low\": 10, \"high\": 100}}"}
{"op_code":5,"worker_id":"5af0432b-4548-4a12-8f4a-7658fe7d5d41-8071483392","trial_id":7,"param_name":"hidden_size","param_value_internal":26.0,"distribution":"{\"name\": \"IntDistribution\", \"attributes\": {\"log\": false, \"step\": 1, \"low\": 10, \"high\": 100}}"}
{"op_code":5,"worker_id":"5af0432b-4548-4a12-8f4a-7658fe7d5d41-8071483392","trial_id":7,"param_name":"dropout","param_value_internal":0.4483394683884392,"distribution":"{\"name\": \"FloatDistribution\", \"attributes\": {\"step\": null, \"low\": 0.0, \"high\": 0.8, \"log\": false}}"}
{"op_code":5,"worker_id":"5af0432b-4548-4a12-8f4a-7658fe7d5d41-8071483392","trial_id":7,"param_name":"hidden_num","param_value_internal":1.0,"distribution":"{\"name\": \"IntDistribution\", \"attributes\": {\"log\": false, \"step\": 1, \"low\": 1, \"high\": 5}}"}
{"op_code":6,"worker_id":"0ee0be59-fb29-409b-9275-0c49245fd05a-8071483392","trial_id":5,"state":1,"values":[0.007551990656582552],"datetime_complete":"2024-11-03T19:27:05.314986"}
{"op_code":4,"worker_id":"0ee0be59-fb29-409b-9275-0c49245fd05a-8071483392","study_id":0,"datetime_start":"2024-11-03T19:27:05.316102"}
{"op_code":5,"worker_id":"0ee0be59-fb29-409b-9275-0c49245fd05a-8071483392","trial_id":8,"param_name":"train_epochs","param_value_internal":12.0,"distribution":"{\"name\": \"IntDistribution\", \"attributes\": {\"log\": false, \"step\": 1, \"low\": 10, \"high\": 100}}"}
{"op_code":5,"worker_id":"0ee0be59-fb29-409b-9275-0c49245fd05a-8071483392","trial_id":8,"param_name":"hidden_size","param_value_internal":33.0,"distribution":"{\"name\": \"IntDistribution\", \"attributes\": {\"log\": false, \"step\": 1, \"low\": 10, \"high\": 100}}"}
{"op_code":5,"worker_id":"0ee0be59-fb29-409b-9275-0c49245fd05a-8071483392","trial_id":8,"param_name":"dropout","param_value_internal":0.574401643662982,"distribution":"{\"name\": \"FloatDistribution\", \"attributes\": {\"step\": null, \"low\": 0.0, \"high\": 0.8, \"log\": false}}"}
{"op_code":5,"worker_id":"0ee0be59-fb29-409b-9275-0c49245fd05a-8071483392","trial_id":8,"param_name":"hidden_num","param_value_internal":5.0,"distribution":"{\"name\": \"IntDistribution\", \"attributes\": {\"log\": false, \"step\": 1, \"low\": 1, \"high\": 5}}"}
{"op_code":6,"worker_id":"0ee0be59-fb29-409b-9275-0c49245fd05a-8071483392","trial_id":8,"state":1,"values":[0.0070084758024558285],"datetime_complete":"2024-11-03T19:27:58.322043"}
{"op_code":4,"worker_id":"0ee0be59-fb29-409b-9275-0c49245fd05a-8071483392","study_id":0,"datetime_start":"2024-11-03T19:27:58.323046"}
{"op_code":5,"worker_id":"0ee0be59-fb29-409b-9275-0c49245fd05a-8071483392","trial_id":9,"param_name":"train_epochs","param_value_internal":33.0,"distribution":"{\"name\": \"IntDistribution\", \"attributes\": {\"log\": false, \"step\": 1, \"low\": 10, \"high\": 100}}"}
{"op_code":5,"worker_id":"0ee0be59-fb29-409b-9275-0c49245fd05a-8071483392","trial_id":9,"param_name":"hidden_size","param_value_internal":15.0,"distribution":"{\"name\": \"IntDistribution\", \"attributes\": {\"log\": false, \"step\": 1, \"low\": 10, \"high\": 100}}"}
{"op_code":5,"worker_id":"0ee0be59-fb29-409b-9275-0c49245fd05a-8071483392","trial_id":9,"param_name":"dropout","param_value_internal":0.28147404852305213,"distribution":"{\"name\": \"FloatDistribution\", \"attributes\": {\"step\": null, \"low\": 0.0, \"high\": 0.8, \"log\": false}}"}
{"op_code":5,"worker_id":"0ee0be59-fb29-409b-9275-0c49245fd05a-8071483392","trial_id":9,"param_name":"hidden_num","param_value_internal":4.0,"distribution":"{\"name\": \"IntDistribution\", \"attributes\": {\"log\": false, \"step\": 1, \"low\": 1, \"high\": 5}}"}
{"op_code":6,"worker_id":"0ee0be59-fb29-409b-9275-0c49245fd05a-8071483392","trial_id":9,"state":3,"values":null,"datetime_complete":"2024-11-03T19:29:06.151585"}
{"op_code":6,"worker_id":"f4942d1f-b54f-434f-850d-654b55766dd8-8071483392","trial_id":6,"state":3,"values":null,"datetime_complete":"2024-11-03T19:29:06.791783"}
{"op_code":6,"worker_id":"5af0432b-4548-4a12-8f4a-7658fe7d5d41-8071483392","trial_id":7,"state":3,"values":null,"datetime_complete":"2024-11-03T19:29:07.515552"}
{"op_code":0,"worker_id":"e70f7013-b749-4713-9411-44b3467bb8eb-8071483392","study_name":"FNN_1","directions":[1]}
{"op_code":4,"worker_id":"e70f7013-b749-4713-9411-44b3467bb8eb-8071483392","study_id":0,"datetime_start":"2024-11-03T19:29:13.961078"}
{"op_code":5,"worker_id":"e70f7013-b749-4713-9411-44b3467bb8eb-8071483392","trial_id":10,"param_name":"train_epochs","param_value_internal":95.0,"distribution":"{\"name\": \"IntDistribution\", \"attributes\": {\"log\": false, \"step\": 1, \"low\": 10, \"high\": 100}}"}
{"op_code":5,"worker_id":"e70f7013-b749-4713-9411-44b3467bb8eb-8071483392","trial_id":10,"param_name":"hidden_size","param_value_internal":61.0,"distribution":"{\"name\": \"IntDistribution\", \"attributes\": {\"log\": false, \"step\": 1, \"low\": 10, \"high\": 100}}"}
{"op_code":5,"worker_id":"e70f7013-b749-4713-9411-44b3467bb8eb-8071483392","trial_id":10,"param_name":"dropout","param_value_internal":0.12431832663287201,"distribution":"{\"name\": \"FloatDistribution\", \"attributes\": {\"step\": null, \"low\": 0.0, \"high\": 0.8, \"log\": false}}"}
{"op_code":5,"worker_id":"e70f7013-b749-4713-9411-44b3467bb8eb-8071483392","trial_id":10,"param_name":"hidden_num","param_value_internal":5.0,"distribution":"{\"name\": \"IntDistribution\", \"attributes\": {\"log\": false, \"step\": 1, \"low\": 1, \"high\": 5}}"}
{"op_code":6,"worker_id":"e70f7013-b749-4713-9411-44b3467bb8eb-8071483392","trial_id":10,"state":3,"values":null,"datetime_complete":"2024-11-03T19:33:13.725094"}
{"op_code":0,"worker_id":"704c7a27-9f2f-4384-b82a-fe6abbf75993-8071483392","study_name":"FNN_1","directions":[1]}
{"op_code":4,"worker_id":"704c7a27-9f2f-4384-b82a-fe6abbf75993-8071483392","study_id":0,"datetime_start":"2024-11-03T19:37:24.407374"}
{"op_code":5,"worker_id":"704c7a27-9f2f-4384-b82a-fe6abbf75993-8071483392","trial_id":11,"param_name":"train_epochs","param_value_internal":86.0,"distribution":"{\"name\": \"IntDistribution\", \"attributes\": {\"log\": false, \"step\": 1, \"low\": 10, \"high\": 100}}"}
{"op_code":5,"worker_id":"704c7a27-9f2f-4384-b82a-fe6abbf75993-8071483392","trial_id":11,"param_name":"hidden_size","param_value_internal":16.0,"distribution":"{\"name\": \"IntDistribution\", \"attributes\": {\"log\": false, \"step\": 1, \"low\": 10, \"high\": 100}}"}
{"op_code":5,"worker_id":"704c7a27-9f2f-4384-b82a-fe6abbf75993-8071483392","trial_id":11,"param_name":"dropout","param_value_internal":0.05958345933706131,"distribution":"{\"name\": \"FloatDistribution\", \"attributes\": {\"step\": null, \"low\": 0.0, \"high\": 0.8, \"log\": false}}"}
{"op_code":5,"worker_id":"704c7a27-9f2f-4384-b82a-fe6abbf75993-8071483392","trial_id":11,"param_name":"hidden_num","param_value_internal":5.0,"distribution":"{\"name\": \"IntDistribution\", \"attributes\": {\"log\": false, \"step\": 1, \"low\": 1, \"high\": 5}}"}
{"op_code":6,"worker_id":"704c7a27-9f2f-4384-b82a-fe6abbf75993-8071483392","trial_id":11,"state":1,"values":[0.007363587878926685],"datetime_complete":"2024-11-03T19:39:09.947282"}
{"op_code":4,"worker_id":"704c7a27-9f2f-4384-b82a-fe6abbf75993-8071483392","study_id":0,"datetime_start":"2024-11-03T19:39:09.948890"}
{"op_code":5,"worker_id":"704c7a27-9f2f-4384-b82a-fe6abbf75993-8071483392","trial_id":12,"param_name":"train_epochs","param_value_internal":65.0,"distribution":"{\"name\": \"IntDistribution\", \"attributes\": {\"log\": false, \"step\": 1, \"low\": 10, \"high\": 100}}"}
{"op_code":5,"worker_id":"704c7a27-9f2f-4384-b82a-fe6abbf75993-8071483392","trial_id":12,"param_name":"hidden_size","param_value_internal":84.0,"distribution":"{\"name\": \"IntDistribution\", \"attributes\": {\"log\": false, \"step\": 1, \"low\": 10, \"high\": 100}}"}
{"op_code":5,"worker_id":"704c7a27-9f2f-4384-b82a-fe6abbf75993-8071483392","trial_id":12,"param_name":"dropout","param_value_internal":0.6244414453524421,"distribution":"{\"name\": \"FloatDistribution\", \"attributes\": {\"step\": null, \"low\": 0.0, \"high\": 0.8, \"log\": false}}"}
{"op_code":5,"worker_id":"704c7a27-9f2f-4384-b82a-fe6abbf75993-8071483392","trial_id":12,"param_name":"hidden_num","param_value_internal":4.0,"distribution":"{\"name\": \"IntDistribution\", \"attributes\": {\"log\": false, \"step\": 1, \"low\": 1, \"high\": 5}}"}
{"op_code":6,"worker_id":"704c7a27-9f2f-4384-b82a-fe6abbf75993-8071483392","trial_id":12,"state":1,"values":[0.007367683631001097],"datetime_complete":"2024-11-03T19:40:21.763612"}
{"op_code":4,"worker_id":"704c7a27-9f2f-4384-b82a-fe6abbf75993-8071483392","study_id":0,"datetime_start":"2024-11-03T19:40:21.764827"}
{"op_code":5,"worker_id":"704c7a27-9f2f-4384-b82a-fe6abbf75993-8071483392","trial_id":13,"param_name":"train_epochs","param_value_internal":18.0,"distribution":"{\"name\": \"IntDistribution\", \"attributes\": {\"log\": false, \"step\": 1, \"low\": 10, \"high\": 100}}"}
{"op_code":5,"worker_id":"704c7a27-9f2f-4384-b82a-fe6abbf75993-8071483392","trial_id":13,"param_name":"hidden_size","param_value_internal":64.0,"distribution":"{\"name\": \"IntDistribution\", \"attributes\": {\"log\": false, \"step\": 1, \"low\": 10, \"high\": 100}}"}
{"op_code":5,"worker_id":"704c7a27-9f2f-4384-b82a-fe6abbf75993-8071483392","trial_id":13,"param_name":"dropout","param_value_internal":0.5914700358483569,"distribution":"{\"name\": \"FloatDistribution\", \"attributes\": {\"step\": null, \"low\": 0.0, \"high\": 0.8, \"log\": false}}"}
{"op_code":5,"worker_id":"704c7a27-9f2f-4384-b82a-fe6abbf75993-8071483392","trial_id":13,"param_name":"hidden_num","param_value_internal":3.0,"distribution":"{\"name\": \"IntDistribution\", \"attributes\": {\"log\": false, \"step\": 1, \"low\": 1, \"high\": 5}}"}
{"op_code":6,"worker_id":"704c7a27-9f2f-4384-b82a-fe6abbf75993-8071483392","trial_id":13,"state":1,"values":[0.009713951011442325],"datetime_complete":"2024-11-03T19:40:39.500165"}
{"op_code":4,"worker_id":"704c7a27-9f2f-4384-b82a-fe6abbf75993-8071483392","study_id":0,"datetime_start":"2024-11-03T19:40:39.501121"}
{"op_code":5,"worker_id":"704c7a27-9f2f-4384-b82a-fe6abbf75993-8071483392","trial_id":14,"param_name":"train_epochs","param_value_internal":88.0,"distribution":"{\"name\": \"IntDistribution\", \"attributes\": {\"log\": false, \"step\": 1, \"low\": 10, \"high\": 100}}"}
{"op_code":5,"worker_id":"704c7a27-9f2f-4384-b82a-fe6abbf75993-8071483392","trial_id":14,"param_name":"hidden_size","param_value_internal":59.0,"distribution":"{\"name\": \"IntDistribution\", \"attributes\": {\"log\": false, \"step\": 1, \"low\": 10, \"high\": 100}}"}
{"op_code":5,"worker_id":"704c7a27-9f2f-4384-b82a-fe6abbf75993-8071483392","trial_id":14,"param_name":"dropout","param_value_internal":0.034074476643603725,"distribution":"{\"name\": \"FloatDistribution\", \"attributes\": {\"step\": null, \"low\": 0.0, \"high\": 0.8, \"log\": false}}"}
{"op_code":5,"worker_id":"704c7a27-9f2f-4384-b82a-fe6abbf75993-8071483392","trial_id":14,"param_name":"hidden_num","param_value_internal":4.0,"distribution":"{\"name\": \"IntDistribution\", \"attributes\": {\"log\": false, \"step\": 1, \"low\": 1, \"high\": 5}}"}
{"op_code":6,"worker_id":"704c7a27-9f2f-4384-b82a-fe6abbf75993-8071483392","trial_id":14,"state":1,"values":[0.01083867589124676],"datetime_complete":"2024-11-03T19:42:17.626998"}
{"op_code":4,"worker_id":"704c7a27-9f2f-4384-b82a-fe6abbf75993-8071483392","study_id":0,"datetime_start":"2024-11-03T19:42:17.628155"}
{"op_code":5,"worker_id":"704c7a27-9f2f-4384-b82a-fe6abbf75993-8071483392","trial_id":15,"param_name":"train_epochs","param_value_internal":20.0,"distribution":"{\"name\": \"IntDistribution\", \"attributes\": {\"log\": false, \"step\": 1, \"low\": 10, \"high\": 100}}"}
{"op_code":5,"worker_id":"704c7a27-9f2f-4384-b82a-fe6abbf75993-8071483392","trial_id":15,"param_name":"hidden_size","param_value_internal":33.0,"distribution":"{\"name\": \"IntDistribution\", \"attributes\": {\"log\": false, \"step\": 1, \"low\": 10, \"high\": 100}}"}
{"op_code":5,"worker_id":"704c7a27-9f2f-4384-b82a-fe6abbf75993-8071483392","trial_id":15,"param_name":"dropout","param_value_internal":0.12071226970512816,"distribution":"{\"name\": \"FloatDistribution\", \"attributes\": {\"step\": null, \"low\": 0.0, \"high\": 0.8, \"log\": false}}"}
{"op_code":5,"worker_id":"704c7a27-9f2f-4384-b82a-fe6abbf75993-8071483392","trial_id":15,"param_name":"hidden_num","param_value_internal":2.0,"distribution":"{\"name\": \"IntDistribution\", \"attributes\": {\"log\": false, \"step\": 1, \"low\": 1, \"high\": 5}}"}
{"op_code":6,"worker_id":"704c7a27-9f2f-4384-b82a-fe6abbf75993-8071483392","trial_id":15,"state":1,"values":[0.7179608391880086],"datetime_complete":"2024-11-03T19:42:33.303821"}
{"op_code":4,"worker_id":"704c7a27-9f2f-4384-b82a-fe6abbf75993-8071483392","study_id":0,"datetime_start":"2024-11-03T19:42:33.305030"}
{"op_code":5,"worker_id":"704c7a27-9f2f-4384-b82a-fe6abbf75993-8071483392","trial_id":16,"param_name":"train_epochs","param_value_internal":45.0,"distribution":"{\"name\": \"IntDistribution\", \"attributes\": {\"log\": false, \"step\": 1, \"low\": 10, \"high\": 100}}"}
{"op_code":5,"worker_id":"704c7a27-9f2f-4384-b82a-fe6abbf75993-8071483392","trial_id":16,"param_name":"hidden_size","param_value_internal":44.0,"distribution":"{\"name\": \"IntDistribution\", \"attributes\": {\"log\": false, \"step\": 1, \"low\": 10, \"high\": 100}}"}
{"op_code":5,"worker_id":"704c7a27-9f2f-4384-b82a-fe6abbf75993-8071483392","trial_id":16,"param_name":"dropout","param_value_internal":0.3543691060399003,"distribution":"{\"name\": \"FloatDistribution\", \"attributes\": {\"step\": null, \"low\": 0.0, \"high\": 0.8, \"log\": false}}"}
{"op_code":5,"worker_id":"704c7a27-9f2f-4384-b82a-fe6abbf75993-8071483392","trial_id":16,"param_name":"hidden_num","param_value_internal":1.0,"distribution":"{\"name\": \"IntDistribution\", \"attributes\": {\"log\": false, \"step\": 1, \"low\": 1, \"high\": 5}}"}
{"op_code":6,"worker_id":"704c7a27-9f2f-4384-b82a-fe6abbf75993-8071483392","trial_id":16,"state":1,"values":[0.0060762758066905944],"datetime_complete":"2024-11-03T19:43:01.024546"}
{"op_code":4,"worker_id":"704c7a27-9f2f-4384-b82a-fe6abbf75993-8071483392","study_id":0,"datetime_start":"2024-11-03T19:43:01.025620"}
{"op_code":5,"worker_id":"704c7a27-9f2f-4384-b82a-fe6abbf75993-8071483392","trial_id":17,"param_name":"train_epochs","param_value_internal":44.0,"distribution":"{\"name\": \"IntDistribution\", \"attributes\": {\"log\": false, \"step\": 1, \"low\": 10, \"high\": 100}}"}
{"op_code":5,"worker_id":"704c7a27-9f2f-4384-b82a-fe6abbf75993-8071483392","trial_id":17,"param_name":"hidden_size","param_value_internal":42.0,"distribution":"{\"name\": \"IntDistribution\", \"attributes\": {\"log\": false, \"step\": 1, \"low\": 10, \"high\": 100}}"}
{"op_code":5,"worker_id":"704c7a27-9f2f-4384-b82a-fe6abbf75993-8071483392","trial_id":17,"param_name":"dropout","param_value_internal":0.3594380956319531,"distribution":"{\"name\": \"FloatDistribution\", \"attributes\": {\"step\": null, \"low\": 0.0, \"high\": 0.8, \"log\": false}}"}
{"op_code":5,"worker_id":"704c7a27-9f2f-4384-b82a-fe6abbf75993-8071483392","trial_id":17,"param_name":"hidden_num","param_value_internal":1.0,"distribution":"{\"name\": \"IntDistribution\", \"attributes\": {\"log\": false, \"step\": 1, \"low\": 1, \"high\": 5}}"}
{"op_code":6,"worker_id":"704c7a27-9f2f-4384-b82a-fe6abbf75993-8071483392","trial_id":17,"state":1,"values":[0.018951644133211987],"datetime_complete":"2024-11-03T19:43:27.119514"}
{"op_code":4,"worker_id":"704c7a27-9f2f-4384-b82a-fe6abbf75993-8071483392","study_id":0,"datetime_start":"2024-11-03T19:43:27.120680"}
{"op_code":5,"worker_id":"704c7a27-9f2f-4384-b82a-fe6abbf75993-8071483392","trial_id":18,"param_name":"train_epochs","param_value_internal":39.0,"distribution":"{\"name\": \"IntDistribution\", \"attributes\": {\"log\": false, \"step\": 1, \"low\": 10, \"high\": 100}}"}
{"op_code":5,"worker_id":"704c7a27-9f2f-4384-b82a-fe6abbf75993-8071483392","trial_id":18,"param_name":"hidden_size","param_value_internal":46.0,"distribution":"{\"name\": \"IntDistribution\", \"attributes\": {\"log\": false, \"step\": 1, \"low\": 10, \"high\": 100}}"}
{"op_code":5,"worker_id":"704c7a27-9f2f-4384-b82a-fe6abbf75993-8071483392","trial_id":18,"param_name":"dropout","param_value_internal":0.349752291574295,"distribution":"{\"name\": \"FloatDistribution\", \"attributes\": {\"step\": null, \"low\": 0.0, \"high\": 0.8, \"log\": false}}"}
{"op_code":5,"worker_id":"704c7a27-9f2f-4384-b82a-fe6abbf75993-8071483392","trial_id":18,"param_name":"hidden_num","param_value_internal":1.0,"distribution":"{\"name\": \"IntDistribution\", \"attributes\": {\"log\": false, \"step\": 1, \"low\": 1, \"high\": 5}}"}
{"op_code":6,"worker_id":"704c7a27-9f2f-4384-b82a-fe6abbf75993-8071483392","trial_id":18,"state":1,"values":[0.0346151804057599],"datetime_complete":"2024-11-03T19:43:49.933238"}
{"op_code":4,"worker_id":"704c7a27-9f2f-4384-b82a-fe6abbf75993-8071483392","study_id":0,"datetime_start":"2024-11-03T19:43:49.934398"}
{"op_code":5,"worker_id":"704c7a27-9f2f-4384-b82a-fe6abbf75993-8071483392","trial_id":19,"param_name":"train_epochs","param_value_internal":66.0,"distribution":"{\"name\": \"IntDistribution\", \"attributes\": {\"log\": false, \"step\": 1, \"low\": 10, \"high\": 100}}"}
{"op_code":5,"worker_id":"704c7a27-9f2f-4384-b82a-fe6abbf75993-8071483392","trial_id":19,"param_name":"hidden_size","param_value_internal":75.0,"distribution":"{\"name\": \"IntDistribution\", \"attributes\": {\"log\": false, \"step\": 1, \"low\": 10, \"high\": 100}}"}
{"op_code":5,"worker_id":"704c7a27-9f2f-4384-b82a-fe6abbf75993-8071483392","trial_id":19,"param_name":"dropout","param_value_internal":0.23951434145552267,"distribution":"{\"name\": \"FloatDistribution\", \"attributes\": {\"step\": null, \"low\": 0.0, \"high\": 0.8, \"log\": false}}"}
{"op_code":5,"worker_id":"704c7a27-9f2f-4384-b82a-fe6abbf75993-8071483392","trial_id":19,"param_name":"hidden_num","param_value_internal":2.0,"distribution":"{\"name\": \"IntDistribution\", \"attributes\": {\"log\": false, \"step\": 1, \"low\": 1, \"high\": 5}}"}
{"op_code":6,"worker_id":"704c7a27-9f2f-4384-b82a-fe6abbf75993-8071483392","trial_id":19,"state":1,"values":[0.006984947923091099],"datetime_complete":"2024-11-03T19:44:38.635466"}
{"op_code":4,"worker_id":"704c7a27-9f2f-4384-b82a-fe6abbf75993-8071483392","study_id":0,"datetime_start":"2024-11-03T19:44:38.636682"}
{"op_code":5,"worker_id":"704c7a27-9f2f-4384-b82a-fe6abbf75993-8071483392","trial_id":20,"param_name":"train_epochs","param_value_internal":39.0,"distribution":"{\"name\": \"IntDistribution\", \"attributes\": {\"log\": false, \"step\": 1, \"low\": 10, \"high\": 100}}"}
{"op_code":5,"worker_id":"704c7a27-9f2f-4384-b82a-fe6abbf75993-8071483392","trial_id":20,"param_name":"hidden_size","param_value_internal":18.0,"distribution":"{\"name\": \"IntDistribution\", \"attributes\": {\"log\": false, \"step\": 1, \"low\": 10, \"high\": 100}}"}
{"op_code":5,"worker_id":"704c7a27-9f2f-4384-b82a-fe6abbf75993-8071483392","trial_id":20,"param_name":"dropout","param_value_internal":0.5056736997853543,"distribution":"{\"name\": \"FloatDistribution\", \"attributes\": {\"step\": null, \"low\": 0.0, \"high\": 0.8, \"log\": false}}"}
{"op_code":5,"worker_id":"704c7a27-9f2f-4384-b82a-fe6abbf75993-8071483392","trial_id":20,"param_name":"hidden_num","param_value_internal":1.0,"distribution":"{\"name\": \"IntDistribution\", \"attributes\": {\"log\": false, \"step\": 1, \"low\": 1, \"high\": 5}}"}
{"op_code":6,"worker_id":"704c7a27-9f2f-4384-b82a-fe6abbf75993-8071483392","trial_id":20,"state":1,"values":[0.0069897633017689895],"datetime_complete":"2024-11-03T19:45:02.001943"}
{"op_code":4,"worker_id":"704c7a27-9f2f-4384-b82a-fe6abbf75993-8071483392","study_id":0,"datetime_start":"2024-11-03T19:45:02.003095"}
{"op_code":5,"worker_id":"704c7a27-9f2f-4384-b82a-fe6abbf75993-8071483392","trial_id":21,"param_name":"train_epochs","param_value_internal":31.0,"distribution":"{\"name\": \"IntDistribution\", \"attributes\": {\"log\": false, \"step\": 1, \"low\": 10, \"high\": 100}}"}
{"op_code":5,"worker_id":"704c7a27-9f2f-4384-b82a-fe6abbf75993-8071483392","trial_id":21,"param_name":"hidden_size","param_value_internal":52.0,"distribution":"{\"name\": \"IntDistribution\", \"attributes\": {\"log\": false, \"step\": 1, \"low\": 10, \"high\": 100}}"}
{"op_code":5,"worker_id":"704c7a27-9f2f-4384-b82a-fe6abbf75993-8071483392","trial_id":21,"param_name":"dropout","param_value_internal":0.7447402362731572,"distribution":"{\"name\": \"FloatDistribution\", \"attributes\": {\"step\": null, \"low\": 0.0, \"high\": 0.8, \"log\": false}}"}
{"op_code":5,"worker_id":"704c7a27-9f2f-4384-b82a-fe6abbf75993-8071483392","trial_id":21,"param_name":"hidden_num","param_value_internal":2.0,"distribution":"{\"name\": \"IntDistribution\", \"attributes\": {\"log\": false, \"step\": 1, \"low\": 1, \"high\": 5}}"}
{"op_code":6,"worker_id":"704c7a27-9f2f-4384-b82a-fe6abbf75993-8071483392","trial_id":21,"state":1,"values":[0.007924554382704875],"datetime_complete":"2024-11-03T19:45:26.219347"}
{"op_code":4,"worker_id":"704c7a27-9f2f-4384-b82a-fe6abbf75993-8071483392","study_id":0,"datetime_start":"2024-11-03T19:45:26.220178"}
{"op_code":5,"worker_id":"704c7a27-9f2f-4384-b82a-fe6abbf75993-8071483392","trial_id":22,"param_name":"train_epochs","param_value_internal":56.0,"distribution":"{\"name\": \"IntDistribution\", \"attributes\": {\"log\": false, \"step\": 1, \"low\": 10, \"high\": 100}}"}
{"op_code":5,"worker_id":"704c7a27-9f2f-4384-b82a-fe6abbf75993-8071483392","trial_id":22,"param_name":"hidden_size","param_value_internal":67.0,"distribution":"{\"name\": \"IntDistribution\", \"attributes\": {\"log\": false, \"step\": 1, \"low\": 10, \"high\": 100}}"}
{"op_code":5,"worker_id":"704c7a27-9f2f-4384-b82a-fe6abbf75993-8071483392","trial_id":22,"param_name":"dropout","param_value_internal":0.4536833300892427,"distribution":"{\"name\": \"FloatDistribution\", \"attributes\": {\"step\": null, \"low\": 0.0, \"high\": 0.8, \"log\": false}}"}
{"op_code":5,"worker_id":"704c7a27-9f2f-4384-b82a-fe6abbf75993-8071483392","trial_id":22,"param_name":"hidden_num","param_value_internal":1.0,"distribution":"{\"name\": \"IntDistribution\", \"attributes\": {\"log\": false, \"step\": 1, \"low\": 1, \"high\": 5}}"}
{"op_code":6,"worker_id":"704c7a27-9f2f-4384-b82a-fe6abbf75993-8071483392","trial_id":22,"state":1,"values":[0.007093016587367112],"datetime_complete":"2024-11-03T19:45:59.372179"}
{"op_code":4,"worker_id":"704c7a27-9f2f-4384-b82a-fe6abbf75993-8071483392","study_id":0,"datetime_start":"2024-11-03T19:45:59.373332"}
{"op_code":5,"worker_id":"704c7a27-9f2f-4384-b82a-fe6abbf75993-8071483392","trial_id":23,"param_name":"train_epochs","param_value_internal":77.0,"distribution":"{\"name\": \"IntDistribution\", \"attributes\": {\"log\": false, \"step\": 1, \"low\": 10, \"high\": 100}}"}
{"op_code":5,"worker_id":"704c7a27-9f2f-4384-b82a-fe6abbf75993-8071483392","trial_id":23,"param_name":"hidden_size","param_value_internal":27.0,"distribution":"{\"name\": \"IntDistribution\", \"attributes\": {\"log\": false, \"step\": 1, \"low\": 10, \"high\": 100}}"}
{"op_code":5,"worker_id":"704c7a27-9f2f-4384-b82a-fe6abbf75993-8071483392","trial_id":23,"param_name":"dropout","param_value_internal":0.26981239692916215,"distribution":"{\"name\": \"FloatDistribution\", \"attributes\": {\"step\": null, \"low\": 0.0, \"high\": 0.8, \"log\": false}}"}
{"op_code":5,"worker_id":"704c7a27-9f2f-4384-b82a-fe6abbf75993-8071483392","trial_id":23,"param_name":"hidden_num","param_value_internal":3.0,"distribution":"{\"name\": \"IntDistribution\", \"attributes\": {\"log\": false, \"step\": 1, \"low\": 1, \"high\": 5}}"}
{"op_code":6,"worker_id":"704c7a27-9f2f-4384-b82a-fe6abbf75993-8071483392","trial_id":23,"state":1,"values":[0.007327153467375672],"datetime_complete":"2024-11-03T19:47:12.264236"}
{"op_code":4,"worker_id":"704c7a27-9f2f-4384-b82a-fe6abbf75993-8071483392","study_id":0,"datetime_start":"2024-11-03T19:47:12.265545"}
{"op_code":5,"worker_id":"704c7a27-9f2f-4384-b82a-fe6abbf75993-8071483392","trial_id":24,"param_name":"train_epochs","param_value_internal":55.0,"distribution":"{\"name\": \"IntDistribution\", \"attributes\": {\"log\": false, \"step\": 1, \"low\": 10, \"high\": 100}}"}
{"op_code":5,"worker_id":"704c7a27-9f2f-4384-b82a-fe6abbf75993-8071483392","trial_id":24,"param_name":"hidden_size","param_value_internal":82.0,"distribution":"{\"name\": \"IntDistribution\", \"attributes\": {\"log\": false, \"step\": 1, \"low\": 10, \"high\": 100}}"}
{"op_code":5,"worker_id":"704c7a27-9f2f-4384-b82a-fe6abbf75993-8071483392","trial_id":24,"param_name":"dropout","param_value_internal":0.6910583935768021,"distribution":"{\"name\": \"FloatDistribution\", \"attributes\": {\"step\": null, \"low\": 0.0, \"high\": 0.8, \"log\": false}}"}
{"op_code":5,"worker_id":"704c7a27-9f2f-4384-b82a-fe6abbf75993-8071483392","trial_id":24,"param_name":"hidden_num","param_value_internal":1.0,"distribution":"{\"name\": \"IntDistribution\", \"attributes\": {\"log\": false, \"step\": 1, \"low\": 1, \"high\": 5}}"}
{"op_code":6,"worker_id":"704c7a27-9f2f-4384-b82a-fe6abbf75993-8071483392","trial_id":24,"state":1,"values":[0.008412814480393674],"datetime_complete":"2024-11-03T19:47:44.714303"}
{"op_code":4,"worker_id":"704c7a27-9f2f-4384-b82a-fe6abbf75993-8071483392","study_id":0,"datetime_start":"2024-11-03T19:47:44.716035"}
{"op_code":5,"worker_id":"704c7a27-9f2f-4384-b82a-fe6abbf75993-8071483392","trial_id":25,"param_name":"train_epochs","param_value_internal":64.0,"distribution":"{\"name\": \"IntDistribution\", \"attributes\": {\"log\": false, \"step\": 1, \"low\": 10, \"high\": 100}}"}
{"op_code":5,"worker_id":"704c7a27-9f2f-4384-b82a-fe6abbf75993-8071483392","trial_id":25,"param_name":"hidden_size","param_value_internal":52.0,"distribution":"{\"name\": \"IntDistribution\", \"attributes\": {\"log\": false, \"step\": 1, \"low\": 10, \"high\": 100}}"}
{"op_code":5,"worker_id":"704c7a27-9f2f-4384-b82a-fe6abbf75993-8071483392","trial_id":25,"param_name":"dropout","param_value_internal":0.41626275389718953,"distribution":"{\"name\": \"FloatDistribution\", \"attributes\": {\"step\": null, \"low\": 0.0, \"high\": 0.8, \"log\": false}}"}
{"op_code":5,"worker_id":"704c7a27-9f2f-4384-b82a-fe6abbf75993-8071483392","trial_id":25,"param_name":"hidden_num","param_value_internal":2.0,"distribution":"{\"name\": \"IntDistribution\", \"attributes\": {\"log\": false, \"step\": 1, \"low\": 1, \"high\": 5}}"}
{"op_code":6,"worker_id":"704c7a27-9f2f-4384-b82a-fe6abbf75993-8071483392","trial_id":25,"state":1,"values":[0.0076591065859026985],"datetime_complete":"2024-11-03T19:48:32.822629"}
{"op_code":4,"worker_id":"704c7a27-9f2f-4384-b82a-fe6abbf75993-8071483392","study_id":0,"datetime_start":"2024-11-03T19:48:32.823980"}
{"op_code":5,"worker_id":"704c7a27-9f2f-4384-b82a-fe6abbf75993-8071483392","trial_id":26,"param_name":"train_epochs","param_value_internal":29.0,"distribution":"{\"name\": \"IntDistribution\", \"attributes\": {\"log\": false, \"step\": 1, \"low\": 10, \"high\": 100}}"}
{"op_code":5,"worker_id":"704c7a27-9f2f-4384-b82a-fe6abbf75993-8071483392","trial_id":26,"param_name":"hidden_size","param_value_internal":41.0,"distribution":"{\"name\": \"IntDistribution\", \"attributes\": {\"log\": false, \"step\": 1, \"low\": 10, \"high\": 100}}"}
{"op_code":5,"worker_id":"704c7a27-9f2f-4384-b82a-fe6abbf75993-8071483392","trial_id":26,"param_name":"dropout","param_value_internal":0.2637409241844386,"distribution":"{\"name\": \"FloatDistribution\", \"attributes\": {\"step\": null, \"low\": 0.0, \"high\": 0.8, \"log\": false}}"}
{"op_code":5,"worker_id":"704c7a27-9f2f-4384-b82a-fe6abbf75993-8071483392","trial_id":26,"param_name":"hidden_num","param_value_internal":3.0,"distribution":"{\"name\": \"IntDistribution\", \"attributes\": {\"log\": false, \"step\": 1, \"low\": 1, \"high\": 5}}"}
{"op_code":6,"worker_id":"704c7a27-9f2f-4384-b82a-fe6abbf75993-8071483392","trial_id":26,"state":1,"values":[0.008004630894654176],"datetime_complete":"2024-11-03T19:49:00.777003"}
{"op_code":4,"worker_id":"704c7a27-9f2f-4384-b82a-fe6abbf75993-8071483392","study_id":0,"datetime_start":"2024-11-03T19:49:00.777993"}
{"op_code":5,"worker_id":"704c7a27-9f2f-4384-b82a-fe6abbf75993-8071483392","trial_id":27,"param_name":"train_epochs","param_value_internal":68.0,"distribution":"{\"name\": \"IntDistribution\", \"attributes\": {\"log\": false, \"step\": 1, \"low\": 10, \"high\": 100}}"}
{"op_code":5,"worker_id":"704c7a27-9f2f-4384-b82a-fe6abbf75993-8071483392","trial_id":27,"param_name":"hidden_size","param_value_internal":80.0,"distribution":"{\"name\": \"IntDistribution\", \"attributes\": {\"log\": false, \"step\": 1, \"low\": 10, \"high\": 100}}"}
{"op_code":5,"worker_id":"704c7a27-9f2f-4384-b82a-fe6abbf75993-8071483392","trial_id":27,"param_name":"dropout","param_value_internal":0.2752431907814107,"distribution":"{\"name\": \"FloatDistribution\", \"attributes\": {\"step\": null, \"low\": 0.0, \"high\": 0.8, \"log\": false}}"}
{"op_code":5,"worker_id":"704c7a27-9f2f-4384-b82a-fe6abbf75993-8071483392","trial_id":27,"param_name":"hidden_num","param_value_internal":2.0,"distribution":"{\"name\": \"IntDistribution\", \"attributes\": {\"log\": false, \"step\": 1, \"low\": 1, \"high\": 5}}"}
{"op_code":6,"worker_id":"704c7a27-9f2f-4384-b82a-fe6abbf75993-8071483392","trial_id":27,"state":1,"values":[0.007317036757189216],"datetime_complete":"2024-11-03T19:49:50.913147"}
{"op_code":4,"worker_id":"704c7a27-9f2f-4384-b82a-fe6abbf75993-8071483392","study_id":0,"datetime_start":"2024-11-03T19:49:50.914214"}
{"op_code":5,"worker_id":"704c7a27-9f2f-4384-b82a-fe6abbf75993-8071483392","trial_id":28,"param_name":"train_epochs","param_value_internal":79.0,"distribution":"{\"name\": \"IntDistribution\", \"attributes\": {\"log\": false, \"step\": 1, \"low\": 10, \"high\": 100}}"}
{"op_code":5,"worker_id":"704c7a27-9f2f-4384-b82a-fe6abbf75993-8071483392","trial_id":28,"param_name":"hidden_size","param_value_internal":93.0,"distribution":"{\"name\": \"IntDistribution\", \"attributes\": {\"log\": false, \"step\": 1, \"low\": 10, \"high\": 100}}"}
{"op_code":5,"worker_id":"704c7a27-9f2f-4384-b82a-fe6abbf75993-8071483392","trial_id":28,"param_name":"dropout","param_value_internal":0.17338027504567655,"distribution":"{\"name\": \"FloatDistribution\", \"attributes\": {\"step\": null, \"low\": 0.0, \"high\": 0.8, \"log\": false}}"}
{"op_code":5,"worker_id":"704c7a27-9f2f-4384-b82a-fe6abbf75993-8071483392","trial_id":28,"param_name":"hidden_num","param_value_internal":1.0,"distribution":"{\"name\": \"IntDistribution\", \"attributes\": {\"log\": false, \"step\": 1, \"low\": 1, \"high\": 5}}"}
{"op_code":6,"worker_id":"704c7a27-9f2f-4384-b82a-fe6abbf75993-8071483392","trial_id":28,"state":1,"values":[0.0263105889387203],"datetime_complete":"2024-11-03T19:50:39.057483"}
{"op_code":4,"worker_id":"704c7a27-9f2f-4384-b82a-fe6abbf75993-8071483392","study_id":0,"datetime_start":"2024-11-03T19:50:39.059589"}
{"op_code":5,"worker_id":"704c7a27-9f2f-4384-b82a-fe6abbf75993-8071483392","trial_id":29,"param_name":"train_epochs","param_value_internal":47.0,"distribution":"{\"name\": \"IntDistribution\", \"attributes\": {\"log\": false, \"step\": 1, \"low\": 10, \"high\": 100}}"}
{"op_code":5,"worker_id":"704c7a27-9f2f-4384-b82a-fe6abbf75993-8071483392","trial_id":29,"param_name":"hidden_size","param_value_internal":71.0,"distribution":"{\"name\": \"IntDistribution\", \"attributes\": {\"log\": false, \"step\": 1, \"low\": 10, \"high\": 100}}"}
{"op_code":5,"worker_id":"704c7a27-9f2f-4384-b82a-fe6abbf75993-8071483392","trial_id":29,"param_name":"dropout","param_value_internal":0.4704868991914262,"distribution":"{\"name\": \"FloatDistribution\", \"attributes\": {\"step\": null, \"low\": 0.0, \"high\": 0.8, \"log\": false}}"}
{"op_code":5,"worker_id":"704c7a27-9f2f-4384-b82a-fe6abbf75993-8071483392","trial_id":29,"param_name":"hidden_num","param_value_internal":2.0,"distribution":"{\"name\": \"IntDistribution\", \"attributes\": {\"log\": false, \"step\": 1, \"low\": 1, \"high\": 5}}"}
{"op_code":6,"worker_id":"704c7a27-9f2f-4384-b82a-fe6abbf75993-8071483392","trial_id":29,"state":1,"values":[0.00915506236241058],"datetime_complete":"2024-11-03T19:51:13.981353"}
{"op_code":4,"worker_id":"704c7a27-9f2f-4384-b82a-fe6abbf75993-8071483392","study_id":0,"datetime_start":"2024-11-03T19:51:13.983075"}
{"op_code":5,"worker_id":"704c7a27-9f2f-4384-b82a-fe6abbf75993-8071483392","trial_id":30,"param_name":"train_epochs","param_value_internal":59.0,"distribution":"{\"name\": \"IntDistribution\", \"attributes\": {\"log\": false, \"step\": 1, \"low\": 10, \"high\": 100}}"}
{"op_code":5,"worker_id":"704c7a27-9f2f-4384-b82a-fe6abbf75993-8071483392","trial_id":30,"param_name":"hidden_size","param_value_internal":89.0,"distribution":"{\"name\": \"IntDistribution\", \"attributes\": {\"log\": false, \"step\": 1, \"low\": 10, \"high\": 100}}"}
{"op_code":5,"worker_id":"704c7a27-9f2f-4384-b82a-fe6abbf75993-8071483392","trial_id":30,"param_name":"dropout","param_value_internal":0.3489697870690024,"distribution":"{\"name\": \"FloatDistribution\", \"attributes\": {\"step\": null, \"low\": 0.0, \"high\": 0.8, \"log\": false}}"}
{"op_code":5,"worker_id":"704c7a27-9f2f-4384-b82a-fe6abbf75993-8071483392","trial_id":30,"param_name":"hidden_num","param_value_internal":1.0,"distribution":"{\"name\": \"IntDistribution\", \"attributes\": {\"log\": false, \"step\": 1, \"low\": 1, \"high\": 5}}"}
{"op_code":6,"worker_id":"704c7a27-9f2f-4384-b82a-fe6abbf75993-8071483392","trial_id":30,"state":1,"values":[0.00693177945460334],"datetime_complete":"2024-11-03T19:51:50.215534"}
{"op_code":4,"worker_id":"704c7a27-9f2f-4384-b82a-fe6abbf75993-8071483392","study_id":0,"datetime_start":"2024-11-03T19:51:50.216716"}
{"op_code":5,"worker_id":"704c7a27-9f2f-4384-b82a-fe6abbf75993-8071483392","trial_id":31,"param_name":"train_epochs","param_value_internal":57.0,"distribution":"{\"name\": \"IntDistribution\", \"attributes\": {\"log\": false, \"step\": 1, \"low\": 10, \"high\": 100}}"}
{"op_code":5,"worker_id":"704c7a27-9f2f-4384-b82a-fe6abbf75993-8071483392","trial_id":31,"param_name":"hidden_size","param_value_internal":99.0,"distribution":"{\"name\": \"IntDistribution\", \"attributes\": {\"log\": false, \"step\": 1, \"low\": 10, \"high\": 100}}"}
{"op_code":5,"worker_id":"704c7a27-9f2f-4384-b82a-fe6abbf75993-8071483392","trial_id":31,"param_name":"dropout","param_value_internal":0.5245066142073984,"distribution":"{\"name\": \"FloatDistribution\", \"attributes\": {\"step\": null, \"low\": 0.0, \"high\": 0.8, \"log\": false}}"}
{"op_code":5,"worker_id":"704c7a27-9f2f-4384-b82a-fe6abbf75993-8071483392","trial_id":31,"param_name":"hidden_num","param_value_internal":1.0,"distribution":"{\"name\": \"IntDistribution\", \"attributes\": {\"log\": false, \"step\": 1, \"low\": 1, \"high\": 5}}"}
{"op_code":6,"worker_id":"704c7a27-9f2f-4384-b82a-fe6abbf75993-8071483392","trial_id":31,"state":1,"values":[0.00899683020543307],"datetime_complete":"2024-11-03T19:52:25.073620"}
{"op_code":4,"worker_id":"704c7a27-9f2f-4384-b82a-fe6abbf75993-8071483392","study_id":0,"datetime_start":"2024-11-03T19:52:25.074862"}
{"op_code":5,"worker_id":"704c7a27-9f2f-4384-b82a-fe6abbf75993-8071483392","trial_id":32,"param_name":"train_epochs","param_value_internal":48.0,"distribution":"{\"name\": \"IntDistribution\", \"attributes\": {\"log\": false, \"step\": 1, \"low\": 10, \"high\": 100}}"}
{"op_code":5,"worker_id":"704c7a27-9f2f-4384-b82a-fe6abbf75993-8071483392","trial_id":32,"param_name":"hidden_size","param_value_internal":90.0,"distribution":"{\"name\": \"IntDistribution\", \"attributes\": {\"log\": false, \"step\": 1, \"low\": 10, \"high\": 100}}"}
{"op_code":5,"worker_id":"704c7a27-9f2f-4384-b82a-fe6abbf75993-8071483392","trial_id":32,"param_name":"dropout","param_value_internal":0.3460827559530684,"distribution":"{\"name\": \"FloatDistribution\", \"attributes\": {\"step\": null, \"low\": 0.0, \"high\": 0.8, \"log\": false}}"}
{"op_code":5,"worker_id":"704c7a27-9f2f-4384-b82a-fe6abbf75993-8071483392","trial_id":32,"param_name":"hidden_num","param_value_internal":1.0,"distribution":"{\"name\": \"IntDistribution\", \"attributes\": {\"log\": false, \"step\": 1, \"low\": 1, \"high\": 5}}"}
{"op_code":6,"worker_id":"704c7a27-9f2f-4384-b82a-fe6abbf75993-8071483392","trial_id":32,"state":1,"values":[0.007885053203525868],"datetime_complete":"2024-11-03T19:52:54.384190"}
{"op_code":4,"worker_id":"704c7a27-9f2f-4384-b82a-fe6abbf75993-8071483392","study_id":0,"datetime_start":"2024-11-03T19:52:54.385429"}
{"op_code":5,"worker_id":"704c7a27-9f2f-4384-b82a-fe6abbf75993-8071483392","trial_id":33,"param_name":"train_epochs","param_value_internal":61.0,"distribution":"{\"name\": \"IntDistribution\", \"attributes\": {\"log\": false, \"step\": 1, \"low\": 10, \"high\": 100}}"}
{"op_code":5,"worker_id":"704c7a27-9f2f-4384-b82a-fe6abbf75993-8071483392","trial_id":33,"param_name":"hidden_size","param_value_internal":88.0,"distribution":"{\"name\": \"IntDistribution\", \"attributes\": {\"log\": false, \"step\": 1, \"low\": 10, \"high\": 100}}"}
{"op_code":5,"worker_id":"704c7a27-9f2f-4384-b82a-fe6abbf75993-8071483392","trial_id":33,"param_name":"dropout","param_value_internal":0.40408259623668447,"distribution":"{\"name\": \"FloatDistribution\", \"attributes\": {\"step\": null, \"low\": 0.0, \"high\": 0.8, \"log\": false}}"}
{"op_code":5,"worker_id":"704c7a27-9f2f-4384-b82a-fe6abbf75993-8071483392","trial_id":33,"param_name":"hidden_num","param_value_internal":1.0,"distribution":"{\"name\": \"IntDistribution\", \"attributes\": {\"log\": false, \"step\": 1, \"low\": 1, \"high\": 5}}"}
{"op_code":6,"worker_id":"704c7a27-9f2f-4384-b82a-fe6abbf75993-8071483392","trial_id":33,"state":1,"values":[0.020485944813117385],"datetime_complete":"2024-11-03T19:53:31.487086"}
{"op_code":4,"worker_id":"704c7a27-9f2f-4384-b82a-fe6abbf75993-8071483392","study_id":0,"datetime_start":"2024-11-03T19:53:31.488278"}
{"op_code":5,"worker_id":"704c7a27-9f2f-4384-b82a-fe6abbf75993-8071483392","trial_id":34,"param_name":"train_epochs","param_value_internal":74.0,"distribution":"{\"name\": \"IntDistribution\", \"attributes\": {\"log\": false, \"step\": 1, \"low\": 10, \"high\": 100}}"}
{"op_code":5,"worker_id":"704c7a27-9f2f-4384-b82a-fe6abbf75993-8071483392","trial_id":34,"param_name":"hidden_size","param_value_internal":60.0,"distribution":"{\"name\": \"IntDistribution\", \"attributes\": {\"log\": false, \"step\": 1, \"low\": 10, \"high\": 100}}"}
{"op_code":5,"worker_id":"704c7a27-9f2f-4384-b82a-fe6abbf75993-8071483392","trial_id":34,"param_name":"dropout","param_value_internal":0.7036007899386899,"distribution":"{\"name\": \"FloatDistribution\", \"attributes\": {\"step\": null, \"low\": 0.0, \"high\": 0.8, \"log\": false}}"}
{"op_code":5,"worker_id":"704c7a27-9f2f-4384-b82a-fe6abbf75993-8071483392","trial_id":34,"param_name":"hidden_num","param_value_internal":2.0,"distribution":"{\"name\": \"IntDistribution\", \"attributes\": {\"log\": false, \"step\": 1, \"low\": 1, \"high\": 5}}"}
{"op_code":6,"worker_id":"704c7a27-9f2f-4384-b82a-fe6abbf75993-8071483392","trial_id":34,"state":1,"values":[0.00966156355218228],"datetime_complete":"2024-11-03T19:54:27.029536"}
{"op_code":4,"worker_id":"704c7a27-9f2f-4384-b82a-fe6abbf75993-8071483392","study_id":0,"datetime_start":"2024-11-03T19:54:27.030661"}
{"op_code":5,"worker_id":"704c7a27-9f2f-4384-b82a-fe6abbf75993-8071483392","trial_id":35,"param_name":"train_epochs","param_value_internal":84.0,"distribution":"{\"name\": \"IntDistribution\", \"attributes\": {\"log\": false, \"step\": 1, \"low\": 10, \"high\": 100}}"}
{"op_code":5,"worker_id":"704c7a27-9f2f-4384-b82a-fe6abbf75993-8071483392","trial_id":35,"param_name":"hidden_size","param_value_internal":78.0,"distribution":"{\"name\": \"IntDistribution\", \"attributes\": {\"log\": false, \"step\": 1, \"low\": 10, \"high\": 100}}"}
{"op_code":5,"worker_id":"704c7a27-9f2f-4384-b82a-fe6abbf75993-8071483392","trial_id":35,"param_name":"dropout","param_value_internal":0.18241095407189384,"distribution":"{\"name\": \"FloatDistribution\", \"attributes\": {\"step\": null, \"low\": 0.0, \"high\": 0.8, \"log\": false}}"}
{"op_code":5,"worker_id":"704c7a27-9f2f-4384-b82a-fe6abbf75993-8071483392","trial_id":35,"param_name":"hidden_num","param_value_internal":4.0,"distribution":"{\"name\": \"IntDistribution\", \"attributes\": {\"log\": false, \"step\": 1, \"low\": 1, \"high\": 5}}"}
{"op_code":6,"worker_id":"704c7a27-9f2f-4384-b82a-fe6abbf75993-8071483392","trial_id":35,"state":1,"values":[0.007661214690994133],"datetime_complete":"2024-11-03T19:56:02.481606"}
{"op_code":4,"worker_id":"704c7a27-9f2f-4384-b82a-fe6abbf75993-8071483392","study_id":0,"datetime_start":"2024-11-03T19:56:02.482841"}
{"op_code":5,"worker_id":"704c7a27-9f2f-4384-b82a-fe6abbf75993-8071483392","trial_id":36,"param_name":"train_epochs","param_value_internal":70.0,"distribution":"{\"name\": \"IntDistribution\", \"attributes\": {\"log\": false, \"step\": 1, \"low\": 10, \"high\": 100}}"}
{"op_code":5,"worker_id":"704c7a27-9f2f-4384-b82a-fe6abbf75993-8071483392","trial_id":36,"param_name":"hidden_size","param_value_internal":91.0,"distribution":"{\"name\": \"IntDistribution\", \"attributes\": {\"log\": false, \"step\": 1, \"low\": 10, \"high\": 100}}"}
{"op_code":5,"worker_id":"704c7a27-9f2f-4384-b82a-fe6abbf75993-8071483392","trial_id":36,"param_name":"dropout","param_value_internal":0.3157810515350202,"distribution":"{\"name\": \"FloatDistribution\", \"attributes\": {\"step\": null, \"low\": 0.0, \"high\": 0.8, \"log\": false}}"}
{"op_code":5,"worker_id":"704c7a27-9f2f-4384-b82a-fe6abbf75993-8071483392","trial_id":36,"param_name":"hidden_num","param_value_internal":1.0,"distribution":"{\"name\": \"IntDistribution\", \"attributes\": {\"log\": false, \"step\": 1, \"low\": 1, \"high\": 5}}"}
{"op_code":6,"worker_id":"704c7a27-9f2f-4384-b82a-fe6abbf75993-8071483392","trial_id":36,"state":1,"values":[0.012400759645088605],"datetime_complete":"2024-11-03T19:56:45.412255"}
{"op_code":4,"worker_id":"704c7a27-9f2f-4384-b82a-fe6abbf75993-8071483392","study_id":0,"datetime_start":"2024-11-03T19:56:45.413471"}
{"op_code":5,"worker_id":"704c7a27-9f2f-4384-b82a-fe6abbf75993-8071483392","trial_id":37,"param_name":"train_epochs","param_value_internal":63.0,"distribution":"{\"name\": \"IntDistribution\", \"attributes\": {\"log\": false, \"step\": 1, \"low\": 10, \"high\": 100}}"}
{"op_code":5,"worker_id":"704c7a27-9f2f-4384-b82a-fe6abbf75993-8071483392","trial_id":37,"param_name":"hidden_size","param_value_internal":95.0,"distribution":"{\"name\": \"IntDistribution\", \"attributes\": {\"log\": false, \"step\": 1, \"low\": 10, \"high\": 100}}"}
{"op_code":5,"worker_id":"704c7a27-9f2f-4384-b82a-fe6abbf75993-8071483392","trial_id":37,"param_name":"dropout","param_value_internal":0.2469356410252791,"distribution":"{\"name\": \"FloatDistribution\", \"attributes\": {\"step\": null, \"low\": 0.0, \"high\": 0.8, \"log\": false}}"}
{"op_code":5,"worker_id":"704c7a27-9f2f-4384-b82a-fe6abbf75993-8071483392","trial_id":37,"param_name":"hidden_num","param_value_internal":2.0,"distribution":"{\"name\": \"IntDistribution\", \"attributes\": {\"log\": false, \"step\": 1, \"low\": 1, \"high\": 5}}"}
{"op_code":6,"worker_id":"704c7a27-9f2f-4384-b82a-fe6abbf75993-8071483392","trial_id":37,"state":1,"values":[0.007188607218929313],"datetime_complete":"2024-11-03T19:57:33.497390"}
{"op_code":0,"worker_id":"cd03307d-1cdd-44c6-8bf2-76799452c194-8071483392","study_name":"FNN_1","directions":[1]}
{"op_code":4,"worker_id":"cd03307d-1cdd-44c6-8bf2-76799452c194-8071483392","study_id":0,"datetime_start":"2024-11-03T19:58:13.808268"}
{"op_code":5,"worker_id":"cd03307d-1cdd-44c6-8bf2-76799452c194-8071483392","trial_id":38,"param_name":"train_epochs","param_value_internal":93.0,"distribution":"{\"name\": \"IntDistribution\", \"attributes\": {\"log\": false, \"step\": 1, \"low\": 10, \"high\": 100}}"}
{"op_code":5,"worker_id":"cd03307d-1cdd-44c6-8bf2-76799452c194-8071483392","trial_id":38,"param_name":"hidden_size","param_value_internal":86.0,"distribution":"{\"name\": \"IntDistribution\", \"attributes\": {\"log\": false, \"step\": 1, \"low\": 10, \"high\": 100}}"}
{"op_code":5,"worker_id":"cd03307d-1cdd-44c6-8bf2-76799452c194-8071483392","trial_id":38,"param_name":"dropout","param_value_internal":0.22134587405993672,"distribution":"{\"name\": \"FloatDistribution\", \"attributes\": {\"step\": null, \"low\": 0.0, \"high\": 0.8, \"log\": false}}"}
{"op_code":5,"worker_id":"cd03307d-1cdd-44c6-8bf2-76799452c194-8071483392","trial_id":38,"param_name":"hidden_num","param_value_internal":1.0,"distribution":"{\"name\": \"IntDistribution\", \"attributes\": {\"log\": false, \"step\": 1, \"low\": 1, \"high\": 5}}"}
{"op_code":6,"worker_id":"cd03307d-1cdd-44c6-8bf2-76799452c194-8071483392","trial_id":38,"state":1,"values":[0.009725393487535643],"datetime_complete":"2024-11-03T19:59:07.444472"}
{"op_code":4,"worker_id":"cd03307d-1cdd-44c6-8bf2-76799452c194-8071483392","study_id":0,"datetime_start":"2024-11-03T19:59:07.445729"}
{"op_code":5,"worker_id":"cd03307d-1cdd-44c6-8bf2-76799452c194-8071483392","trial_id":39,"param_name":"train_epochs","param_value_internal":100.0,"distribution":"{\"name\": \"IntDistribution\", \"attributes\": {\"log\": false, \"step\": 1, \"low\": 10, \"high\": 100}}"}
{"op_code":5,"worker_id":"cd03307d-1cdd-44c6-8bf2-76799452c194-8071483392","trial_id":39,"param_name":"hidden_size","param_value_internal":73.0,"distribution":"{\"name\": \"IntDistribution\", \"attributes\": {\"log\": false, \"step\": 1, \"low\": 10, \"high\": 100}}"}
{"op_code":5,"worker_id":"cd03307d-1cdd-44c6-8bf2-76799452c194-8071483392","trial_id":39,"param_name":"dropout","param_value_internal":0.3277298906593515,"distribution":"{\"name\": \"FloatDistribution\", \"attributes\": {\"step\": null, \"low\": 0.0, \"high\": 0.8, \"log\": false}}"}
{"op_code":5,"worker_id":"cd03307d-1cdd-44c6-8bf2-76799452c194-8071483392","trial_id":39,"param_name":"hidden_num","param_value_internal":2.0,"distribution":"{\"name\": \"IntDistribution\", \"attributes\": {\"log\": false, \"step\": 1, \"low\": 1, \"high\": 5}}"}
{"op_code":6,"worker_id":"cd03307d-1cdd-44c6-8bf2-76799452c194-8071483392","trial_id":39,"state":1,"values":[0.007021833288793762],"datetime_complete":"2024-11-03T20:00:21.113605"}
{"op_code":4,"worker_id":"cd03307d-1cdd-44c6-8bf2-76799452c194-8071483392","study_id":0,"datetime_start":"2024-11-03T20:00:21.114642"}
{"op_code":5,"worker_id":"cd03307d-1cdd-44c6-8bf2-76799452c194-8071483392","trial_id":40,"param_name":"train_epochs","param_value_internal":72.0,"distribution":"{\"name\": \"IntDistribution\", \"attributes\": {\"log\": false, \"step\": 1, \"low\": 10, \"high\": 100}}"}
{"op_code":5,"worker_id":"cd03307d-1cdd-44c6-8bf2-76799452c194-8071483392","trial_id":40,"param_name":"hidden_size","param_value_internal":99.0,"distribution":"{\"name\": \"IntDistribution\", \"attributes\": {\"log\": false, \"step\": 1, \"low\": 10, \"high\": 100}}"}
{"op_code":5,"worker_id":"cd03307d-1cdd-44c6-8bf2-76799452c194-8071483392","trial_id":40,"param_name":"dropout","param_value_internal":0.13325506015357813,"distribution":"{\"name\": \"FloatDistribution\", \"attributes\": {\"step\": null, \"low\": 0.0, \"high\": 0.8, \"log\": false}}"}
{"op_code":5,"worker_id":"cd03307d-1cdd-44c6-8bf2-76799452c194-8071483392","trial_id":40,"param_name":"hidden_num","param_value_internal":2.0,"distribution":"{\"name\": \"IntDistribution\", \"attributes\": {\"log\": false, \"step\": 1, \"low\": 1, \"high\": 5}}"}
{"op_code":6,"worker_id":"cd03307d-1cdd-44c6-8bf2-76799452c194-8071483392","trial_id":40,"state":1,"values":[0.008326833355099414],"datetime_complete":"2024-11-03T20:01:16.668367"}
{"op_code":4,"worker_id":"cd03307d-1cdd-44c6-8bf2-76799452c194-8071483392","study_id":0,"datetime_start":"2024-11-03T20:01:16.669802"}
{"op_code":5,"worker_id":"cd03307d-1cdd-44c6-8bf2-76799452c194-8071483392","trial_id":41,"param_name":"train_epochs","param_value_internal":50.0,"distribution":"{\"name\": \"IntDistribution\", \"attributes\": {\"log\": false, \"step\": 1, \"low\": 10, \"high\": 100}}"}
{"op_code":5,"worker_id":"cd03307d-1cdd-44c6-8bf2-76799452c194-8071483392","trial_id":41,"param_name":"hidden_size","param_value_internal":76.0,"distribution":"{\"name\": \"IntDistribution\", \"attributes\": {\"log\": false, \"step\": 1, \"low\": 10, \"high\": 100}}"}
{"op_code":5,"worker_id":"cd03307d-1cdd-44c6-8bf2-76799452c194-8071483392","trial_id":41,"param_name":"dropout","param_value_internal":0.4430379576943735,"distribution":"{\"name\": \"FloatDistribution\", \"attributes\": {\"step\": null, \"low\": 0.0, \"high\": 0.8, \"log\": false}}"}
{"op_code":5,"worker_id":"cd03307d-1cdd-44c6-8bf2-76799452c194-8071483392","trial_id":41,"param_name":"hidden_num","param_value_internal":1.0,"distribution":"{\"name\": \"IntDistribution\", \"attributes\": {\"log\": false, \"step\": 1, \"low\": 1, \"high\": 5}}"}
{"op_code":6,"worker_id":"cd03307d-1cdd-44c6-8bf2-76799452c194-8071483392","trial_id":41,"state":1,"values":[0.009581487777530017],"datetime_complete":"2024-11-03T20:01:46.565364"}
{"op_code":4,"worker_id":"cd03307d-1cdd-44c6-8bf2-76799452c194-8071483392","study_id":0,"datetime_start":"2024-11-03T20:01:46.566820"}
{"op_code":5,"worker_id":"cd03307d-1cdd-44c6-8bf2-76799452c194-8071483392","trial_id":42,"param_name":"train_epochs","param_value_internal":60.0,"distribution":"{\"name\": \"IntDistribution\", \"attributes\": {\"log\": false, \"step\": 1, \"low\": 10, \"high\": 100}}"}
{"op_code":5,"worker_id":"cd03307d-1cdd-44c6-8bf2-76799452c194-8071483392","trial_id":42,"param_name":"hidden_size","param_value_internal":85.0,"distribution":"{\"name\": \"IntDistribution\", \"attributes\": {\"log\": false, \"step\": 1, \"low\": 10, \"high\": 100}}"}
{"op_code":5,"worker_id":"cd03307d-1cdd-44c6-8bf2-76799452c194-8071483392","trial_id":42,"param_name":"dropout","param_value_internal":0.37927047214862974,"distribution":"{\"name\": \"FloatDistribution\", \"attributes\": {\"step\": null, \"low\": 0.0, \"high\": 0.8, \"log\": false}}"}
{"op_code":5,"worker_id":"cd03307d-1cdd-44c6-8bf2-76799452c194-8071483392","trial_id":42,"param_name":"hidden_num","param_value_internal":2.0,"distribution":"{\"name\": \"IntDistribution\", \"attributes\": {\"log\": false, \"step\": 1, \"low\": 1, \"high\": 5}}"}
{"op_code":6,"worker_id":"cd03307d-1cdd-44c6-8bf2-76799452c194-8071483392","trial_id":42,"state":1,"values":[0.007527767518309482],"datetime_complete":"2024-11-03T20:02:32.605204"}
{"op_code":4,"worker_id":"cd03307d-1cdd-44c6-8bf2-76799452c194-8071483392","study_id":0,"datetime_start":"2024-11-03T20:02:32.606293"}
{"op_code":5,"worker_id":"cd03307d-1cdd-44c6-8bf2-76799452c194-8071483392","trial_id":43,"param_name":"train_epochs","param_value_internal":68.0,"distribution":"{\"name\": \"IntDistribution\", \"attributes\": {\"log\": false, \"step\": 1, \"low\": 10, \"high\": 100}}"}
{"op_code":5,"worker_id":"cd03307d-1cdd-44c6-8bf2-76799452c194-8071483392","trial_id":43,"param_name":"hidden_size","param_value_internal":69.0,"distribution":"{\"name\": \"IntDistribution\", \"attributes\": {\"log\": false, \"step\": 1, \"low\": 10, \"high\": 100}}"}
{"op_code":5,"worker_id":"cd03307d-1cdd-44c6-8bf2-76799452c194-8071483392","trial_id":43,"param_name":"dropout","param_value_internal":0.2954349200731258,"distribution":"{\"name\": \"FloatDistribution\", \"attributes\": {\"step\": null, \"low\": 0.0, \"high\": 0.8, \"log\": false}}"}
{"op_code":5,"worker_id":"cd03307d-1cdd-44c6-8bf2-76799452c194-8071483392","trial_id":43,"param_name":"hidden_num","param_value_internal":3.0,"distribution":"{\"name\": \"IntDistribution\", \"attributes\": {\"log\": false, \"step\": 1, \"low\": 1, \"high\": 5}}"}
{"op_code":6,"worker_id":"cd03307d-1cdd-44c6-8bf2-76799452c194-8071483392","trial_id":43,"state":1,"values":[0.007341236839155582],"datetime_complete":"2024-11-03T20:03:37.205886"}
{"op_code":4,"worker_id":"cd03307d-1cdd-44c6-8bf2-76799452c194-8071483392","study_id":0,"datetime_start":"2024-11-03T20:03:37.207069"}
{"op_code":5,"worker_id":"cd03307d-1cdd-44c6-8bf2-76799452c194-8071483392","trial_id":44,"param_name":"train_epochs","param_value_internal":41.0,"distribution":"{\"name\": \"IntDistribution\", \"attributes\": {\"log\": false, \"step\": 1, \"low\": 10, \"high\": 100}}"}
{"op_code":5,"worker_id":"cd03307d-1cdd-44c6-8bf2-76799452c194-8071483392","trial_id":44,"param_name":"hidden_size","param_value_internal":95.0,"distribution":"{\"name\": \"IntDistribution\", \"attributes\": {\"log\": false, \"step\": 1, \"low\": 10, \"high\": 100}}"}
{"op_code":5,"worker_id":"cd03307d-1cdd-44c6-8bf2-76799452c194-8071483392","trial_id":44,"param_name":"dropout","param_value_internal":0.5281902799292149,"distribution":"{\"name\": \"FloatDistribution\", \"attributes\": {\"step\": null, \"low\": 0.0, \"high\": 0.8, \"log\": false}}"}
{"op_code":5,"worker_id":"cd03307d-1cdd-44c6-8bf2-76799452c194-8071483392","trial_id":44,"param_name":"hidden_num","param_value_internal":1.0,"distribution":"{\"name\": \"IntDistribution\", \"attributes\": {\"log\": false, \"step\": 1, \"low\": 1, \"high\": 5}}"}
{"op_code":6,"worker_id":"cd03307d-1cdd-44c6-8bf2-76799452c194-8071483392","trial_id":44,"state":1,"values":[0.007173242072123244],"datetime_complete":"2024-11-03T20:04:01.866690"}
{"op_code":4,"worker_id":"cd03307d-1cdd-44c6-8bf2-76799452c194-8071483392","study_id":0,"datetime_start":"2024-11-03T20:04:01.867698"}
{"op_code":5,"worker_id":"cd03307d-1cdd-44c6-8bf2-76799452c194-8071483392","trial_id":45,"param_name":"train_epochs","param_value_internal":79.0,"distribution":"{\"name\": \"IntDistribution\", \"attributes\": {\"log\": false, \"step\": 1, \"low\": 10, \"high\": 100}}"}
{"op_code":5,"worker_id":"cd03307d-1cdd-44c6-8bf2-76799452c194-8071483392","trial_id":45,"param_name":"hidden_size","param_value_internal":33.0,"distribution":"{\"name\": \"IntDistribution\", \"attributes\": {\"log\": false, \"step\": 1, \"low\": 10, \"high\": 100}}"}
{"op_code":5,"worker_id":"cd03307d-1cdd-44c6-8bf2-76799452c194-8071483392","trial_id":45,"param_name":"dropout","param_value_internal":0.0996750326796996,"distribution":"{\"name\": \"FloatDistribution\", \"attributes\": {\"step\": null, \"low\": 0.0, \"high\": 0.8, \"log\": false}}"}
{"op_code":5,"worker_id":"cd03307d-1cdd-44c6-8bf2-76799452c194-8071483392","trial_id":45,"param_name":"hidden_num","param_value_internal":1.0,"distribution":"{\"name\": \"IntDistribution\", \"attributes\": {\"log\": false, \"step\": 1, \"low\": 1, \"high\": 5}}"}
{"op_code":6,"worker_id":"cd03307d-1cdd-44c6-8bf2-76799452c194-8071483392","trial_id":45,"state":1,"values":[0.03480353260017706],"datetime_complete":"2024-11-03T20:04:49.752560"}
{"op_code":4,"worker_id":"cd03307d-1cdd-44c6-8bf2-76799452c194-8071483392","study_id":0,"datetime_start":"2024-11-03T20:04:49.754617"}
{"op_code":5,"worker_id":"cd03307d-1cdd-44c6-8bf2-76799452c194-8071483392","trial_id":46,"param_name":"train_epochs","param_value_internal":34.0,"distribution":"{\"name\": \"IntDistribution\", \"attributes\": {\"log\": false, \"step\": 1, \"low\": 10, \"high\": 100}}"}
{"op_code":5,"worker_id":"cd03307d-1cdd-44c6-8bf2-76799452c194-8071483392","trial_id":46,"param_name":"hidden_size","param_value_internal":63.0,"distribution":"{\"name\": \"IntDistribution\", \"attributes\": {\"log\": false, \"step\": 1, \"low\": 10, \"high\": 100}}"}
{"op_code":5,"worker_id":"cd03307d-1cdd-44c6-8bf2-76799452c194-8071483392","trial_id":46,"param_name":"dropout","param_value_internal":0.7978192506742824,"distribution":"{\"name\": \"FloatDistribution\", \"attributes\": {\"step\": null, \"low\": 0.0, \"high\": 0.8, \"log\": false}}"}
{"op_code":5,"worker_id":"cd03307d-1cdd-44c6-8bf2-76799452c194-8071483392","trial_id":46,"param_name":"hidden_num","param_value_internal":2.0,"distribution":"{\"name\": \"IntDistribution\", \"attributes\": {\"log\": false, \"step\": 1, \"low\": 1, \"high\": 5}}"}
{"op_code":6,"worker_id":"cd03307d-1cdd-44c6-8bf2-76799452c194-8071483392","trial_id":46,"state":1,"values":[0.007625295484269207],"datetime_complete":"2024-11-03T20:05:15.215482"}
{"op_code":4,"worker_id":"cd03307d-1cdd-44c6-8bf2-76799452c194-8071483392","study_id":0,"datetime_start":"2024-11-03T20:05:15.216724"}
{"op_code":5,"worker_id":"cd03307d-1cdd-44c6-8bf2-76799452c194-8071483392","trial_id":47,"param_name":"train_epochs","param_value_internal":39.0,"distribution":"{\"name\": \"IntDistribution\", \"attributes\": {\"log\": false, \"step\": 1, \"low\": 10, \"high\": 100}}"}
{"op_code":5,"worker_id":"cd03307d-1cdd-44c6-8bf2-76799452c194-8071483392","trial_id":47,"param_name":"hidden_size","param_value_internal":24.0,"distribution":"{\"name\": \"IntDistribution\", \"attributes\": {\"log\": false, \"step\": 1, \"low\": 10, \"high\": 100}}"}
{"op_code":5,"worker_id":"cd03307d-1cdd-44c6-8bf2-76799452c194-8071483392","trial_id":47,"param_name":"dropout","param_value_internal":0.5038353051145622,"distribution":"{\"name\": \"FloatDistribution\", \"attributes\": {\"step\": null, \"low\": 0.0, \"high\": 0.8, \"log\": false}}"}
{"op_code":5,"worker_id":"cd03307d-1cdd-44c6-8bf2-76799452c194-8071483392","trial_id":47,"param_name":"hidden_num","param_value_internal":1.0,"distribution":"{\"name\": \"IntDistribution\", \"attributes\": {\"log\": false, \"step\": 1, \"low\": 1, \"high\": 5}}"}
{"op_code":6,"worker_id":"cd03307d-1cdd-44c6-8bf2-76799452c194-8071483392","trial_id":47,"state":1,"values":[0.007442533983990099],"datetime_complete":"2024-11-03T20:05:38.619982"}
{"op_code":4,"worker_id":"cd03307d-1cdd-44c6-8bf2-76799452c194-8071483392","study_id":0,"datetime_start":"2024-11-03T20:05:38.621284"}
{"op_code":5,"worker_id":"cd03307d-1cdd-44c6-8bf2-76799452c194-8071483392","trial_id":48,"param_name":"train_epochs","param_value_internal":53.0,"distribution":"{\"name\": \"IntDistribution\", \"attributes\": {\"log\": false, \"step\": 1, \"low\": 10, \"high\": 100}}"}
{"op_code":5,"worker_id":"cd03307d-1cdd-44c6-8bf2-76799452c194-8071483392","trial_id":48,"param_name":"hidden_size","param_value_internal":14.0,"distribution":"{\"name\": \"IntDistribution\", \"attributes\": {\"log\": false, \"step\": 1, \"low\": 10, \"high\": 100}}"}
{"op_code":5,"worker_id":"cd03307d-1cdd-44c6-8bf2-76799452c194-8071483392","trial_id":48,"param_name":"dropout","param_value_internal":0.6164372906273614,"distribution":"{\"name\": \"FloatDistribution\", \"attributes\": {\"step\": null, \"low\": 0.0, \"high\": 0.8, \"log\": false}}"}
{"op_code":5,"worker_id":"cd03307d-1cdd-44c6-8bf2-76799452c194-8071483392","trial_id":48,"param_name":"hidden_num","param_value_internal":1.0,"distribution":"{\"name\": \"IntDistribution\", \"attributes\": {\"log\": false, \"step\": 1, \"low\": 1, \"high\": 5}}"}
{"op_code":6,"worker_id":"cd03307d-1cdd-44c6-8bf2-76799452c194-8071483392","trial_id":48,"state":1,"values":[0.007547474642651099],"datetime_complete":"2024-11-03T20:06:11.328007"}
{"op_code":4,"worker_id":"cd03307d-1cdd-44c6-8bf2-76799452c194-8071483392","study_id":0,"datetime_start":"2024-11-03T20:06:11.328997"}
{"op_code":5,"worker_id":"cd03307d-1cdd-44c6-8bf2-76799452c194-8071483392","trial_id":49,"param_name":"train_epochs","param_value_internal":23.0,"distribution":"{\"name\": \"IntDistribution\", \"attributes\": {\"log\": false, \"step\": 1, \"low\": 10, \"high\": 100}}"}
{"op_code":5,"worker_id":"cd03307d-1cdd-44c6-8bf2-76799452c194-8071483392","trial_id":49,"param_name":"hidden_size","param_value_internal":24.0,"distribution":"{\"name\": \"IntDistribution\", \"attributes\": {\"log\": false, \"step\": 1, \"low\": 10, \"high\": 100}}"}
{"op_code":5,"worker_id":"cd03307d-1cdd-44c6-8bf2-76799452c194-8071483392","trial_id":49,"param_name":"dropout","param_value_internal":0.6614325575278712,"distribution":"{\"name\": \"FloatDistribution\", \"attributes\": {\"step\": null, \"low\": 0.0, \"high\": 0.8, \"log\": false}}"}
{"op_code":5,"worker_id":"cd03307d-1cdd-44c6-8bf2-76799452c194-8071483392","trial_id":49,"param_name":"hidden_num","param_value_internal":1.0,"distribution":"{\"name\": \"IntDistribution\", \"attributes\": {\"log\": false, \"step\": 1, \"low\": 1, \"high\": 5}}"}
{"op_code":6,"worker_id":"cd03307d-1cdd-44c6-8bf2-76799452c194-8071483392","trial_id":49,"state":1,"values":[0.007052002912105033],"datetime_complete":"2024-11-03T20:06:25.024647"}
{"op_code":4,"worker_id":"cd03307d-1cdd-44c6-8bf2-76799452c194-8071483392","study_id":0,"datetime_start":"2024-11-03T20:06:25.026400"}
{"op_code":5,"worker_id":"cd03307d-1cdd-44c6-8bf2-76799452c194-8071483392","trial_id":50,"param_name":"train_epochs","param_value_internal":44.0,"distribution":"{\"name\": \"IntDistribution\", \"attributes\": {\"log\": false, \"step\": 1, \"low\": 10, \"high\": 100}}"}
{"op_code":5,"worker_id":"cd03307d-1cdd-44c6-8bf2-76799452c194-8071483392","trial_id":50,"param_name":"hidden_size","param_value_internal":47.0,"distribution":"{\"name\": \"IntDistribution\", \"attributes\": {\"log\": false, \"step\": 1, \"low\": 10, \"high\": 100}}"}
{"op_code":5,"worker_id":"cd03307d-1cdd-44c6-8bf2-76799452c194-8071483392","trial_id":50,"param_name":"dropout","param_value_internal":0.559448420830017,"distribution":"{\"name\": \"FloatDistribution\", \"attributes\": {\"step\": null, \"low\": 0.0, \"high\": 0.8, \"log\": false}}"}
{"op_code":5,"worker_id":"cd03307d-1cdd-44c6-8bf2-76799452c194-8071483392","trial_id":50,"param_name":"hidden_num","param_value_internal":1.0,"distribution":"{\"name\": \"IntDistribution\", \"attributes\": {\"log\": false, \"step\": 1, \"low\": 1, \"high\": 5}}"}
{"op_code":6,"worker_id":"cd03307d-1cdd-44c6-8bf2-76799452c194-8071483392","trial_id":50,"state":1,"values":[0.007079778486072566],"datetime_complete":"2024-11-03T20:06:51.241295"}
{"op_code":4,"worker_id":"cd03307d-1cdd-44c6-8bf2-76799452c194-8071483392","study_id":0,"datetime_start":"2024-11-03T20:06:51.242545"}
{"op_code":5,"worker_id":"cd03307d-1cdd-44c6-8bf2-76799452c194-8071483392","trial_id":51,"param_name":"train_epochs","param_value_internal":58.0,"distribution":"{\"name\": \"IntDistribution\", \"attributes\": {\"log\": false, \"step\": 1, \"low\": 10, \"high\": 100}}"}
{"op_code":5,"worker_id":"cd03307d-1cdd-44c6-8bf2-76799452c194-8071483392","trial_id":51,"param_name":"hidden_size","param_value_internal":19.0,"distribution":"{\"name\": \"IntDistribution\", \"attributes\": {\"log\": false, \"step\": 1, \"low\": 10, \"high\": 100}}"}
{"op_code":5,"worker_id":"cd03307d-1cdd-44c6-8bf2-76799452c194-8071483392","trial_id":51,"param_name":"dropout","param_value_internal":0.2185027807689645,"distribution":"{\"name\": \"FloatDistribution\", \"attributes\": {\"step\": null, \"low\": 0.0, \"high\": 0.8, \"log\": false}}"}
{"op_code":5,"worker_id":"cd03307d-1cdd-44c6-8bf2-76799452c194-8071483392","trial_id":51,"param_name":"hidden_num","param_value_internal":3.0,"distribution":"{\"name\": \"IntDistribution\", \"attributes\": {\"log\": false, \"step\": 1, \"low\": 1, \"high\": 5}}"}
{"op_code":6,"worker_id":"cd03307d-1cdd-44c6-8bf2-76799452c194-8071483392","trial_id":51,"state":1,"values":[0.007429852051603974],"datetime_complete":"2024-11-03T20:07:45.482390"}
{"op_code":4,"worker_id":"cd03307d-1cdd-44c6-8bf2-76799452c194-8071483392","study_id":0,"datetime_start":"2024-11-03T20:07:45.483567"}
{"op_code":5,"worker_id":"cd03307d-1cdd-44c6-8bf2-76799452c194-8071483392","trial_id":52,"param_name":"train_epochs","param_value_internal":35.0,"distribution":"{\"name\": \"IntDistribution\", \"attributes\": {\"log\": false, \"step\": 1, \"low\": 10, \"high\": 100}}"}
{"op_code":5,"worker_id":"cd03307d-1cdd-44c6-8bf2-76799452c194-8071483392","trial_id":52,"param_name":"hidden_size","param_value_internal":12.0,"distribution":"{\"name\": \"IntDistribution\", \"attributes\": {\"log\": false, \"step\": 1, \"low\": 10, \"high\": 100}}"}
{"op_code":5,"worker_id":"cd03307d-1cdd-44c6-8bf2-76799452c194-8071483392","trial_id":52,"param_name":"dropout","param_value_internal":0.48396831036361576,"distribution":"{\"name\": \"FloatDistribution\", \"attributes\": {\"step\": null, \"low\": 0.0, \"high\": 0.8, \"log\": false}}"}
{"op_code":5,"worker_id":"cd03307d-1cdd-44c6-8bf2-76799452c194-8071483392","trial_id":52,"param_name":"hidden_num","param_value_internal":1.0,"distribution":"{\"name\": \"IntDistribution\", \"attributes\": {\"log\": false, \"step\": 1, \"low\": 1, \"high\": 5}}"}
{"op_code":6,"worker_id":"cd03307d-1cdd-44c6-8bf2-76799452c194-8071483392","trial_id":52,"state":1,"values":[0.0070898882430893454],"datetime_complete":"2024-11-03T20:08:07.050991"}
{"op_code":4,"worker_id":"cd03307d-1cdd-44c6-8bf2-76799452c194-8071483392","study_id":0,"datetime_start":"2024-11-03T20:08:07.052330"}
{"op_code":5,"worker_id":"cd03307d-1cdd-44c6-8bf2-76799452c194-8071483392","trial_id":53,"param_name":"train_epochs","param_value_internal":52.0,"distribution":"{\"name\": \"IntDistribution\", \"attributes\": {\"log\": false, \"step\": 1, \"low\": 10, \"high\": 100}}"}
{"op_code":5,"worker_id":"cd03307d-1cdd-44c6-8bf2-76799452c194-8071483392","trial_id":53,"param_name":"hidden_size","param_value_internal":36.0,"distribution":"{\"name\": \"IntDistribution\", \"attributes\": {\"log\": false, \"step\": 1, \"low\": 10, \"high\": 100}}"}
{"op_code":5,"worker_id":"cd03307d-1cdd-44c6-8bf2-76799452c194-8071483392","trial_id":53,"param_name":"dropout","param_value_internal":0.3735052384232275,"distribution":"{\"name\": \"FloatDistribution\", \"attributes\": {\"step\": null, \"low\": 0.0, \"high\": 0.8, \"log\": false}}"}
{"op_code":5,"worker_id":"cd03307d-1cdd-44c6-8bf2-76799452c194-8071483392","trial_id":53,"param_name":"hidden_num","param_value_internal":2.0,"distribution":"{\"name\": \"IntDistribution\", \"attributes\": {\"log\": false, \"step\": 1, \"low\": 1, \"high\": 5}}"}
{"op_code":6,"worker_id":"cd03307d-1cdd-44c6-8bf2-76799452c194-8071483392","trial_id":53,"state":1,"values":[0.00711784758040625],"datetime_complete":"2024-11-03T20:08:46.417221"}
{"op_code":4,"worker_id":"cd03307d-1cdd-44c6-8bf2-76799452c194-8071483392","study_id":0,"datetime_start":"2024-11-03T20:08:46.418303"}
{"op_code":5,"worker_id":"cd03307d-1cdd-44c6-8bf2-76799452c194-8071483392","trial_id":54,"param_name":"train_epochs","param_value_internal":28.0,"distribution":"{\"name\": \"IntDistribution\", \"attributes\": {\"log\": false, \"step\": 1, \"low\": 10, \"high\": 100}}"}
{"op_code":5,"worker_id":"cd03307d-1cdd-44c6-8bf2-76799452c194-8071483392","trial_id":54,"param_name":"hidden_size","param_value_internal":58.0,"distribution":"{\"name\": \"IntDistribution\", \"attributes\": {\"log\": false, \"step\": 1, \"low\": 10, \"high\": 100}}"}
{"op_code":5,"worker_id":"cd03307d-1cdd-44c6-8bf2-76799452c194-8071483392","trial_id":54,"param_name":"dropout","param_value_internal":0.4329458184358862,"distribution":"{\"name\": \"FloatDistribution\", \"attributes\": {\"step\": null, \"low\": 0.0, \"high\": 0.8, \"log\": false}}"}
{"op_code":5,"worker_id":"cd03307d-1cdd-44c6-8bf2-76799452c194-8071483392","trial_id":54,"param_name":"hidden_num","param_value_internal":1.0,"distribution":"{\"name\": \"IntDistribution\", \"attributes\": {\"log\": false, \"step\": 1, \"low\": 1, \"high\": 5}}"}
{"op_code":6,"worker_id":"cd03307d-1cdd-44c6-8bf2-76799452c194-8071483392","trial_id":54,"state":1,"values":[0.02243330209713542],"datetime_complete":"2024-11-03T20:09:03.522171"}
{"op_code":4,"worker_id":"cd03307d-1cdd-44c6-8bf2-76799452c194-8071483392","study_id":0,"datetime_start":"2024-11-03T20:09:03.523456"}
{"op_code":5,"worker_id":"cd03307d-1cdd-44c6-8bf2-76799452c194-8071483392","trial_id":55,"param_name":"train_epochs","param_value_internal":66.0,"distribution":"{\"name\": \"IntDistribution\", \"attributes\": {\"log\": false, \"step\": 1, \"low\": 10, \"high\": 100}}"}
{"op_code":5,"worker_id":"cd03307d-1cdd-44c6-8bf2-76799452c194-8071483392","trial_id":55,"param_name":"hidden_size","param_value_internal":81.0,"distribution":"{\"name\": \"IntDistribution\", \"attributes\": {\"log\": false, \"step\": 1, \"low\": 10, \"high\": 100}}"}
{"op_code":5,"worker_id":"cd03307d-1cdd-44c6-8bf2-76799452c194-8071483392","trial_id":55,"param_name":"dropout","param_value_internal":0.5733006109087734,"distribution":"{\"name\": \"FloatDistribution\", \"attributes\": {\"step\": null, \"low\": 0.0, \"high\": 0.8, \"log\": false}}"}
{"op_code":5,"worker_id":"cd03307d-1cdd-44c6-8bf2-76799452c194-8071483392","trial_id":55,"param_name":"hidden_num","param_value_internal":1.0,"distribution":"{\"name\": \"IntDistribution\", \"attributes\": {\"log\": false, \"step\": 1, \"low\": 1, \"high\": 5}}"}
{"op_code":6,"worker_id":"cd03307d-1cdd-44c6-8bf2-76799452c194-8071483392","trial_id":55,"state":1,"values":[0.019534015082613085],"datetime_complete":"2024-11-03T20:09:43.926883"}
{"op_code":4,"worker_id":"cd03307d-1cdd-44c6-8bf2-76799452c194-8071483392","study_id":0,"datetime_start":"2024-11-03T20:09:43.928076"}
{"op_code":5,"worker_id":"cd03307d-1cdd-44c6-8bf2-76799452c194-8071483392","trial_id":56,"param_name":"train_epochs","param_value_internal":84.0,"distribution":"{\"name\": \"IntDistribution\", \"attributes\": {\"log\": false, \"step\": 1, \"low\": 10, \"high\": 100}}"}
{"op_code":5,"worker_id":"cd03307d-1cdd-44c6-8bf2-76799452c194-8071483392","trial_id":56,"param_name":"hidden_size","param_value_internal":38.0,"distribution":"{\"name\": \"IntDistribution\", \"attributes\": {\"log\": false, \"step\": 1, \"low\": 10, \"high\": 100}}"}
{"op_code":5,"worker_id":"cd03307d-1cdd-44c6-8bf2-76799452c194-8071483392","trial_id":56,"param_name":"dropout","param_value_internal":0.39413053504554735,"distribution":"{\"name\": \"FloatDistribution\", \"attributes\": {\"step\": null, \"low\": 0.0, \"high\": 0.8, \"log\": false}}"}
{"op_code":5,"worker_id":"cd03307d-1cdd-44c6-8bf2-76799452c194-8071483392","trial_id":56,"param_name":"hidden_num","param_value_internal":5.0,"distribution":"{\"name\": \"IntDistribution\", \"attributes\": {\"log\": false, \"step\": 1, \"low\": 1, \"high\": 5}}"}
{"op_code":6,"worker_id":"cd03307d-1cdd-44c6-8bf2-76799452c194-8071483392","trial_id":56,"state":1,"values":[0.007772609203432997],"datetime_complete":"2024-11-03T20:11:30.926182"}
{"op_code":4,"worker_id":"cd03307d-1cdd-44c6-8bf2-76799452c194-8071483392","study_id":0,"datetime_start":"2024-11-03T20:11:30.927447"}
{"op_code":5,"worker_id":"cd03307d-1cdd-44c6-8bf2-76799452c194-8071483392","trial_id":57,"param_name":"train_epochs","param_value_internal":23.0,"distribution":"{\"name\": \"IntDistribution\", \"attributes\": {\"log\": false, \"step\": 1, \"low\": 10, \"high\": 100}}"}
{"op_code":5,"worker_id":"cd03307d-1cdd-44c6-8bf2-76799452c194-8071483392","trial_id":57,"param_name":"hidden_size","param_value_internal":47.0,"distribution":"{\"name\": \"IntDistribution\", \"attributes\": {\"log\": false, \"step\": 1, \"low\": 10, \"high\": 100}}"}
{"op_code":5,"worker_id":"cd03307d-1cdd-44c6-8bf2-76799452c194-8071483392","trial_id":57,"param_name":"dropout","param_value_internal":0.6402521919346014,"distribution":"{\"name\": \"FloatDistribution\", \"attributes\": {\"step\": null, \"low\": 0.0, \"high\": 0.8, \"log\": false}}"}
{"op_code":5,"worker_id":"cd03307d-1cdd-44c6-8bf2-76799452c194-8071483392","trial_id":57,"param_name":"hidden_num","param_value_internal":5.0,"distribution":"{\"name\": \"IntDistribution\", \"attributes\": {\"log\": false, \"step\": 1, \"low\": 1, \"high\": 5}}"}
{"op_code":6,"worker_id":"cd03307d-1cdd-44c6-8bf2-76799452c194-8071483392","trial_id":57,"state":1,"values":[0.007152624936266379],"datetime_complete":"2024-11-03T20:12:00.495403"}
{"op_code":4,"worker_id":"cd03307d-1cdd-44c6-8bf2-76799452c194-8071483392","study_id":0,"datetime_start":"2024-11-03T20:12:00.496587"}
{"op_code":5,"worker_id":"cd03307d-1cdd-44c6-8bf2-76799452c194-8071483392","trial_id":58,"param_name":"train_epochs","param_value_internal":12.0,"distribution":"{\"name\": \"IntDistribution\", \"attributes\": {\"log\": false, \"step\": 1, \"low\": 10, \"high\": 100}}"}
{"op_code":5,"worker_id":"cd03307d-1cdd-44c6-8bf2-76799452c194-8071483392","trial_id":58,"param_name":"hidden_size","param_value_internal":18.0,"distribution":"{\"name\": \"IntDistribution\", \"attributes\": {\"log\": false, \"step\": 1, \"low\": 10, \"high\": 100}}"}
{"op_code":5,"worker_id":"cd03307d-1cdd-44c6-8bf2-76799452c194-8071483392","trial_id":58,"param_name":"dropout","param_value_internal":0.6976965555657028,"distribution":"{\"name\": \"FloatDistribution\", \"attributes\": {\"step\": null, \"low\": 0.0, \"high\": 0.8, \"log\": false}}"}
{"op_code":5,"worker_id":"cd03307d-1cdd-44c6-8bf2-76799452c194-8071483392","trial_id":58,"param_name":"hidden_num","param_value_internal":4.0,"distribution":"{\"name\": \"IntDistribution\", \"attributes\": {\"log\": false, \"step\": 1, \"low\": 1, \"high\": 5}}"}
{"op_code":6,"worker_id":"cd03307d-1cdd-44c6-8bf2-76799452c194-8071483392","trial_id":58,"state":1,"values":[0.007299030301951323],"datetime_complete":"2024-11-03T20:12:13.823950"}
{"op_code":4,"worker_id":"cd03307d-1cdd-44c6-8bf2-76799452c194-8071483392","study_id":0,"datetime_start":"2024-11-03T20:12:13.825220"}
{"op_code":5,"worker_id":"cd03307d-1cdd-44c6-8bf2-76799452c194-8071483392","trial_id":59,"param_name":"train_epochs","param_value_internal":13.0,"distribution":"{\"name\": \"IntDistribution\", \"attributes\": {\"log\": false, \"step\": 1, \"low\": 10, \"high\": 100}}"}
{"op_code":5,"worker_id":"cd03307d-1cdd-44c6-8bf2-76799452c194-8071483392","trial_id":59,"param_name":"hidden_size","param_value_internal":30.0,"distribution":"{\"name\": \"IntDistribution\", \"attributes\": {\"log\": false, \"step\": 1, \"low\": 10, \"high\": 100}}"}
{"op_code":5,"worker_id":"cd03307d-1cdd-44c6-8bf2-76799452c194-8071483392","trial_id":59,"param_name":"dropout","param_value_internal":0.5965474524092128,"distribution":"{\"name\": \"FloatDistribution\", \"attributes\": {\"step\": null, \"low\": 0.0, \"high\": 0.8, \"log\": false}}"}
{"op_code":5,"worker_id":"cd03307d-1cdd-44c6-8bf2-76799452c194-8071483392","trial_id":59,"param_name":"hidden_num","param_value_internal":4.0,"distribution":"{\"name\": \"IntDistribution\", \"attributes\": {\"log\": false, \"step\": 1, \"low\": 1, \"high\": 5}}"}
{"op_code":6,"worker_id":"cd03307d-1cdd-44c6-8bf2-76799452c194-8071483392","trial_id":59,"state":1,"values":[0.007553943439923001],"datetime_complete":"2024-11-03T20:12:28.851578"}
{"op_code":4,"worker_id":"cd03307d-1cdd-44c6-8bf2-76799452c194-8071483392","study_id":0,"datetime_start":"2024-11-03T20:12:28.852887"}
{"op_code":5,"worker_id":"cd03307d-1cdd-44c6-8bf2-76799452c194-8071483392","trial_id":60,"param_name":"train_epochs","param_value_internal":44.0,"distribution":"{\"name\": \"IntDistribution\", \"attributes\": {\"log\": false, \"step\": 1, \"low\": 10, \"high\": 100}}"}
{"op_code":5,"worker_id":"cd03307d-1cdd-44c6-8bf2-76799452c194-8071483392","trial_id":60,"param_name":"hidden_size","param_value_internal":51.0,"distribution":"{\"name\": \"IntDistribution\", \"attributes\": {\"log\": false, \"step\": 1, \"low\": 10, \"high\": 100}}"}
{"op_code":5,"worker_id":"cd03307d-1cdd-44c6-8bf2-76799452c194-8071483392","trial_id":60,"param_name":"dropout","param_value_internal":0.7452283556747658,"distribution":"{\"name\": \"FloatDistribution\", \"attributes\": {\"step\": null, \"low\": 0.0, \"high\": 0.8, \"log\": false}}"}
{"op_code":5,"worker_id":"cd03307d-1cdd-44c6-8bf2-76799452c194-8071483392","trial_id":60,"param_name":"hidden_num","param_value_internal":3.0,"distribution":"{\"name\": \"IntDistribution\", \"attributes\": {\"log\": false, \"step\": 1, \"low\": 1, \"high\": 5}}"}
{"op_code":6,"worker_id":"cd03307d-1cdd-44c6-8bf2-76799452c194-8071483392","trial_id":60,"state":1,"values":[0.007309668295254762],"datetime_complete":"2024-11-03T20:13:11.585973"}
{"op_code":4,"worker_id":"cd03307d-1cdd-44c6-8bf2-76799452c194-8071483392","study_id":0,"datetime_start":"2024-11-03T20:13:11.587137"}
{"op_code":5,"worker_id":"cd03307d-1cdd-44c6-8bf2-76799452c194-8071483392","trial_id":61,"param_name":"train_epochs","param_value_internal":75.0,"distribution":"{\"name\": \"IntDistribution\", \"attributes\": {\"log\": false, \"step\": 1, \"low\": 10, \"high\": 100}}"}
{"op_code":5,"worker_id":"cd03307d-1cdd-44c6-8bf2-76799452c194-8071483392","trial_id":61,"param_name":"hidden_size","param_value_internal":43.0,"distribution":"{\"name\": \"IntDistribution\", \"attributes\": {\"log\": false, \"step\": 1, \"low\": 10, \"high\": 100}}"}
{"op_code":5,"worker_id":"cd03307d-1cdd-44c6-8bf2-76799452c194-8071483392","trial_id":61,"param_name":"dropout","param_value_internal":0.5437138409381622,"distribution":"{\"name\": \"FloatDistribution\", \"attributes\": {\"step\": null, \"low\": 0.0, \"high\": 0.8, \"log\": false}}"}
{"op_code":5,"worker_id":"cd03307d-1cdd-44c6-8bf2-76799452c194-8071483392","trial_id":61,"param_name":"hidden_num","param_value_internal":1.0,"distribution":"{\"name\": \"IntDistribution\", \"attributes\": {\"log\": false, \"step\": 1, \"low\": 1, \"high\": 5}}"}
{"op_code":6,"worker_id":"cd03307d-1cdd-44c6-8bf2-76799452c194-8071483392","trial_id":61,"state":1,"values":[0.008969833880352477],"datetime_complete":"2024-11-03T20:13:56.657488"}
{"op_code":4,"worker_id":"cd03307d-1cdd-44c6-8bf2-76799452c194-8071483392","study_id":0,"datetime_start":"2024-11-03T20:13:56.658608"}
{"op_code":5,"worker_id":"cd03307d-1cdd-44c6-8bf2-76799452c194-8071483392","trial_id":62,"param_name":"train_epochs","param_value_internal":62.0,"distribution":"{\"name\": \"IntDistribution\", \"attributes\": {\"log\": false, \"step\": 1, \"low\": 10, \"high\": 100}}"}
{"op_code":5,"worker_id":"cd03307d-1cdd-44c6-8bf2-76799452c194-8071483392","trial_id":62,"param_name":"hidden_size","param_value_internal":28.0,"distribution":"{\"name\": \"IntDistribution\", \"attributes\": {\"log\": false, \"step\": 1, \"low\": 10, \"high\": 100}}"}
{"op_code":5,"worker_id":"cd03307d-1cdd-44c6-8bf2-76799452c194-8071483392","trial_id":62,"param_name":"dropout","param_value_internal":0.49100447678443543,"distribution":"{\"name\": \"FloatDistribution\", \"attributes\": {\"step\": null, \"low\": 0.0, \"high\": 0.8, \"log\": false}}"}
{"op_code":5,"worker_id":"cd03307d-1cdd-44c6-8bf2-76799452c194-8071483392","trial_id":62,"param_name":"hidden_num","param_value_internal":2.0,"distribution":"{\"name\": \"IntDistribution\", \"attributes\": {\"log\": false, \"step\": 1, \"low\": 1, \"high\": 5}}"}
{"op_code":6,"worker_id":"cd03307d-1cdd-44c6-8bf2-76799452c194-8071483392","trial_id":62,"state":1,"values":[0.007058490812072925],"datetime_complete":"2024-11-03T20:14:45.454582"}
{"op_code":4,"worker_id":"cd03307d-1cdd-44c6-8bf2-76799452c194-8071483392","study_id":0,"datetime_start":"2024-11-03T20:14:45.455852"}
{"op_code":5,"worker_id":"cd03307d-1cdd-44c6-8bf2-76799452c194-8071483392","trial_id":63,"param_name":"train_epochs","param_value_internal":15.0,"distribution":"{\"name\": \"IntDistribution\", \"attributes\": {\"log\": false, \"step\": 1, \"low\": 10, \"high\": 100}}"}
{"op_code":5,"worker_id":"cd03307d-1cdd-44c6-8bf2-76799452c194-8071483392","trial_id":63,"param_name":"hidden_size","param_value_internal":37.0,"distribution":"{\"name\": \"IntDistribution\", \"attributes\": {\"log\": false, \"step\": 1, \"low\": 10, \"high\": 100}}"}
{"op_code":5,"worker_id":"cd03307d-1cdd-44c6-8bf2-76799452c194-8071483392","trial_id":63,"param_name":"dropout","param_value_internal":0.651828659684246,"distribution":"{\"name\": \"FloatDistribution\", \"attributes\": {\"step\": null, \"low\": 0.0, \"high\": 0.8, \"log\": false}}"}
{"op_code":5,"worker_id":"cd03307d-1cdd-44c6-8bf2-76799452c194-8071483392","trial_id":63,"param_name":"hidden_num","param_value_internal":3.0,"distribution":"{\"name\": \"IntDistribution\", \"attributes\": {\"log\": false, \"step\": 1, \"low\": 1, \"high\": 5}}"}
{"op_code":6,"worker_id":"cd03307d-1cdd-44c6-8bf2-76799452c194-8071483392","trial_id":63,"state":1,"values":[0.007184826938266104],"datetime_complete":"2024-11-03T20:15:00.302272"}
{"op_code":4,"worker_id":"cd03307d-1cdd-44c6-8bf2-76799452c194-8071483392","study_id":0,"datetime_start":"2024-11-03T20:15:00.303671"}
{"op_code":5,"worker_id":"cd03307d-1cdd-44c6-8bf2-76799452c194-8071483392","trial_id":64,"param_name":"train_epochs","param_value_internal":56.0,"distribution":"{\"name\": \"IntDistribution\", \"attributes\": {\"log\": false, \"step\": 1, \"low\": 10, \"high\": 100}}"}
{"op_code":5,"worker_id":"cd03307d-1cdd-44c6-8bf2-76799452c194-8071483392","trial_id":64,"param_name":"hidden_size","param_value_internal":22.0,"distribution":"{\"name\": \"IntDistribution\", \"attributes\": {\"log\": false, \"step\": 1, \"low\": 10, \"high\": 100}}"}
{"op_code":5,"worker_id":"cd03307d-1cdd-44c6-8bf2-76799452c194-8071483392","trial_id":64,"param_name":"dropout","param_value_internal":0.30882676924051317,"distribution":"{\"name\": \"FloatDistribution\", \"attributes\": {\"step\": null, \"low\": 0.0, \"high\": 0.8, \"log\": false}}"}
{"op_code":5,"worker_id":"cd03307d-1cdd-44c6-8bf2-76799452c194-8071483392","trial_id":64,"param_name":"hidden_num","param_value_internal":5.0,"distribution":"{\"name\": \"IntDistribution\", \"attributes\": {\"log\": false, \"step\": 1, \"low\": 1, \"high\": 5}}"}
{"op_code":6,"worker_id":"cd03307d-1cdd-44c6-8bf2-76799452c194-8071483392","trial_id":64,"state":1,"values":[0.007062320488109959],"datetime_complete":"2024-11-03T20:16:12.395742"}
{"op_code":4,"worker_id":"cd03307d-1cdd-44c6-8bf2-76799452c194-8071483392","study_id":0,"datetime_start":"2024-11-03T20:16:12.396878"}
{"op_code":5,"worker_id":"cd03307d-1cdd-44c6-8bf2-76799452c194-8071483392","trial_id":65,"param_name":"train_epochs","param_value_internal":67.0,"distribution":"{\"name\": \"IntDistribution\", \"attributes\": {\"log\": false, \"step\": 1, \"low\": 10, \"high\": 100}}"}
{"op_code":5,"worker_id":"cd03307d-1cdd-44c6-8bf2-76799452c194-8071483392","trial_id":65,"param_name":"hidden_size","param_value_internal":97.0,"distribution":"{\"name\": \"IntDistribution\", \"attributes\": {\"log\": false, \"step\": 1, \"low\": 10, \"high\": 100}}"}
{"op_code":5,"worker_id":"cd03307d-1cdd-44c6-8bf2-76799452c194-8071483392","trial_id":65,"param_name":"dropout","param_value_internal":0.3459865723465716,"distribution":"{\"name\": \"FloatDistribution\", \"attributes\": {\"step\": null, \"low\": 0.0, \"high\": 0.8, \"log\": false}}"}
{"op_code":5,"worker_id":"cd03307d-1cdd-44c6-8bf2-76799452c194-8071483392","trial_id":65,"param_name":"hidden_num","param_value_internal":1.0,"distribution":"{\"name\": \"IntDistribution\", \"attributes\": {\"log\": false, \"step\": 1, \"low\": 1, \"high\": 5}}"}
{"op_code":6,"worker_id":"cd03307d-1cdd-44c6-8bf2-76799452c194-8071483392","trial_id":65,"state":1,"values":[0.0159134089904414],"datetime_complete":"2024-11-03T20:16:54.270741"}
{"op_code":4,"worker_id":"cd03307d-1cdd-44c6-8bf2-76799452c194-8071483392","study_id":0,"datetime_start":"2024-11-03T20:16:54.272078"}
{"op_code":5,"worker_id":"cd03307d-1cdd-44c6-8bf2-76799452c194-8071483392","trial_id":66,"param_name":"train_epochs","param_value_internal":81.0,"distribution":"{\"name\": \"IntDistribution\", \"attributes\": {\"log\": false, \"step\": 1, \"low\": 10, \"high\": 100}}"}
{"op_code":5,"worker_id":"cd03307d-1cdd-44c6-8bf2-76799452c194-8071483392","trial_id":66,"param_name":"hidden_size","param_value_internal":89.0,"distribution":"{\"name\": \"IntDistribution\", \"attributes\": {\"log\": false, \"step\": 1, \"low\": 10, \"high\": 100}}"}
{"op_code":5,"worker_id":"cd03307d-1cdd-44c6-8bf2-76799452c194-8071483392","trial_id":66,"param_name":"dropout","param_value_internal":0.5886758455575006,"distribution":"{\"name\": \"FloatDistribution\", \"attributes\": {\"step\": null, \"low\": 0.0, \"high\": 0.8, \"log\": false}}"}
{"op_code":5,"worker_id":"cd03307d-1cdd-44c6-8bf2-76799452c194-8071483392","trial_id":66,"param_name":"hidden_num","param_value_internal":2.0,"distribution":"{\"name\": \"IntDistribution\", \"attributes\": {\"log\": false, \"step\": 1, \"low\": 1, \"high\": 5}}"}
{"op_code":6,"worker_id":"cd03307d-1cdd-44c6-8bf2-76799452c194-8071483392","trial_id":66,"state":1,"values":[0.006977926657506914],"datetime_complete":"2024-11-03T20:17:56.566802"}
{"op_code":4,"worker_id":"cd03307d-1cdd-44c6-8bf2-76799452c194-8071483392","study_id":0,"datetime_start":"2024-11-03T20:17:56.568646"}
{"op_code":5,"worker_id":"cd03307d-1cdd-44c6-8bf2-76799452c194-8071483392","trial_id":67,"param_name":"train_epochs","param_value_internal":89.0,"distribution":"{\"name\": \"IntDistribution\", \"attributes\": {\"log\": false, \"step\": 1, \"low\": 10, \"high\": 100}}"}
{"op_code":5,"worker_id":"cd03307d-1cdd-44c6-8bf2-76799452c194-8071483392","trial_id":67,"param_name":"hidden_size","param_value_internal":83.0,"distribution":"{\"name\": \"IntDistribution\", \"attributes\": {\"log\": false, \"step\": 1, \"low\": 10, \"high\": 100}}"}
{"op_code":5,"worker_id":"cd03307d-1cdd-44c6-8bf2-76799452c194-8071483392","trial_id":67,"param_name":"dropout","param_value_internal":0.0038196799891586086,"distribution":"{\"name\": \"FloatDistribution\", \"attributes\": {\"step\": null, \"low\": 0.0, \"high\": 0.8, \"log\": false}}"}
{"op_code":5,"worker_id":"cd03307d-1cdd-44c6-8bf2-76799452c194-8071483392","trial_id":67,"param_name":"hidden_num","param_value_internal":2.0,"distribution":"{\"name\": \"IntDistribution\", \"attributes\": {\"log\": false, \"step\": 1, \"low\": 1, \"high\": 5}}"}
{"op_code":6,"worker_id":"cd03307d-1cdd-44c6-8bf2-76799452c194-8071483392","trial_id":67,"state":1,"values":[0.1219143895714572],"datetime_complete":"2024-11-03T20:19:05.415356"}
{"op_code":0,"worker_id":"e126269d-98dd-4c05-b854-a37b68e62518-8061816832","study_name":"FNN_1","directions":[1]}
{"op_code":0,"worker_id":"daacc105-7a61-4a13-84e0-b174dc0ed813-8061816832","study_name":"FNN_100","directions":[1]}
{"op_code":4,"worker_id":"daacc105-7a61-4a13-84e0-b174dc0ed813-8061816832","study_id":1,"datetime_start":"2024-12-05T18:37:52.834495"}
{"op_code":5,"worker_id":"daacc105-7a61-4a13-84e0-b174dc0ed813-8061816832","trial_id":68,"param_name":"learning_rate","param_value_internal":0.0008371470743383424,"distribution":"{\"name\": \"FloatDistribution\", \"attributes\": {\"step\": null, \"low\": 1e-05, \"high\": 0.1, \"log\": true}}"}
{"op_code":5,"worker_id":"daacc105-7a61-4a13-84e0-b174dc0ed813-8061816832","trial_id":68,"param_name":"train_epochs","param_value_internal":21.0,"distribution":"{\"name\": \"IntDistribution\", \"attributes\": {\"log\": false, \"step\": 1, \"low\": 10, \"high\": 100}}"}
{"op_code":5,"worker_id":"daacc105-7a61-4a13-84e0-b174dc0ed813-8061816832","trial_id":68,"param_name":"hidden_size","param_value_internal":20.0,"distribution":"{\"name\": \"IntDistribution\", \"attributes\": {\"log\": false, \"step\": 1, \"low\": 10, \"high\": 100}}"}
{"op_code":5,"worker_id":"daacc105-7a61-4a13-84e0-b174dc0ed813-8061816832","trial_id":68,"param_name":"dropout","param_value_internal":0.20483531986224812,"distribution":"{\"name\": \"FloatDistribution\", \"attributes\": {\"step\": null, \"low\": 0.0, \"high\": 0.5, \"log\": false}}"}
{"op_code":5,"worker_id":"daacc105-7a61-4a13-84e0-b174dc0ed813-8061816832","trial_id":68,"param_name":"hidden_num","param_value_internal":2.0,"distribution":"{\"name\": \"IntDistribution\", \"attributes\": {\"log\": false, \"step\": 1, \"low\": 1, \"high\": 5}}"}
{"op_code":6,"worker_id":"daacc105-7a61-4a13-84e0-b174dc0ed813-8061816832","trial_id":68,"state":1,"values":[0.05116379280772173],"datetime_complete":"2024-12-05T18:38:07.931810"}
{"op_code":4,"worker_id":"daacc105-7a61-4a13-84e0-b174dc0ed813-8061816832","study_id":1,"datetime_start":"2024-12-05T18:38:07.932939"}
{"op_code":5,"worker_id":"daacc105-7a61-4a13-84e0-b174dc0ed813-8061816832","trial_id":69,"param_name":"learning_rate","param_value_internal":0.00046016249242276296,"distribution":"{\"name\": \"FloatDistribution\", \"attributes\": {\"step\": null, \"low\": 1e-05, \"high\": 0.1, \"log\": true}}"}
{"op_code":5,"worker_id":"daacc105-7a61-4a13-84e0-b174dc0ed813-8061816832","trial_id":69,"param_name":"train_epochs","param_value_internal":44.0,"distribution":"{\"name\": \"IntDistribution\", \"attributes\": {\"log\": false, \"step\": 1, \"low\": 10, \"high\": 100}}"}
{"op_code":5,"worker_id":"daacc105-7a61-4a13-84e0-b174dc0ed813-8061816832","trial_id":69,"param_name":"hidden_size","param_value_internal":39.0,"distribution":"{\"name\": \"IntDistribution\", \"attributes\": {\"log\": false, \"step\": 1, \"low\": 10, \"high\": 100}}"}
{"op_code":5,"worker_id":"daacc105-7a61-4a13-84e0-b174dc0ed813-8061816832","trial_id":69,"param_name":"dropout","param_value_internal":0.08528474073884884,"distribution":"{\"name\": \"FloatDistribution\", \"attributes\": {\"step\": null, \"low\": 0.0, \"high\": 0.5, \"log\": false}}"}
{"op_code":5,"worker_id":"daacc105-7a61-4a13-84e0-b174dc0ed813-8061816832","trial_id":69,"param_name":"hidden_num","param_value_internal":4.0,"distribution":"{\"name\": \"IntDistribution\", \"attributes\": {\"log\": false, \"step\": 1, \"low\": 1, \"high\": 5}}"}
{"op_code":6,"worker_id":"daacc105-7a61-4a13-84e0-b174dc0ed813-8061816832","trial_id":69,"state":1,"values":[0.009563055245741976],"datetime_complete":"2024-12-05T18:38:53.394550"}
{"op_code":4,"worker_id":"daacc105-7a61-4a13-84e0-b174dc0ed813-8061816832","study_id":1,"datetime_start":"2024-12-05T18:38:53.395833"}
{"op_code":5,"worker_id":"daacc105-7a61-4a13-84e0-b174dc0ed813-8061816832","trial_id":70,"param_name":"learning_rate","param_value_internal":0.00016784121535291726,"distribution":"{\"name\": \"FloatDistribution\", \"attributes\": {\"step\": null, \"low\": 1e-05, \"high\": 0.1, \"log\": true}}"}
{"op_code":5,"worker_id":"daacc105-7a61-4a13-84e0-b174dc0ed813-8061816832","trial_id":70,"param_name":"train_epochs","param_value_internal":18.0,"distribution":"{\"name\": \"IntDistribution\", \"attributes\": {\"log\": false, \"step\": 1, \"low\": 10, \"high\": 100}}"}
{"op_code":5,"worker_id":"daacc105-7a61-4a13-84e0-b174dc0ed813-8061816832","trial_id":70,"param_name":"hidden_size","param_value_internal":78.0,"distribution":"{\"name\": \"IntDistribution\", \"attributes\": {\"log\": false, \"step\": 1, \"low\": 10, \"high\": 100}}"}
{"op_code":5,"worker_id":"daacc105-7a61-4a13-84e0-b174dc0ed813-8061816832","trial_id":70,"param_name":"dropout","param_value_internal":0.377045537696095,"distribution":"{\"name\": \"FloatDistribution\", \"attributes\": {\"step\": null, \"low\": 0.0, \"high\": 0.5, \"log\": false}}"}
{"op_code":5,"worker_id":"daacc105-7a61-4a13-84e0-b174dc0ed813-8061816832","trial_id":70,"param_name":"hidden_num","param_value_internal":4.0,"distribution":"{\"name\": \"IntDistribution\", \"attributes\": {\"log\": false, \"step\": 1, \"low\": 1, \"high\": 5}}"}
{"op_code":6,"worker_id":"daacc105-7a61-4a13-84e0-b174dc0ed813-8061816832","trial_id":70,"state":1,"values":[0.05084139406398842],"datetime_complete":"2024-12-05T18:39:12.889473"}
{"op_code":4,"worker_id":"daacc105-7a61-4a13-84e0-b174dc0ed813-8061816832","study_id":1,"datetime_start":"2024-12-05T18:39:12.890425"}
{"op_code":5,"worker_id":"daacc105-7a61-4a13-84e0-b174dc0ed813-8061816832","trial_id":71,"param_name":"learning_rate","param_value_internal":0.0031161303786531574,"distribution":"{\"name\": \"FloatDistribution\", \"attributes\": {\"step\": null, \"low\": 1e-05, \"high\": 0.1, \"log\": true}}"}
{"op_code":5,"worker_id":"daacc105-7a61-4a13-84e0-b174dc0ed813-8061816832","trial_id":71,"param_name":"train_epochs","param_value_internal":53.0,"distribution":"{\"name\": \"IntDistribution\", \"attributes\": {\"log\": false, \"step\": 1, \"low\": 10, \"high\": 100}}"}
{"op_code":5,"worker_id":"daacc105-7a61-4a13-84e0-b174dc0ed813-8061816832","trial_id":71,"param_name":"hidden_size","param_value_internal":59.0,"distribution":"{\"name\": \"IntDistribution\", \"attributes\": {\"log\": false, \"step\": 1, \"low\": 10, \"high\": 100}}"}
{"op_code":5,"worker_id":"daacc105-7a61-4a13-84e0-b174dc0ed813-8061816832","trial_id":71,"param_name":"dropout","param_value_internal":0.09642285030604258,"distribution":"{\"name\": \"FloatDistribution\", \"attributes\": {\"step\": null, \"low\": 0.0, \"high\": 0.5, \"log\": false}}"}
{"op_code":5,"worker_id":"daacc105-7a61-4a13-84e0-b174dc0ed813-8061816832","trial_id":71,"param_name":"hidden_num","param_value_internal":2.0,"distribution":"{\"name\": \"IntDistribution\", \"attributes\": {\"log\": false, \"step\": 1, \"low\": 1, \"high\": 5}}"}
{"op_code":6,"worker_id":"daacc105-7a61-4a13-84e0-b174dc0ed813-8061816832","trial_id":71,"state":1,"values":[0.008621438335853092],"datetime_complete":"2024-12-05T18:39:50.568039"}
{"op_code":4,"worker_id":"daacc105-7a61-4a13-84e0-b174dc0ed813-8061816832","study_id":1,"datetime_start":"2024-12-05T18:39:50.569211"}
{"op_code":5,"worker_id":"daacc105-7a61-4a13-84e0-b174dc0ed813-8061816832","trial_id":72,"param_name":"learning_rate","param_value_internal":0.01774768579473149,"distribution":"{\"name\": \"FloatDistribution\", \"attributes\": {\"step\": null, \"low\": 1e-05, \"high\": 0.1, \"log\": true}}"}
{"op_code":5,"worker_id":"daacc105-7a61-4a13-84e0-b174dc0ed813-8061816832","trial_id":72,"param_name":"train_epochs","param_value_internal":97.0,"distribution":"{\"name\": \"IntDistribution\", \"attributes\": {\"log\": false, \"step\": 1, \"low\": 10, \"high\": 100}}"}
{"op_code":5,"worker_id":"daacc105-7a61-4a13-84e0-b174dc0ed813-8061816832","trial_id":72,"param_name":"hidden_size","param_value_internal":22.0,"distribution":"{\"name\": \"IntDistribution\", \"attributes\": {\"log\": false, \"step\": 1, \"low\": 10, \"high\": 100}}"}
{"op_code":5,"worker_id":"daacc105-7a61-4a13-84e0-b174dc0ed813-8061816832","trial_id":72,"param_name":"dropout","param_value_internal":0.04501662086308583,"distribution":"{\"name\": \"FloatDistribution\", \"attributes\": {\"step\": null, \"low\": 0.0, \"high\": 0.5, \"log\": false}}"}
{"op_code":5,"worker_id":"daacc105-7a61-4a13-84e0-b174dc0ed813-8061816832","trial_id":72,"param_name":"hidden_num","param_value_internal":1.0,"distribution":"{\"name\": \"IntDistribution\", \"attributes\": {\"log\": false, \"step\": 1, \"low\": 1, \"high\": 5}}"}
{"op_code":6,"worker_id":"daacc105-7a61-4a13-84e0-b174dc0ed813-8061816832","trial_id":72,"state":1,"values":[0.03737193516766032],"datetime_complete":"2024-12-05T18:40:48.092441"}
{"op_code":4,"worker_id":"daacc105-7a61-4a13-84e0-b174dc0ed813-8061816832","study_id":1,"datetime_start":"2024-12-05T18:40:48.093620"}
{"op_code":5,"worker_id":"daacc105-7a61-4a13-84e0-b174dc0ed813-8061816832","trial_id":73,"param_name":"learning_rate","param_value_internal":0.0005281899716263517,"distribution":"{\"name\": \"FloatDistribution\", \"attributes\": {\"step\": null, \"low\": 1e-05, \"high\": 0.1, \"log\": true}}"}
{"op_code":5,"worker_id":"daacc105-7a61-4a13-84e0-b174dc0ed813-8061816832","trial_id":73,"param_name":"train_epochs","param_value_internal":99.0,"distribution":"{\"name\": \"IntDistribution\", \"attributes\": {\"log\": false, \"step\": 1, \"low\": 10, \"high\": 100}}"}
{"op_code":5,"worker_id":"daacc105-7a61-4a13-84e0-b174dc0ed813-8061816832","trial_id":73,"param_name":"hidden_size","param_value_internal":58.0,"distribution":"{\"name\": \"IntDistribution\", \"attributes\": {\"log\": false, \"step\": 1, \"low\": 10, \"high\": 100}}"}
{"op_code":5,"worker_id":"daacc105-7a61-4a13-84e0-b174dc0ed813-8061816832","trial_id":73,"param_name":"dropout","param_value_internal":0.4727451468588158,"distribution":"{\"name\": \"FloatDistribution\", \"attributes\": {\"step\": null, \"low\": 0.0, \"high\": 0.5, \"log\": false}}"}
{"op_code":5,"worker_id":"daacc105-7a61-4a13-84e0-b174dc0ed813-8061816832","trial_id":73,"param_name":"hidden_num","param_value_internal":4.0,"distribution":"{\"name\": \"IntDistribution\", \"attributes\": {\"log\": false, \"step\": 1, \"low\": 1, \"high\": 5}}"}
{"op_code":6,"worker_id":"daacc105-7a61-4a13-84e0-b174dc0ed813-8061816832","trial_id":73,"state":1,"values":[0.11587239468865322],"datetime_complete":"2024-12-05T18:42:39.817368"}
{"op_code":4,"worker_id":"daacc105-7a61-4a13-84e0-b174dc0ed813-8061816832","study_id":1,"datetime_start":"2024-12-05T18:42:39.819254"}
{"op_code":5,"worker_id":"daacc105-7a61-4a13-84e0-b174dc0ed813-8061816832","trial_id":74,"param_name":"learning_rate","param_value_internal":0.006343314691597302,"distribution":"{\"name\": \"FloatDistribution\", \"attributes\": {\"step\": null, \"low\": 1e-05, \"high\": 0.1, \"log\": true}}"}
{"op_code":5,"worker_id":"daacc105-7a61-4a13-84e0-b174dc0ed813-8061816832","trial_id":74,"param_name":"train_epochs","param_value_internal":71.0,"distribution":"{\"name\": \"IntDistribution\", \"attributes\": {\"log\": false, \"step\": 1, \"low\": 10, \"high\": 100}}"}
{"op_code":5,"worker_id":"daacc105-7a61-4a13-84e0-b174dc0ed813-8061816832","trial_id":74,"param_name":"hidden_size","param_value_internal":45.0,"distribution":"{\"name\": \"IntDistribution\", \"attributes\": {\"log\": false, \"step\": 1, \"low\": 10, \"high\": 100}}"}
{"op_code":5,"worker_id":"daacc105-7a61-4a13-84e0-b174dc0ed813-8061816832","trial_id":74,"param_name":"dropout","param_value_internal":0.4907239572547071,"distribution":"{\"name\": \"FloatDistribution\", \"attributes\": {\"step\": null, \"low\": 0.0, \"high\": 0.5, \"log\": false}}"}
{"op_code":5,"worker_id":"daacc105-7a61-4a13-84e0-b174dc0ed813-8061816832","trial_id":74,"param_name":"hidden_num","param_value_internal":1.0,"distribution":"{\"name\": \"IntDistribution\", \"attributes\": {\"log\": false, \"step\": 1, \"low\": 1, \"high\": 5}}"}
{"op_code":6,"worker_id":"daacc105-7a61-4a13-84e0-b174dc0ed813-8061816832","trial_id":74,"state":1,"values":[0.11748091497804236],"datetime_complete":"2024-12-05T18:43:22.887012"}
{"op_code":4,"worker_id":"daacc105-7a61-4a13-84e0-b174dc0ed813-8061816832","study_id":1,"datetime_start":"2024-12-05T18:43:22.889873"}
{"op_code":5,"worker_id":"daacc105-7a61-4a13-84e0-b174dc0ed813-8061816832","trial_id":75,"param_name":"learning_rate","param_value_internal":6.306431107006739e-05,"distribution":"{\"name\": \"FloatDistribution\", \"attributes\": {\"step\": null, \"low\": 1e-05, \"high\": 0.1, \"log\": true}}"}
{"op_code":5,"worker_id":"daacc105-7a61-4a13-84e0-b174dc0ed813-8061816832","trial_id":75,"param_name":"train_epochs","param_value_internal":35.0,"distribution":"{\"name\": \"IntDistribution\", \"attributes\": {\"log\": false, \"step\": 1, \"low\": 10, \"high\": 100}}"}
{"op_code":5,"worker_id":"daacc105-7a61-4a13-84e0-b174dc0ed813-8061816832","trial_id":75,"param_name":"hidden_size","param_value_internal":26.0,"distribution":"{\"name\": \"IntDistribution\", \"attributes\": {\"log\": false, \"step\": 1, \"low\": 10, \"high\": 100}}"}
{"op_code":5,"worker_id":"daacc105-7a61-4a13-84e0-b174dc0ed813-8061816832","trial_id":75,"param_name":"dropout","param_value_internal":0.2821479732372762,"distribution":"{\"name\": \"FloatDistribution\", \"attributes\": {\"step\": null, \"low\": 0.0, \"high\": 0.5, \"log\": false}}"}
{"op_code":5,"worker_id":"daacc105-7a61-4a13-84e0-b174dc0ed813-8061816832","trial_id":75,"param_name":"hidden_num","param_value_internal":3.0,"distribution":"{\"name\": \"IntDistribution\", \"attributes\": {\"log\": false, \"step\": 1, \"low\": 1, \"high\": 5}}"}
{"op_code":6,"worker_id":"daacc105-7a61-4a13-84e0-b174dc0ed813-8061816832","trial_id":75,"state":1,"values":[0.02551537055070653],"datetime_complete":"2024-12-05T18:43:56.225875"}
{"op_code":4,"worker_id":"daacc105-7a61-4a13-84e0-b174dc0ed813-8061816832","study_id":1,"datetime_start":"2024-12-05T18:43:56.227081"}
{"op_code":5,"worker_id":"daacc105-7a61-4a13-84e0-b174dc0ed813-8061816832","trial_id":76,"param_name":"learning_rate","param_value_internal":0.004631057292683249,"distribution":"{\"name\": \"FloatDistribution\", \"attributes\": {\"step\": null, \"low\": 1e-05, \"high\": 0.1, \"log\": true}}"}
{"op_code":5,"worker_id":"daacc105-7a61-4a13-84e0-b174dc0ed813-8061816832","trial_id":76,"param_name":"train_epochs","param_value_internal":48.0,"distribution":"{\"name\": \"IntDistribution\", \"attributes\": {\"log\": false, \"step\": 1, \"low\": 10, \"high\": 100}}"}
{"op_code":5,"worker_id":"daacc105-7a61-4a13-84e0-b174dc0ed813-8061816832","trial_id":76,"param_name":"hidden_size","param_value_internal":38.0,"distribution":"{\"name\": \"IntDistribution\", \"attributes\": {\"log\": false, \"step\": 1, \"low\": 10, \"high\": 100}}"}
{"op_code":5,"worker_id":"daacc105-7a61-4a13-84e0-b174dc0ed813-8061816832","trial_id":76,"param_name":"dropout","param_value_internal":0.09976871741397553,"distribution":"{\"name\": \"FloatDistribution\", \"attributes\": {\"step\": null, \"low\": 0.0, \"high\": 0.5, \"log\": false}}"}
{"op_code":5,"worker_id":"daacc105-7a61-4a13-84e0-b174dc0ed813-8061816832","trial_id":76,"param_name":"hidden_num","param_value_internal":4.0,"distribution":"{\"name\": \"IntDistribution\", \"attributes\": {\"log\": false, \"step\": 1, \"low\": 1, \"high\": 5}}"}
{"op_code":6,"worker_id":"daacc105-7a61-4a13-84e0-b174dc0ed813-8061816832","trial_id":76,"state":1,"values":[0.05845337795714537],"datetime_complete":"2024-12-05T18:44:49.859103"}
{"op_code":4,"worker_id":"daacc105-7a61-4a13-84e0-b174dc0ed813-8061816832","study_id":1,"datetime_start":"2024-12-05T18:44:49.860387"}
{"op_code":5,"worker_id":"daacc105-7a61-4a13-84e0-b174dc0ed813-8061816832","trial_id":77,"param_name":"learning_rate","param_value_internal":0.0035176495182688674,"distribution":"{\"name\": \"FloatDistribution\", \"attributes\": {\"step\": null, \"low\": 1e-05, \"high\": 0.1, \"log\": true}}"}
{"op_code":5,"worker_id":"daacc105-7a61-4a13-84e0-b174dc0ed813-8061816832","trial_id":77,"param_name":"train_epochs","param_value_internal":23.0,"distribution":"{\"name\": \"IntDistribution\", \"attributes\": {\"log\": false, \"step\": 1, \"low\": 10, \"high\": 100}}"}
{"op_code":5,"worker_id":"daacc105-7a61-4a13-84e0-b174dc0ed813-8061816832","trial_id":77,"param_name":"hidden_size","param_value_internal":65.0,"distribution":"{\"name\": \"IntDistribution\", \"attributes\": {\"log\": false, \"step\": 1, \"low\": 10, \"high\": 100}}"}
{"op_code":5,"worker_id":"daacc105-7a61-4a13-84e0-b174dc0ed813-8061816832","trial_id":77,"param_name":"dropout","param_value_internal":0.44448451438225994,"distribution":"{\"name\": \"FloatDistribution\", \"attributes\": {\"step\": null, \"low\": 0.0, \"high\": 0.5, \"log\": false}}"}
{"op_code":5,"worker_id":"daacc105-7a61-4a13-84e0-b174dc0ed813-8061816832","trial_id":77,"param_name":"hidden_num","param_value_internal":3.0,"distribution":"{\"name\": \"IntDistribution\", \"attributes\": {\"log\": false, \"step\": 1, \"low\": 1, \"high\": 5}}"}
{"op_code":6,"worker_id":"daacc105-7a61-4a13-84e0-b174dc0ed813-8061816832","trial_id":77,"state":1,"values":[0.03146013527205496],"datetime_complete":"2024-12-05T18:45:11.146435"}
{"op_code":4,"worker_id":"daacc105-7a61-4a13-84e0-b174dc0ed813-8061816832","study_id":1,"datetime_start":"2024-12-05T18:45:11.147767"}
{"op_code":5,"worker_id":"daacc105-7a61-4a13-84e0-b174dc0ed813-8061816832","trial_id":78,"param_name":"learning_rate","param_value_internal":0.07492830831323484,"distribution":"{\"name\": \"FloatDistribution\", \"attributes\": {\"step\": null, \"low\": 1e-05, \"high\": 0.1, \"log\": true}}"}
{"op_code":5,"worker_id":"daacc105-7a61-4a13-84e0-b174dc0ed813-8061816832","trial_id":78,"param_name":"train_epochs","param_value_internal":67.0,"distribution":"{\"name\": \"IntDistribution\", \"attributes\": {\"log\": false, \"step\": 1, \"low\": 10, \"high\": 100}}"}
{"op_code":5,"worker_id":"daacc105-7a61-4a13-84e0-b174dc0ed813-8061816832","trial_id":78,"param_name":"hidden_size","param_value_internal":86.0,"distribution":"{\"name\": \"IntDistribution\", \"attributes\": {\"log\": false, \"step\": 1, \"low\": 10, \"high\": 100}}"}
{"op_code":5,"worker_id":"daacc105-7a61-4a13-84e0-b174dc0ed813-8061816832","trial_id":78,"param_name":"dropout","param_value_internal":0.18318209921451245,"distribution":"{\"name\": \"FloatDistribution\", \"attributes\": {\"step\": null, \"low\": 0.0, \"high\": 0.5, \"log\": false}}"}
{"op_code":5,"worker_id":"daacc105-7a61-4a13-84e0-b174dc0ed813-8061816832","trial_id":78,"param_name":"hidden_num","param_value_internal":2.0,"distribution":"{\"name\": \"IntDistribution\", \"attributes\": {\"log\": false, \"step\": 1, \"low\": 1, \"high\": 5}}"}
{"op_code":6,"worker_id":"daacc105-7a61-4a13-84e0-b174dc0ed813-8061816832","trial_id":78,"state":1,"values":[25.237568007027164],"datetime_complete":"2024-12-05T18:46:00.819375"}
{"op_code":4,"worker_id":"daacc105-7a61-4a13-84e0-b174dc0ed813-8061816832","study_id":1,"datetime_start":"2024-12-05T18:46:00.820977"}
{"op_code":5,"worker_id":"daacc105-7a61-4a13-84e0-b174dc0ed813-8061816832","trial_id":79,"param_name":"learning_rate","param_value_internal":1.3005628544880662e-05,"distribution":"{\"name\": \"FloatDistribution\", \"attributes\": {\"step\": null, \"low\": 1e-05, \"high\": 0.1, \"log\": true}}"}
{"op_code":5,"worker_id":"daacc105-7a61-4a13-84e0-b174dc0ed813-8061816832","trial_id":79,"param_name":"train_epochs","param_value_internal":48.0,"distribution":"{\"name\": \"IntDistribution\", \"attributes\": {\"log\": false, \"step\": 1, \"low\": 10, \"high\": 100}}"}
{"op_code":5,"worker_id":"daacc105-7a61-4a13-84e0-b174dc0ed813-8061816832","trial_id":79,"param_name":"hidden_size","param_value_internal":42.0,"distribution":"{\"name\": \"IntDistribution\", \"attributes\": {\"log\": false, \"step\": 1, \"low\": 10, \"high\": 100}}"}
{"op_code":5,"worker_id":"daacc105-7a61-4a13-84e0-b174dc0ed813-8061816832","trial_id":79,"param_name":"dropout","param_value_internal":0.010068756957785086,"distribution":"{\"name\": \"FloatDistribution\", \"attributes\": {\"step\": null, \"low\": 0.0, \"high\": 0.5, \"log\": false}}"}
{"op_code":5,"worker_id":"daacc105-7a61-4a13-84e0-b174dc0ed813-8061816832","trial_id":79,"param_name":"hidden_num","param_value_internal":2.0,"distribution":"{\"name\": \"IntDistribution\", \"attributes\": {\"log\": false, \"step\": 1, \"low\": 1, \"high\": 5}}"}
{"op_code":6,"worker_id":"daacc105-7a61-4a13-84e0-b174dc0ed813-8061816832","trial_id":79,"state":1,"values":[0.022719324538201996],"datetime_complete":"2024-12-05T18:46:36.957879"}
{"op_code":4,"worker_id":"daacc105-7a61-4a13-84e0-b174dc0ed813-8061816832","study_id":1,"datetime_start":"2024-12-05T18:46:36.959018"}
{"op_code":5,"worker_id":"daacc105-7a61-4a13-84e0-b174dc0ed813-8061816832","trial_id":80,"param_name":"learning_rate","param_value_internal":0.00022596417640386053,"distribution":"{\"name\": \"FloatDistribution\", \"attributes\": {\"step\": null, \"low\": 1e-05, \"high\": 0.1, \"log\": true}}"}
{"op_code":5,"worker_id":"daacc105-7a61-4a13-84e0-b174dc0ed813-8061816832","trial_id":80,"param_name":"train_epochs","param_value_internal":65.0,"distribution":"{\"name\": \"IntDistribution\", \"attributes\": {\"log\": false, \"step\": 1, \"low\": 10, \"high\": 100}}"}
{"op_code":5,"worker_id":"daacc105-7a61-4a13-84e0-b174dc0ed813-8061816832","trial_id":80,"param_name":"hidden_size","param_value_internal":70.0,"distribution":"{\"name\": \"IntDistribution\", \"attributes\": {\"log\": false, \"step\": 1, \"low\": 10, \"high\": 100}}"}
{"op_code":5,"worker_id":"daacc105-7a61-4a13-84e0-b174dc0ed813-8061816832","trial_id":80,"param_name":"dropout","param_value_internal":0.119306899302177,"distribution":"{\"name\": \"FloatDistribution\", \"attributes\": {\"step\": null, \"low\": 0.0, \"high\": 0.5, \"log\": false}}"}
{"op_code":5,"worker_id":"daacc105-7a61-4a13-84e0-b174dc0ed813-8061816832","trial_id":80,"param_name":"hidden_num","param_value_internal":5.0,"distribution":"{\"name\": \"IntDistribution\", \"attributes\": {\"log\": false, \"step\": 1, \"low\": 1, \"high\": 5}}"}
{"op_code":6,"worker_id":"daacc105-7a61-4a13-84e0-b174dc0ed813-8061816832","trial_id":80,"state":1,"values":[0.057292884504986985],"datetime_complete":"2024-12-05T18:47:59.933153"}
{"op_code":4,"worker_id":"daacc105-7a61-4a13-84e0-b174dc0ed813-8061816832","study_id":1,"datetime_start":"2024-12-05T18:47:59.934938"}
{"op_code":5,"worker_id":"daacc105-7a61-4a13-84e0-b174dc0ed813-8061816832","trial_id":81,"param_name":"learning_rate","param_value_internal":0.0019044808514888495,"distribution":"{\"name\": \"FloatDistribution\", \"attributes\": {\"step\": null, \"low\": 1e-05, \"high\": 0.1, \"log\": true}}"}
{"op_code":5,"worker_id":"daacc105-7a61-4a13-84e0-b174dc0ed813-8061816832","trial_id":81,"param_name":"train_epochs","param_value_internal":38.0,"distribution":"{\"name\": \"IntDistribution\", \"attributes\": {\"log\": false, \"step\": 1, \"low\": 10, \"high\": 100}}"}
{"op_code":5,"worker_id":"daacc105-7a61-4a13-84e0-b174dc0ed813-8061816832","trial_id":81,"param_name":"hidden_size","param_value_internal":97.0,"distribution":"{\"name\": \"IntDistribution\", \"attributes\": {\"log\": false, \"step\": 1, \"low\": 10, \"high\": 100}}"}
{"op_code":5,"worker_id":"daacc105-7a61-4a13-84e0-b174dc0ed813-8061816832","trial_id":81,"param_name":"dropout","param_value_internal":0.11184584951814344,"distribution":"{\"name\": \"FloatDistribution\", \"attributes\": {\"step\": null, \"low\": 0.0, \"high\": 0.5, \"log\": false}}"}
{"op_code":5,"worker_id":"daacc105-7a61-4a13-84e0-b174dc0ed813-8061816832","trial_id":81,"param_name":"hidden_num","param_value_internal":5.0,"distribution":"{\"name\": \"IntDistribution\", \"attributes\": {\"log\": false, \"step\": 1, \"low\": 1, \"high\": 5}}"}
{"op_code":6,"worker_id":"daacc105-7a61-4a13-84e0-b174dc0ed813-8061816832","trial_id":81,"state":1,"values":[0.014634484040663776],"datetime_complete":"2024-12-05T18:48:49.077826"}
{"op_code":4,"worker_id":"daacc105-7a61-4a13-84e0-b174dc0ed813-8061816832","study_id":1,"datetime_start":"2024-12-05T18:48:49.080340"}
{"op_code":5,"worker_id":"daacc105-7a61-4a13-84e0-b174dc0ed813-8061816832","trial_id":82,"param_name":"learning_rate","param_value_internal":0.017986796291765538,"distribution":"{\"name\": \"FloatDistribution\", \"attributes\": {\"step\": null, \"low\": 1e-05, \"high\": 0.1, \"log\": true}}"}
{"op_code":5,"worker_id":"daacc105-7a61-4a13-84e0-b174dc0ed813-8061816832","trial_id":82,"param_name":"train_epochs","param_value_internal":57.0,"distribution":"{\"name\": \"IntDistribution\", \"attributes\": {\"log\": false, \"step\": 1, \"low\": 10, \"high\": 100}}"}
{"op_code":5,"worker_id":"daacc105-7a61-4a13-84e0-b174dc0ed813-8061816832","trial_id":82,"param_name":"hidden_size","param_value_internal":51.0,"distribution":"{\"name\": \"IntDistribution\", \"attributes\": {\"log\": false, \"step\": 1, \"low\": 10, \"high\": 100}}"}
{"op_code":5,"worker_id":"daacc105-7a61-4a13-84e0-b174dc0ed813-8061816832","trial_id":82,"param_name":"dropout","param_value_internal":0.2795621880930497,"distribution":"{\"name\": \"FloatDistribution\", \"attributes\": {\"step\": null, \"low\": 0.0, \"high\": 0.5, \"log\": false}}"}
{"op_code":5,"worker_id":"daacc105-7a61-4a13-84e0-b174dc0ed813-8061816832","trial_id":82,"param_name":"hidden_num","param_value_internal":3.0,"distribution":"{\"name\": \"IntDistribution\", \"attributes\": {\"log\": false, \"step\": 1, \"low\": 1, \"high\": 5}}"}
{"op_code":6,"worker_id":"daacc105-7a61-4a13-84e0-b174dc0ed813-8061816832","trial_id":82,"state":1,"values":[0.006674758984114636],"datetime_complete":"2024-12-05T18:49:43.097356"}
{"op_code":4,"worker_id":"daacc105-7a61-4a13-84e0-b174dc0ed813-8061816832","study_id":1,"datetime_start":"2024-12-05T18:49:43.098948"}
{"op_code":5,"worker_id":"daacc105-7a61-4a13-84e0-b174dc0ed813-8061816832","trial_id":83,"param_name":"learning_rate","param_value_internal":0.028138648312893522,"distribution":"{\"name\": \"FloatDistribution\", \"attributes\": {\"step\": null, \"low\": 1e-05, \"high\": 0.1, \"log\": true}}"}
{"op_code":5,"worker_id":"daacc105-7a61-4a13-84e0-b174dc0ed813-8061816832","trial_id":83,"param_name":"train_epochs","param_value_internal":75.0,"distribution":"{\"name\": \"IntDistribution\", \"attributes\": {\"log\": false, \"step\": 1, \"low\": 10, \"high\": 100}}"}
{"op_code":5,"worker_id":"daacc105-7a61-4a13-84e0-b174dc0ed813-8061816832","trial_id":83,"param_name":"hidden_size","param_value_internal":53.0,"distribution":"{\"name\": \"IntDistribution\", \"attributes\": {\"log\": false, \"step\": 1, \"low\": 10, \"high\": 100}}"}
{"op_code":5,"worker_id":"daacc105-7a61-4a13-84e0-b174dc0ed813-8061816832","trial_id":83,"param_name":"dropout","param_value_internal":0.29779785039524914,"distribution":"{\"name\": \"FloatDistribution\", \"attributes\": {\"step\": null, \"low\": 0.0, \"high\": 0.5, \"log\": false}}"}
{"op_code":5,"worker_id":"daacc105-7a61-4a13-84e0-b174dc0ed813-8061816832","trial_id":83,"param_name":"hidden_num","param_value_internal":2.0,"distribution":"{\"name\": \"IntDistribution\", \"attributes\": {\"log\": false, \"step\": 1, \"low\": 1, \"high\": 5}}"}
{"op_code":6,"worker_id":"daacc105-7a61-4a13-84e0-b174dc0ed813-8061816832","trial_id":83,"state":1,"values":[0.006785000572122182],"datetime_complete":"2024-12-05T18:50:39.359732"}
{"op_code":4,"worker_id":"daacc105-7a61-4a13-84e0-b174dc0ed813-8061816832","study_id":1,"datetime_start":"2024-12-05T18:50:39.360883"}
{"op_code":5,"worker_id":"daacc105-7a61-4a13-84e0-b174dc0ed813-8061816832","trial_id":84,"param_name":"learning_rate","param_value_internal":0.08245602821017742,"distribution":"{\"name\": \"FloatDistribution\", \"attributes\": {\"step\": null, \"low\": 1e-05, \"high\": 0.1, \"log\": true}}"}
{"op_code":5,"worker_id":"daacc105-7a61-4a13-84e0-b174dc0ed813-8061816832","trial_id":84,"param_name":"train_epochs","param_value_internal":76.0,"distribution":"{\"name\": \"IntDistribution\", \"attributes\": {\"log\": false, \"step\": 1, \"low\": 10, \"high\": 100}}"}
{"op_code":5,"worker_id":"daacc105-7a61-4a13-84e0-b174dc0ed813-8061816832","trial_id":84,"param_name":"hidden_size","param_value_internal":53.0,"distribution":"{\"name\": \"IntDistribution\", \"attributes\": {\"log\": false, \"step\": 1, \"low\": 10, \"high\": 100}}"}
{"op_code":5,"worker_id":"daacc105-7a61-4a13-84e0-b174dc0ed813-8061816832","trial_id":84,"param_name":"dropout","param_value_internal":0.301699895817467,"distribution":"{\"name\": \"FloatDistribution\", \"attributes\": {\"step\": null, \"low\": 0.0, \"high\": 0.5, \"log\": false}}"}
{"op_code":5,"worker_id":"daacc105-7a61-4a13-84e0-b174dc0ed813-8061816832","trial_id":84,"param_name":"hidden_num","param_value_internal":3.0,"distribution":"{\"name\": \"IntDistribution\", \"attributes\": {\"log\": false, \"step\": 1, \"low\": 1, \"high\": 5}}"}
{"op_code":6,"worker_id":"daacc105-7a61-4a13-84e0-b174dc0ed813-8061816832","trial_id":84,"state":1,"values":[8889.612248240088],"datetime_complete":"2024-12-05T18:51:52.365325"}
{"op_code":4,"worker_id":"daacc105-7a61-4a13-84e0-b174dc0ed813-8061816832","study_id":1,"datetime_start":"2024-12-05T18:51:52.367558"}
{"op_code":5,"worker_id":"daacc105-7a61-4a13-84e0-b174dc0ed813-8061816832","trial_id":85,"param_name":"learning_rate","param_value_internal":0.022476878443689462,"distribution":"{\"name\": \"FloatDistribution\", \"attributes\": {\"step\": null, \"low\": 1e-05, \"high\": 0.1, \"log\": true}}"}
{"op_code":5,"worker_id":"daacc105-7a61-4a13-84e0-b174dc0ed813-8061816832","trial_id":85,"param_name":"train_epochs","param_value_internal":87.0,"distribution":"{\"name\": \"IntDistribution\", \"attributes\": {\"log\": false, \"step\": 1, \"low\": 10, \"high\": 100}}"}
{"op_code":5,"worker_id":"daacc105-7a61-4a13-84e0-b174dc0ed813-8061816832","trial_id":85,"param_name":"hidden_size","param_value_internal":50.0,"distribution":"{\"name\": \"IntDistribution\", \"attributes\": {\"log\": false, \"step\": 1, \"low\": 10, \"high\": 100}}"}
{"op_code":5,"worker_id":"daacc105-7a61-4a13-84e0-b174dc0ed813-8061816832","trial_id":85,"param_name":"dropout","param_value_internal":0.35993395641441983,"distribution":"{\"name\": \"FloatDistribution\", \"attributes\": {\"step\": null, \"low\": 0.0, \"high\": 0.5, \"log\": false}}"}
{"op_code":5,"worker_id":"daacc105-7a61-4a13-84e0-b174dc0ed813-8061816832","trial_id":85,"param_name":"hidden_num","param_value_internal":1.0,"distribution":"{\"name\": \"IntDistribution\", \"attributes\": {\"log\": false, \"step\": 1, \"low\": 1, \"high\": 5}}"}
{"op_code":6,"worker_id":"daacc105-7a61-4a13-84e0-b174dc0ed813-8061816832","trial_id":85,"state":1,"values":[0.47052031485751894],"datetime_complete":"2024-12-05T18:52:44.023726"}
{"op_code":4,"worker_id":"daacc105-7a61-4a13-84e0-b174dc0ed813-8061816832","study_id":1,"datetime_start":"2024-12-05T18:52:44.024949"}
{"op_code":5,"worker_id":"daacc105-7a61-4a13-84e0-b174dc0ed813-8061816832","trial_id":86,"param_name":"learning_rate","param_value_internal":0.02433787842837691,"distribution":"{\"name\": \"FloatDistribution\", \"attributes\": {\"step\": null, \"low\": 1e-05, \"high\": 0.1, \"log\": true}}"}
{"op_code":5,"worker_id":"daacc105-7a61-4a13-84e0-b174dc0ed813-8061816832","trial_id":86,"param_name":"train_epochs","param_value_internal":82.0,"distribution":"{\"name\": \"IntDistribution\", \"attributes\": {\"log\": false, \"step\": 1, \"low\": 10, \"high\": 100}}"}
{"op_code":5,"worker_id":"daacc105-7a61-4a13-84e0-b174dc0ed813-8061816832","trial_id":86,"param_name":"hidden_size","param_value_internal":31.0,"distribution":"{\"name\": \"IntDistribution\", \"attributes\": {\"log\": false, \"step\": 1, \"low\": 10, \"high\": 100}}"}
{"op_code":5,"worker_id":"daacc105-7a61-4a13-84e0-b174dc0ed813-8061816832","trial_id":86,"param_name":"dropout","param_value_internal":0.3359375538213907,"distribution":"{\"name\": \"FloatDistribution\", \"attributes\": {\"step\": null, \"low\": 0.0, \"high\": 0.5, \"log\": false}}"}
{"op_code":5,"worker_id":"daacc105-7a61-4a13-84e0-b174dc0ed813-8061816832","trial_id":86,"param_name":"hidden_num","param_value_internal":3.0,"distribution":"{\"name\": \"IntDistribution\", \"attributes\": {\"log\": false, \"step\": 1, \"low\": 1, \"high\": 5}}"}
{"op_code":6,"worker_id":"daacc105-7a61-4a13-84e0-b174dc0ed813-8061816832","trial_id":86,"state":1,"values":[0.006288857867757818],"datetime_complete":"2024-12-05T18:54:02.735888"}
{"op_code":4,"worker_id":"daacc105-7a61-4a13-84e0-b174dc0ed813-8061816832","study_id":1,"datetime_start":"2024-12-05T18:54:02.737773"}
{"op_code":5,"worker_id":"daacc105-7a61-4a13-84e0-b174dc0ed813-8061816832","trial_id":87,"param_name":"learning_rate","param_value_internal":0.011049916657710998,"distribution":"{\"name\": \"FloatDistribution\", \"attributes\": {\"step\": null, \"low\": 1e-05, \"high\": 0.1, \"log\": true}}"}
{"op_code":5,"worker_id":"daacc105-7a61-4a13-84e0-b174dc0ed813-8061816832","trial_id":87,"param_name":"train_epochs","param_value_internal":86.0,"distribution":"{\"name\": \"IntDistribution\", \"attributes\": {\"log\": false, \"step\": 1, \"low\": 10, \"high\": 100}}"}
{"op_code":5,"worker_id":"daacc105-7a61-4a13-84e0-b174dc0ed813-8061816832","trial_id":87,"param_name":"hidden_size","param_value_internal":30.0,"distribution":"{\"name\": \"IntDistribution\", \"attributes\": {\"log\": false, \"step\": 1, \"low\": 10, \"high\": 100}}"}
{"op_code":5,"worker_id":"daacc105-7a61-4a13-84e0-b174dc0ed813-8061816832","trial_id":87,"param_name":"dropout","param_value_internal":0.35755134017989104,"distribution":"{\"name\": \"FloatDistribution\", \"attributes\": {\"step\": null, \"low\": 0.0, \"high\": 0.5, \"log\": false}}"}
{"op_code":5,"worker_id":"daacc105-7a61-4a13-84e0-b174dc0ed813-8061816832","trial_id":87,"param_name":"hidden_num","param_value_internal":3.0,"distribution":"{\"name\": \"IntDistribution\", \"attributes\": {\"log\": false, \"step\": 1, \"low\": 1, \"high\": 5}}"}
{"op_code":6,"worker_id":"daacc105-7a61-4a13-84e0-b174dc0ed813-8061816832","trial_id":87,"state":1,"values":[0.007879662129915121],"datetime_complete":"2024-12-05T18:55:23.900750"}
{"op_code":4,"worker_id":"daacc105-7a61-4a13-84e0-b174dc0ed813-8061816832","study_id":1,"datetime_start":"2024-12-05T18:55:23.901996"}
{"op_code":5,"worker_id":"daacc105-7a61-4a13-84e0-b174dc0ed813-8061816832","trial_id":88,"param_name":"learning_rate","param_value_internal":0.04111845253117574,"distribution":"{\"name\": \"FloatDistribution\", \"attributes\": {\"step\": null, \"low\": 1e-05, \"high\": 0.1, \"log\": true}}"}
{"op_code":5,"worker_id":"daacc105-7a61-4a13-84e0-b174dc0ed813-8061816832","trial_id":88,"param_name":"train_epochs","param_value_internal":59.0,"distribution":"{\"name\": \"IntDistribution\", \"attributes\": {\"log\": false, \"step\": 1, \"low\": 10, \"high\": 100}}"}
{"op_code":5,"worker_id":"daacc105-7a61-4a13-84e0-b174dc0ed813-8061816832","trial_id":88,"param_name":"hidden_size","param_value_internal":16.0,"distribution":"{\"name\": \"IntDistribution\", \"attributes\": {\"log\": false, \"step\": 1, \"low\": 10, \"high\": 100}}"}
{"op_code":5,"worker_id":"daacc105-7a61-4a13-84e0-b174dc0ed813-8061816832","trial_id":88,"param_name":"dropout","param_value_internal":0.21572564137471587,"distribution":"{\"name\": \"FloatDistribution\", \"attributes\": {\"step\": null, \"low\": 0.0, \"high\": 0.5, \"log\": false}}"}
{"op_code":5,"worker_id":"daacc105-7a61-4a13-84e0-b174dc0ed813-8061816832","trial_id":88,"param_name":"hidden_num","param_value_internal":4.0,"distribution":"{\"name\": \"IntDistribution\", \"attributes\": {\"log\": false, \"step\": 1, \"low\": 1, \"high\": 5}}"}
{"op_code":6,"worker_id":"daacc105-7a61-4a13-84e0-b174dc0ed813-8061816832","trial_id":88,"state":1,"values":[0.007706670203443729],"datetime_complete":"2024-12-05T18:56:28.170602"}
{"op_code":4,"worker_id":"daacc105-7a61-4a13-84e0-b174dc0ed813-8061816832","study_id":1,"datetime_start":"2024-12-05T18:56:28.172100"}
{"op_code":5,"worker_id":"daacc105-7a61-4a13-84e0-b174dc0ed813-8061816832","trial_id":89,"param_name":"learning_rate","param_value_internal":0.027746042297302636,"distribution":"{\"name\": \"FloatDistribution\", \"attributes\": {\"step\": null, \"low\": 1e-05, \"high\": 0.1, \"log\": true}}"}
{"op_code":5,"worker_id":"daacc105-7a61-4a13-84e0-b174dc0ed813-8061816832","trial_id":89,"param_name":"train_epochs","param_value_internal":78.0,"distribution":"{\"name\": \"IntDistribution\", \"attributes\": {\"log\": false, \"step\": 1, \"low\": 10, \"high\": 100}}"}
{"op_code":5,"worker_id":"daacc105-7a61-4a13-84e0-b174dc0ed813-8061816832","trial_id":89,"param_name":"hidden_size","param_value_internal":10.0,"distribution":"{\"name\": \"IntDistribution\", \"attributes\": {\"log\": false, \"step\": 1, \"low\": 10, \"high\": 100}}"}
{"op_code":5,"worker_id":"daacc105-7a61-4a13-84e0-b174dc0ed813-8061816832","trial_id":89,"param_name":"dropout","param_value_internal":0.3100619610926021,"distribution":"{\"name\": \"FloatDistribution\", \"attributes\": {\"step\": null, \"low\": 0.0, \"high\": 0.5, \"log\": false}}"}
{"op_code":5,"worker_id":"daacc105-7a61-4a13-84e0-b174dc0ed813-8061816832","trial_id":89,"param_name":"hidden_num","param_value_internal":2.0,"distribution":"{\"name\": \"IntDistribution\", \"attributes\": {\"log\": false, \"step\": 1, \"low\": 1, \"high\": 5}}"}
{"op_code":6,"worker_id":"daacc105-7a61-4a13-84e0-b174dc0ed813-8061816832","trial_id":89,"state":1,"values":[0.006293769368450298],"datetime_complete":"2024-12-05T18:57:28.831956"}
{"op_code":4,"worker_id":"daacc105-7a61-4a13-84e0-b174dc0ed813-8061816832","study_id":1,"datetime_start":"2024-12-05T18:57:28.835365"}
{"op_code":5,"worker_id":"daacc105-7a61-4a13-84e0-b174dc0ed813-8061816832","trial_id":90,"param_name":"learning_rate","param_value_internal":0.009406929829092072,"distribution":"{\"name\": \"FloatDistribution\", \"attributes\": {\"step\": null, \"low\": 1e-05, \"high\": 0.1, \"log\": true}}"}
{"op_code":5,"worker_id":"daacc105-7a61-4a13-84e0-b174dc0ed813-8061816832","trial_id":90,"param_name":"train_epochs","param_value_internal":83.0,"distribution":"{\"name\": \"IntDistribution\", \"attributes\": {\"log\": false, \"step\": 1, \"low\": 10, \"high\": 100}}"}
{"op_code":5,"worker_id":"daacc105-7a61-4a13-84e0-b174dc0ed813-8061816832","trial_id":90,"param_name":"hidden_size","param_value_internal":10.0,"distribution":"{\"name\": \"IntDistribution\", \"attributes\": {\"log\": false, \"step\": 1, \"low\": 10, \"high\": 100}}"}
{"op_code":5,"worker_id":"daacc105-7a61-4a13-84e0-b174dc0ed813-8061816832","trial_id":90,"param_name":"dropout","param_value_internal":0.4072451985624266,"distribution":"{\"name\": \"FloatDistribution\", \"attributes\": {\"step\": null, \"low\": 0.0, \"high\": 0.5, \"log\": false}}"}
{"op_code":5,"worker_id":"daacc105-7a61-4a13-84e0-b174dc0ed813-8061816832","trial_id":90,"param_name":"hidden_num","param_value_internal":3.0,"distribution":"{\"name\": \"IntDistribution\", \"attributes\": {\"log\": false, \"step\": 1, \"low\": 1, \"high\": 5}}"}
{"op_code":6,"worker_id":"daacc105-7a61-4a13-84e0-b174dc0ed813-8061816832","trial_id":90,"state":1,"values":[0.031709293284538115],"datetime_complete":"2024-12-05T18:58:47.345296"}
{"op_code":4,"worker_id":"daacc105-7a61-4a13-84e0-b174dc0ed813-8061816832","study_id":1,"datetime_start":"2024-12-05T18:58:47.346657"}
{"op_code":5,"worker_id":"daacc105-7a61-4a13-84e0-b174dc0ed813-8061816832","trial_id":91,"param_name":"learning_rate","param_value_internal":0.04197638587337826,"distribution":"{\"name\": \"FloatDistribution\", \"attributes\": {\"step\": null, \"low\": 1e-05, \"high\": 0.1, \"log\": true}}"}
{"op_code":5,"worker_id":"daacc105-7a61-4a13-84e0-b174dc0ed813-8061816832","trial_id":91,"param_name":"train_epochs","param_value_internal":60.0,"distribution":"{\"name\": \"IntDistribution\", \"attributes\": {\"log\": false, \"step\": 1, \"low\": 10, \"high\": 100}}"}
{"op_code":5,"worker_id":"daacc105-7a61-4a13-84e0-b174dc0ed813-8061816832","trial_id":91,"param_name":"hidden_size","param_value_internal":31.0,"distribution":"{\"name\": \"IntDistribution\", \"attributes\": {\"log\": false, \"step\": 1, \"low\": 10, \"high\": 100}}"}
{"op_code":5,"worker_id":"daacc105-7a61-4a13-84e0-b174dc0ed813-8061816832","trial_id":91,"param_name":"dropout","param_value_internal":0.2504116739860039,"distribution":"{\"name\": \"FloatDistribution\", \"attributes\": {\"step\": null, \"low\": 0.0, \"high\": 0.5, \"log\": false}}"}
{"op_code":5,"worker_id":"daacc105-7a61-4a13-84e0-b174dc0ed813-8061816832","trial_id":91,"param_name":"hidden_num","param_value_internal":2.0,"distribution":"{\"name\": \"IntDistribution\", \"attributes\": {\"log\": false, \"step\": 1, \"low\": 1, \"high\": 5}}"}
{"op_code":6,"worker_id":"daacc105-7a61-4a13-84e0-b174dc0ed813-8061816832","trial_id":91,"state":1,"values":[0.02379307366738265],"datetime_complete":"2024-12-05T18:59:32.813349"}
{"op_code":4,"worker_id":"daacc105-7a61-4a13-84e0-b174dc0ed813-8061816832","study_id":1,"datetime_start":"2024-12-05T18:59:32.814807"}
{"op_code":5,"worker_id":"daacc105-7a61-4a13-84e0-b174dc0ed813-8061816832","trial_id":92,"param_name":"learning_rate","param_value_internal":0.0132812527895991,"distribution":"{\"name\": \"FloatDistribution\", \"attributes\": {\"step\": null, \"low\": 1e-05, \"high\": 0.1, \"log\": true}}"}
{"op_code":5,"worker_id":"daacc105-7a61-4a13-84e0-b174dc0ed813-8061816832","trial_id":92,"param_name":"train_epochs","param_value_internal":79.0,"distribution":"{\"name\": \"IntDistribution\", \"attributes\": {\"log\": false, \"step\": 1, \"low\": 10, \"high\": 100}}"}
{"op_code":5,"worker_id":"daacc105-7a61-4a13-84e0-b174dc0ed813-8061816832","trial_id":92,"param_name":"hidden_size","param_value_internal":13.0,"distribution":"{\"name\": \"IntDistribution\", \"attributes\": {\"log\": false, \"step\": 1, \"low\": 10, \"high\": 100}}"}
{"op_code":5,"worker_id":"daacc105-7a61-4a13-84e0-b174dc0ed813-8061816832","trial_id":92,"param_name":"dropout","param_value_internal":0.3280954704540911,"distribution":"{\"name\": \"FloatDistribution\", \"attributes\": {\"step\": null, \"low\": 0.0, \"high\": 0.5, \"log\": false}}"}
{"op_code":5,"worker_id":"daacc105-7a61-4a13-84e0-b174dc0ed813-8061816832","trial_id":92,"param_name":"hidden_num","param_value_internal":3.0,"distribution":"{\"name\": \"IntDistribution\", \"attributes\": {\"log\": false, \"step\": 1, \"low\": 1, \"high\": 5}}"}
{"op_code":6,"worker_id":"daacc105-7a61-4a13-84e0-b174dc0ed813-8061816832","trial_id":92,"state":1,"values":[0.007976993872558303],"datetime_complete":"2024-12-05T19:00:48.777598"}
{"op_code":4,"worker_id":"daacc105-7a61-4a13-84e0-b174dc0ed813-8061816832","study_id":1,"datetime_start":"2024-12-05T19:00:48.778521"}
{"op_code":5,"worker_id":"daacc105-7a61-4a13-84e0-b174dc0ed813-8061816832","trial_id":93,"param_name":"learning_rate","param_value_internal":0.0015965627779417554,"distribution":"{\"name\": \"FloatDistribution\", \"attributes\": {\"step\": null, \"low\": 1e-05, \"high\": 0.1, \"log\": true}}"}
{"op_code":5,"worker_id":"daacc105-7a61-4a13-84e0-b174dc0ed813-8061816832","trial_id":93,"param_name":"train_epochs","param_value_internal":93.0,"distribution":"{\"name\": \"IntDistribution\", \"attributes\": {\"log\": false, \"step\": 1, \"low\": 10, \"high\": 100}}"}
{"op_code":5,"worker_id":"daacc105-7a61-4a13-84e0-b174dc0ed813-8061816832","trial_id":93,"param_name":"hidden_size","param_value_internal":34.0,"distribution":"{\"name\": \"IntDistribution\", \"attributes\": {\"log\": false, \"step\": 1, \"low\": 10, \"high\": 100}}"}
{"op_code":5,"worker_id":"daacc105-7a61-4a13-84e0-b174dc0ed813-8061816832","trial_id":93,"param_name":"dropout","param_value_internal":0.25868000907600974,"distribution":"{\"name\": \"FloatDistribution\", \"attributes\": {\"step\": null, \"low\": 0.0, \"high\": 0.5, \"log\": false}}"}
{"op_code":5,"worker_id":"daacc105-7a61-4a13-84e0-b174dc0ed813-8061816832","trial_id":93,"param_name":"hidden_num","param_value_internal":2.0,"distribution":"{\"name\": \"IntDistribution\", \"attributes\": {\"log\": false, \"step\": 1, \"low\": 1, \"high\": 5}}"}
{"op_code":6,"worker_id":"daacc105-7a61-4a13-84e0-b174dc0ed813-8061816832","trial_id":93,"state":1,"values":[0.44606704801095254],"datetime_complete":"2024-12-05T19:01:59.249356"}
{"op_code":4,"worker_id":"daacc105-7a61-4a13-84e0-b174dc0ed813-8061816832","study_id":1,"datetime_start":"2024-12-05T19:01:59.250610"}
{"op_code":5,"worker_id":"daacc105-7a61-4a13-84e0-b174dc0ed813-8061816832","trial_id":94,"param_name":"learning_rate","param_value_internal":0.07222577686258749,"distribution":"{\"name\": \"FloatDistribution\", \"attributes\": {\"step\": null, \"low\": 1e-05, \"high\": 0.1, \"log\": true}}"}
{"op_code":5,"worker_id":"daacc105-7a61-4a13-84e0-b174dc0ed813-8061816832","trial_id":94,"param_name":"train_epochs","param_value_internal":65.0,"distribution":"{\"name\": \"IntDistribution\", \"attributes\": {\"log\": false, \"step\": 1, \"low\": 10, \"high\": 100}}"}
{"op_code":5,"worker_id":"daacc105-7a61-4a13-84e0-b174dc0ed813-8061816832","trial_id":94,"param_name":"hidden_size","param_value_internal":20.0,"distribution":"{\"name\": \"IntDistribution\", \"attributes\": {\"log\": false, \"step\": 1, \"low\": 10, \"high\": 100}}"}
{"op_code":5,"worker_id":"daacc105-7a61-4a13-84e0-b174dc0ed813-8061816832","trial_id":94,"param_name":"dropout","param_value_internal":0.1681870870488142,"distribution":"{\"name\": \"FloatDistribution\", \"attributes\": {\"step\": null, \"low\": 0.0, \"high\": 0.5, \"log\": false}}"}
{"op_code":5,"worker_id":"daacc105-7a61-4a13-84e0-b174dc0ed813-8061816832","trial_id":94,"param_name":"hidden_num","param_value_internal":3.0,"distribution":"{\"name\": \"IntDistribution\", \"attributes\": {\"log\": false, \"step\": 1, \"low\": 1, \"high\": 5}}"}
{"op_code":6,"worker_id":"daacc105-7a61-4a13-84e0-b174dc0ed813-8061816832","trial_id":94,"state":1,"values":[0.006852151169864969],"datetime_complete":"2024-12-05T19:03:00.596115"}
{"op_code":4,"worker_id":"daacc105-7a61-4a13-84e0-b174dc0ed813-8061816832","study_id":1,"datetime_start":"2024-12-05T19:03:00.597617"}
{"op_code":5,"worker_id":"daacc105-7a61-4a13-84e0-b174dc0ed813-8061816832","trial_id":95,"param_name":"learning_rate","param_value_internal":0.03157588086642515,"distribution":"{\"name\": \"FloatDistribution\", \"attributes\": {\"step\": null, \"low\": 1e-05, \"high\": 0.1, \"log\": true}}"}
{"op_code":5,"worker_id":"daacc105-7a61-4a13-84e0-b174dc0ed813-8061816832","trial_id":95,"param_name":"train_epochs","param_value_internal":10.0,"distribution":"{\"name\": \"IntDistribution\", \"attributes\": {\"log\": false, \"step\": 1, \"low\": 10, \"high\": 100}}"}
{"op_code":5,"worker_id":"daacc105-7a61-4a13-84e0-b174dc0ed813-8061816832","trial_id":95,"param_name":"hidden_size","param_value_internal":46.0,"distribution":"{\"name\": \"IntDistribution\", \"attributes\": {\"log\": false, \"step\": 1, \"low\": 10, \"high\": 100}}"}
{"op_code":5,"worker_id":"daacc105-7a61-4a13-84e0-b174dc0ed813-8061816832","trial_id":95,"param_name":"dropout","param_value_internal":0.396620221200295,"distribution":"{\"name\": \"FloatDistribution\", \"attributes\": {\"step\": null, \"low\": 0.0, \"high\": 0.5, \"log\": false}}"}
{"op_code":5,"worker_id":"daacc105-7a61-4a13-84e0-b174dc0ed813-8061816832","trial_id":95,"param_name":"hidden_num","param_value_internal":3.0,"distribution":"{\"name\": \"IntDistribution\", \"attributes\": {\"log\": false, \"step\": 1, \"low\": 1, \"high\": 5}}"}
{"op_code":6,"worker_id":"daacc105-7a61-4a13-84e0-b174dc0ed813-8061816832","trial_id":95,"state":1,"values":[0.34119733408530895],"datetime_complete":"2024-12-05T19:03:10.269717"}
{"op_code":4,"worker_id":"daacc105-7a61-4a13-84e0-b174dc0ed813-8061816832","study_id":1,"datetime_start":"2024-12-05T19:03:10.271096"}
{"op_code":5,"worker_id":"daacc105-7a61-4a13-84e0-b174dc0ed813-8061816832","trial_id":96,"param_name":"learning_rate","param_value_internal":0.00745388756744431,"distribution":"{\"name\": \"FloatDistribution\", \"attributes\": {\"step\": null, \"low\": 1e-05, \"high\": 0.1, \"log\": true}}"}
{"op_code":5,"worker_id":"daacc105-7a61-4a13-84e0-b174dc0ed813-8061816832","trial_id":96,"param_name":"train_epochs","param_value_internal":93.0,"distribution":"{\"name\": \"IntDistribution\", \"attributes\": {\"log\": false, \"step\": 1, \"low\": 10, \"high\": 100}}"}
{"op_code":5,"worker_id":"daacc105-7a61-4a13-84e0-b174dc0ed813-8061816832","trial_id":96,"param_name":"hidden_size","param_value_internal":26.0,"distribution":"{\"name\": \"IntDistribution\", \"attributes\": {\"log\": false, \"step\": 1, \"low\": 10, \"high\": 100}}"}
{"op_code":5,"worker_id":"daacc105-7a61-4a13-84e0-b174dc0ed813-8061816832","trial_id":96,"param_name":"dropout","param_value_internal":0.3273826204334214,"distribution":"{\"name\": \"FloatDistribution\", \"attributes\": {\"step\": null, \"low\": 0.0, \"high\": 0.5, \"log\": false}}"}
{"op_code":5,"worker_id":"daacc105-7a61-4a13-84e0-b174dc0ed813-8061816832","trial_id":96,"param_name":"hidden_num","param_value_internal":1.0,"distribution":"{\"name\": \"IntDistribution\", \"attributes\": {\"log\": false, \"step\": 1, \"low\": 1, \"high\": 5}}"}
{"op_code":6,"worker_id":"daacc105-7a61-4a13-84e0-b174dc0ed813-8061816832","trial_id":96,"state":1,"values":[0.0069843702561532455],"datetime_complete":"2024-12-05T19:04:07.742974"}
{"op_code":4,"worker_id":"daacc105-7a61-4a13-84e0-b174dc0ed813-8061816832","study_id":1,"datetime_start":"2024-12-05T19:04:07.745597"}
{"op_code":5,"worker_id":"daacc105-7a61-4a13-84e0-b174dc0ed813-8061816832","trial_id":97,"param_name":"learning_rate","param_value_internal":0.001024759685539983,"distribution":"{\"name\": \"FloatDistribution\", \"attributes\": {\"step\": null, \"low\": 1e-05, \"high\": 0.1, \"log\": true}}"}
{"op_code":5,"worker_id":"daacc105-7a61-4a13-84e0-b174dc0ed813-8061816832","trial_id":97,"param_name":"train_epochs","param_value_internal":82.0,"distribution":"{\"name\": \"IntDistribution\", \"attributes\": {\"log\": false, \"step\": 1, \"low\": 10, \"high\": 100}}"}
{"op_code":5,"worker_id":"daacc105-7a61-4a13-84e0-b174dc0ed813-8061816832","trial_id":97,"param_name":"hidden_size","param_value_internal":17.0,"distribution":"{\"name\": \"IntDistribution\", \"attributes\": {\"log\": false, \"step\": 1, \"low\": 10, \"high\": 100}}"}
{"op_code":5,"worker_id":"daacc105-7a61-4a13-84e0-b174dc0ed813-8061816832","trial_id":97,"param_name":"dropout","param_value_internal":0.21222068440112976,"distribution":"{\"name\": \"FloatDistribution\", \"attributes\": {\"step\": null, \"low\": 0.0, \"high\": 0.5, \"log\": false}}"}
{"op_code":5,"worker_id":"daacc105-7a61-4a13-84e0-b174dc0ed813-8061816832","trial_id":97,"param_name":"hidden_num","param_value_internal":2.0,"distribution":"{\"name\": \"IntDistribution\", \"attributes\": {\"log\": false, \"step\": 1, \"low\": 1, \"high\": 5}}"}
{"op_code":6,"worker_id":"daacc105-7a61-4a13-84e0-b174dc0ed813-8061816832","trial_id":97,"state":1,"values":[0.10509369222475498],"datetime_complete":"2024-12-05T19:05:10.684031"}
{"op_code":4,"worker_id":"daacc105-7a61-4a13-84e0-b174dc0ed813-8061816832","study_id":1,"datetime_start":"2024-12-05T19:05:10.685238"}
{"op_code":5,"worker_id":"daacc105-7a61-4a13-84e0-b174dc0ed813-8061816832","trial_id":98,"param_name":"learning_rate","param_value_internal":0.016449674261484457,"distribution":"{\"name\": \"FloatDistribution\", \"attributes\": {\"step\": null, \"low\": 1e-05, \"high\": 0.1, \"log\": true}}"}
{"op_code":5,"worker_id":"daacc105-7a61-4a13-84e0-b174dc0ed813-8061816832","trial_id":98,"param_name":"train_epochs","param_value_internal":71.0,"distribution":"{\"name\": \"IntDistribution\", \"attributes\": {\"log\": false, \"step\": 1, \"low\": 10, \"high\": 100}}"}
{"op_code":5,"worker_id":"daacc105-7a61-4a13-84e0-b174dc0ed813-8061816832","trial_id":98,"param_name":"hidden_size","param_value_internal":65.0,"distribution":"{\"name\": \"IntDistribution\", \"attributes\": {\"log\": false, \"step\": 1, \"low\": 10, \"high\": 100}}"}
{"op_code":5,"worker_id":"daacc105-7a61-4a13-84e0-b174dc0ed813-8061816832","trial_id":98,"param_name":"dropout","param_value_internal":0.3312698186292429,"distribution":"{\"name\": \"FloatDistribution\", \"attributes\": {\"step\": null, \"low\": 0.0, \"high\": 0.5, \"log\": false}}"}
{"op_code":5,"worker_id":"daacc105-7a61-4a13-84e0-b174dc0ed813-8061816832","trial_id":98,"param_name":"hidden_num","param_value_internal":2.0,"distribution":"{\"name\": \"IntDistribution\", \"attributes\": {\"log\": false, \"step\": 1, \"low\": 1, \"high\": 5}}"}
{"op_code":6,"worker_id":"daacc105-7a61-4a13-84e0-b174dc0ed813-8061816832","trial_id":98,"state":1,"values":[0.16666219986368422],"datetime_complete":"2024-12-05T19:06:03.081931"}
{"op_code":4,"worker_id":"daacc105-7a61-4a13-84e0-b174dc0ed813-8061816832","study_id":1,"datetime_start":"2024-12-05T19:06:03.083264"}
{"op_code":5,"worker_id":"daacc105-7a61-4a13-84e0-b174dc0ed813-8061816832","trial_id":99,"param_name":"learning_rate","param_value_internal":0.03186228539364908,"distribution":"{\"name\": \"FloatDistribution\", \"attributes\": {\"step\": null, \"low\": 1e-05, \"high\": 0.1, \"log\": true}}"}
{"op_code":5,"worker_id":"daacc105-7a61-4a13-84e0-b174dc0ed813-8061816832","trial_id":99,"param_name":"train_epochs","param_value_internal":76.0,"distribution":"{\"name\": \"IntDistribution\", \"attributes\": {\"log\": false, \"step\": 1, \"low\": 10, \"high\": 100}}"}
{"op_code":5,"worker_id":"daacc105-7a61-4a13-84e0-b174dc0ed813-8061816832","trial_id":99,"param_name":"hidden_size","param_value_internal":52.0,"distribution":"{\"name\": \"IntDistribution\", \"attributes\": {\"log\": false, \"step\": 1, \"low\": 10, \"high\": 100}}"}
{"op_code":5,"worker_id":"daacc105-7a61-4a13-84e0-b174dc0ed813-8061816832","trial_id":99,"param_name":"dropout","param_value_internal":0.2843333040098213,"distribution":"{\"name\": \"FloatDistribution\", \"attributes\": {\"step\": null, \"low\": 0.0, \"high\": 0.5, \"log\": false}}"}
{"op_code":5,"worker_id":"daacc105-7a61-4a13-84e0-b174dc0ed813-8061816832","trial_id":99,"param_name":"hidden_num","param_value_internal":2.0,"distribution":"{\"name\": \"IntDistribution\", \"attributes\": {\"log\": false, \"step\": 1, \"low\": 1, \"high\": 5}}"}
{"op_code":6,"worker_id":"daacc105-7a61-4a13-84e0-b174dc0ed813-8061816832","trial_id":99,"state":1,"values":[0.007276041433215141],"datetime_complete":"2024-12-05T19:07:00.576596"}
{"op_code":4,"worker_id":"daacc105-7a61-4a13-84e0-b174dc0ed813-8061816832","study_id":1,"datetime_start":"2024-12-05T19:07:00.577742"}
{"op_code":5,"worker_id":"daacc105-7a61-4a13-84e0-b174dc0ed813-8061816832","trial_id":100,"param_name":"learning_rate","param_value_internal":0.09746777788241284,"distribution":"{\"name\": \"FloatDistribution\", \"attributes\": {\"step\": null, \"low\": 1e-05, \"high\": 0.1, \"log\": true}}"}
{"op_code":5,"worker_id":"daacc105-7a61-4a13-84e0-b174dc0ed813-8061816832","trial_id":100,"param_name":"train_epochs","param_value_internal":90.0,"distribution":"{\"name\": \"IntDistribution\", \"attributes\": {\"log\": false, \"step\": 1, \"low\": 10, \"high\": 100}}"}
{"op_code":5,"worker_id":"daacc105-7a61-4a13-84e0-b174dc0ed813-8061816832","trial_id":100,"param_name":"hidden_size","param_value_internal":36.0,"distribution":"{\"name\": \"IntDistribution\", \"attributes\": {\"log\": false, \"step\": 1, \"low\": 10, \"high\": 100}}"}
{"op_code":5,"worker_id":"daacc105-7a61-4a13-84e0-b174dc0ed813-8061816832","trial_id":100,"param_name":"dropout","param_value_internal":0.30262757847645827,"distribution":"{\"name\": \"FloatDistribution\", \"attributes\": {\"step\": null, \"low\": 0.0, \"high\": 0.5, \"log\": false}}"}
{"op_code":5,"worker_id":"daacc105-7a61-4a13-84e0-b174dc0ed813-8061816832","trial_id":100,"param_name":"hidden_num","param_value_internal":1.0,"distribution":"{\"name\": \"IntDistribution\", \"attributes\": {\"log\": false, \"step\": 1, \"low\": 1, \"high\": 5}}"}
{"op_code":6,"worker_id":"daacc105-7a61-4a13-84e0-b174dc0ed813-8061816832","trial_id":100,"state":1,"values":[26.44844884545345],"datetime_complete":"2024-12-05T19:07:53.932980"}
{"op_code":4,"worker_id":"daacc105-7a61-4a13-84e0-b174dc0ed813-8061816832","study_id":1,"datetime_start":"2024-12-05T19:07:53.934226"}
{"op_code":5,"worker_id":"daacc105-7a61-4a13-84e0-b174dc0ed813-8061816832","trial_id":101,"param_name":"learning_rate","param_value_internal":0.04986451178774148,"distribution":"{\"name\": \"FloatDistribution\", \"attributes\": {\"step\": null, \"low\": 1e-05, \"high\": 0.1, \"log\": true}}"}
{"op_code":5,"worker_id":"daacc105-7a61-4a13-84e0-b174dc0ed813-8061816832","trial_id":101,"param_name":"train_epochs","param_value_internal":74.0,"distribution":"{\"name\": \"IntDistribution\", \"attributes\": {\"log\": false, \"step\": 1, \"low\": 10, \"high\": 100}}"}
{"op_code":5,"worker_id":"daacc105-7a61-4a13-84e0-b174dc0ed813-8061816832","trial_id":101,"param_name":"hidden_size","param_value_internal":73.0,"distribution":"{\"name\": \"IntDistribution\", \"attributes\": {\"log\": false, \"step\": 1, \"low\": 10, \"high\": 100}}"}
{"op_code":5,"worker_id":"daacc105-7a61-4a13-84e0-b174dc0ed813-8061816832","trial_id":101,"param_name":"dropout","param_value_internal":0.4253615059327956,"distribution":"{\"name\": \"FloatDistribution\", \"attributes\": {\"step\": null, \"low\": 0.0, \"high\": 0.5, \"log\": false}}"}
{"op_code":5,"worker_id":"daacc105-7a61-4a13-84e0-b174dc0ed813-8061816832","trial_id":101,"param_name":"hidden_num","param_value_internal":4.0,"distribution":"{\"name\": \"IntDistribution\", \"attributes\": {\"log\": false, \"step\": 1, \"low\": 1, \"high\": 5}}"}
{"op_code":6,"worker_id":"daacc105-7a61-4a13-84e0-b174dc0ed813-8061816832","trial_id":101,"state":1,"values":[0.01627008719934207],"datetime_complete":"2024-12-05T19:09:14.592474"}
{"op_code":4,"worker_id":"daacc105-7a61-4a13-84e0-b174dc0ed813-8061816832","study_id":1,"datetime_start":"2024-12-05T19:09:14.594218"}
{"op_code":5,"worker_id":"daacc105-7a61-4a13-84e0-b174dc0ed813-8061816832","trial_id":102,"param_name":"learning_rate","param_value_internal":0.02481680439357523,"distribution":"{\"name\": \"FloatDistribution\", \"attributes\": {\"step\": null, \"low\": 1e-05, \"high\": 0.1, \"log\": true}}"}
{"op_code":5,"worker_id":"daacc105-7a61-4a13-84e0-b174dc0ed813-8061816832","trial_id":102,"param_name":"train_epochs","param_value_internal":56.0,"distribution":"{\"name\": \"IntDistribution\", \"attributes\": {\"log\": false, \"step\": 1, \"low\": 10, \"high\": 100}}"}
{"op_code":5,"worker_id":"daacc105-7a61-4a13-84e0-b174dc0ed813-8061816832","trial_id":102,"param_name":"hidden_size","param_value_internal":60.0,"distribution":"{\"name\": \"IntDistribution\", \"attributes\": {\"log\": false, \"step\": 1, \"low\": 10, \"high\": 100}}"}
{"op_code":5,"worker_id":"daacc105-7a61-4a13-84e0-b174dc0ed813-8061816832","trial_id":102,"param_name":"dropout","param_value_internal":0.24756257264100182,"distribution":"{\"name\": \"FloatDistribution\", \"attributes\": {\"step\": null, \"low\": 0.0, \"high\": 0.5, \"log\": false}}"}
{"op_code":5,"worker_id":"daacc105-7a61-4a13-84e0-b174dc0ed813-8061816832","trial_id":102,"param_name":"hidden_num","param_value_internal":2.0,"distribution":"{\"name\": \"IntDistribution\", \"attributes\": {\"log\": false, \"step\": 1, \"low\": 1, \"high\": 5}}"}
{"op_code":6,"worker_id":"daacc105-7a61-4a13-84e0-b174dc0ed813-8061816832","trial_id":102,"state":1,"values":[0.008782564366066998],"datetime_complete":"2024-12-05T19:09:55.607661"}
{"op_code":4,"worker_id":"daacc105-7a61-4a13-84e0-b174dc0ed813-8061816832","study_id":1,"datetime_start":"2024-12-05T19:09:55.609642"}
{"op_code":5,"worker_id":"daacc105-7a61-4a13-84e0-b174dc0ed813-8061816832","trial_id":103,"param_name":"learning_rate","param_value_internal":0.01663872650840801,"distribution":"{\"name\": \"FloatDistribution\", \"attributes\": {\"step\": null, \"low\": 1e-05, \"high\": 0.1, \"log\": true}}"}
{"op_code":5,"worker_id":"daacc105-7a61-4a13-84e0-b174dc0ed813-8061816832","trial_id":103,"param_name":"train_epochs","param_value_internal":80.0,"distribution":"{\"name\": \"IntDistribution\", \"attributes\": {\"log\": false, \"step\": 1, \"low\": 10, \"high\": 100}}"}
{"op_code":5,"worker_id":"daacc105-7a61-4a13-84e0-b174dc0ed813-8061816832","trial_id":103,"param_name":"hidden_size","param_value_internal":48.0,"distribution":"{\"name\": \"IntDistribution\", \"attributes\": {\"log\": false, \"step\": 1, \"low\": 10, \"high\": 100}}"}
{"op_code":5,"worker_id":"daacc105-7a61-4a13-84e0-b174dc0ed813-8061816832","trial_id":103,"param_name":"dropout","param_value_internal":0.3620418106536097,"distribution":"{\"name\": \"FloatDistribution\", \"attributes\": {\"step\": null, \"low\": 0.0, \"high\": 0.5, \"log\": false}}"}
{"op_code":5,"worker_id":"daacc105-7a61-4a13-84e0-b174dc0ed813-8061816832","trial_id":103,"param_name":"hidden_num","param_value_internal":2.0,"distribution":"{\"name\": \"IntDistribution\", \"attributes\": {\"log\": false, \"step\": 1, \"low\": 1, \"high\": 5}}"}
{"op_code":6,"worker_id":"daacc105-7a61-4a13-84e0-b174dc0ed813-8061816832","trial_id":103,"state":1,"values":[0.007376973115077073],"datetime_complete":"2024-12-05T19:10:55.213623"}
{"op_code":4,"worker_id":"daacc105-7a61-4a13-84e0-b174dc0ed813-8061816832","study_id":1,"datetime_start":"2024-12-05T19:10:55.215392"}
{"op_code":5,"worker_id":"daacc105-7a61-4a13-84e0-b174dc0ed813-8061816832","trial_id":104,"param_name":"learning_rate","param_value_internal":0.00596804633892609,"distribution":"{\"name\": \"FloatDistribution\", \"attributes\": {\"step\": null, \"low\": 1e-05, \"high\": 0.1, \"log\": true}}"}
{"op_code":5,"worker_id":"daacc105-7a61-4a13-84e0-b174dc0ed813-8061816832","trial_id":104,"param_name":"train_epochs","param_value_internal":62.0,"distribution":"{\"name\": \"IntDistribution\", \"attributes\": {\"log\": false, \"step\": 1, \"low\": 10, \"high\": 100}}"}
{"op_code":5,"worker_id":"daacc105-7a61-4a13-84e0-b174dc0ed813-8061816832","trial_id":104,"param_name":"hidden_size","param_value_internal":40.0,"distribution":"{\"name\": \"IntDistribution\", \"attributes\": {\"log\": false, \"step\": 1, \"low\": 10, \"high\": 100}}"}
{"op_code":5,"worker_id":"daacc105-7a61-4a13-84e0-b174dc0ed813-8061816832","trial_id":104,"param_name":"dropout","param_value_internal":0.23190165220197134,"distribution":"{\"name\": \"FloatDistribution\", \"attributes\": {\"step\": null, \"low\": 0.0, \"high\": 0.5, \"log\": false}}"}
{"op_code":5,"worker_id":"daacc105-7a61-4a13-84e0-b174dc0ed813-8061816832","trial_id":104,"param_name":"hidden_num","param_value_internal":3.0,"distribution":"{\"name\": \"IntDistribution\", \"attributes\": {\"log\": false, \"step\": 1, \"low\": 1, \"high\": 5}}"}
{"op_code":6,"worker_id":"daacc105-7a61-4a13-84e0-b174dc0ed813-8061816832","trial_id":104,"state":1,"values":[0.05744362927295945],"datetime_complete":"2024-12-05T19:11:50.190374"}
{"op_code":4,"worker_id":"daacc105-7a61-4a13-84e0-b174dc0ed813-8061816832","study_id":1,"datetime_start":"2024-12-05T19:11:50.195253"}
{"op_code":5,"worker_id":"daacc105-7a61-4a13-84e0-b174dc0ed813-8061816832","trial_id":105,"param_name":"learning_rate","param_value_internal":0.0025823653022748086,"distribution":"{\"name\": \"FloatDistribution\", \"attributes\": {\"step\": null, \"low\": 1e-05, \"high\": 0.1, \"log\": true}}"}
{"op_code":5,"worker_id":"daacc105-7a61-4a13-84e0-b174dc0ed813-8061816832","trial_id":105,"param_name":"train_epochs","param_value_internal":71.0,"distribution":"{\"name\": \"IntDistribution\", \"attributes\": {\"log\": false, \"step\": 1, \"low\": 10, \"high\": 100}}"}
{"op_code":5,"worker_id":"daacc105-7a61-4a13-84e0-b174dc0ed813-8061816832","trial_id":105,"param_name":"hidden_size","param_value_internal":81.0,"distribution":"{\"name\": \"IntDistribution\", \"attributes\": {\"log\": false, \"step\": 1, \"low\": 10, \"high\": 100}}"}
{"op_code":5,"worker_id":"daacc105-7a61-4a13-84e0-b174dc0ed813-8061816832","trial_id":105,"param_name":"dropout","param_value_internal":0.15510868211892148,"distribution":"{\"name\": \"FloatDistribution\", \"attributes\": {\"step\": null, \"low\": 0.0, \"high\": 0.5, \"log\": false}}"}
{"op_code":5,"worker_id":"daacc105-7a61-4a13-84e0-b174dc0ed813-8061816832","trial_id":105,"param_name":"hidden_num","param_value_internal":4.0,"distribution":"{\"name\": \"IntDistribution\", \"attributes\": {\"log\": false, \"step\": 1, \"low\": 1, \"high\": 5}}"}
{"op_code":6,"worker_id":"daacc105-7a61-4a13-84e0-b174dc0ed813-8061816832","trial_id":105,"state":1,"values":[0.012539723715180475],"datetime_complete":"2024-12-05T19:13:06.464179"}
{"op_code":4,"worker_id":"daacc105-7a61-4a13-84e0-b174dc0ed813-8061816832","study_id":1,"datetime_start":"2024-12-05T19:13:06.465525"}
{"op_code":5,"worker_id":"daacc105-7a61-4a13-84e0-b174dc0ed813-8061816832","trial_id":106,"param_name":"learning_rate","param_value_internal":0.05449552646742903,"distribution":"{\"name\": \"FloatDistribution\", \"attributes\": {\"step\": null, \"low\": 1e-05, \"high\": 0.1, \"log\": true}}"}
{"op_code":5,"worker_id":"daacc105-7a61-4a13-84e0-b174dc0ed813-8061816832","trial_id":106,"param_name":"train_epochs","param_value_internal":53.0,"distribution":"{\"name\": \"IntDistribution\", \"attributes\": {\"log\": false, \"step\": 1, \"low\": 10, \"high\": 100}}"}
{"op_code":5,"worker_id":"daacc105-7a61-4a13-84e0-b174dc0ed813-8061816832","trial_id":106,"param_name":"hidden_size","param_value_internal":25.0,"distribution":"{\"name\": \"IntDistribution\", \"attributes\": {\"log\": false, \"step\": 1, \"low\": 10, \"high\": 100}}"}
{"op_code":5,"worker_id":"daacc105-7a61-4a13-84e0-b174dc0ed813-8061816832","trial_id":106,"param_name":"dropout","param_value_internal":0.2710069574173855,"distribution":"{\"name\": \"FloatDistribution\", \"attributes\": {\"step\": null, \"low\": 0.0, \"high\": 0.5, \"log\": false}}"}
{"op_code":5,"worker_id":"daacc105-7a61-4a13-84e0-b174dc0ed813-8061816832","trial_id":106,"param_name":"hidden_num","param_value_internal":1.0,"distribution":"{\"name\": \"IntDistribution\", \"attributes\": {\"log\": false, \"step\": 1, \"low\": 1, \"high\": 5}}"}
{"op_code":6,"worker_id":"daacc105-7a61-4a13-84e0-b174dc0ed813-8061816832","trial_id":106,"state":1,"values":[0.007383126486798354],"datetime_complete":"2024-12-05T19:13:37.509070"}
{"op_code":4,"worker_id":"daacc105-7a61-4a13-84e0-b174dc0ed813-8061816832","study_id":1,"datetime_start":"2024-12-05T19:13:37.510844"}
{"op_code":5,"worker_id":"daacc105-7a61-4a13-84e0-b174dc0ed813-8061816832","trial_id":107,"param_name":"learning_rate","param_value_internal":0.009265040328280962,"distribution":"{\"name\": \"FloatDistribution\", \"attributes\": {\"step\": null, \"low\": 1e-05, \"high\": 0.1, \"log\": true}}"}
{"op_code":5,"worker_id":"daacc105-7a61-4a13-84e0-b174dc0ed813-8061816832","trial_id":107,"param_name":"train_epochs","param_value_internal":100.0,"distribution":"{\"name\": \"IntDistribution\", \"attributes\": {\"log\": false, \"step\": 1, \"low\": 10, \"high\": 100}}"}
{"op_code":5,"worker_id":"daacc105-7a61-4a13-84e0-b174dc0ed813-8061816832","trial_id":107,"param_name":"hidden_size","param_value_internal":55.0,"distribution":"{\"name\": \"IntDistribution\", \"attributes\": {\"log\": false, \"step\": 1, \"low\": 10, \"high\": 100}}"}
{"op_code":5,"worker_id":"daacc105-7a61-4a13-84e0-b174dc0ed813-8061816832","trial_id":107,"param_name":"dropout","param_value_internal":0.30246276098088465,"distribution":"{\"name\": \"FloatDistribution\", \"attributes\": {\"step\": null, \"low\": 0.0, \"high\": 0.5, \"log\": false}}"}
{"op_code":5,"worker_id":"daacc105-7a61-4a13-84e0-b174dc0ed813-8061816832","trial_id":107,"param_name":"hidden_num","param_value_internal":3.0,"distribution":"{\"name\": \"IntDistribution\", \"attributes\": {\"log\": false, \"step\": 1, \"low\": 1, \"high\": 5}}"}
{"op_code":6,"worker_id":"daacc105-7a61-4a13-84e0-b174dc0ed813-8061816832","trial_id":107,"state":1,"values":[0.01717998311064686],"datetime_complete":"2024-12-05T19:15:09.314988"}
{"op_code":4,"worker_id":"daacc105-7a61-4a13-84e0-b174dc0ed813-8061816832","study_id":1,"datetime_start":"2024-12-05T19:15:09.316228"}
{"op_code":5,"worker_id":"daacc105-7a61-4a13-84e0-b174dc0ed813-8061816832","trial_id":108,"param_name":"learning_rate","param_value_internal":0.023197994352132836,"distribution":"{\"name\": \"FloatDistribution\", \"attributes\": {\"step\": null, \"low\": 1e-05, \"high\": 0.1, \"log\": true}}"}
{"op_code":5,"worker_id":"daacc105-7a61-4a13-84e0-b174dc0ed813-8061816832","trial_id":108,"param_name":"train_epochs","param_value_internal":42.0,"distribution":"{\"name\": \"IntDistribution\", \"attributes\": {\"log\": false, \"step\": 1, \"low\": 10, \"high\": 100}}"}
{"op_code":5,"worker_id":"daacc105-7a61-4a13-84e0-b174dc0ed813-8061816832","trial_id":108,"param_name":"hidden_size","param_value_internal":43.0,"distribution":"{\"name\": \"IntDistribution\", \"attributes\": {\"log\": false, \"step\": 1, \"low\": 10, \"high\": 100}}"}
{"op_code":5,"worker_id":"daacc105-7a61-4a13-84e0-b174dc0ed813-8061816832","trial_id":108,"param_name":"dropout","param_value_internal":0.39078329914403814,"distribution":"{\"name\": \"FloatDistribution\", \"attributes\": {\"step\": null, \"low\": 0.0, \"high\": 0.5, \"log\": false}}"}
{"op_code":5,"worker_id":"daacc105-7a61-4a13-84e0-b174dc0ed813-8061816832","trial_id":108,"param_name":"hidden_num","param_value_internal":2.0,"distribution":"{\"name\": \"IntDistribution\", \"attributes\": {\"log\": false, \"step\": 1, \"low\": 1, \"high\": 5}}"}
{"op_code":6,"worker_id":"daacc105-7a61-4a13-84e0-b174dc0ed813-8061816832","trial_id":108,"state":1,"values":[2.513483901381154],"datetime_complete":"2024-12-05T19:15:40.939919"}
{"op_code":4,"worker_id":"daacc105-7a61-4a13-84e0-b174dc0ed813-8061816832","study_id":1,"datetime_start":"2024-12-05T19:15:40.940860"}
{"op_code":5,"worker_id":"daacc105-7a61-4a13-84e0-b174dc0ed813-8061816832","trial_id":109,"param_name":"learning_rate","param_value_internal":0.06179716000895358,"distribution":"{\"name\": \"FloatDistribution\", \"attributes\": {\"step\": null, \"low\": 1e-05, \"high\": 0.1, \"log\": true}}"}
{"op_code":5,"worker_id":"daacc105-7a61-4a13-84e0-b174dc0ed813-8061816832","trial_id":109,"param_name":"train_epochs","param_value_internal":66.0,"distribution":"{\"name\": \"IntDistribution\", \"attributes\": {\"log\": false, \"step\": 1, \"low\": 10, \"high\": 100}}"}
{"op_code":5,"worker_id":"daacc105-7a61-4a13-84e0-b174dc0ed813-8061816832","trial_id":109,"param_name":"hidden_size","param_value_internal":20.0,"distribution":"{\"name\": \"IntDistribution\", \"attributes\": {\"log\": false, \"step\": 1, \"low\": 10, \"high\": 100}}"}
{"op_code":5,"worker_id":"daacc105-7a61-4a13-84e0-b174dc0ed813-8061816832","trial_id":109,"param_name":"dropout","param_value_internal":0.18919877424604303,"distribution":"{\"name\": \"FloatDistribution\", \"attributes\": {\"step\": null, \"low\": 0.0, \"high\": 0.5, \"log\": false}}"}
{"op_code":5,"worker_id":"daacc105-7a61-4a13-84e0-b174dc0ed813-8061816832","trial_id":109,"param_name":"hidden_num","param_value_internal":3.0,"distribution":"{\"name\": \"IntDistribution\", \"attributes\": {\"log\": false, \"step\": 1, \"low\": 1, \"high\": 5}}"}
{"op_code":6,"worker_id":"daacc105-7a61-4a13-84e0-b174dc0ed813-8061816832","trial_id":109,"state":3,"values":null,"datetime_complete":"2024-12-05T19:15:51.226715"}
{"op_code":0,"worker_id":"55868b2d-e510-4d07-9790-6e694fa16b0f-8061816832","study_name":"FNN_100","directions":[1]}
